[{"stream_name":"stderr","time":5.767792381,"data":"0.00s - Debugger warning: It seems that frozen modules are being used, which may\n"}
,{"stream_name":"stderr","time":5.76783333,"data":"0.00s - make the debugger miss breakpoints. Please pass -Xfrozen_modules=off\n"}
,{"stream_name":"stderr","time":5.767840035,"data":"0.00s - to python to disable frozen modules.\n"}
,{"stream_name":"stderr","time":5.767843689,"data":"0.00s - Note: Debugging will proceed. Set PYDEVD_DISABLE_FILE_VALIDATION=1 to disable this validation.\n"}
,{"stream_name":"stderr","time":6.309869154,"data":"0.00s - Debugger warning: It seems that frozen modules are being used, which may\n"}
,{"stream_name":"stderr","time":6.309897033,"data":"0.00s - make the debugger miss breakpoints. Please pass -Xfrozen_modules=off\n"}
,{"stream_name":"stderr","time":6.309902447,"data":"0.00s - to python to disable frozen modules.\n"}
,{"stream_name":"stderr","time":6.309906794,"data":"0.00s - Note: Debugging will proceed. Set PYDEVD_DISABLE_FILE_VALIDATION=1 to disable this validation.\n"}
,{"stream_name":"stdout","time":7.96532988,"data":"BIOHUB_PRESET: harmonic_v3_division_wide\n"}
,{"stream_name":"stdout","time":7.965375174,"data":"BIOHUB_SCORE_AXIS: 0.933 baseline -\u003e 0.934 harmonic fusion -\u003e 0.939 wider divisions/calmer fusion -\u003e 0.941 repair adaptation -\u003e 0.946 primary edge-feature TTA -\u003e 0.947 secondary feature TTA + DeepCenter TTA\n"}
,{"stream_name":"stdout","time":7.965397865,"data":"Configuration guard: PASS\n"}
,{"stream_name":"stdout","time":7.965401562,"data":"Verified score progression: 0.933 -\u003e 0.934 -\u003e 0.939 -\u003e 0.941 -\u003e 0.946 -\u003e 0.947\n"}
,{"stream_name":"stdout","time":7.965405627,"data":"Previous verified configuration: public LB 0.946\n"}
,{"stream_name":"stdout","time":7.965412931,"data":"Current verified configuration: public LB 0.947\n"}
,{"stream_name":"stdout","time":7.965416415,"data":"0.946 primary edge-feature TTA retained with eight aligned D4 views\n"}
,{"stream_name":"stdout","time":7.965420222,"data":"0.947 change: secondary feature TTA blend 0.75 + DeepCenter TTA + safe-div threshold 0.20\n"}
,{"stream_name":"stdout","time":7.965422588,"data":"Reverse-time association weight retained at 0.150\n"}
,{"stream_name":"stdout","time":8.651108469,"data":"Biohub learned UNet + node-transformer + ILP submission\n"}
,{"stream_name":"stdout","time":8.651135833,"data":"COMP_DIR: /kaggle/input/competitions/biohub-cell-tracking-during-development exists: True\n"}
,{"stream_name":"stdout","time":8.651141358,"data":"TEST_DIR: /kaggle/input/competitions/biohub-cell-tracking-during-development/test exists: True\n"}
,{"stream_name":"stdout","time":8.65114536,"data":"{\n"}
,{"stream_name":"stdout","time":8.6511487,"data":"  \"adaptive_short_track_rescue\": true,\n"}
,{"stream_name":"stdout","time":8.651152094,"data":"  \"allow_artifact_fallback\": true,\n"}
,{"stream_name":"stdout","time":8.651155512,"data":"  \"allow_pip_install\": false,\n"}
,{"stream_name":"stdout","time":8.651175333,"data":"  \"deepcenter_checkpoint_default\": \"/kaggle/input/biohub-deepcenter-unet3d-center-prior-v1/weights/full_frame_center/best.pt\",\n"}
,{"stream_name":"stdout","time":8.651178308,"data":"  \"deepcenter_expected_epoch\": 2,\n"}
,{"stream_name":"stdout","time":8.651180657,"data":"  \"deepcenter_gap_add_gate\": true,\n"}
,{"stream_name":"stdout","time":8.651183004,"data":"  \"deepcenter_gap_confirm_min_span_um\": 8.5,\n"}
,{"stream_name":"stdout","time":8.651185443,"data":"  \"deepcenter_gap_threshold\": 0.25,\n"}
,{"stream_name":"stdout","time":8.651188106,"data":"  \"deepcenter_safe_div_add_gate\": true,\n"}
,{"stream_name":"stdout","time":8.651217434,"data":"  \"deepcenter_safe_div_threshold\": 0.2,\n"}
,{"stream_name":"stdout","time":8.651222253,"data":"  \"deepcenter_tta\": true,\n"}
,{"stream_name":"stdout","time":8.651226306,"data":"  \"det_threshold\": 0.965,\n"}
,{"stream_name":"stdout","time":8.651229666,"data":"  \"div_drop_to_single_if_bad\": true,\n"}
,{"stream_name":"stdout","time":8.651233009,"data":"  \"div_parent_max_um\": 10.5,\n"}
,{"stream_name":"stdout","time":8.651236401,"data":"  \"div_sister_max_um\": 8.0,\n"}
,{"stream_name":"stdout","time":8.651239704,"data":"  \"experiment_tag\": \"secondary_deepcenter_tta_0947\",\n"}
,{"stream_name":"stdout","time":8.651243141,"data":"  \"gap2_frame_frac_cap\": 0.006,\n"}
,{"stream_name":"stdout","time":8.651246533,"data":"  \"gap2_max_links_abs\": 180,\n"}
,{"stream_name":"stdout","time":8.65124999,"data":"  \"gap2_max_links_frac\": 0.0045,\n"}
,{"stream_name":"stdout","time":8.651257336,"data":"  \"gap2_max_step_um\": 4.4,\n"}
,{"stream_name":"stdout","time":8.651259685,"data":"  \"gap2_max_total_um\": 10.2,\n"}
,{"stream_name":"stdout","time":8.651261934,"data":"  \"gap2_require_context\": true,\n"}
,{"stream_name":"stdout","time":8.651264243,"data":"  \"gap_close_effective_max_gap\": 1,\n"}
,{"stream_name":"stdout","time":8.651266550999999,"data":"  \"gap_close_max_added_abs\": 2000,\n"}
,{"stream_name":"stdout","time":8.651268794,"data":"  \"gap_close_max_added_frac\": 0.05,\n"}
,{"stream_name":"stdout","time":8.651271053,"data":"  \"gap_close_max_gap\": 2,\n"}
,{"stream_name":"stdout","time":8.65127333,"data":"  \"gap_close_reuse_existing\": true,\n"}
,{"stream_name":"stdout","time":8.651275565,"data":"  \"gap_close_reuse_um\": 3.2,\n"}
,{"stream_name":"stdout","time":8.6512778,"data":"  \"gap_close_um\": 5.0,\n"}
,{"stream_name":"stdout","time":8.651280026,"data":"  \"gap_density_adaptive\": true,\n"}
,{"stream_name":"stdout","time":8.651282299,"data":"  \"gap_density_gain\": 0.04,\n"}
,{"stream_name":"stdout","time":8.65128458,"data":"  \"gap_density_max_step_delta_um\": 0.125,\n"}
,{"stream_name":"stdout","time":8.651286843,"data":"  \"gap_density_neighbors\": 3,\n"}
,{"stream_name":"stdout","time":8.651289485,"data":"  \"gap_density_reference_um\": 6.5,\n"}
,{"stream_name":"stdout","time":8.651301757,"data":"  \"gap_refine_max_shift_um\": 3.2,\n"}
,{"stream_name":"stdout","time":8.651305851,"data":"  \"gap_refine_synthetic\": true,\n"}
,{"stream_name":"stdout","time":8.651309826,"data":"  \"gap_refine_win_yx\": 3,\n"}
,{"stream_name":"stdout","time":8.651313324,"data":"  \"gap_refine_win_z\": 1,\n"}
,{"stream_name":"stdout","time":8.651317483,"data":"  \"ilp_appearance_weight\": 0.0,\n"}
,{"stream_name":"stdout","time":8.651321382999999,"data":"  \"ilp_disappearance_weight\": 2.0,\n"}
,{"stream_name":"stdout","time":8.651324736,"data":"  \"ilp_division_weight\": 1.2,\n"}
,{"stream_name":"stdout","time":8.651328062,"data":"  \"ilp_edge_weight\": -1.0,\n"}
,{"stream_name":"stdout","time":8.651331348,"data":"  \"method\": \"unet_transformer\",\n"}
,{"stream_name":"stdout","time":8.651334733,"data":"  \"motion_relink_learned_bonus\": 1.0,\n"}
,{"stream_name":"stdout","time":8.651338095,"data":"  \"motion_relink_max_frame_nodes\": 2600,\n"}
,{"stream_name":"stdout","time":8.65134144,"data":"  \"motion_relink_relaxed_um\": 10.0,\n"}
,{"stream_name":"stdout","time":8.651344887,"data":"  \"motion_relink_tight_um\": 6.0,\n"}
,{"stream_name":"stdout","time":8.65134824,"data":"  \"motion_relink_velocity_weight\": 0.5,\n"}
,{"stream_name":"stdout","time":8.651351486,"data":"  \"output_division_geometry_filter\": false,\n"}
,{"stream_name":"stdout","time":8.651358781999999,"data":"  \"output_edge_max_um\": 14.0,\n"}
,{"stream_name":"stdout","time":8.651362238,"data":"  \"output_enforce_next_frame\": true,\n"}
,{"stream_name":"stdout","time":8.651371419,"data":"  \"output_filter_short_tracks\": true,\n"}
,{"stream_name":"stdout","time":8.651379605,"data":"  \"output_gap2_recovery\": true,\n"}
,{"stream_name":"stdout","time":8.651381963,"data":"  \"output_gap_close\": true,\n"}
,{"stream_name":"stdout","time":8.651385019,"data":"  \"output_keep_division_components\": true,\n"}
,{"stream_name":"stdout","time":8.651398271,"data":"  \"output_linefit_smooth\": true,\n"}
,{"stream_name":"stdout","time":8.651402233,"data":"  \"output_linefit_weight\": 0.8,\n"}
,{"stream_name":"stdout","time":8.65140619,"data":"  \"output_linefit_window\": 2,\n"}
,{"stream_name":"stdout","time":8.651410283,"data":"  \"output_min_track_len\": 6,\n"}
,{"stream_name":"stdout","time":8.651414142,"data":"  \"output_motion_relink\": false,\n"}
,{"stream_name":"stdout","time":8.651417533,"data":"  \"output_prune_isolated\": true,\n"}
,{"stream_name":"stdout","time":8.65142093,"data":"  \"output_safe_divisions\": true,\n"}
,{"stream_name":"stdout","time":8.651424293,"data":"  \"output_single_child_repair\": false,\n"}
,{"stream_name":"stdout","time":8.651427648,"data":"  \"output_single_parent_repair\": true,\n"}
,{"stream_name":"stdout","time":8.651430993,"data":"  \"primary_artifact_manifest\": \"/kaggle/input/datasets/pilkwang/biohub-tracking-support-pack-50ep-v1/ARTIFACT_MANIFEST.json\",\n"}
,{"stream_name":"stdout","time":8.651434726,"data":"  \"safe_div_existing_child_max_um\": 10.0,\n"}
,{"stream_name":"stdout","time":8.651438193,"data":"  \"safe_div_frame_frac_cap\": 0.0076,\n"}
,{"stream_name":"stdout","time":8.651441513,"data":"  \"safe_div_global_frac_cap\": 0.00375,\n"}
,{"stream_name":"stdout","time":8.651444898,"data":"  \"safe_div_max_um\": 9.0,\n"}
,{"stream_name":"stdout","time":8.651448178999999,"data":"  \"safe_div_sister_max_um\": 14.0,\n"}
,{"stream_name":"stdout","time":8.651451589,"data":"  \"secondary_edge_feature_tta\": true,\n"}
,{"stream_name":"stdout","time":8.651454935,"data":"  \"secondary_edge_feature_tta_weight\": 0.75,\n"}
,{"stream_name":"stdout","time":8.651458334,"data":"  \"short_track_rescue_max_mean_edge_dist_um\": 3.0,\n"}
,{"stream_name":"stdout","time":8.651461729,"data":"  \"short_track_rescue_max_nodes_abs\": 120,\n"}
,{"stream_name":"stdout","time":8.651465177,"data":"  \"short_track_rescue_max_nodes_frac\": 0.012,\n"}
,{"stream_name":"stdout","time":8.651472205,"data":"  \"short_track_rescue_min_len\": 4,\n"}
,{"stream_name":"stdout","time":8.651475068,"data":"  \"short_track_rescue_min_mean_edge_prob\": 0.88,\n"}
,{"stream_name":"stdout","time":8.651477814,"data":"  \"short_track_rescue_trigger_removed_frac\": 0.1,\n"}
,{"stream_name":"stdout","time":8.651489356,"data":"  \"slice\": \"\",\n"}
,{"stream_name":"stdout","time":8.651493743,"data":"  \"target_artifact_slug\": \"biohub-tracking-support-pack\",\n"}
,{"stream_name":"stdout","time":8.651497808,"data":"  \"unet_batch_size\": 4,\n"}
,{"stream_name":"stdout","time":8.651501657,"data":"  \"use_deepcenter_add_only_gate\": true,\n"}
,{"stream_name":"stdout","time":8.651505376,"data":"  \"use_ilp\": true,\n"}
,{"stream_name":"stdout","time":8.651508734,"data":"  \"weights\": \"weights/unet_transformer/split_0/edge_predictor_best.pth\"\n"}
,{"stream_name":"stdout","time":8.651512285999999,"data":"}\n"}
,{"stream_name":"stdout","time":8.651515465,"data":"ARTIFACTS: /kaggle/input/datasets/pilkwang/biohub-tracking-support-pack-50ep-v1\n"}
,{"stream_name":"stdout","time":8.65152231,"data":"Has offline wheels: True\n"}
,{"stream_name":"stdout","time":8.651525733,"data":"Artifact name: biohub-tracking-support-pack-400ep-snapshot-v1\n"}
,{"stream_name":"stdout","time":8.651529157,"data":"Weight sha256: 12f6881ee3620a831697ca098ff8f48e687a24225f4e048b538deec3562fe771\n"}
,{"stream_name":"stdout","time":8.65153261,"data":"Weight path: weights/unet_transformer/split_0/edge_predictor_best.pth\n"}
,{"stream_name":"stdout","time":9.15849127,"data":"Installing missing packages from offline package dirs: ['polars']\n"}
,{"stream_name":"stdout","time":9.158524108,"data":"Dependency resolver is disabled with --no-deps to avoid replacing Kaggle numpy/scipy in a live kernel.\n"}
,{"stream_name":"stdout","time":9.15852804,"data":"Offline package dirs: ['/kaggle/input/datasets/pilkwang/biohub-tracking-support-pack-50ep-v1/wheels']\n"}
,{"stream_name":"stdout","time":14.591169469,"data":"Offline dependency install succeeded.\n"}
,{"stream_name":"stdout","time":14.591201134,"data":"Installing missing packages from offline package dirs: ['tracksdata', 'zarr', 'pyscipopt', 'geff', 'geff_spec', 'ilpy', 'imagecodecs', 'rustworkx', 'numcodecs', 'donfig', 'bidict']\n"}
,{"stream_name":"stdout","time":14.591208209,"data":"Dependency resolver is disabled with --no-deps to avoid replacing Kaggle numpy/scipy in a live kernel.\n"}
,{"stream_name":"stdout","time":14.591216067,"data":"Offline package dirs: ['/kaggle/input/datasets/pilkwang/biohub-tracking-support-pack-50ep-v1/wheels']\n"}
,{"stream_name":"stdout","time":34.17976912,"data":"Offline dependency install succeeded.\n"}
,{"stream_name":"stderr","time":40.812849508,"data":"/usr/local/lib/python3.12/dist-packages/dask/array/image.py:7: FutureWarning: `find_available_plugins` is deprecated since version 0.25 and will be removed in version 0.27. The plugin infrastructure of `skimage.io` is deprecated. Instead, use `imageio` or other I/O packages directly.\n"}
,{"stream_name":"stderr","time":40.812879075,"data":"  from skimage.io import imread as sk_imread\n"}
,{"stream_name":"stderr","time":40.812903182,"data":"/usr/lib/python3.12/importlib/__init__.py:90: FutureWarning: `reset_plugins` is deprecated since version 0.25 and will be removed in version 0.27. The plugin infrastructure of `skimage.io` is deprecated. Instead, use `imageio` or other I/O packages directly.\n"}
,{"stream_name":"stderr","time":40.8129068,"data":"  return _bootstrap._gcd_import(name[level:], package, level)\n"}
,{"stream_name":"stderr","time":40.8129103,"data":"\n"}
,{"stream_name":"stderr","time":40.812913225,"data":"/usr/local/lib/python3.12/dist-packages/dask/array/image.py:7: FutureWarning: `find_available_plugins` is deprecated since version 0.25 and will be removed in version 0.27. The plugin infrastructure of `skimage.io` is deprecated. Instead, use `imageio` or other I/O packages directly.\n"}
,{"stream_name":"stderr","time":40.812916875,"data":"  from skimage.io import imread as sk_imread\n"}
,{"stream_name":"stderr","time":40.812919783,"data":"/usr/lib/python3.12/importlib/__init__.py:90: FutureWarning: `reset_plugins` is deprecated since version 0.25 and will be removed in version 0.27. The plugin infrastructure of `skimage.io` is deprecated. Instead, use `imageio` or other I/O packages directly.\n"}
,{"stream_name":"stderr","time":40.812923172,"data":"  return _bootstrap._gcd_import(name[level:], package, level)\n"}
,{"stream_name":"stdout","time":40.987814975,"data":"Required graph/Zarr/ILP packages import successfully.\n"}
,{"stream_name":"stdout","time":40.987847924,"data":"Inference repo: /kaggle/working/tracking_repo\n"}
,{"stream_name":"stdout","time":40.987868132,"data":"Weights: /kaggle/working/tracking_repo/weights/unet_transformer/split_0/edge_predictor_best.pth\n"}
,{"stream_name":"stdout","time":41.761351753,"data":"Support repo Python manifest SHA256: 978b626d1fd1e7397435a437dfe68691defe1572fc3c20e61012d7c9b52ed029\n"}
,{"stream_name":"stdout","time":41.761385181,"data":"Primary materialized SHA256: 12f6881ee3620a831697ca098ff8f48e687a24225f4e048b538deec3562fe771\n"}
,{"stream_name":"stdout","time":41.761389070999996,"data":"DeepCenter materialized SHA256: 8040999a92f6b7bbd98fa8cf458141e045c0f9ad7c936bdb3b18e1f7edafe2a0\n"}
,{"stream_name":"stdout","time":246.04820859,"data":"Secondary artifact: /kaggle/input/datasets/pilkwang/biohub-temporal-unet3d-seed314159-v1\n"}
,{"stream_name":"stdout","time":246.048246519,"data":"Secondary weight: /kaggle/working/secondary_seed_weights/unet_transformer/split_0/edge_predictor_best.pth\n"}
,{"stream_name":"stdout","time":246.048252076,"data":"Secondary SHA256: 9bac2fa0dadc4a6fc1899e0caf187f4b553e0a7cd90ba1261a68b35ffe9e305f\n"}
,{"stream_name":"stdout","time":246.048256637,"data":"Secondary edge-logit weight: 0.15\n"}
,{"stream_name":"stdout","time":246.048261073,"data":"Secondary edge-feature TTA blend: 0.75\n"}
,{"stream_name":"stdout","time":246.048265672,"data":"Runtime integrity receipt: /kaggle/working/bidirectional_production_runtime_integrity.json\n"}
,{"stream_name":"stdout","time":249.234421746,"data":"CUDA device: Tesla T4\n"}
,{"stream_name":"stdout","time":249.23445107,"data":"Eight-view D4 detection TTA patch applied\n"}
,{"stream_name":"stdout","time":249.234457377,"data":"Calibrated dual-seed runtime patch applied\n"}
,{"stream_name":"stdout","time":249.234462338,"data":"Frozen frame retention guard applied at 0.90\n"}
,{"stream_name":"stdout","time":249.234467284,"data":"Bidirectional harmonic-probability association fusion applied | weight: 0.15\n"}
,{"stream_name":"stdout","time":249.234472272,"data":"Pre-ILP detector-coordinate manifest hook applied\n"}
,{"stream_name":"stdout","time":249.234476685,"data":"Edge-feature TTA patch installed and enabled\n"}
,{"stream_name":"stdout","time":249.234481438,"data":"Found 4 test videos\n"}
,{"stream_name":"stdout","time":249.234485836,"data":"['44b6_0113de3b', '44b6_0b24845f', '6bba_05b6850b', '6bba_05db0fb1']\n"}
,{"stream_name":"stdout","time":249.234490636,"data":"Launching 2 independent video shards on CUDA devices ['0', '1']\n"}
,{"stream_name":"stdout","time":249.234496374,"data":"GPU shard 0: CUDA_VISIBLE_DEVICES = 0 | /usr/bin/python3 scripts/predict_unet_transformer.py --data-dir /kaggle/input/competitions/biohub-cell-tracking-during-development/test --splits kaggle_test_splits_50ep.json --split 0 --weights weights/unet_transformer/split_0/edge_predictor_best.pth --unet-batch-size 4 --det-threshold 0.965 --ilp-edge-weight -1.0 --ilp-appearance-weight 0.0 --ilp-disappearance-weight 2.0 --ilp-division-weight 1.2 --use-ilp --method unet_transformer_gpu0 --slice 0::2\n"}
,{"stream_name":"stdout","time":249.235803212,"data":"GPU shard 1: CUDA_VISIBLE_DEVICES = 1 | /usr/bin/python3 scripts/predict_unet_transformer.py --data-dir /kaggle/input/competitions/biohub-cell-tracking-during-development/test --splits kaggle_test_splits_50ep.json --split 0 --weights weights/unet_transformer/split_0/edge_predictor_best.pth --unet-batch-size 4 --det-threshold 0.965 --ilp-edge-weight -1.0 --ilp-appearance-weight 0.0 --ilp-disappearance-weight 2.0 --ilp-division-weight 1.2 --use-ilp --method unet_transformer_gpu1 --slice 1::2\n"}
,{"stream_name":"stdout","time":254.312126305,"data":"/usr/local/lib/python3.12/dist-packages/dask/array/image.py:7: FutureWarning: `find_available_plugins` is deprecated since version 0.25 and will be removed in version 0.27. The plugin infrastructure of `skimage.io` is deprecated. Instead, use `imageio` or other I/O packages directly.\n"}
,{"stream_name":"stdout","time":254.313311771,"data":"  from skimage.io import imread as sk_imread\n"}
,{"stream_name":"stdout","time":254.31731087,"data":"/usr/lib/python3.12/importlib/__init__.py:90: FutureWarning: `reset_plugins` is deprecated since version 0.25 and will be removed in version 0.27. The plugin infrastructure of `skimage.io` is deprecated. Instead, use `imageio` or other I/O packages directly.\n"}
,{"stream_name":"stdout","time":254.318410062,"data":"  return _bootstrap._gcd_import(name[level:], package, level)\n"}
,{"stream_name":"stdout","time":254.356819925,"data":"/usr/local/lib/python3.12/dist-packages/dask/array/image.py:7: FutureWarning: `find_available_plugins` is deprecated since version 0.25 and will be removed in version 0.27. The plugin infrastructure of `skimage.io` is deprecated. Instead, use `imageio` or other I/O packages directly.\n"}
,{"stream_name":"stdout","time":254.357938168,"data":"  from skimage.io import imread as sk_imread\n"}
,{"stream_name":"stdout","time":254.361533074,"data":"/usr/lib/python3.12/importlib/__init__.py:90: FutureWarning: `reset_plugins` is deprecated since version 0.25 and will be removed in version 0.27. The plugin infrastructure of `skimage.io` is deprecated. Instead, use `imageio` or other I/O packages directly.\n"}
,{"stream_name":"stdout","time":254.362452881,"data":"  return _bootstrap._gcd_import(name[level:], package, level)\n"}
,{"stream_name":"stdout","time":254.997128055,"data":"Secondary model: /kaggle/working/secondary_seed_weights/unet_transformer/split_0/edge_predictor_best.pth | edge weight = 0.150 | detection weight = 0.800 | link mode = low_margin_consensus | temperature = 1.000 | low-margin max = 0.350 | edge threshold = 0.480\n"}
,{"stream_name":"stdout","time":254.997663555,"data":"Fold 0: 2 datasets | weights=weights/unet_transformer/split_0/edge_predictor_best.pth | device=cuda | window_size=2 | pool_kernel_um=3.0\n"}
,{"stream_name":"stdout","time":254.998646233,"data":"Secondary model: /kaggle/working/secondary_seed_weights/unet_transformer/split_0/edge_predictor_best.pth | edge weight = 0.150 | detection weight = 0.800 | link mode = low_margin_consensus | temperature = 1.000 | low-margin max = 0.350 | edge threshold = 0.480\n"}
,{"stream_name":"stdout","time":255.00009496,"data":"Fold 0: 2 datasets | weights=weights/unet_transformer/split_0/edge_predictor_best.pth | device=cuda | window_size=2 | pool_kernel_um=3.0\n"}
,{"stream_name":"stdout","time":256.766484083,"data":"EDGE_TTA_ACTIVE views = 8 mean_abs_feat_delta = 0.323238\n"}
,{"stream_name":"stdout","time":256.772789905,"data":"EDGE_TTA_ACTIVE views = 8 mean_abs_feat_delta = 0.360585\n"}
,{"stream_name":"stdout","time":257.642698008,"data":"SECONDARY_EDGE_TTA_ACTIVE views = 8 weight = 0.75 mean_abs_feat_delta = 0.230737\n"}
,{"stream_name":"stdout","time":257.647917581,"data":"SECONDARY_EDGE_TTA_ACTIVE views = 8 weight = 0.75 mean_abs_feat_delta = 0.28166\n"}
,{"stream_name":"stdout","time":257.740836147,"data":"BIOHUB_RETENTION_GUARD {\"blended_candidates\": 387, \"dataset\": \"44b6_0b24845f\", \"frame\": 0, \"minimum_retention\": 0.9, \"primary_candidates\": 465, \"retention\": 0.832258064516129, \"use_primary\": true}\n"}
,{"stream_name":"stdout","time":257.741772432,"data":"BIOHUB_RETENTION_GUARD {\"blended_candidates\": 391, \"dataset\": \"44b6_0b24845f\", \"frame\": 1, \"minimum_retention\": 0.9, \"primary_candidates\": 444, \"retention\": 0.8806306306306306, \"use_primary\": true}\n"}
,{"stream_name":"stdout","time":261.405844086,"data":"EDGE_TTA_ACTIVE views = 8 mean_abs_feat_delta = 0.328294\n"}
,{"stream_name":"stdout","time":261.626486697,"data":"EDGE_TTA_ACTIVE views = 8 mean_abs_feat_delta = 0.361891\n"}
,{"stream_name":"stdout","time":262.28882669,"data":"SECONDARY_EDGE_TTA_ACTIVE views = 8 weight = 0.75 mean_abs_feat_delta = 0.23209\n"}
,{"stream_name":"stdout","time":262.505834413,"data":"SECONDARY_EDGE_TTA_ACTIVE views = 8 weight = 0.75 mean_abs_feat_delta = 0.288809\n"}
,{"stream_name":"stdout","time":262.508588825,"data":"BIOHUB_RETENTION_GUARD {\"blended_candidates\": 333, \"dataset\": \"44b6_0b24845f\", \"frame\": 2, \"minimum_retention\": 0.9, \"primary_candidates\": 390, \"retention\": 0.8538461538461538, \"use_primary\": true}\n"}
,{"stream_name":"stdout","time":263.24754464,"data":"EDGE_TTA_ACTIVE views = 8 mean_abs_feat_delta = 0.326314\n"}
,{"stream_name":"stdout","time":263.542532223,"data":"EDGE_TTA_ACTIVE views = 8 mean_abs_feat_delta = 0.354206\n"}
,{"stream_name":"stdout","time":264.120691836,"data":"SECONDARY_EDGE_TTA_ACTIVE views = 8 weight = 0.75 mean_abs_feat_delta = 0.232786\n"}
,{"stream_name":"stdout","time":264.422684354,"data":"SECONDARY_EDGE_TTA_ACTIVE views = 8 weight = 0.75 mean_abs_feat_delta = 0.287127\n"}
,{"stream_name":"stdout","time":264.426496269,"data":"BIOHUB_RETENTION_GUARD {\"blended_candidates\": 362, \"dataset\": \"44b6_0b24845f\", \"frame\": 3, \"minimum_retention\": 0.9, \"primary_candidates\": 421, \"retention\": 0.8598574821852731, \"use_primary\": true}\n"}
,{"stream_name":"stdout","time":265.117077179,"data":"EDGE_TTA_ACTIVE views = 8 mean_abs_feat_delta = 0.32686\n"}
,{"stream_name":"stdout","time":265.531029142,"data":"EDGE_TTA_ACTIVE views = 8 mean_abs_feat_delta = 0.358867\n"}
,{"stream_name":"stdout","time":265.997025337,"data":"SECONDARY_EDGE_TTA_ACTIVE views = 8 weight = 0.75 mean_abs_feat_delta = 0.232764\n"}
,{"stream_name":"stdout","time":266.4165693,"data":"SECONDARY_EDGE_TTA_ACTIVE views = 8 weight = 0.75 mean_abs_feat_delta = 0.283303\n"}
,{"stream_name":"stdout","time":266.42050642,"data":"BIOHUB_RETENTION_GUARD {\"blended_candidates\": 341, \"dataset\": \"44b6_0b24845f\", \"frame\": 4, \"minimum_retention\": 0.9, \"primary_candidates\": 404, \"retention\": 0.844059405940594, \"use_primary\": true}\n"}
,{"stream_name":"stdout","time":267.01516818,"data":"EDGE_TTA_ACTIVE views = 8 mean_abs_feat_delta = 0.327781\n"}
,{"stream_name":"stdout","time":267.475002973,"data":"EDGE_TTA_ACTIVE views = 8 mean_abs_feat_delta = 0.362463\n"}
,{"stream_name":"stdout","time":267.894612236,"data":"SECONDARY_EDGE_TTA_ACTIVE views = 8 weight = 0.75 mean_abs_feat_delta = 0.236445\n"}
,{"stream_name":"stdout","time":268.363672384,"data":"SECONDARY_EDGE_TTA_ACTIVE views = 8 weight = 0.75 mean_abs_feat_delta = 0.289665\n"}
,{"stream_name":"stdout","time":268.367482774,"data":"BIOHUB_RETENTION_GUARD {\"blended_candidates\": 326, \"dataset\": \"44b6_0b24845f\", \"frame\": 5, \"minimum_retention\": 0.9, \"primary_candidates\": 383, \"retention\": 0.8511749347258486, \"use_primary\": true}\n"}
,{"stream_name":"stdout","time":268.890922241,"data":"EDGE_TTA_ACTIVE views = 8 mean_abs_feat_delta = 0.332086\n"}
,{"stream_name":"stdout","time":269.438682989,"data":"EDGE_TTA_ACTIVE views = 8 mean_abs_feat_delta = 0.363112\n"}
,{"stream_name":"stdout","time":269.773239438,"data":"SECONDARY_EDGE_TTA_ACTIVE views = 8 weight = 0.75 mean_abs_feat_delta = 0.236059\n"}
,{"stream_name":"stdout","time":270.330379018,"data":"SECONDARY_EDGE_TTA_ACTIVE views = 8 weight = 0.75 mean_abs_feat_delta = 0.296162\n"}
,{"stream_name":"stdout","time":270.333832449,"data":"BIOHUB_RETENTION_GUARD {\"blended_candidates\": 333, \"dataset\": \"44b6_0b24845f\", \"frame\": 6, \"minimum_retention\": 0.9, \"primary_candidates\": 403, \"retention\": 0.826302729528536, \"use_primary\": true}\n"}
,{"stream_name":"stdout","time":270.828407618,"data":"EDGE_TTA_ACTIVE views = 8 mean_abs_feat_delta = 0.337311\n"}
,{"stream_name":"stdout","time":271.351999972,"data":"EDGE_TTA_ACTIVE views = 8 mean_abs_feat_delta = 0.363947\n"}
,{"stream_name":"stdout","time":271.713967205,"data":"SECONDARY_EDGE_TTA_ACTIVE views = 8 weight = 0.75 mean_abs_feat_delta = 0.242392\n"}
,{"stream_name":"stdout","time":272.246063741,"data":"SECONDARY_EDGE_TTA_ACTIVE views = 8 weight = 0.75 mean_abs_feat_delta = 0.297976\n"}
,{"stream_name":"stdout","time":272.250209487,"data":"BIOHUB_RETENTION_GUARD {\"blended_candidates\": 309, \"dataset\": \"44b6_0b24845f\", \"frame\": 7, \"minimum_retention\": 0.9, \"primary_candidates\": 390, \"retention\": 0.7923076923076923, \"use_primary\": true}\n"}
,{"stream_name":"stdout","time":272.725798495,"data":"EDGE_TTA_ACTIVE views = 8 mean_abs_feat_delta = 0.336476\n"}
,{"stream_name":"stdout","time":273.356534752,"data":"EDGE_TTA_ACTIVE views = 8 mean_abs_feat_delta = 0.368841\n"}
,{"stream_name":"stdout","time":273.613372608,"data":"SECONDARY_EDGE_TTA_ACTIVE views = 8 weight = 0.75 mean_abs_feat_delta = 0.241164\n"}
,{"stream_name":"stdout","time":274.255394115,"data":"SECONDARY_EDGE_TTA_ACTIVE views = 8 weight = 0.75 mean_abs_feat_delta = 0.292587\n"}
,{"stream_name":"stdout","time":274.259177763,"data":"BIOHUB_RETENTION_GUARD {\"blended_candidates\": 378, \"dataset\": \"44b6_0b24845f\", \"frame\": 8, \"minimum_retention\": 0.9, \"primary_candidates\": 443, \"retention\": 0.8532731376975169, \"use_primary\": true}\n"}
,{"stream_name":"stdout","time":274.654477587,"data":"EDGE_TTA_ACTIVE views = 8 mean_abs_feat_delta = 0.33307\n"}
,{"stream_name":"stdout","time":275.334649183,"data":"EDGE_TTA_ACTIVE views = 8 mean_abs_feat_delta = 0.372442\n"}
,{"stream_name":"stdout","time":275.556877448,"data":"SECONDARY_EDGE_TTA_ACTIVE views = 8 weight = 0.75 mean_abs_feat_delta = 0.240446\n"}
,{"stream_name":"stdout","time":276.258721608,"data":"SECONDARY_EDGE_TTA_ACTIVE views = 8 weight = 0.75 mean_abs_feat_delta = 0.291168\n"}
,{"stream_name":"stdout","time":276.259690867,"data":"BIOHUB_RETENTION_GUARD {\"blended_candidates\": 362, \"dataset\": \"44b6_0b24845f\", \"frame\": 9, \"minimum_retention\": 0.9, \"primary_candidates\": 429, \"retention\": 0.8438228438228438, \"use_primary\": true}\n"}
,{"stream_name":"stdout","time":276.565544261,"data":"EDGE_TTA_ACTIVE views = 8 mean_abs_feat_delta = 0.333216\n"}
,{"stream_name":"stdout","time":277.341797781,"data":"EDGE_TTA_ACTIVE views = 8 mean_abs_feat_delta = 0.36599\n"}
,{"stream_name":"stdout","time":277.459044181,"data":"SECONDARY_EDGE_TTA_ACTIVE views = 8 weight = 0.75 mean_abs_feat_delta = 0.24216\n"}
,{"stream_name":"stdout","time":278.239068869,"data":"SECONDARY_EDGE_TTA_ACTIVE views = 8 weight = 0.75 mean_abs_feat_delta = 0.301242\n"}
,{"stream_name":"stdout","time":278.242851643,"data":"BIOHUB_RETENTION_GUARD {\"blended_candidates\": 331, \"dataset\": \"44b6_0b24845f\", \"frame\": 10, \"minimum_retention\": 0.9, \"primary_candidates\": 419, \"retention\": 0.7899761336515513, \"use_primary\": true}\n"}
,{"stream_name":"stdout","time":278.473068658,"data":"EDGE_TTA_ACTIVE views = 8 mean_abs_feat_delta = 0.341654\n"}
,{"stream_name":"stdout","time":279.332357029,"data":"EDGE_TTA_ACTIVE views = 8 mean_abs_feat_delta = 0.358411\n"}
,{"stream_name":"stdout","time":279.366277492,"data":"SECONDARY_EDGE_TTA_ACTIVE views = 8 weight = 0.75 mean_abs_feat_delta = 0.243727\n"}
,{"stream_name":"stdout","time":280.235081973,"data":"SECONDARY_EDGE_TTA_ACTIVE views = 8 weight = 0.75 mean_abs_feat_delta = 0.289865\n"}
,{"stream_name":"stdout","time":280.239235545,"data":"BIOHUB_RETENTION_GUARD {\"blended_candidates\": 376, \"dataset\": \"44b6_0b24845f\", \"frame\": 11, \"minimum_retention\": 0.9, \"primary_candidates\": 441, \"retention\": 0.8526077097505669, \"use_primary\": true}\n"}
,{"stream_name":"stdout","time":280.376361658,"data":"EDGE_TTA_ACTIVE views = 8 mean_abs_feat_delta = 0.334228\n"}
,{"stream_name":"stdout","time":281.27286289,"data":"SECONDARY_EDGE_TTA_ACTIVE views = 8 weight = 0.75 mean_abs_feat_delta = 0.241899\n"}
,{"stream_name":"stdout","time":281.277180173,"data":"EDGE_TTA_ACTIVE views = 8 mean_abs_feat_delta = 0.361758\n"}
,{"stream_name":"stdout","time":282.188601063,"data":"SECONDARY_EDGE_TTA_ACTIVE views = 8 weight = 0.75 mean_abs_feat_delta = 0.298743\n"}
,{"stream_name":"stdout","time":282.193675411,"data":"BIOHUB_RETENTION_GUARD {\"blended_candidates\": 304, \"dataset\": \"44b6_0b24845f\", \"frame\": 12, \"minimum_retention\": 0.9, \"primary_candidates\": 361, \"retention\": 0.8421052631578947, \"use_primary\": true}\n"}
,{"stream_name":"stdout","time":282.288584827,"data":"EDGE_TTA_ACTIVE views = 8 mean_abs_feat_delta = 0.335161\n"}
,{"stream_name":"stdout","time":283.186040739,"data":"SECONDARY_EDGE_TTA_ACTIVE views = 8 weight = 0.75 mean_abs_feat_delta = 0.237416\n"}
,{"stream_name":"stdout","time":283.252497195,"data":"EDGE_TTA_ACTIVE views = 8 mean_abs_feat_delta = 0.368237\n"}
,{"stream_name":"stdout","time":284.164868784,"data":"SECONDARY_EDGE_TTA_ACTIVE views = 8 weight = 0.75 mean_abs_feat_delta = 0.295579\n"}
,{"stream_name":"stdout","time":284.166735872,"data":"EDGE_TTA_ACTIVE views = 8 mean_abs_feat_delta = 0.330752\n"}
,{"stream_name":"stdout","time":284.168979782,"data":"BIOHUB_RETENTION_GUARD {\"blended_candidates\": 314, \"dataset\": \"44b6_0b24845f\", \"frame\": 13, \"minimum_retention\": 0.9, \"primary_candidates\": 382, \"retention\": 0.8219895287958116, \"use_primary\": true}\n"}
,{"stream_name":"stdout","time":285.06847196,"data":"SECONDARY_EDGE_TTA_ACTIVE views = 8 weight = 0.75 mean_abs_feat_delta = 0.238386\n"}
,{"stream_name":"stdout","time":285.25138518,"data":"EDGE_TTA_ACTIVE views = 8 mean_abs_feat_delta = 0.366311\n"}
,{"stream_name":"stdout","time":286.089971698,"data":"EDGE_TTA_ACTIVE views = 8 mean_abs_feat_delta = 0.32964\n"}
,{"stream_name":"stdout","time":286.16473078,"data":"SECONDARY_EDGE_TTA_ACTIVE views = 8 weight = 0.75 mean_abs_feat_delta = 0.29037\n"}
,{"stream_name":"stdout","time":286.168769394,"data":"BIOHUB_RETENTION_GUARD {\"blended_candidates\": 330, \"dataset\": \"44b6_0b24845f\", \"frame\": 14, \"minimum_retention\": 0.9, \"primary_candidates\": 378, \"retention\": 0.873015873015873, \"use_primary\": true}\n"}
,{"stream_name":"stdout","time":287.004651982,"data":"SECONDARY_EDGE_TTA_ACTIVE views = 8 weight = 0.75 mean_abs_feat_delta = 0.238478\n"}
,{"stream_name":"stdout","time":287.227579071,"data":"EDGE_TTA_ACTIVE views = 8 mean_abs_feat_delta = 0.362666\n"}
,{"stream_name":"stdout","time":288.050302997,"data":"EDGE_TTA_ACTIVE views = 8 mean_abs_feat_delta = 0.32447\n"}
,{"stream_name":"stdout","time":288.144803232,"data":"SECONDARY_EDGE_TTA_ACTIVE views = 8 weight = 0.75 mean_abs_feat_delta = 0.286822\n"}
,{"stream_name":"stdout","time":288.953677514,"data":"SECONDARY_EDGE_TTA_ACTIVE views = 8 weight = 0.75 mean_abs_feat_delta = 0.234529\n"}
,{"stream_name":"stdout","time":289.183684732,"data":"EDGE_TTA_ACTIVE views = 8 mean_abs_feat_delta = 0.368515\n"}
,{"stream_name":"stdout","time":289.997410126,"data":"EDGE_TTA_ACTIVE views = 8 mean_abs_feat_delta = 0.325522\n"}
,{"stream_name":"stdout","time":290.100245405,"data":"SECONDARY_EDGE_TTA_ACTIVE views = 8 weight = 0.75 mean_abs_feat_delta = 0.282972\n"}
,{"stream_name":"stdout","time":290.887994531,"data":"SECONDARY_EDGE_TTA_ACTIVE views = 8 weight = 0.75 mean_abs_feat_delta = 0.238533\n"}
,{"stream_name":"stdout","time":291.133288052,"data":"EDGE_TTA_ACTIVE views = 8 mean_abs_feat_delta = 0.37163\n"}
,{"stream_name":"stdout","time":291.939047788,"data":"EDGE_TTA_ACTIVE views = 8 mean_abs_feat_delta = 0.319866\n"}
,{"stream_name":"stdout","time":292.07006092,"data":"SECONDARY_EDGE_TTA_ACTIVE views = 8 weight = 0.75 mean_abs_feat_delta = 0.284899\n"}
,{"stream_name":"stdout","time":292.844908638,"data":"SECONDARY_EDGE_TTA_ACTIVE views = 8 weight = 0.75 mean_abs_feat_delta = 0.239819\n"}
,{"stream_name":"stdout","time":293.178558477,"data":"EDGE_TTA_ACTIVE views = 8 mean_abs_feat_delta = 0.367306\n"}
,{"stream_name":"stdout","time":293.897357113,"data":"EDGE_TTA_ACTIVE views = 8 mean_abs_feat_delta = 0.323582\n"}
,{"stream_name":"stdout","time":294.105932179,"data":"SECONDARY_EDGE_TTA_ACTIVE views = 8 weight = 0.75 mean_abs_feat_delta = 0.276632\n"}
,{"stream_name":"stdout","time":294.807205908,"data":"SECONDARY_EDGE_TTA_ACTIVE views = 8 weight = 0.75 mean_abs_feat_delta = 0.242037\n"}
,{"stream_name":"stdout","time":295.199185288,"data":"EDGE_TTA_ACTIVE views = 8 mean_abs_feat_delta = 0.356982\n"}
,{"stream_name":"stdout","time":295.860494902,"data":"EDGE_TTA_ACTIVE views = 8 mean_abs_feat_delta = 0.326415\n"}
,{"stream_name":"stdout","time":296.127920005,"data":"SECONDARY_EDGE_TTA_ACTIVE views = 8 weight = 0.75 mean_abs_feat_delta = 0.278285\n"}
,{"stream_name":"stdout","time":296.769472104,"data":"SECONDARY_EDGE_TTA_ACTIVE views = 8 weight = 0.75 mean_abs_feat_delta = 0.241724\n"}
,{"stream_name":"stdout","time":297.227019409,"data":"EDGE_TTA_ACTIVE views = 8 mean_abs_feat_delta = 0.354988\n"}
,{"stream_name":"stdout","time":297.823817531,"data":"EDGE_TTA_ACTIVE views = 8 mean_abs_feat_delta = 0.32326\n"}
,{"stream_name":"stdout","time":298.159697335,"data":"SECONDARY_EDGE_TTA_ACTIVE views = 8 weight = 0.75 mean_abs_feat_delta = 0.280197\n"}
,{"stream_name":"stdout","time":298.163801711,"data":"BIOHUB_RETENTION_GUARD {\"blended_candidates\": 285, \"dataset\": \"44b6_0b24845f\", \"frame\": 20, \"minimum_retention\": 0.9, \"primary_candidates\": 317, \"retention\": 0.8990536277602523, \"use_primary\": true}\n"}
,{"stream_name":"stdout","time":298.737630995,"data":"SECONDARY_EDGE_TTA_ACTIVE views = 8 weight = 0.75 mean_abs_feat_delta = 0.234753\n"}
,{"stream_name":"stdout","time":299.229628021,"data":"EDGE_TTA_ACTIVE views = 8 mean_abs_feat_delta = 0.355885\n"}
,{"stream_name":"stdout","time":299.798025052,"data":"EDGE_TTA_ACTIVE views = 8 mean_abs_feat_delta = 0.324888\n"}
,{"stream_name":"stdout","time":300.166720123,"data":"SECONDARY_EDGE_TTA_ACTIVE views = 8 weight = 0.75 mean_abs_feat_delta = 0.281334\n"}
,{"stream_name":"stdout","time":300.170982899,"data":"BIOHUB_RETENTION_GUARD {\"blended_candidates\": 265, \"dataset\": \"44b6_0b24845f\", \"frame\": 21, \"minimum_retention\": 0.9, \"primary_candidates\": 325, \"retention\": 0.8153846153846154, \"use_primary\": true}\n"}
,{"stream_name":"stdout","time":300.712847815,"data":"SECONDARY_EDGE_TTA_ACTIVE views = 8 weight = 0.75 mean_abs_feat_delta = 0.238746\n"}
,{"stream_name":"stdout","time":301.30086981,"data":"EDGE_TTA_ACTIVE views = 8 mean_abs_feat_delta = 0.357492\n"}
,{"stream_name":"stdout","time":301.742622169,"data":"EDGE_TTA_ACTIVE views = 8 mean_abs_feat_delta = 0.325752\n"}
,{"stream_name":"stdout","time":302.238150149,"data":"SECONDARY_EDGE_TTA_ACTIVE views = 8 weight = 0.75 mean_abs_feat_delta = 0.280031\n"}
,{"stream_name":"stdout","time":302.243451187,"data":"BIOHUB_RETENTION_GUARD {\"blended_candidates\": 286, \"dataset\": \"44b6_0b24845f\", \"frame\": 22, \"minimum_retention\": 0.9, \"primary_candidates\": 326, \"retention\": 0.8773006134969326, \"use_primary\": true}\n"}
,{"stream_name":"stdout","time":302.655452399,"data":"SECONDARY_EDGE_TTA_ACTIVE views = 8 weight = 0.75 mean_abs_feat_delta = 0.238954\n"}
,{"stream_name":"stdout","time":303.319226056,"data":"EDGE_TTA_ACTIVE views = 8 mean_abs_feat_delta = 0.361386\n"}
,{"stream_name":"stdout","time":303.751900164,"data":"EDGE_TTA_ACTIVE views = 8 mean_abs_feat_delta = 0.330364\n"}
,{"stream_name":"stdout","time":304.25961618,"data":"SECONDARY_EDGE_TTA_ACTIVE views = 8 weight = 0.75 mean_abs_feat_delta = 0.277655\n"}
,{"stream_name":"stdout","time":304.66879954,"data":"SECONDARY_EDGE_TTA_ACTIVE views = 8 weight = 0.75 mean_abs_feat_delta = 0.235145\n"}
,{"stream_name":"stdout","time":305.336766186,"data":"EDGE_TTA_ACTIVE views = 8 mean_abs_feat_delta = 0.361052\n"}
,{"stream_name":"stdout","time":305.794385529,"data":"EDGE_TTA_ACTIVE views = 8 mean_abs_feat_delta = 0.329773\n"}
,{"stream_name":"stdout","time":306.299077702,"data":"SECONDARY_EDGE_TTA_ACTIVE views = 8 weight = 0.75 mean_abs_feat_delta = 0.282322\n"}
,{"stream_name":"stdout","time":306.300115286,"data":"BIOHUB_RETENTION_GUARD {\"blended_candidates\": 261, \"dataset\": \"44b6_0b24845f\", \"frame\": 24, \"minimum_retention\": 0.9, \"primary_candidates\": 306, \"retention\": 0.8529411764705882, \"use_primary\": true}\n"}
,{"stream_name":"stdout","time":306.707089468,"data":"SECONDARY_EDGE_TTA_ACTIVE views = 8 weight = 0.75 mean_abs_feat_delta = 0.236219\n"}
,{"stream_name":"stdout","time":307.367949891,"data":"EDGE_TTA_ACTIVE views = 8 mean_abs_feat_delta = 0.36198\n"}
,{"stream_name":"stdout","time":307.749312514,"data":"EDGE_TTA_ACTIVE views = 8 mean_abs_feat_delta = 0.325156\n"}
,{"stream_name":"stdout","time":308.317394579,"data":"SECONDARY_EDGE_TTA_ACTIVE views = 8 weight = 0.75 mean_abs_feat_delta = 0.280181\n"}
,{"stream_name":"stdout","time":308.669199198,"data":"SECONDARY_EDGE_TTA_ACTIVE views = 8 weight = 0.75 mean_abs_feat_delta = 0.234985\n"}
,{"stream_name":"stdout","time":309.367635915,"data":"EDGE_TTA_ACTIVE views = 8 mean_abs_feat_delta = 0.365963\n"}
,{"stream_name":"stdout","time":309.718293437,"data":"EDGE_TTA_ACTIVE views = 8 mean_abs_feat_delta = 0.328005\n"}
,{"stream_name":"stdout","time":310.311352544,"data":"SECONDARY_EDGE_TTA_ACTIVE views = 8 weight = 0.75 mean_abs_feat_delta = 0.284381\n"}
,{"stream_name":"stdout","time":310.315222161,"data":"BIOHUB_RETENTION_GUARD {\"blended_candidates\": 273, \"dataset\": \"44b6_0b24845f\", \"frame\": 26, \"minimum_retention\": 0.9, \"primary_candidates\": 309, \"retention\": 0.883495145631068, \"use_primary\": true}\n"}
,{"stream_name":"stdout","time":310.649637798,"data":"SECONDARY_EDGE_TTA_ACTIVE views = 8 weight = 0.75 mean_abs_feat_delta = 0.230623\n"}
,{"stream_name":"stdout","time":311.391327154,"data":"EDGE_TTA_ACTIVE views = 8 mean_abs_feat_delta = 0.369614\n"}
,{"stream_name":"stdout","time":311.688984749,"data":"EDGE_TTA_ACTIVE views = 8 mean_abs_feat_delta = 0.332057\n"}
,{"stream_name":"stdout","time":312.341746137,"data":"SECONDARY_EDGE_TTA_ACTIVE views = 8 weight = 0.75 mean_abs_feat_delta = 0.289602\n"}
,{"stream_name":"stdout","time":312.345496746,"data":"BIOHUB_RETENTION_GUARD {\"blended_candidates\": 258, \"dataset\": \"44b6_0b24845f\", \"frame\": 27, \"minimum_retention\": 0.9, \"primary_candidates\": 302, \"retention\": 0.8543046357615894, \"use_primary\": true}\n"}
,{"stream_name":"stdout","time":312.608177129,"data":"SECONDARY_EDGE_TTA_ACTIVE views = 8 weight = 0.75 mean_abs_feat_delta = 0.233514\n"}
,{"stream_name":"stdout","time":313.498872808,"data":"EDGE_TTA_ACTIVE views = 8 mean_abs_feat_delta = 0.365619\n"}
,{"stream_name":"stdout","time":313.62293271,"data":"EDGE_TTA_ACTIVE views = 8 mean_abs_feat_delta = 0.327244\n"}
,{"stream_name":"stdout","time":314.448162427,"data":"SECONDARY_EDGE_TTA_ACTIVE views = 8 weight = 0.75 mean_abs_feat_delta = 0.291319\n"}
,{"stream_name":"stdout","time":314.54869177,"data":"SECONDARY_EDGE_TTA_ACTIVE views = 8 weight = 0.75 mean_abs_feat_delta = 0.236419\n"}
,{"stream_name":"stdout","time":315.565814125,"data":"EDGE_TTA_ACTIVE views = 8 mean_abs_feat_delta = 0.366332\n"}
,{"stream_name":"stdout","time":315.650882785,"data":"EDGE_TTA_ACTIVE views = 8 mean_abs_feat_delta = 0.331491\n"}
,{"stream_name":"stdout","time":316.521037377,"data":"SECONDARY_EDGE_TTA_ACTIVE views = 8 weight = 0.75 mean_abs_feat_delta = 0.283865\n"}
,{"stream_name":"stdout","time":316.577080023,"data":"SECONDARY_EDGE_TTA_ACTIVE views = 8 weight = 0.75 mean_abs_feat_delta = 0.240106\n"}
,{"stream_name":"stdout","time":317.621583039,"data":"EDGE_TTA_ACTIVE views = 8 mean_abs_feat_delta = 0.364134\n"}
,{"stream_name":"stdout","time":317.695473313,"data":"EDGE_TTA_ACTIVE views = 8 mean_abs_feat_delta = 0.332767\n"}
,{"stream_name":"stdout","time":318.579310752,"data":"SECONDARY_EDGE_TTA_ACTIVE views = 8 weight = 0.75 mean_abs_feat_delta = 0.282155\n"}
,{"stream_name":"stdout","time":318.623326117,"data":"SECONDARY_EDGE_TTA_ACTIVE views = 8 weight = 0.75 mean_abs_feat_delta = 0.251196\n"}
,{"stream_name":"stdout","time":319.734078013,"data":"EDGE_TTA_ACTIVE views = 8 mean_abs_feat_delta = 0.359711\n"}
,{"stream_name":"stdout","time":319.737487521,"data":"EDGE_TTA_ACTIVE views = 8 mean_abs_feat_delta = 0.333532\n"}
,{"stream_name":"stdout","time":320.669404583,"data":"SECONDARY_EDGE_TTA_ACTIVE views = 8 weight = 0.75 mean_abs_feat_delta = 0.251416\n"}
,{"stream_name":"stdout","time":320.694939019,"data":"SECONDARY_EDGE_TTA_ACTIVE views = 8 weight = 0.75 mean_abs_feat_delta = 0.283753\n"}
,{"stream_name":"stdout","time":321.750445547,"data":"EDGE_TTA_ACTIVE views = 8 mean_abs_feat_delta = 0.339086\n"}
,{"stream_name":"stdout","time":321.846933648,"data":"EDGE_TTA_ACTIVE views = 8 mean_abs_feat_delta = 0.362505\n"}
,{"stream_name":"stdout","time":322.680684425,"data":"SECONDARY_EDGE_TTA_ACTIVE views = 8 weight = 0.75 mean_abs_feat_delta = 0.251129\n"}
,{"stream_name":"stdout","time":322.810142971,"data":"SECONDARY_EDGE_TTA_ACTIVE views = 8 weight = 0.75 mean_abs_feat_delta = 0.282429\n"}
,{"stream_name":"stdout","time":322.814084024,"data":"BIOHUB_RETENTION_GUARD {\"blended_candidates\": 249, \"dataset\": \"44b6_0b24845f\", \"frame\": 32, \"minimum_retention\": 0.9, \"primary_candidates\": 293, \"retention\": 0.8498293515358362, \"use_primary\": true}\n"}
,{"stream_name":"stdout","time":323.757884843,"data":"EDGE_TTA_ACTIVE views = 8 mean_abs_feat_delta = 0.336421\n"}
,{"stream_name":"stdout","time":323.940437292,"data":"EDGE_TTA_ACTIVE views = 8 mean_abs_feat_delta = 0.364903\n"}
,{"stream_name":"stdout","time":324.690866645,"data":"SECONDARY_EDGE_TTA_ACTIVE views = 8 weight = 0.75 mean_abs_feat_delta = 0.248917\n"}
,{"stream_name":"stdout","time":324.91462693,"data":"SECONDARY_EDGE_TTA_ACTIVE views = 8 weight = 0.75 mean_abs_feat_delta = 0.280468\n"}
,{"stream_name":"stdout","time":324.918436793,"data":"BIOHUB_RETENTION_GUARD {\"blended_candidates\": 234, \"dataset\": \"44b6_0b24845f\", \"frame\": 33, \"minimum_retention\": 0.9, \"primary_candidates\": 276, \"retention\": 0.8478260869565217, \"use_primary\": true}\n"}
,{"stream_name":"stdout","time":325.774053214,"data":"EDGE_TTA_ACTIVE views = 8 mean_abs_feat_delta = 0.329875\n"}
,{"stream_name":"stdout","time":326.090719227,"data":"EDGE_TTA_ACTIVE views = 8 mean_abs_feat_delta = 0.364198\n"}
,{"stream_name":"stdout","time":326.711143134,"data":"SECONDARY_EDGE_TTA_ACTIVE views = 8 weight = 0.75 mean_abs_feat_delta = 0.248317\n"}
,{"stream_name":"stdout","time":327.066125511,"data":"SECONDARY_EDGE_TTA_ACTIVE views = 8 weight = 0.75 mean_abs_feat_delta = 0.273313\n"}
,{"stream_name":"stdout","time":327.740742679,"data":"EDGE_TTA_ACTIVE views = 8 mean_abs_feat_delta = 0.328572\n"}
,{"stream_name":"stdout","time":328.140986894,"data":"EDGE_TTA_ACTIVE views = 8 mean_abs_feat_delta = 0.362852\n"}
,{"stream_name":"stdout","time":328.677806289,"data":"SECONDARY_EDGE_TTA_ACTIVE views = 8 weight = 0.75 mean_abs_feat_delta = 0.247468\n"}
,{"stream_name":"stdout","time":329.113754583,"data":"SECONDARY_EDGE_TTA_ACTIVE views = 8 weight = 0.75 mean_abs_feat_delta = 0.27435\n"}
,{"stream_name":"stdout","time":329.719899665,"data":"EDGE_TTA_ACTIVE views = 8 mean_abs_feat_delta = 0.326071\n"}
,{"stream_name":"stdout","time":330.225382448,"data":"EDGE_TTA_ACTIVE views = 8 mean_abs_feat_delta = 0.373852\n"}
,{"stream_name":"stdout","time":330.659983409,"data":"SECONDARY_EDGE_TTA_ACTIVE views = 8 weight = 0.75 mean_abs_feat_delta = 0.246968\n"}
,{"stream_name":"stdout","time":331.201670541,"data":"SECONDARY_EDGE_TTA_ACTIVE views = 8 weight = 0.75 mean_abs_feat_delta = 0.28122\n"}
,{"stream_name":"stdout","time":331.753451673,"data":"EDGE_TTA_ACTIVE views = 8 mean_abs_feat_delta = 0.328178\n"}
,{"stream_name":"stdout","time":332.322852583,"data":"EDGE_TTA_ACTIVE views = 8 mean_abs_feat_delta = 0.368966\n"}
,{"stream_name":"stdout","time":332.694334621,"data":"SECONDARY_EDGE_TTA_ACTIVE views = 8 weight = 0.75 mean_abs_feat_delta = 0.250361\n"}
,{"stream_name":"stdout","time":333.3080018,"data":"SECONDARY_EDGE_TTA_ACTIVE views = 8 weight = 0.75 mean_abs_feat_delta = 0.277064\n"}
,{"stream_name":"stdout","time":333.711342717,"data":"EDGE_TTA_ACTIVE views = 8 mean_abs_feat_delta = 0.331242\n"}
,{"stream_name":"stdout","time":334.403197286,"data":"EDGE_TTA_ACTIVE views = 8 mean_abs_feat_delta = 0.366559\n"}
,{"stream_name":"stdout","time":334.656753559,"data":"SECONDARY_EDGE_TTA_ACTIVE views = 8 weight = 0.75 mean_abs_feat_delta = 0.24375\n"}
,{"stream_name":"stdout","time":335.378284398,"data":"SECONDARY_EDGE_TTA_ACTIVE views = 8 weight = 0.75 mean_abs_feat_delta = 0.274933\n"}
,{"stream_name":"stdout","time":335.751890243,"data":"EDGE_TTA_ACTIVE views = 8 mean_abs_feat_delta = 0.332742\n"}
,{"stream_name":"stdout","time":336.491852543,"data":"EDGE_TTA_ACTIVE views = 8 mean_abs_feat_delta = 0.370597\n"}
,{"stream_name":"stdout","time":336.700743322,"data":"SECONDARY_EDGE_TTA_ACTIVE views = 8 weight = 0.75 mean_abs_feat_delta = 0.239566\n"}
,{"stream_name":"stdout","time":337.47123207,"data":"SECONDARY_EDGE_TTA_ACTIVE views = 8 weight = 0.75 mean_abs_feat_delta = 0.278308\n"}
,{"stream_name":"stdout","time":337.765152635,"data":"EDGE_TTA_ACTIVE views = 8 mean_abs_feat_delta = 0.325998\n"}
,{"stream_name":"stdout","time":338.621873363,"data":"EDGE_TTA_ACTIVE views = 8 mean_abs_feat_delta = 0.372674\n"}
,{"stream_name":"stdout","time":338.713382676,"data":"SECONDARY_EDGE_TTA_ACTIVE views = 8 weight = 0.75 mean_abs_feat_delta = 0.242074\n"}
,{"stream_name":"stdout","time":339.613730912,"data":"SECONDARY_EDGE_TTA_ACTIVE views = 8 weight = 0.75 mean_abs_feat_delta = 0.285352\n"}
,{"stream_name":"stdout","time":339.759608608,"data":"EDGE_TTA_ACTIVE views = 8 mean_abs_feat_delta = 0.326187\n"}
,{"stream_name":"stdout","time":340.712823569,"data":"SECONDARY_EDGE_TTA_ACTIVE views = 8 weight = 0.75 mean_abs_feat_delta = 0.24388\n"}
,{"stream_name":"stdout","time":340.741062546,"data":"EDGE_TTA_ACTIVE views = 8 mean_abs_feat_delta = 0.367938\n"}
,{"stream_name":"stdout","time":341.737276915,"data":"SECONDARY_EDGE_TTA_ACTIVE views = 8 weight = 0.75 mean_abs_feat_delta = 0.280788\n"}
,{"stream_name":"stdout","time":341.768192546,"data":"EDGE_TTA_ACTIVE views = 8 mean_abs_feat_delta = 0.329641\n"}
,{"stream_name":"stdout","time":342.72219667,"data":"SECONDARY_EDGE_TTA_ACTIVE views = 8 weight = 0.75 mean_abs_feat_delta = 0.242396\n"}
,{"stream_name":"stdout","time":342.847056892,"data":"EDGE_TTA_ACTIVE views = 8 mean_abs_feat_delta = 0.364834\n"}
,{"stream_name":"stdout","time":343.773792488,"data":"EDGE_TTA_ACTIVE views = 8 mean_abs_feat_delta = 0.331184\n"}
,{"stream_name":"stdout","time":343.847309279,"data":"SECONDARY_EDGE_TTA_ACTIVE views = 8 weight = 0.75 mean_abs_feat_delta = 0.282166\n"}
,{"stream_name":"stdout","time":344.730601778,"data":"SECONDARY_EDGE_TTA_ACTIVE views = 8 weight = 0.75 mean_abs_feat_delta = 0.24245\n"}
,{"stream_name":"stdout","time":345.013377855,"data":"EDGE_TTA_ACTIVE views = 8 mean_abs_feat_delta = 0.36801\n"}
,{"stream_name":"stdout","time":345.778901709,"data":"EDGE_TTA_ACTIVE views = 8 mean_abs_feat_delta = 0.330506\n"}
,{"stream_name":"stdout","time":346.015310258,"data":"SECONDARY_EDGE_TTA_ACTIVE views = 8 weight = 0.75 mean_abs_feat_delta = 0.283823\n"}
,{"stream_name":"stdout","time":346.740571146,"data":"SECONDARY_EDGE_TTA_ACTIVE views = 8 weight = 0.75 mean_abs_feat_delta = 0.246663\n"}
,{"stream_name":"stdout","time":347.230921322,"data":"EDGE_TTA_ACTIVE views = 8 mean_abs_feat_delta = 0.367877\n"}
,{"stream_name":"stdout","time":347.911425119,"data":"EDGE_TTA_ACTIVE views = 8 mean_abs_feat_delta = 0.326851\n"}
,{"stream_name":"stdout","time":348.241405272,"data":"SECONDARY_EDGE_TTA_ACTIVE views = 8 weight = 0.75 mean_abs_feat_delta = 0.281373\n"}
,{"stream_name":"stdout","time":348.882525,"data":"SECONDARY_EDGE_TTA_ACTIVE views = 8 weight = 0.75 mean_abs_feat_delta = 0.248161\n"}
,{"stream_name":"stdout","time":349.430689805,"data":"EDGE_TTA_ACTIVE views = 8 mean_abs_feat_delta = 0.368248\n"}
,{"stream_name":"stdout","time":349.935835529,"data":"EDGE_TTA_ACTIVE views = 8 mean_abs_feat_delta = 0.32759\n"}
,{"stream_name":"stdout","time":350.445835152,"data":"SECONDARY_EDGE_TTA_ACTIVE views = 8 weight = 0.75 mean_abs_feat_delta = 0.281151\n"}
,{"stream_name":"stdout","time":350.904079984,"data":"SECONDARY_EDGE_TTA_ACTIVE views = 8 weight = 0.75 mean_abs_feat_delta = 0.244572\n"}
,{"stream_name":"stdout","time":351.646922762,"data":"EDGE_TTA_ACTIVE views = 8 mean_abs_feat_delta = 0.366473\n"}
,{"stream_name":"stdout","time":352.024522776,"data":"EDGE_TTA_ACTIVE views = 8 mean_abs_feat_delta = 0.323605\n"}
,{"stream_name":"stdout","time":352.662099594,"data":"SECONDARY_EDGE_TTA_ACTIVE views = 8 weight = 0.75 mean_abs_feat_delta = 0.288338\n"}
,{"stream_name":"stdout","time":352.995322949,"data":"SECONDARY_EDGE_TTA_ACTIVE views = 8 weight = 0.75 mean_abs_feat_delta = 0.244253\n"}
,{"stream_name":"stdout","time":353.869186698,"data":"EDGE_TTA_ACTIVE views = 8 mean_abs_feat_delta = 0.369227\n"}
,{"stream_name":"stdout","time":354.088833278,"data":"EDGE_TTA_ACTIVE views = 8 mean_abs_feat_delta = 0.332571\n"}
,{"stream_name":"stdout","time":354.891051325,"data":"SECONDARY_EDGE_TTA_ACTIVE views = 8 weight = 0.75 mean_abs_feat_delta = 0.292434\n"}
,{"stream_name":"stdout","time":354.894956648,"data":"BIOHUB_RETENTION_GUARD {\"blended_candidates\": 264, \"dataset\": \"44b6_0b24845f\", \"frame\": 47, \"minimum_retention\": 0.9, \"primary_candidates\": 307, \"retention\": 0.8599348534201955, \"use_primary\": true}\n"}
,{"stream_name":"stdout","time":355.061231276,"data":"SECONDARY_EDGE_TTA_ACTIVE views = 8 weight = 0.75 mean_abs_feat_delta = 0.251298\n"}
,{"stream_name":"stdout","time":356.136512211,"data":"EDGE_TTA_ACTIVE views = 8 mean_abs_feat_delta = 0.328319\n"}
,{"stream_name":"stdout","time":356.1419736,"data":"EDGE_TTA_ACTIVE views = 8 mean_abs_feat_delta = 0.376915\n"}
,{"stream_name":"stdout","time":357.108308985,"data":"SECONDARY_EDGE_TTA_ACTIVE views = 8 weight = 0.75 mean_abs_feat_delta = 0.241945\n"}
,{"stream_name":"stdout","time":357.168693939,"data":"SECONDARY_EDGE_TTA_ACTIVE views = 8 weight = 0.75 mean_abs_feat_delta = 0.288129\n"}
,{"stream_name":"stdout","time":358.264283125,"data":"EDGE_TTA_ACTIVE views = 8 mean_abs_feat_delta = 0.327289\n"}
,{"stream_name":"stdout","time":358.307876277,"data":"EDGE_TTA_ACTIVE views = 8 mean_abs_feat_delta = 0.373149\n"}
,{"stream_name":"stdout","time":359.238662789,"data":"SECONDARY_EDGE_TTA_ACTIVE views = 8 weight = 0.75 mean_abs_feat_delta = 0.241039\n"}
,{"stream_name":"stdout","time":359.340376889,"data":"SECONDARY_EDGE_TTA_ACTIVE views = 8 weight = 0.75 mean_abs_feat_delta = 0.299885\n"}
,{"stream_name":"stdout","time":360.370430223,"data":"EDGE_TTA_ACTIVE views = 8 mean_abs_feat_delta = 0.337614\n"}
,{"stream_name":"stdout","time":360.525982418,"data":"EDGE_TTA_ACTIVE views = 8 mean_abs_feat_delta = 0.373289\n"}
,{"stream_name":"stdout","time":361.345407467,"data":"SECONDARY_EDGE_TTA_ACTIVE views = 8 weight = 0.75 mean_abs_feat_delta = 0.250851\n"}
,{"stream_name":"stdout","time":361.560518695,"data":"SECONDARY_EDGE_TTA_ACTIVE views = 8 weight = 0.75 mean_abs_feat_delta = 0.305548\n"}
,{"stream_name":"stdout","time":361.564656616,"data":"BIOHUB_RETENTION_GUARD {\"blended_candidates\": 253, \"dataset\": \"44b6_0b24845f\", \"frame\": 50, \"minimum_retention\": 0.9, \"primary_candidates\": 285, \"retention\": 0.887719298245614, \"use_primary\": true}\n"}
,{"stream_name":"stdout","time":362.480517891,"data":"EDGE_TTA_ACTIVE views = 8 mean_abs_feat_delta = 0.338693\n"}
,{"stream_name":"stdout","time":362.703093572,"data":"EDGE_TTA_ACTIVE views = 8 mean_abs_feat_delta = 0.372374\n"}
,{"stream_name":"stdout","time":363.451842029,"data":"SECONDARY_EDGE_TTA_ACTIVE views = 8 weight = 0.75 mean_abs_feat_delta = 0.253217\n"}
,{"stream_name":"stdout","time":363.731841698,"data":"SECONDARY_EDGE_TTA_ACTIVE views = 8 weight = 0.75 mean_abs_feat_delta = 0.296505\n"}
,{"stream_name":"stdout","time":363.735882505,"data":"BIOHUB_RETENTION_GUARD {\"blended_candidates\": 321, \"dataset\": \"44b6_0b24845f\", \"frame\": 51, \"minimum_retention\": 0.9, \"primary_candidates\": 361, \"retention\": 0.889196675900277, \"use_primary\": true}\n"}
,{"stream_name":"stdout","time":364.583136537,"data":"EDGE_TTA_ACTIVE views = 8 mean_abs_feat_delta = 0.338257\n"}
,{"stream_name":"stdout","time":364.899054008,"data":"EDGE_TTA_ACTIVE views = 8 mean_abs_feat_delta = 0.36791\n"}
,{"stream_name":"stdout","time":365.558640928,"data":"SECONDARY_EDGE_TTA_ACTIVE views = 8 weight = 0.75 mean_abs_feat_delta = 0.261342\n"}
,{"stream_name":"stdout","time":365.933800386,"data":"SECONDARY_EDGE_TTA_ACTIVE views = 8 weight = 0.75 mean_abs_feat_delta = 0.295986\n"}
,{"stream_name":"stdout","time":366.686830819,"data":"EDGE_TTA_ACTIVE views = 8 mean_abs_feat_delta = 0.33887\n"}
,{"stream_name":"stdout","time":367.113512895,"data":"EDGE_TTA_ACTIVE views = 8 mean_abs_feat_delta = 0.370709\n"}
,{"stream_name":"stdout","time":367.64407881,"data":"SECONDARY_EDGE_TTA_ACTIVE views = 8 weight = 0.75 mean_abs_feat_delta = 0.263655\n"}
,{"stream_name":"stdout","time":368.156148553,"data":"SECONDARY_EDGE_TTA_ACTIVE views = 8 weight = 0.75 mean_abs_feat_delta = 0.30285\n"}
,{"stream_name":"stdout","time":368.160192938,"data":"BIOHUB_RETENTION_GUARD {\"blended_candidates\": 305, \"dataset\": \"44b6_0b24845f\", \"frame\": 53, \"minimum_retention\": 0.9, \"primary_candidates\": 342, \"retention\": 0.8918128654970761, \"use_primary\": true}\n"}
,{"stream_name":"stdout","time":368.744708948,"data":"EDGE_TTA_ACTIVE views = 8 mean_abs_feat_delta = 0.339106\n"}
,{"stream_name":"stdout","time":369.373819053,"data":"EDGE_TTA_ACTIVE views = 8 mean_abs_feat_delta = 0.369503\n"}
,{"stream_name":"stdout","time":369.726476311,"data":"SECONDARY_EDGE_TTA_ACTIVE views = 8 weight = 0.75 mean_abs_feat_delta = 0.264049\n"}
,{"stream_name":"stdout","time":370.417833853,"data":"SECONDARY_EDGE_TTA_ACTIVE views = 8 weight = 0.75 mean_abs_feat_delta = 0.30254\n"}
,{"stream_name":"stdout","time":370.421485503,"data":"BIOHUB_RETENTION_GUARD {\"blended_candidates\": 321, \"dataset\": \"44b6_0b24845f\", \"frame\": 54, \"minimum_retention\": 0.9, \"primary_candidates\": 362, \"retention\": 0.8867403314917127, \"use_primary\": true}\n"}
,{"stream_name":"stdout","time":370.889005275,"data":"EDGE_TTA_ACTIVE views = 8 mean_abs_feat_delta = 0.341611\n"}
,{"stream_name":"stdout","time":371.608596384,"data":"EDGE_TTA_ACTIVE views = 8 mean_abs_feat_delta = 0.3697\n"}
,{"stream_name":"stdout","time":371.872479332,"data":"SECONDARY_EDGE_TTA_ACTIVE views = 8 weight = 0.75 mean_abs_feat_delta = 0.262185\n"}
,{"stream_name":"stdout","time":372.658837571,"data":"SECONDARY_EDGE_TTA_ACTIVE views = 8 weight = 0.75 mean_abs_feat_delta = 0.304896\n"}
,{"stream_name":"stdout","time":373.01687404,"data":"EDGE_TTA_ACTIVE views = 8 mean_abs_feat_delta = 0.346143\n"}
,{"stream_name":"stdout","time":373.850893523,"data":"EDGE_TTA_ACTIVE views = 8 mean_abs_feat_delta = 0.37301\n"}
,{"stream_name":"stdout","time":374.00613013,"data":"SECONDARY_EDGE_TTA_ACTIVE views = 8 weight = 0.75 mean_abs_feat_delta = 0.257653\n"}
,{"stream_name":"stdout","time":374.906627849,"data":"SECONDARY_EDGE_TTA_ACTIVE views = 8 weight = 0.75 mean_abs_feat_delta = 0.308335\n"}
,{"stream_name":"stdout","time":375.144379904,"data":"EDGE_TTA_ACTIVE views = 8 mean_abs_feat_delta = 0.340083\n"}
,{"stream_name":"stdout","time":376.136490001,"data":"SECONDARY_EDGE_TTA_ACTIVE views = 8 weight = 0.75 mean_abs_feat_delta = 0.252778\n"}
,{"stream_name":"stdout","time":376.227398958,"data":"EDGE_TTA_ACTIVE views = 8 mean_abs_feat_delta = 0.367347\n"}
,{"stream_name":"stdout","time":377.254685764,"data":"EDGE_TTA_ACTIVE views = 8 mean_abs_feat_delta = 0.339203\n"}
,{"stream_name":"stdout","time":377.287910126,"data":"SECONDARY_EDGE_TTA_ACTIVE views = 8 weight = 0.75 mean_abs_feat_delta = 0.3079\n"}
,{"stream_name":"stdout","time":378.249310155,"data":"SECONDARY_EDGE_TTA_ACTIVE views = 8 weight = 0.75 mean_abs_feat_delta = 0.255196\n"}
,{"stream_name":"stdout","time":378.461503567,"data":"EDGE_TTA_ACTIVE views = 8 mean_abs_feat_delta = 0.36398\n"}
,{"stream_name":"stdout","time":379.338970325,"data":"EDGE_TTA_ACTIVE views = 8 mean_abs_feat_delta = 0.336994\n"}
,{"stream_name":"stdout","time":379.523489155,"data":"SECONDARY_EDGE_TTA_ACTIVE views = 8 weight = 0.75 mean_abs_feat_delta = 0.304751\n"}
,{"stream_name":"stdout","time":379.527385432,"data":"BIOHUB_RETENTION_GUARD {\"blended_candidates\": 263, \"dataset\": \"44b6_0b24845f\", \"frame\": 58, \"minimum_retention\": 0.9, \"primary_candidates\": 312, \"retention\": 0.842948717948718, \"use_primary\": true}\n"}
,{"stream_name":"stdout","time":380.336272586,"data":"SECONDARY_EDGE_TTA_ACTIVE views = 8 weight = 0.75 mean_abs_feat_delta = 0.255652\n"}
,{"stream_name":"stdout","time":380.767108393,"data":"EDGE_TTA_ACTIVE views = 8 mean_abs_feat_delta = 0.366206\n"}
,{"stream_name":"stdout","time":381.450469725,"data":"EDGE_TTA_ACTIVE views = 8 mean_abs_feat_delta = 0.342499\n"}
,{"stream_name":"stdout","time":381.839368862,"data":"SECONDARY_EDGE_TTA_ACTIVE views = 8 weight = 0.75 mean_abs_feat_delta = 0.300835\n"}
,{"stream_name":"stdout","time":381.843157748,"data":"BIOHUB_RETENTION_GUARD {\"blended_candidates\": 303, \"dataset\": \"44b6_0b24845f\", \"frame\": 59, \"minimum_retention\": 0.9, \"primary_candidates\": 346, \"retention\": 0.8757225433526011, \"use_primary\": true}\n"}
,{"stream_name":"stdout","time":382.44692203,"data":"SECONDARY_EDGE_TTA_ACTIVE views = 8 weight = 0.75 mean_abs_feat_delta = 0.256616\n"}
,{"stream_name":"stdout","time":383.014518778,"data":"EDGE_TTA_ACTIVE views = 8 mean_abs_feat_delta = 0.36887\n"}
,{"stream_name":"stdout","time":383.541763944,"data":"EDGE_TTA_ACTIVE views = 8 mean_abs_feat_delta = 0.346059\n"}
,{"stream_name":"stdout","time":384.089921992,"data":"SECONDARY_EDGE_TTA_ACTIVE views = 8 weight = 0.75 mean_abs_feat_delta = 0.300158\n"}
,{"stream_name":"stdout","time":384.094101372,"data":"BIOHUB_RETENTION_GUARD {\"blended_candidates\": 335, \"dataset\": \"44b6_0b24845f\", \"frame\": 60, \"minimum_retention\": 0.9, \"primary_candidates\": 393, \"retention\": 0.8524173027989822, \"use_primary\": true}\n"}
,{"stream_name":"stdout","time":384.542221844,"data":"SECONDARY_EDGE_TTA_ACTIVE views = 8 weight = 0.75 mean_abs_feat_delta = 0.257121\n"}
,{"stream_name":"stdout","time":385.369980017,"data":"EDGE_TTA_ACTIVE views = 8 mean_abs_feat_delta = 0.365386\n"}
,{"stream_name":"stdout","time":385.637712496,"data":"EDGE_TTA_ACTIVE views = 8 mean_abs_feat_delta = 0.346159\n"}
,{"stream_name":"stdout","time":386.448723543,"data":"SECONDARY_EDGE_TTA_ACTIVE views = 8 weight = 0.75 mean_abs_feat_delta = 0.300168\n"}
,{"stream_name":"stdout","time":386.45256397,"data":"BIOHUB_RETENTION_GUARD {\"blended_candidates\": 275, \"dataset\": \"44b6_0b24845f\", \"frame\": 61, \"minimum_retention\": 0.9, \"primary_candidates\": 333, \"retention\": 0.8258258258258259, \"use_primary\": true}\n"}
,{"stream_name":"stdout","time":386.644914605,"data":"SECONDARY_EDGE_TTA_ACTIVE views = 8 weight = 0.75 mean_abs_feat_delta = 0.257896\n"}
,{"stream_name":"stdout","time":387.676317685,"data":"EDGE_TTA_ACTIVE views = 8 mean_abs_feat_delta = 0.366621\n"}
,{"stream_name":"stdout","time":387.771789538,"data":"EDGE_TTA_ACTIVE views = 8 mean_abs_feat_delta = 0.345426\n"}
,{"stream_name":"stdout","time":388.762751637,"data":"SECONDARY_EDGE_TTA_ACTIVE views = 8 weight = 0.75 mean_abs_feat_delta = 0.300845\n"}
,{"stream_name":"stdout","time":388.766515238,"data":"BIOHUB_RETENTION_GUARD {\"blended_candidates\": 298, \"dataset\": \"44b6_0b24845f\", \"frame\": 62, \"minimum_retention\": 0.9, \"primary_candidates\": 345, \"retention\": 0.863768115942029, \"use_primary\": true}\n"}
,{"stream_name":"stdout","time":388.782913479,"data":"SECONDARY_EDGE_TTA_ACTIVE views = 8 weight = 0.75 mean_abs_feat_delta = 0.259858\n"}
,{"stream_name":"stdout","time":389.909795582,"data":"EDGE_TTA_ACTIVE views = 8 mean_abs_feat_delta = 0.344989\n"}
,{"stream_name":"stdout","time":389.994806955,"data":"EDGE_TTA_ACTIVE views = 8 mean_abs_feat_delta = 0.373908\n"}
,{"stream_name":"stdout","time":390.920950987,"data":"SECONDARY_EDGE_TTA_ACTIVE views = 8 weight = 0.75 mean_abs_feat_delta = 0.25507\n"}
,{"stream_name":"stdout","time":391.085210845,"data":"SECONDARY_EDGE_TTA_ACTIVE views = 8 weight = 0.75 mean_abs_feat_delta = 0.303221\n"}
,{"stream_name":"stdout","time":392.092174926,"data":"EDGE_TTA_ACTIVE views = 8 mean_abs_feat_delta = 0.343404\n"}
,{"stream_name":"stdout","time":392.430226723,"data":"EDGE_TTA_ACTIVE views = 8 mean_abs_feat_delta = 0.368494\n"}
,{"stream_name":"stdout","time":393.106444362,"data":"SECONDARY_EDGE_TTA_ACTIVE views = 8 weight = 0.75 mean_abs_feat_delta = 0.262098\n"}
,{"stream_name":"stdout","time":393.527333531,"data":"SECONDARY_EDGE_TTA_ACTIVE views = 8 weight = 0.75 mean_abs_feat_delta = 0.299317\n"}
,{"stream_name":"stdout","time":393.531123778,"data":"BIOHUB_RETENTION_GUARD {\"blended_candidates\": 295, \"dataset\": \"44b6_0b24845f\", \"frame\": 64, \"minimum_retention\": 0.9, \"primary_candidates\": 344, \"retention\": 0.8575581395348837, \"use_primary\": true}\n"}
,{"stream_name":"stdout","time":394.251907542,"data":"EDGE_TTA_ACTIVE views = 8 mean_abs_feat_delta = 0.341221\n"}
,{"stream_name":"stdout","time":394.850805174,"data":"EDGE_TTA_ACTIVE views = 8 mean_abs_feat_delta = 0.370026\n"}
,{"stream_name":"stdout","time":395.274428639,"data":"SECONDARY_EDGE_TTA_ACTIVE views = 8 weight = 0.75 mean_abs_feat_delta = 0.262847\n"}
,{"stream_name":"stdout","time":395.948664849,"data":"SECONDARY_EDGE_TTA_ACTIVE views = 8 weight = 0.75 mean_abs_feat_delta = 0.299955\n"}
,{"stream_name":"stdout","time":395.952793319,"data":"BIOHUB_RETENTION_GUARD {\"blended_candidates\": 335, \"dataset\": \"44b6_0b24845f\", \"frame\": 65, \"minimum_retention\": 0.9, \"primary_candidates\": 378, \"retention\": 0.8862433862433863, \"use_primary\": true}\n"}
,{"stream_name":"stdout","time":396.421333908,"data":"EDGE_TTA_ACTIVE views = 8 mean_abs_feat_delta = 0.343003\n"}
,{"stream_name":"stdout","time":397.222911456,"data":"EDGE_TTA_ACTIVE views = 8 mean_abs_feat_delta = 0.369253\n"}
,{"stream_name":"stdout","time":397.444900198,"data":"SECONDARY_EDGE_TTA_ACTIVE views = 8 weight = 0.75 mean_abs_feat_delta = 0.261047\n"}
,{"stream_name":"stdout","time":398.296897749,"data":"SECONDARY_EDGE_TTA_ACTIVE views = 8 weight = 0.75 mean_abs_feat_delta = 0.296912\n"}
,{"stream_name":"stdout","time":398.300964373,"data":"BIOHUB_RETENTION_GUARD {\"blended_candidates\": 324, \"dataset\": \"44b6_0b24845f\", \"frame\": 66, \"minimum_retention\": 0.9, \"primary_candidates\": 375, \"retention\": 0.864, \"use_primary\": true}\n"}
,{"stream_name":"stdout","time":398.560434689,"data":"EDGE_TTA_ACTIVE views = 8 mean_abs_feat_delta = 0.343125\n"}
,{"stream_name":"stdout","time":399.586277614,"data":"SECONDARY_EDGE_TTA_ACTIVE views = 8 weight = 0.75 mean_abs_feat_delta = 0.257455\n"}
,{"stream_name":"stdout","time":399.606940787,"data":"EDGE_TTA_ACTIVE views = 8 mean_abs_feat_delta = 0.365768\n"}
,{"stream_name":"stdout","time":400.713211883,"data":"SECONDARY_EDGE_TTA_ACTIVE views = 8 weight = 0.75 mean_abs_feat_delta = 0.291366\n"}
,{"stream_name":"stdout","time":400.793382722,"data":"EDGE_TTA_ACTIVE views = 8 mean_abs_feat_delta = 0.337095\n"}
,{"stream_name":"stdout","time":401.821337903,"data":"SECONDARY_EDGE_TTA_ACTIVE views = 8 weight = 0.75 mean_abs_feat_delta = 0.254838\n"}
,{"stream_name":"stdout","time":402.044068056,"data":"EDGE_TTA_ACTIVE views = 8 mean_abs_feat_delta = 0.365075\n"}
,{"stream_name":"stdout","time":402.976659743,"data":"EDGE_TTA_ACTIVE views = 8 mean_abs_feat_delta = 0.337123\n"}
,{"stream_name":"stdout","time":403.154569704,"data":"SECONDARY_EDGE_TTA_ACTIVE views = 8 weight = 0.75 mean_abs_feat_delta = 0.293296\n"}
,{"stream_name":"stdout","time":404.002832616,"data":"SECONDARY_EDGE_TTA_ACTIVE views = 8 weight = 0.75 mean_abs_feat_delta = 0.260524\n"}
,{"stream_name":"stdout","time":404.361411367,"data":"EDGE_TTA_ACTIVE views = 8 mean_abs_feat_delta = 0.366016\n"}
,{"stream_name":"stdout","time":405.148413111,"data":"EDGE_TTA_ACTIVE views = 8 mean_abs_feat_delta = 0.338112\n"}
,{"stream_name":"stdout","time":405.481945074,"data":"SECONDARY_EDGE_TTA_ACTIVE views = 8 weight = 0.75 mean_abs_feat_delta = 0.301719\n"}
,{"stream_name":"stdout","time":406.178501779,"data":"SECONDARY_EDGE_TTA_ACTIVE views = 8 weight = 0.75 mean_abs_feat_delta = 0.262847\n"}
,{"stream_name":"stdout","time":406.699653609,"data":"EDGE_TTA_ACTIVE views = 8 mean_abs_feat_delta = 0.365231\n"}
,{"stream_name":"stdout","time":407.306142062,"data":"EDGE_TTA_ACTIVE views = 8 mean_abs_feat_delta = 0.338704\n"}
,{"stream_name":"stdout","time":407.817084536,"data":"SECONDARY_EDGE_TTA_ACTIVE views = 8 weight = 0.75 mean_abs_feat_delta = 0.301488\n"}
,{"stream_name":"stdout","time":407.821103492,"data":"BIOHUB_RETENTION_GUARD {\"blended_candidates\": 260, \"dataset\": \"44b6_0b24845f\", \"frame\": 70, \"minimum_retention\": 0.9, \"primary_candidates\": 305, \"retention\": 0.8524590163934426, \"use_primary\": true}\n"}
,{"stream_name":"stdout","time":408.336180886,"data":"SECONDARY_EDGE_TTA_ACTIVE views = 8 weight = 0.75 mean_abs_feat_delta = 0.260131\n"}
,{"stream_name":"stdout","time":409.093927824,"data":"EDGE_TTA_ACTIVE views = 8 mean_abs_feat_delta = 0.36009\n"}
,{"stream_name":"stdout","time":409.4642828,"data":"EDGE_TTA_ACTIVE views = 8 mean_abs_feat_delta = 0.340176\n"}
,{"stream_name":"stdout","time":410.210729263,"data":"SECONDARY_EDGE_TTA_ACTIVE views = 8 weight = 0.75 mean_abs_feat_delta = 0.299423\n"}
,{"stream_name":"stdout","time":410.494162408,"data":"SECONDARY_EDGE_TTA_ACTIVE views = 8 weight = 0.75 mean_abs_feat_delta = 0.256523\n"}
,{"stream_name":"stdout","time":411.455361404,"data":"EDGE_TTA_ACTIVE views = 8 mean_abs_feat_delta = 0.360462\n"}
,{"stream_name":"stdout","time":411.677036362,"data":"EDGE_TTA_ACTIVE views = 8 mean_abs_feat_delta = 0.346094\n"}
,{"stream_name":"stdout","time":412.567960111,"data":"SECONDARY_EDGE_TTA_ACTIVE views = 8 weight = 0.75 mean_abs_feat_delta = 0.301712\n"}
,{"stream_name":"stdout","time":412.703012501,"data":"SECONDARY_EDGE_TTA_ACTIVE views = 8 weight = 0.75 mean_abs_feat_delta = 0.265074\n"}
,{"stream_name":"stdout","time":413.870263645,"data":"EDGE_TTA_ACTIVE views = 8 mean_abs_feat_delta = 0.359757\n"}
,{"stream_name":"stdout","time":413.918586925,"data":"EDGE_TTA_ACTIVE views = 8 mean_abs_feat_delta = 0.348292\n"}
,{"stream_name":"stdout","time":414.947019749,"data":"SECONDARY_EDGE_TTA_ACTIVE views = 8 weight = 0.75 mean_abs_feat_delta = 0.26712\n"}
,{"stream_name":"stdout","time":414.980888707,"data":"SECONDARY_EDGE_TTA_ACTIVE views = 8 weight = 0.75 mean_abs_feat_delta = 0.305584\n"}
,{"stream_name":"stdout","time":414.984892453,"data":"BIOHUB_RETENTION_GUARD {\"blended_candidates\": 197, \"dataset\": \"44b6_0b24845f\", \"frame\": 73, \"minimum_retention\": 0.9, \"primary_candidates\": 262, \"retention\": 0.7519083969465649, \"use_primary\": true}\n"}
,{"stream_name":"stdout","time":416.12195376,"data":"EDGE_TTA_ACTIVE views = 8 mean_abs_feat_delta = 0.344312\n"}
,{"stream_name":"stdout","time":416.207193145,"data":"EDGE_TTA_ACTIVE views = 8 mean_abs_feat_delta = 0.368022\n"}
,{"stream_name":"stdout","time":417.147504774,"data":"SECONDARY_EDGE_TTA_ACTIVE views = 8 weight = 0.75 mean_abs_feat_delta = 0.263739\n"}
,{"stream_name":"stdout","time":417.313177322,"data":"SECONDARY_EDGE_TTA_ACTIVE views = 8 weight = 0.75 mean_abs_feat_delta = 0.304789\n"}
,{"stream_name":"stdout","time":417.317234267,"data":"BIOHUB_RETENTION_GUARD {\"blended_candidates\": 224, \"dataset\": \"44b6_0b24845f\", \"frame\": 74, \"minimum_retention\": 0.9, \"primary_candidates\": 291, \"retention\": 0.7697594501718213, \"use_primary\": true}\n"}
,{"stream_name":"stdout","time":418.374577945,"data":"EDGE_TTA_ACTIVE views = 8 mean_abs_feat_delta = 0.341477\n"}
,{"stream_name":"stdout","time":418.578375199,"data":"EDGE_TTA_ACTIVE views = 8 mean_abs_feat_delta = 0.358754\n"}
,{"stream_name":"stdout","time":419.395346974,"data":"SECONDARY_EDGE_TTA_ACTIVE views = 8 weight = 0.75 mean_abs_feat_delta = 0.262727\n"}
,{"stream_name":"stdout","time":419.678125358,"data":"SECONDARY_EDGE_TTA_ACTIVE views = 8 weight = 0.75 mean_abs_feat_delta = 0.299735\n"}
,{"stream_name":"stdout","time":419.681844469,"data":"BIOHUB_RETENTION_GUARD {\"blended_candidates\": 325, \"dataset\": \"44b6_0b24845f\", \"frame\": 75, \"minimum_retention\": 0.9, \"primary_candidates\": 374, \"retention\": 0.8689839572192514, \"use_primary\": true}\n"}
,{"stream_name":"stdout","time":420.569408507,"data":"EDGE_TTA_ACTIVE views = 8 mean_abs_feat_delta = 0.34091\n"}
,{"stream_name":"stdout","time":420.876480633,"data":"EDGE_TTA_ACTIVE views = 8 mean_abs_feat_delta = 0.358919\n"}
,{"stream_name":"stdout","time":421.585342312,"data":"SECONDARY_EDGE_TTA_ACTIVE views = 8 weight = 0.75 mean_abs_feat_delta = 0.256411\n"}
,{"stream_name":"stdout","time":421.966366531,"data":"SECONDARY_EDGE_TTA_ACTIVE views = 8 weight = 0.75 mean_abs_feat_delta = 0.295727\n"}
,{"stream_name":"stdout","time":421.970293447,"data":"BIOHUB_RETENTION_GUARD {\"blended_candidates\": 321, \"dataset\": \"44b6_0b24845f\", \"frame\": 76, \"minimum_retention\": 0.9, \"primary_candidates\": 379, \"retention\": 0.8469656992084432, \"use_primary\": true}\n"}
,{"stream_name":"stdout","time":422.717280203,"data":"EDGE_TTA_ACTIVE views = 8 mean_abs_feat_delta = 0.337156\n"}
,{"stream_name":"stdout","time":423.310030324,"data":"EDGE_TTA_ACTIVE views = 8 mean_abs_feat_delta = 0.361097\n"}
,{"stream_name":"stdout","time":423.73376544,"data":"SECONDARY_EDGE_TTA_ACTIVE views = 8 weight = 0.75 mean_abs_feat_delta = 0.260031\n"}
,{"stream_name":"stdout","time":424.397441786,"data":"SECONDARY_EDGE_TTA_ACTIVE views = 8 weight = 0.75 mean_abs_feat_delta = 0.301815\n"}
,{"stream_name":"stdout","time":424.401317316,"data":"BIOHUB_RETENTION_GUARD {\"blended_candidates\": 243, \"dataset\": \"44b6_0b24845f\", \"frame\": 77, \"minimum_retention\": 0.9, \"primary_candidates\": 331, \"retention\": 0.7341389728096677, \"use_primary\": true}\n"}
,{"stream_name":"stdout","time":424.843463013,"data":"EDGE_TTA_ACTIVE views = 8 mean_abs_feat_delta = 0.339841\n"}
,{"stream_name":"stdout","time":425.616095348,"data":"EDGE_TTA_ACTIVE views = 8 mean_abs_feat_delta = 0.36529\n"}
,{"stream_name":"stdout","time":425.848172134,"data":"SECONDARY_EDGE_TTA_ACTIVE views = 8 weight = 0.75 mean_abs_feat_delta = 0.262153\n"}
,{"stream_name":"stdout","time":426.696021532,"data":"SECONDARY_EDGE_TTA_ACTIVE views = 8 weight = 0.75 mean_abs_feat_delta = 0.305391\n"}
,{"stream_name":"stdout","time":426.700059375,"data":"BIOHUB_RETENTION_GUARD {\"blended_candidates\": 284, \"dataset\": \"44b6_0b24845f\", \"frame\": 78, \"minimum_retention\": 0.9, \"primary_candidates\": 392, \"retention\": 0.7244897959183674, \"use_primary\": true}\n"}
,{"stream_name":"stdout","time":426.942351073,"data":"EDGE_TTA_ACTIVE views = 8 mean_abs_feat_delta = 0.34054\n"}
,{"stream_name":"stdout","time":427.977115343,"data":"EDGE_TTA_ACTIVE views = 8 mean_abs_feat_delta = 0.365892\n"}
,{"stream_name":"stdout","time":427.978043188,"data":"SECONDARY_EDGE_TTA_ACTIVE views = 8 weight = 0.75 mean_abs_feat_delta = 0.258925\n"}
,{"stream_name":"stdout","time":429.020430932,"data":"SECONDARY_EDGE_TTA_ACTIVE views = 8 weight = 0.75 mean_abs_feat_delta = 0.302826\n"}
,{"stream_name":"stdout","time":429.024172978,"data":"BIOHUB_RETENTION_GUARD {\"blended_candidates\": 298, \"dataset\": \"44b6_0b24845f\", \"frame\": 79, \"minimum_retention\": 0.9, \"primary_candidates\": 424, \"retention\": 0.7028301886792453, \"use_primary\": true}\n"}
,{"stream_name":"stdout","time":429.078202808,"data":"EDGE_TTA_ACTIVE views = 8 mean_abs_feat_delta = 0.345761\n"}
,{"stream_name":"stdout","time":430.079452004,"data":"SECONDARY_EDGE_TTA_ACTIVE views = 8 weight = 0.75 mean_abs_feat_delta = 0.260799\n"}
,{"stream_name":"stdout","time":430.2833204,"data":"EDGE_TTA_ACTIVE views = 8 mean_abs_feat_delta = 0.365633\n"}
,{"stream_name":"stdout","time":431.202369834,"data":"EDGE_TTA_ACTIVE views = 8 mean_abs_feat_delta = 0.34535\n"}
,{"stream_name":"stdout","time":431.357443265,"data":"SECONDARY_EDGE_TTA_ACTIVE views = 8 weight = 0.75 mean_abs_feat_delta = 0.303473\n"}
,{"stream_name":"stdout","time":431.361309268,"data":"BIOHUB_RETENTION_GUARD {\"blended_candidates\": 291, \"dataset\": \"44b6_0b24845f\", \"frame\": 80, \"minimum_retention\": 0.9, \"primary_candidates\": 388, \"retention\": 0.75, \"use_primary\": true}\n"}
,{"stream_name":"stdout","time":432.205803938,"data":"SECONDARY_EDGE_TTA_ACTIVE views = 8 weight = 0.75 mean_abs_feat_delta = 0.261693\n"}
,{"stream_name":"stdout","time":432.592589499,"data":"EDGE_TTA_ACTIVE views = 8 mean_abs_feat_delta = 0.369442\n"}
,{"stream_name":"stdout","time":433.36797346,"data":"EDGE_TTA_ACTIVE views = 8 mean_abs_feat_delta = 0.345018\n"}
,{"stream_name":"stdout","time":433.665411195,"data":"SECONDARY_EDGE_TTA_ACTIVE views = 8 weight = 0.75 mean_abs_feat_delta = 0.308215\n"}
,{"stream_name":"stdout","time":433.669334527,"data":"BIOHUB_RETENTION_GUARD {\"blended_candidates\": 294, \"dataset\": \"44b6_0b24845f\", \"frame\": 81, \"minimum_retention\": 0.9, \"primary_candidates\": 382, \"retention\": 0.7696335078534031, \"use_primary\": true}\n"}
,{"stream_name":"stdout","time":434.366518949,"data":"SECONDARY_EDGE_TTA_ACTIVE views = 8 weight = 0.75 mean_abs_feat_delta = 0.264586\n"}
,{"stream_name":"stdout","time":434.895094823,"data":"EDGE_TTA_ACTIVE views = 8 mean_abs_feat_delta = 0.373979\n"}
,{"stream_name":"stdout","time":435.521775852,"data":"EDGE_TTA_ACTIVE views = 8 mean_abs_feat_delta = 0.339492\n"}
,{"stream_name":"stdout","time":435.961921812,"data":"SECONDARY_EDGE_TTA_ACTIVE views = 8 weight = 0.75 mean_abs_feat_delta = 0.312577\n"}
,{"stream_name":"stdout","time":435.966134493,"data":"BIOHUB_RETENTION_GUARD {\"blended_candidates\": 277, \"dataset\": \"44b6_0b24845f\", \"frame\": 82, \"minimum_retention\": 0.9, \"primary_candidates\": 385, \"retention\": 0.7194805194805195, \"use_primary\": true}\n"}
,{"stream_name":"stdout","time":436.516292262,"data":"SECONDARY_EDGE_TTA_ACTIVE views = 8 weight = 0.75 mean_abs_feat_delta = 0.262994\n"}
,{"stream_name":"stdout","time":437.190253051,"data":"EDGE_TTA_ACTIVE views = 8 mean_abs_feat_delta = 0.365009\n"}
,{"stream_name":"stdout","time":437.605916245,"data":"EDGE_TTA_ACTIVE views = 8 mean_abs_feat_delta = 0.333718\n"}
,{"stream_name":"stdout","time":438.256688688,"data":"SECONDARY_EDGE_TTA_ACTIVE views = 8 weight = 0.75 mean_abs_feat_delta = 0.311063\n"}
,{"stream_name":"stdout","time":438.260379789,"data":"BIOHUB_RETENTION_GUARD {\"blended_candidates\": 268, \"dataset\": \"44b6_0b24845f\", \"frame\": 83, \"minimum_retention\": 0.9, \"primary_candidates\": 379, \"retention\": 0.7071240105540897, \"use_primary\": true}\n"}
,{"stream_name":"stdout","time":438.60264608,"data":"SECONDARY_EDGE_TTA_ACTIVE views = 8 weight = 0.75 mean_abs_feat_delta = 0.257147\n"}
,{"stream_name":"stdout","time":439.552137174,"data":"EDGE_TTA_ACTIVE views = 8 mean_abs_feat_delta = 0.36654\n"}
,{"stream_name":"stdout","time":439.778817158,"data":"EDGE_TTA_ACTIVE views = 8 mean_abs_feat_delta = 0.334199\n"}
,{"stream_name":"stdout","time":440.613401399,"data":"SECONDARY_EDGE_TTA_ACTIVE views = 8 weight = 0.75 mean_abs_feat_delta = 0.311139\n"}
,{"stream_name":"stdout","time":440.617283882,"data":"BIOHUB_RETENTION_GUARD {\"blended_candidates\": 287, \"dataset\": \"44b6_0b24845f\", \"frame\": 84, \"minimum_retention\": 0.9, \"primary_candidates\": 361, \"retention\": 0.7950138504155124, \"use_primary\": true}\n"}
,{"stream_name":"stdout","time":440.773884029,"data":"SECONDARY_EDGE_TTA_ACTIVE views = 8 weight = 0.75 mean_abs_feat_delta = 0.259374\n"}
,{"stream_name":"stdout","time":441.794393723,"data":"EDGE_TTA_ACTIVE views = 8 mean_abs_feat_delta = 0.364996\n"}
,{"stream_name":"stdout","time":441.888226052,"data":"EDGE_TTA_ACTIVE views = 8 mean_abs_feat_delta = 0.338008\n"}
,{"stream_name":"stdout","time":442.854047736,"data":"SECONDARY_EDGE_TTA_ACTIVE views = 8 weight = 0.75 mean_abs_feat_delta = 0.312248\n"}
,{"stream_name":"stdout","time":442.857947521,"data":"BIOHUB_RETENTION_GUARD {\"blended_candidates\": 198, \"dataset\": \"44b6_0b24845f\", \"frame\": 85, \"minimum_retention\": 0.9, \"primary_candidates\": 294, \"retention\": 0.673469387755102, \"use_primary\": true}\n"}
,{"stream_name":"stdout","time":442.881847223,"data":"SECONDARY_EDGE_TTA_ACTIVE views = 8 weight = 0.75 mean_abs_feat_delta = 0.257413\n"}
,{"stream_name":"stdout","time":444.002991753,"data":"EDGE_TTA_ACTIVE views = 8 mean_abs_feat_delta = 0.338144\n"}
,{"stream_name":"stdout","time":444.020768751,"data":"EDGE_TTA_ACTIVE views = 8 mean_abs_feat_delta = 0.364819\n"}
,{"stream_name":"stdout","time":444.999513419,"data":"SECONDARY_EDGE_TTA_ACTIVE views = 8 weight = 0.75 mean_abs_feat_delta = 0.257555\n"}
,{"stream_name":"stdout","time":445.083483762,"data":"SECONDARY_EDGE_TTA_ACTIVE views = 8 weight = 0.75 mean_abs_feat_delta = 0.317294\n"}
,{"stream_name":"stdout","time":445.087487825,"data":"BIOHUB_RETENTION_GUARD {\"blended_candidates\": 169, \"dataset\": \"44b6_0b24845f\", \"frame\": 86, \"minimum_retention\": 0.9, \"primary_candidates\": 282, \"retention\": 0.599290780141844, \"use_primary\": true}\n"}
,{"stream_name":"stdout","time":446.145416932,"data":"EDGE_TTA_ACTIVE views = 8 mean_abs_feat_delta = 0.336404\n"}
,{"stream_name":"stdout","time":446.271005911,"data":"EDGE_TTA_ACTIVE views = 8 mean_abs_feat_delta = 0.360555\n"}
,{"stream_name":"stdout","time":447.140366737,"data":"SECONDARY_EDGE_TTA_ACTIVE views = 8 weight = 0.75 mean_abs_feat_delta = 0.253368\n"}
,{"stream_name":"stdout","time":447.332571071,"data":"SECONDARY_EDGE_TTA_ACTIVE views = 8 weight = 0.75 mean_abs_feat_delta = 0.318325\n"}
,{"stream_name":"stdout","time":447.336479459,"data":"BIOHUB_RETENTION_GUARD {\"blended_candidates\": 232, \"dataset\": \"44b6_0b24845f\", \"frame\": 87, \"minimum_retention\": 0.9, \"primary_candidates\": 323, \"retention\": 0.718266253869969, \"use_primary\": true}\n"}
,{"stream_name":"stdout","time":448.225844408,"data":"EDGE_TTA_ACTIVE views = 8 mean_abs_feat_delta = 0.336923\n"}
,{"stream_name":"stdout","time":448.491865705,"data":"EDGE_TTA_ACTIVE views = 8 mean_abs_feat_delta = 0.367991\n"}
,{"stream_name":"stdout","time":449.219433413,"data":"SECONDARY_EDGE_TTA_ACTIVE views = 8 weight = 0.75 mean_abs_feat_delta = 0.253968\n"}
,{"stream_name":"stdout","time":449.551785128,"data":"SECONDARY_EDGE_TTA_ACTIVE views = 8 weight = 0.75 mean_abs_feat_delta = 0.319785\n"}
,{"stream_name":"stdout","time":449.555742463,"data":"BIOHUB_RETENTION_GUARD {\"blended_candidates\": 287, \"dataset\": \"44b6_0b24845f\", \"frame\": 88, \"minimum_retention\": 0.9, \"primary_candidates\": 363, \"retention\": 0.790633608815427, \"use_primary\": true}\n"}
,{"stream_name":"stdout","time":450.396232468,"data":"EDGE_TTA_ACTIVE views = 8 mean_abs_feat_delta = 0.340204\n"}
,{"stream_name":"stdout","time":450.756054979,"data":"EDGE_TTA_ACTIVE views = 8 mean_abs_feat_delta = 0.374613\n"}
,{"stream_name":"stdout","time":451.39032295,"data":"SECONDARY_EDGE_TTA_ACTIVE views = 8 weight = 0.75 mean_abs_feat_delta = 0.25869\n"}
,{"stream_name":"stdout","time":451.817425667,"data":"SECONDARY_EDGE_TTA_ACTIVE views = 8 weight = 0.75 mean_abs_feat_delta = 0.325312\n"}
,{"stream_name":"stdout","time":451.821032322,"data":"BIOHUB_RETENTION_GUARD {\"blended_candidates\": 219, \"dataset\": \"44b6_0b24845f\", \"frame\": 89, \"minimum_retention\": 0.9, \"primary_candidates\": 322, \"retention\": 0.6801242236024845, \"use_primary\": true}\n"}
,{"stream_name":"stdout","time":452.513659788,"data":"EDGE_TTA_ACTIVE views = 8 mean_abs_feat_delta = 0.343273\n"}
,{"stream_name":"stdout","time":453.012196798,"data":"EDGE_TTA_ACTIVE views = 8 mean_abs_feat_delta = 0.362102\n"}
,{"stream_name":"stdout","time":453.503136836,"data":"SECONDARY_EDGE_TTA_ACTIVE views = 8 weight = 0.75 mean_abs_feat_delta = 0.249107\n"}
,{"stream_name":"stdout","time":454.072045049,"data":"SECONDARY_EDGE_TTA_ACTIVE views = 8 weight = 0.75 mean_abs_feat_delta = 0.321967\n"}
,{"stream_name":"stdout","time":454.075913414,"data":"BIOHUB_RETENTION_GUARD {\"blended_candidates\": 175, \"dataset\": \"44b6_0b24845f\", \"frame\": 90, \"minimum_retention\": 0.9, \"primary_candidates\": 269, \"retention\": 0.6505576208178439, \"use_primary\": true}\n"}
,{"stream_name":"stdout","time":454.650674644,"data":"EDGE_TTA_ACTIVE views = 8 mean_abs_feat_delta = 0.340039\n"}
,{"stream_name":"stdout","time":455.321400843,"data":"EDGE_TTA_ACTIVE views = 8 mean_abs_feat_delta = 0.362535\n"}
,{"stream_name":"stdout","time":455.64859716,"data":"SECONDARY_EDGE_TTA_ACTIVE views = 8 weight = 0.75 mean_abs_feat_delta = 0.250998\n"}
,{"stream_name":"stdout","time":456.385524729,"data":"SECONDARY_EDGE_TTA_ACTIVE views = 8 weight = 0.75 mean_abs_feat_delta = 0.320952\n"}
,{"stream_name":"stdout","time":456.38931274,"data":"BIOHUB_RETENTION_GUARD {\"blended_candidates\": 136, \"dataset\": \"44b6_0b24845f\", \"frame\": 91, \"minimum_retention\": 0.9, \"primary_candidates\": 237, \"retention\": 0.5738396624472574, \"use_primary\": true}\n"}
,{"stream_name":"stdout","time":456.789896592,"data":"EDGE_TTA_ACTIVE views = 8 mean_abs_feat_delta = 0.338922\n"}
,{"stream_name":"stdout","time":457.621457938,"data":"EDGE_TTA_ACTIVE views = 8 mean_abs_feat_delta = 0.36442\n"}
,{"stream_name":"stdout","time":457.786162723,"data":"SECONDARY_EDGE_TTA_ACTIVE views = 8 weight = 0.75 mean_abs_feat_delta = 0.249091\n"}
,{"stream_name":"stdout","time":458.726673597,"data":"SECONDARY_EDGE_TTA_ACTIVE views = 8 weight = 0.75 mean_abs_feat_delta = 0.322162\n"}
,{"stream_name":"stdout","time":458.726773559,"data":"BIOHUB_RETENTION_GUARD {\"blended_candidates\": 151, \"dataset\": \"44b6_0b24845f\", \"frame\": 92, \"minimum_retention\": 0.9, \"primary_candidates\": 286, \"retention\": 0.527972027972028, \"use_primary\": true}\n"}
,{"stream_name":"stdout","time":458.963106878,"data":"EDGE_TTA_ACTIVE views = 8 mean_abs_feat_delta = 0.342488\n"}
,{"stream_name":"stdout","time":459.935430126,"data":"EDGE_TTA_ACTIVE views = 8 mean_abs_feat_delta = 0.357811\n"}
,{"stream_name":"stdout","time":459.960232402,"data":"SECONDARY_EDGE_TTA_ACTIVE views = 8 weight = 0.75 mean_abs_feat_delta = 0.25058\n"}
,{"stream_name":"stdout","time":461.005092303,"data":"SECONDARY_EDGE_TTA_ACTIVE views = 8 weight = 0.75 mean_abs_feat_delta = 0.314236\n"}
,{"stream_name":"stdout","time":461.009537175,"data":"BIOHUB_RETENTION_GUARD {\"blended_candidates\": 133, \"dataset\": \"44b6_0b24845f\", \"frame\": 93, \"minimum_retention\": 0.9, \"primary_candidates\": 253, \"retention\": 0.525691699604743, \"use_primary\": true}\n"}
,{"stream_name":"stdout","time":461.074170885,"data":"EDGE_TTA_ACTIVE views = 8 mean_abs_feat_delta = 0.341683\n"}
,{"stream_name":"stdout","time":462.075022393,"data":"SECONDARY_EDGE_TTA_ACTIVE views = 8 weight = 0.75 mean_abs_feat_delta = 0.25428\n"}
,{"stream_name":"stdout","time":462.203112381,"data":"EDGE_TTA_ACTIVE views = 8 mean_abs_feat_delta = 0.3551\n"}
,{"stream_name":"stdout","time":463.271884043,"data":"SECONDARY_EDGE_TTA_ACTIVE views = 8 weight = 0.75 mean_abs_feat_delta = 0.314665\n"}
,{"stream_name":"stdout","time":463.276166943,"data":"BIOHUB_RETENTION_GUARD {\"blended_candidates\": 168, \"dataset\": \"44b6_0b24845f\", \"frame\": 94, \"minimum_retention\": 0.9, \"primary_candidates\": 290, \"retention\": 0.5793103448275863, \"use_primary\": true}\n"}
,{"stream_name":"stdout","time":464.561752047,"data":"EDGE_TTA_ACTIVE views = 8 mean_abs_feat_delta = 0.362482\n"}
,{"stream_name":"stdout","time":465.634146875,"data":"SECONDARY_EDGE_TTA_ACTIVE views = 8 weight = 0.75 mean_abs_feat_delta = 0.321701\n"}
,{"stream_name":"stdout","time":465.639494746,"data":"BIOHUB_RETENTION_GUARD {\"blended_candidates\": 140, \"dataset\": \"44b6_0b24845f\", \"frame\": 95, \"minimum_retention\": 0.9, \"primary_candidates\": 309, \"retention\": 0.45307443365695793, \"use_primary\": true}\n"}
,{"stream_name":"stdout","time":466.942904138,"data":"EDGE_TTA_ACTIVE views = 8 mean_abs_feat_delta = 0.358614\n"}
,{"stream_name":"stdout","time":468.021586951,"data":"SECONDARY_EDGE_TTA_ACTIVE views = 8 weight = 0.75 mean_abs_feat_delta = 0.325788\n"}
,{"stream_name":"stdout","time":468.026004482,"data":"BIOHUB_RETENTION_GUARD {\"blended_candidates\": 124, \"dataset\": \"44b6_0b24845f\", \"frame\": 96, \"minimum_retention\": 0.9, \"primary_candidates\": 273, \"retention\": 0.4542124542124542, \"use_primary\": true}\n"}
,{"stream_name":"stdout","time":469.333242356,"data":"EDGE_TTA_ACTIVE views = 8 mean_abs_feat_delta = 0.354717\n"}
,{"stream_name":"stdout","time":470.40605157,"data":"SECONDARY_EDGE_TTA_ACTIVE views = 8 weight = 0.75 mean_abs_feat_delta = 0.328691\n"}
,{"stream_name":"stdout","time":470.410309461,"data":"BIOHUB_RETENTION_GUARD {\"blended_candidates\": 181, \"dataset\": \"44b6_0b24845f\", \"frame\": 97, \"minimum_retention\": 0.9, \"primary_candidates\": 328, \"retention\": 0.551829268292683, \"use_primary\": true}\n"}
,{"stream_name":"stdout","time":471.704003553,"data":"EDGE_TTA_ACTIVE views = 8 mean_abs_feat_delta = 0.362901\n"}
,{"stream_name":"stdout","time":472.786011816,"data":"SECONDARY_EDGE_TTA_ACTIVE views = 8 weight = 0.75 mean_abs_feat_delta = 0.327921\n"}
,{"stream_name":"stdout","time":472.790375103,"data":"BIOHUB_RETENTION_GUARD {\"blended_candidates\": 153, \"dataset\": \"44b6_0b24845f\", \"frame\": 98, \"minimum_retention\": 0.9, \"primary_candidates\": 295, \"retention\": 0.5186440677966102, \"use_primary\": true}\n"}
,{"stream_name":"stdout","time":474.002776395,"data":"EDGE_TTA_ACTIVE views = 8 mean_abs_feat_delta = 0.362405\n"}
,{"stream_name":"stdout","time":475.084782257,"data":"SECONDARY_EDGE_TTA_ACTIVE views = 8 weight = 0.75 mean_abs_feat_delta = 0.328126\n"}
,{"stream_name":"stdout","time":475.088731351,"data":"BIOHUB_RETENTION_GUARD {\"blended_candidates\": 111, \"dataset\": \"44b6_0b24845f\", \"frame\": 99, \"minimum_retention\": 0.9, \"primary_candidates\": 224, \"retention\": 0.4955357142857143, \"use_primary\": true}\n"}
,{"stream_name":"stdout","time":488.954061793,"data":"EDGE_TTA_ACTIVE views = 8 mean_abs_feat_delta = 0.353265\n"}
,{"stream_name":"stdout","time":489.884178866,"data":"SECONDARY_EDGE_TTA_ACTIVE views = 8 weight = 0.75 mean_abs_feat_delta = 0.229197\n"}
,{"stream_name":"stdout","time":490.923513219,"data":"EDGE_TTA_ACTIVE views = 8 mean_abs_feat_delta = 0.356556\n"}
,{"stream_name":"stdout","time":491.891316132,"data":"SECONDARY_EDGE_TTA_ACTIVE views = 8 weight = 0.75 mean_abs_feat_delta = 0.228531\n"}
,{"stream_name":"stdout","time":493.022622086,"data":"EDGE_TTA_ACTIVE views = 8 mean_abs_feat_delta = 0.359353\n"}
,{"stream_name":"stdout","time":493.99690848,"data":"SECONDARY_EDGE_TTA_ACTIVE views = 8 weight = 0.75 mean_abs_feat_delta = 0.232233\n"}
,{"stream_name":"stdout","time":494.316146536,"data":"EDGE_TTA_ACTIVE views = 8 mean_abs_feat_delta = 0.336457\n"}
,{"stream_name":"stdout","time":495.069566968,"data":"EDGE_TTA_ACTIVE views = 8 mean_abs_feat_delta = 0.361838\n"}
,{"stream_name":"stdout","time":495.37415428,"data":"SECONDARY_EDGE_TTA_ACTIVE views = 8 weight = 0.75 mean_abs_feat_delta = 0.229228\n"}
,{"stream_name":"stdout","time":496.043152261,"data":"SECONDARY_EDGE_TTA_ACTIVE views = 8 weight = 0.75 mean_abs_feat_delta = 0.231136\n"}
,{"stream_name":"stdout","time":496.819940676,"data":"EDGE_TTA_ACTIVE views = 8 mean_abs_feat_delta = 0.33652\n"}
,{"stream_name":"stdout","time":497.147324478,"data":"EDGE_TTA_ACTIVE views = 8 mean_abs_feat_delta = 0.349332\n"}
,{"stream_name":"stdout","time":497.890820807,"data":"SECONDARY_EDGE_TTA_ACTIVE views = 8 weight = 0.75 mean_abs_feat_delta = 0.231364\n"}
,{"stream_name":"stdout","time":498.135264373,"data":"SECONDARY_EDGE_TTA_ACTIVE views = 8 weight = 0.75 mean_abs_feat_delta = 0.237962\n"}
,{"stream_name":"stdout","time":499.184265406,"data":"EDGE_TTA_ACTIVE views = 8 mean_abs_feat_delta = 0.36765\n"}
,{"stream_name":"stdout","time":499.348446616,"data":"EDGE_TTA_ACTIVE views = 8 mean_abs_feat_delta = 0.334504\n"}
,{"stream_name":"stdout","time":500.173681841,"data":"SECONDARY_EDGE_TTA_ACTIVE views = 8 weight = 0.75 mean_abs_feat_delta = 0.23324\n"}
,{"stream_name":"stdout","time":500.424929321,"data":"SECONDARY_EDGE_TTA_ACTIVE views = 8 weight = 0.75 mean_abs_feat_delta = 0.231505\n"}
,{"stream_name":"stdout","time":501.256950733,"data":"EDGE_TTA_ACTIVE views = 8 mean_abs_feat_delta = 0.37095\n"}
,{"stream_name":"stdout","time":501.861605904,"data":"EDGE_TTA_ACTIVE views = 8 mean_abs_feat_delta = 0.331503\n"}
,{"stream_name":"stdout","time":502.254307764,"data":"SECONDARY_EDGE_TTA_ACTIVE views = 8 weight = 0.75 mean_abs_feat_delta = 0.233703\n"}
,{"stream_name":"stdout","time":502.943387916,"data":"SECONDARY_EDGE_TTA_ACTIVE views = 8 weight = 0.75 mean_abs_feat_delta = 0.233103\n"}
,{"stream_name":"stdout","time":503.374568281,"data":"EDGE_TTA_ACTIVE views = 8 mean_abs_feat_delta = 0.362298\n"}
,{"stream_name":"stdout","time":504.371920246,"data":"SECONDARY_EDGE_TTA_ACTIVE views = 8 weight = 0.75 mean_abs_feat_delta = 0.23047\n"}
,{"stream_name":"stdout","time":504.473764804,"data":"EDGE_TTA_ACTIVE views = 8 mean_abs_feat_delta = 0.334571\n"}
,{"stream_name":"stdout","time":505.50209347,"data":"EDGE_TTA_ACTIVE views = 8 mean_abs_feat_delta = 0.357762\n"}
,{"stream_name":"stdout","time":505.569864361,"data":"SECONDARY_EDGE_TTA_ACTIVE views = 8 weight = 0.75 mean_abs_feat_delta = 0.230713\n"}
,{"stream_name":"stdout","time":506.506754445,"data":"SECONDARY_EDGE_TTA_ACTIVE views = 8 weight = 0.75 mean_abs_feat_delta = 0.222866\n"}
,{"stream_name":"stdout","time":507.089151728,"data":"EDGE_TTA_ACTIVE views = 8 mean_abs_feat_delta = 0.333844\n"}
,{"stream_name":"stdout","time":507.573602352,"data":"EDGE_TTA_ACTIVE views = 8 mean_abs_feat_delta = 0.360193\n"}
,{"stream_name":"stdout","time":508.191067486,"data":"SECONDARY_EDGE_TTA_ACTIVE views = 8 weight = 0.75 mean_abs_feat_delta = 0.228063\n"}
,{"stream_name":"stdout","time":508.582275276,"data":"SECONDARY_EDGE_TTA_ACTIVE views = 8 weight = 0.75 mean_abs_feat_delta = 0.223297\n"}
,{"stream_name":"stdout","time":509.687969106,"data":"EDGE_TTA_ACTIVE views = 8 mean_abs_feat_delta = 0.35856\n"}
,{"stream_name":"stdout","time":509.725925338,"data":"EDGE_TTA_ACTIVE views = 8 mean_abs_feat_delta = 0.333957\n"}
,{"stream_name":"stdout","time":510.69949751,"data":"SECONDARY_EDGE_TTA_ACTIVE views = 8 weight = 0.75 mean_abs_feat_delta = 0.226482\n"}
,{"stream_name":"stdout","time":510.833831227,"data":"SECONDARY_EDGE_TTA_ACTIVE views = 8 weight = 0.75 mean_abs_feat_delta = 0.23148\n"}
,{"stream_name":"stdout","time":511.805691124,"data":"EDGE_TTA_ACTIVE views = 8 mean_abs_feat_delta = 0.365065\n"}
,{"stream_name":"stdout","time":512.291127841,"data":"EDGE_TTA_ACTIVE views = 8 mean_abs_feat_delta = 0.333005\n"}
,{"stream_name":"stdout","time":512.823665098,"data":"SECONDARY_EDGE_TTA_ACTIVE views = 8 weight = 0.75 mean_abs_feat_delta = 0.229453\n"}
,{"stream_name":"stdout","time":513.409077355,"data":"SECONDARY_EDGE_TTA_ACTIVE views = 8 weight = 0.75 mean_abs_feat_delta = 0.226861\n"}
,{"stream_name":"stdout","time":513.905032715,"data":"EDGE_TTA_ACTIVE views = 8 mean_abs_feat_delta = 0.353373\n"}
,{"stream_name":"stdout","time":514.884313351,"data":"EDGE_TTA_ACTIVE views = 8 mean_abs_feat_delta = 0.335609\n"}
,{"stream_name":"stdout","time":514.921955968,"data":"SECONDARY_EDGE_TTA_ACTIVE views = 8 weight = 0.75 mean_abs_feat_delta = 0.233899\n"}
,{"stream_name":"stdout","time":516.008479614,"data":"SECONDARY_EDGE_TTA_ACTIVE views = 8 weight = 0.75 mean_abs_feat_delta = 0.226753\n"}
,{"stream_name":"stdout","time":516.011334559,"data":"EDGE_TTA_ACTIVE views = 8 mean_abs_feat_delta = 0.366767\n"}
,{"stream_name":"stdout","time":517.037483114,"data":"SECONDARY_EDGE_TTA_ACTIVE views = 8 weight = 0.75 mean_abs_feat_delta = 0.228562\n"}
,{"stream_name":"stdout","time":517.484678809,"data":"EDGE_TTA_ACTIVE views = 8 mean_abs_feat_delta = 0.338411\n"}
,{"stream_name":"stdout","time":518.125092997,"data":"EDGE_TTA_ACTIVE views = 8 mean_abs_feat_delta = 0.360859\n"}
,{"stream_name":"stdout","time":518.623829079,"data":"SECONDARY_EDGE_TTA_ACTIVE views = 8 weight = 0.75 mean_abs_feat_delta = 0.229067\n"}
,{"stream_name":"stdout","time":519.1946758,"data":"SECONDARY_EDGE_TTA_ACTIVE views = 8 weight = 0.75 mean_abs_feat_delta = 0.229373\n"}
,{"stream_name":"stdout","time":520.126994139,"data":"EDGE_TTA_ACTIVE views = 8 mean_abs_feat_delta = 0.33357\n"}
,{"stream_name":"stdout","time":520.252637634,"data":"EDGE_TTA_ACTIVE views = 8 mean_abs_feat_delta = 0.358711\n"}
,{"stream_name":"stdout","time":521.267622388,"data":"SECONDARY_EDGE_TTA_ACTIVE views = 8 weight = 0.75 mean_abs_feat_delta = 0.224805\n"}
,{"stream_name":"stdout","time":521.286874383,"data":"SECONDARY_EDGE_TTA_ACTIVE views = 8 weight = 0.75 mean_abs_feat_delta = 0.228983\n"}
,{"stream_name":"stdout","time":522.395819239,"data":"EDGE_TTA_ACTIVE views = 8 mean_abs_feat_delta = 0.357908\n"}
,{"stream_name":"stdout","time":522.789040968,"data":"EDGE_TTA_ACTIVE views = 8 mean_abs_feat_delta = 0.328392\n"}
,{"stream_name":"stdout","time":523.435341113,"data":"SECONDARY_EDGE_TTA_ACTIVE views = 8 weight = 0.75 mean_abs_feat_delta = 0.22723\n"}
,{"stream_name":"stdout","time":523.928013566,"data":"SECONDARY_EDGE_TTA_ACTIVE views = 8 weight = 0.75 mean_abs_feat_delta = 0.22475\n"}
,{"stream_name":"stdout","time":524.593618491,"data":"EDGE_TTA_ACTIVE views = 8 mean_abs_feat_delta = 0.36076\n"}
,{"stream_name":"stdout","time":525.409151435,"data":"EDGE_TTA_ACTIVE views = 8 mean_abs_feat_delta = 0.329088\n"}
,{"stream_name":"stdout","time":525.634666512,"data":"SECONDARY_EDGE_TTA_ACTIVE views = 8 weight = 0.75 mean_abs_feat_delta = 0.227184\n"}
,{"stream_name":"stdout","time":526.545504233,"data":"SECONDARY_EDGE_TTA_ACTIVE views = 8 weight = 0.75 mean_abs_feat_delta = 0.223629\n"}
,{"stream_name":"stdout","time":526.767243627,"data":"EDGE_TTA_ACTIVE views = 8 mean_abs_feat_delta = 0.363026\n"}
,{"stream_name":"stdout","time":527.811033046,"data":"SECONDARY_EDGE_TTA_ACTIVE views = 8 weight = 0.75 mean_abs_feat_delta = 0.228674\n"}
,{"stream_name":"stdout","time":528.044740732,"data":"EDGE_TTA_ACTIVE views = 8 mean_abs_feat_delta = 0.331454\n"}
,{"stream_name":"stdout","time":528.911801573,"data":"EDGE_TTA_ACTIVE views = 8 mean_abs_feat_delta = 0.36528\n"}
,{"stream_name":"stdout","time":529.181661245,"data":"SECONDARY_EDGE_TTA_ACTIVE views = 8 weight = 0.75 mean_abs_feat_delta = 0.221381\n"}
,{"stream_name":"stdout","time":529.949499603,"data":"SECONDARY_EDGE_TTA_ACTIVE views = 8 weight = 0.75 mean_abs_feat_delta = 0.22969\n"}
,{"stream_name":"stdout","time":530.699447935,"data":"EDGE_TTA_ACTIVE views = 8 mean_abs_feat_delta = 0.332081\n"}
,{"stream_name":"stdout","time":531.053358009,"data":"EDGE_TTA_ACTIVE views = 8 mean_abs_feat_delta = 0.365255\n"}
,{"stream_name":"stdout","time":531.836667482,"data":"SECONDARY_EDGE_TTA_ACTIVE views = 8 weight = 0.75 mean_abs_feat_delta = 0.220825\n"}
,{"stream_name":"stdout","time":532.090299252,"data":"SECONDARY_EDGE_TTA_ACTIVE views = 8 weight = 0.75 mean_abs_feat_delta = 0.227887\n"}
,{"stream_name":"stdout","time":533.199098887,"data":"EDGE_TTA_ACTIVE views = 8 mean_abs_feat_delta = 0.364292\n"}
,{"stream_name":"stdout","time":533.373113741,"data":"EDGE_TTA_ACTIVE views = 8 mean_abs_feat_delta = 0.331331\n"}
,{"stream_name":"stdout","time":534.22944055,"data":"SECONDARY_EDGE_TTA_ACTIVE views = 8 weight = 0.75 mean_abs_feat_delta = 0.229597\n"}
,{"stream_name":"stdout","time":534.507342795,"data":"SECONDARY_EDGE_TTA_ACTIVE views = 8 weight = 0.75 mean_abs_feat_delta = 0.220942\n"}
,{"stream_name":"stdout","time":535.324094109,"data":"EDGE_TTA_ACTIVE views = 8 mean_abs_feat_delta = 0.369457\n"}
,{"stream_name":"stdout","time":535.979840827,"data":"EDGE_TTA_ACTIVE views = 8 mean_abs_feat_delta = 0.331316\n"}
,{"stream_name":"stdout","time":536.353873139,"data":"SECONDARY_EDGE_TTA_ACTIVE views = 8 weight = 0.75 mean_abs_feat_delta = 0.229355\n"}
,{"stream_name":"stdout","time":537.099565881,"data":"SECONDARY_EDGE_TTA_ACTIVE views = 8 weight = 0.75 mean_abs_feat_delta = 0.220064\n"}
,{"stream_name":"stdout","time":537.44624566,"data":"EDGE_TTA_ACTIVE views = 8 mean_abs_feat_delta = 0.366989\n"}
,{"stream_name":"stdout","time":538.472443426,"data":"SECONDARY_EDGE_TTA_ACTIVE views = 8 weight = 0.75 mean_abs_feat_delta = 0.228164\n"}
,{"stream_name":"stdout","time":538.61980577,"data":"EDGE_TTA_ACTIVE views = 8 mean_abs_feat_delta = 0.331281\n"}
,{"stream_name":"stdout","time":539.627887049,"data":"EDGE_TTA_ACTIVE views = 8 mean_abs_feat_delta = 0.364738\n"}
,{"stream_name":"stdout","time":539.731070911,"data":"SECONDARY_EDGE_TTA_ACTIVE views = 8 weight = 0.75 mean_abs_feat_delta = 0.219385\n"}
,{"stream_name":"stdout","time":540.645580985,"data":"SECONDARY_EDGE_TTA_ACTIVE views = 8 weight = 0.75 mean_abs_feat_delta = 0.230204\n"}
,{"stream_name":"stdout","time":541.193001373,"data":"EDGE_TTA_ACTIVE views = 8 mean_abs_feat_delta = 0.332495\n"}
,{"stream_name":"stdout","time":541.766657762,"data":"EDGE_TTA_ACTIVE views = 8 mean_abs_feat_delta = 0.368159\n"}
,{"stream_name":"stdout","time":542.301640796,"data":"SECONDARY_EDGE_TTA_ACTIVE views = 8 weight = 0.75 mean_abs_feat_delta = 0.221891\n"}
,{"stream_name":"stdout","time":542.783317502,"data":"SECONDARY_EDGE_TTA_ACTIVE views = 8 weight = 0.75 mean_abs_feat_delta = 0.229792\n"}
,{"stream_name":"stdout","time":543.800802226,"data":"EDGE_TTA_ACTIVE views = 8 mean_abs_feat_delta = 0.326164\n"}
,{"stream_name":"stdout","time":543.886441557,"data":"EDGE_TTA_ACTIVE views = 8 mean_abs_feat_delta = 0.370711\n"}
,{"stream_name":"stdout","time":544.897513129,"data":"SECONDARY_EDGE_TTA_ACTIVE views = 8 weight = 0.75 mean_abs_feat_delta = 0.22287\n"}
,{"stream_name":"stdout","time":544.899572481,"data":"SECONDARY_EDGE_TTA_ACTIVE views = 8 weight = 0.75 mean_abs_feat_delta = 0.231598\n"}
,{"stream_name":"stdout","time":545.978158214,"data":"EDGE_TTA_ACTIVE views = 8 mean_abs_feat_delta = 0.360618\n"}
,{"stream_name":"stdout","time":546.338040278,"data":"EDGE_TTA_ACTIVE views = 8 mean_abs_feat_delta = 0.3318\n"}
,{"stream_name":"stdout","time":546.988081647,"data":"SECONDARY_EDGE_TTA_ACTIVE views = 8 weight = 0.75 mean_abs_feat_delta = 0.237748\n"}
,{"stream_name":"stdout","time":547.426468064,"data":"SECONDARY_EDGE_TTA_ACTIVE views = 8 weight = 0.75 mean_abs_feat_delta = 0.226905\n"}
,{"stream_name":"stdout","time":548.080595032,"data":"EDGE_TTA_ACTIVE views = 8 mean_abs_feat_delta = 0.372812\n"}
,{"stream_name":"stdout","time":548.865518384,"data":"EDGE_TTA_ACTIVE views = 8 mean_abs_feat_delta = 0.332454\n"}
,{"stream_name":"stdout","time":549.083887248,"data":"SECONDARY_EDGE_TTA_ACTIVE views = 8 weight = 0.75 mean_abs_feat_delta = 0.229174\n"}
,{"stream_name":"stdout","time":549.997145174,"data":"SECONDARY_EDGE_TTA_ACTIVE views = 8 weight = 0.75 mean_abs_feat_delta = 0.227329\n"}
,{"stream_name":"stdout","time":550.155235825,"data":"EDGE_TTA_ACTIVE views = 8 mean_abs_feat_delta = 0.374406\n"}
,{"stream_name":"stdout","time":551.161625583,"data":"SECONDARY_EDGE_TTA_ACTIVE views = 8 weight = 0.75 mean_abs_feat_delta = 0.23239\n"}
,{"stream_name":"stdout","time":551.385984322,"data":"EDGE_TTA_ACTIVE views = 8 mean_abs_feat_delta = 0.329795\n"}
,{"stream_name":"stdout","time":552.224469752,"data":"EDGE_TTA_ACTIVE views = 8 mean_abs_feat_delta = 0.3777\n"}
,{"stream_name":"stdout","time":552.465138065,"data":"SECONDARY_EDGE_TTA_ACTIVE views = 8 weight = 0.75 mean_abs_feat_delta = 0.227094\n"}
,{"stream_name":"stdout","time":553.225645066,"data":"SECONDARY_EDGE_TTA_ACTIVE views = 8 weight = 0.75 mean_abs_feat_delta = 0.233543\n"}
,{"stream_name":"stdout","time":553.897911009,"data":"EDGE_TTA_ACTIVE views = 8 mean_abs_feat_delta = 0.330008\n"}
,{"stream_name":"stdout","time":554.288442697,"data":"EDGE_TTA_ACTIVE views = 8 mean_abs_feat_delta = 0.376339\n"}
,{"stream_name":"stdout","time":554.974834835,"data":"SECONDARY_EDGE_TTA_ACTIVE views = 8 weight = 0.75 mean_abs_feat_delta = 0.228038\n"}
,{"stream_name":"stdout","time":555.285117309,"data":"SECONDARY_EDGE_TTA_ACTIVE views = 8 weight = 0.75 mean_abs_feat_delta = 0.230711\n"}
,{"stream_name":"stdout","time":556.349492691,"data":"EDGE_TTA_ACTIVE views = 8 mean_abs_feat_delta = 0.369146\n"}
,{"stream_name":"stdout","time":556.40164881,"data":"EDGE_TTA_ACTIVE views = 8 mean_abs_feat_delta = 0.327924\n"}
,{"stream_name":"stdout","time":557.346670421,"data":"SECONDARY_EDGE_TTA_ACTIVE views = 8 weight = 0.75 mean_abs_feat_delta = 0.230076\n"}
,{"stream_name":"stdout","time":557.478231623,"data":"SECONDARY_EDGE_TTA_ACTIVE views = 8 weight = 0.75 mean_abs_feat_delta = 0.226869\n"}
,{"stream_name":"stdout","time":558.441174026,"data":"EDGE_TTA_ACTIVE views = 8 mean_abs_feat_delta = 0.367025\n"}
,{"stream_name":"stdout","time":558.89031645,"data":"EDGE_TTA_ACTIVE views = 8 mean_abs_feat_delta = 0.324294\n"}
,{"stream_name":"stdout","time":559.432514876,"data":"SECONDARY_EDGE_TTA_ACTIVE views = 8 weight = 0.75 mean_abs_feat_delta = 0.23\n"}
,{"stream_name":"stdout","time":559.960537953,"data":"SECONDARY_EDGE_TTA_ACTIVE views = 8 weight = 0.75 mean_abs_feat_delta = 0.219975\n"}
,{"stream_name":"stdout","time":560.495416222,"data":"EDGE_TTA_ACTIVE views = 8 mean_abs_feat_delta = 0.371094\n"}
,{"stream_name":"stdout","time":561.41614031,"data":"EDGE_TTA_ACTIVE views = 8 mean_abs_feat_delta = 0.329966\n"}
,{"stream_name":"stdout","time":561.490283014,"data":"SECONDARY_EDGE_TTA_ACTIVE views = 8 weight = 0.75 mean_abs_feat_delta = 0.231427\n"}
,{"stream_name":"stdout","time":562.484225316,"data":"SECONDARY_EDGE_TTA_ACTIVE views = 8 weight = 0.75 mean_abs_feat_delta = 0.22725\n"}
,{"stream_name":"stdout","time":562.54706086,"data":"EDGE_TTA_ACTIVE views = 8 mean_abs_feat_delta = 0.375255\n"}
,{"stream_name":"stdout","time":563.540515529,"data":"SECONDARY_EDGE_TTA_ACTIVE views = 8 weight = 0.75 mean_abs_feat_delta = 0.229981\n"}
,{"stream_name":"stdout","time":563.890369868,"data":"EDGE_TTA_ACTIVE views = 8 mean_abs_feat_delta = 0.322964\n"}
,{"stream_name":"stdout","time":564.595764511,"data":"EDGE_TTA_ACTIVE views = 8 mean_abs_feat_delta = 0.373994\n"}
,{"stream_name":"stdout","time":564.956942925,"data":"SECONDARY_EDGE_TTA_ACTIVE views = 8 weight = 0.75 mean_abs_feat_delta = 0.225732\n"}
,{"stream_name":"stdout","time":565.588970638,"data":"SECONDARY_EDGE_TTA_ACTIVE views = 8 weight = 0.75 mean_abs_feat_delta = 0.229437\n"}
,{"stream_name":"stdout","time":566.426545257,"data":"EDGE_TTA_ACTIVE views = 8 mean_abs_feat_delta = 0.329623\n"}
,{"stream_name":"stdout","time":566.652317655,"data":"EDGE_TTA_ACTIVE views = 8 mean_abs_feat_delta = 0.366011\n"}
,{"stream_name":"stdout","time":567.49049884,"data":"SECONDARY_EDGE_TTA_ACTIVE views = 8 weight = 0.75 mean_abs_feat_delta = 0.229625\n"}
,{"stream_name":"stdout","time":567.64191106,"data":"SECONDARY_EDGE_TTA_ACTIVE views = 8 weight = 0.75 mean_abs_feat_delta = 0.229485\n"}
,{"stream_name":"stdout","time":568.70173155,"data":"EDGE_TTA_ACTIVE views = 8 mean_abs_feat_delta = 0.364698\n"}
,{"stream_name":"stdout","time":568.91943683,"data":"EDGE_TTA_ACTIVE views = 8 mean_abs_feat_delta = 0.33189\n"}
,{"stream_name":"stdout","time":569.692261299,"data":"SECONDARY_EDGE_TTA_ACTIVE views = 8 weight = 0.75 mean_abs_feat_delta = 0.234306\n"}
,{"stream_name":"stdout","time":569.982433675,"data":"SECONDARY_EDGE_TTA_ACTIVE views = 8 weight = 0.75 mean_abs_feat_delta = 0.229021\n"}
,{"stream_name":"stdout","time":570.744460465,"data":"EDGE_TTA_ACTIVE views = 8 mean_abs_feat_delta = 0.366732\n"}
,{"stream_name":"stdout","time":571.405538988,"data":"EDGE_TTA_ACTIVE views = 8 mean_abs_feat_delta = 0.328077\n"}
,{"stream_name":"stdout","time":571.736376051,"data":"SECONDARY_EDGE_TTA_ACTIVE views = 8 weight = 0.75 mean_abs_feat_delta = 0.235733\n"}
,{"stream_name":"stdout","time":572.467436722,"data":"SECONDARY_EDGE_TTA_ACTIVE views = 8 weight = 0.75 mean_abs_feat_delta = 0.229917\n"}
,{"stream_name":"stdout","time":572.794886705,"data":"EDGE_TTA_ACTIVE views = 8 mean_abs_feat_delta = 0.370041\n"}
,{"stream_name":"stdout","time":573.785507807,"data":"SECONDARY_EDGE_TTA_ACTIVE views = 8 weight = 0.75 mean_abs_feat_delta = 0.231775\n"}
,{"stream_name":"stdout","time":573.872614959,"data":"EDGE_TTA_ACTIVE views = 8 mean_abs_feat_delta = 0.330658\n"}
,{"stream_name":"stdout","time":574.835879159,"data":"EDGE_TTA_ACTIVE views = 8 mean_abs_feat_delta = 0.367914\n"}
,{"stream_name":"stdout","time":574.932659315,"data":"SECONDARY_EDGE_TTA_ACTIVE views = 8 weight = 0.75 mean_abs_feat_delta = 0.232737\n"}
,{"stream_name":"stdout","time":575.82706003,"data":"SECONDARY_EDGE_TTA_ACTIVE views = 8 weight = 0.75 mean_abs_feat_delta = 0.227854\n"}
,{"stream_name":"stdout","time":576.38228084,"data":"EDGE_TTA_ACTIVE views = 8 mean_abs_feat_delta = 0.330195\n"}
,{"stream_name":"stdout","time":576.879413403,"data":"EDGE_TTA_ACTIVE views = 8 mean_abs_feat_delta = 0.352519\n"}
,{"stream_name":"stdout","time":577.444088714,"data":"SECONDARY_EDGE_TTA_ACTIVE views = 8 weight = 0.75 mean_abs_feat_delta = 0.227525\n"}
,{"stream_name":"stdout","time":577.869260067,"data":"SECONDARY_EDGE_TTA_ACTIVE views = 8 weight = 0.75 mean_abs_feat_delta = 0.232249\n"}
,{"stream_name":"stdout","time":577.872998439,"data":"BIOHUB_RETENTION_GUARD {\"blended_candidates\": 66, \"dataset\": \"6bba_05b6850b\", \"frame\": 43, \"minimum_retention\": 0.9, \"primary_candidates\": 74, \"retention\": 0.8918918918918919, \"use_primary\": true}\n"}
,{"stream_name":"stdout","time":578.877939043,"data":"EDGE_TTA_ACTIVE views = 8 mean_abs_feat_delta = 0.332086\n"}
,{"stream_name":"stdout","time":578.923611862,"data":"EDGE_TTA_ACTIVE views = 8 mean_abs_feat_delta = 0.36891\n"}
,{"stream_name":"stdout","time":579.912786404,"data":"SECONDARY_EDGE_TTA_ACTIVE views = 8 weight = 0.75 mean_abs_feat_delta = 0.226463\n"}
,{"stream_name":"stdout","time":579.934776372,"data":"SECONDARY_EDGE_TTA_ACTIVE views = 8 weight = 0.75 mean_abs_feat_delta = 0.228923\n"}
,{"stream_name":"stdout","time":581.023240923,"data":"EDGE_TTA_ACTIVE views = 8 mean_abs_feat_delta = 0.372785\n"}
,{"stream_name":"stdout","time":581.332663419,"data":"EDGE_TTA_ACTIVE views = 8 mean_abs_feat_delta = 0.334902\n"}
,{"stream_name":"stdout","time":581.966115094,"data":"SECONDARY_EDGE_TTA_ACTIVE views = 8 weight = 0.75 mean_abs_feat_delta = 0.232529\n"}
,{"stream_name":"stdout","time":582.393616262,"data":"SECONDARY_EDGE_TTA_ACTIVE views = 8 weight = 0.75 mean_abs_feat_delta = 0.234703\n"}
,{"stream_name":"stdout","time":583.037106136,"data":"EDGE_TTA_ACTIVE views = 8 mean_abs_feat_delta = 0.372432\n"}
,{"stream_name":"stdout","time":583.812643469,"data":"EDGE_TTA_ACTIVE views = 8 mean_abs_feat_delta = 0.331026\n"}
,{"stream_name":"stdout","time":584.028374183,"data":"SECONDARY_EDGE_TTA_ACTIVE views = 8 weight = 0.75 mean_abs_feat_delta = 0.234792\n"}
,{"stream_name":"stdout","time":584.874677176,"data":"SECONDARY_EDGE_TTA_ACTIVE views = 8 weight = 0.75 mean_abs_feat_delta = 0.228868\n"}
,{"stream_name":"stdout","time":585.090030363,"data":"EDGE_TTA_ACTIVE views = 8 mean_abs_feat_delta = 0.371331\n"}
,{"stream_name":"stdout","time":586.083297244,"data":"SECONDARY_EDGE_TTA_ACTIVE views = 8 weight = 0.75 mean_abs_feat_delta = 0.233309\n"}
,{"stream_name":"stdout","time":586.305080175,"data":"EDGE_TTA_ACTIVE views = 8 mean_abs_feat_delta = 0.33352\n"}
,{"stream_name":"stdout","time":587.174500046,"data":"EDGE_TTA_ACTIVE views = 8 mean_abs_feat_delta = 0.369641\n"}
,{"stream_name":"stdout","time":587.365651437,"data":"SECONDARY_EDGE_TTA_ACTIVE views = 8 weight = 0.75 mean_abs_feat_delta = 0.229406\n"}
,{"stream_name":"stdout","time":588.17186128,"data":"SECONDARY_EDGE_TTA_ACTIVE views = 8 weight = 0.75 mean_abs_feat_delta = 0.231091\n"}
,{"stream_name":"stdout","time":588.765757433,"data":"EDGE_TTA_ACTIVE views = 8 mean_abs_feat_delta = 0.333668\n"}
,{"stream_name":"stdout","time":589.230117182,"data":"EDGE_TTA_ACTIVE views = 8 mean_abs_feat_delta = 0.371647\n"}
,{"stream_name":"stdout","time":589.836987064,"data":"SECONDARY_EDGE_TTA_ACTIVE views = 8 weight = 0.75 mean_abs_feat_delta = 0.228734\n"}
,{"stream_name":"stdout","time":590.223809188,"data":"SECONDARY_EDGE_TTA_ACTIVE views = 8 weight = 0.75 mean_abs_feat_delta = 0.231415\n"}
,{"stream_name":"stdout","time":591.29933046,"data":"EDGE_TTA_ACTIVE views = 8 mean_abs_feat_delta = 0.326117\n"}
,{"stream_name":"stdout","time":591.314357694,"data":"EDGE_TTA_ACTIVE views = 8 mean_abs_feat_delta = 0.368025\n"}
,{"stream_name":"stdout","time":592.313645594,"data":"SECONDARY_EDGE_TTA_ACTIVE views = 8 weight = 0.75 mean_abs_feat_delta = 0.232042\n"}
,{"stream_name":"stdout","time":592.368958914,"data":"SECONDARY_EDGE_TTA_ACTIVE views = 8 weight = 0.75 mean_abs_feat_delta = 0.227258\n"}
,{"stream_name":"stdout","time":593.380816637,"data":"EDGE_TTA_ACTIVE views = 8 mean_abs_feat_delta = 0.362922\n"}
,{"stream_name":"stdout","time":593.797360294,"data":"EDGE_TTA_ACTIVE views = 8 mean_abs_feat_delta = 0.327201\n"}
,{"stream_name":"stdout","time":594.383278764,"data":"SECONDARY_EDGE_TTA_ACTIVE views = 8 weight = 0.75 mean_abs_feat_delta = 0.232766\n"}
,{"stream_name":"stdout","time":594.869269592,"data":"SECONDARY_EDGE_TTA_ACTIVE views = 8 weight = 0.75 mean_abs_feat_delta = 0.232919\n"}
,{"stream_name":"stdout","time":595.444042076,"data":"EDGE_TTA_ACTIVE views = 8 mean_abs_feat_delta = 0.352705\n"}
,{"stream_name":"stdout","time":596.26856044,"data":"EDGE_TTA_ACTIVE views = 8 mean_abs_feat_delta = 0.330095\n"}
,{"stream_name":"stdout","time":596.445713634,"data":"SECONDARY_EDGE_TTA_ACTIVE views = 8 weight = 0.75 mean_abs_feat_delta = 0.235979\n"}
,{"stream_name":"stdout","time":597.344012236,"data":"SECONDARY_EDGE_TTA_ACTIVE views = 8 weight = 0.75 mean_abs_feat_delta = 0.237762\n"}
,{"stream_name":"stdout","time":597.511436176,"data":"EDGE_TTA_ACTIVE views = 8 mean_abs_feat_delta = 0.336896\n"}
,{"stream_name":"stdout","time":598.515655768,"data":"SECONDARY_EDGE_TTA_ACTIVE views = 8 weight = 0.75 mean_abs_feat_delta = 0.241376\n"}
,{"stream_name":"stdout","time":598.786037985,"data":"EDGE_TTA_ACTIVE views = 8 mean_abs_feat_delta = 0.333419\n"}
,{"stream_name":"stdout","time":599.609103761,"data":"EDGE_TTA_ACTIVE views = 8 mean_abs_feat_delta = 0.34476\n"}
,{"stream_name":"stdout","time":599.866057537,"data":"SECONDARY_EDGE_TTA_ACTIVE views = 8 weight = 0.75 mean_abs_feat_delta = 0.238631\n"}
,{"stream_name":"stdout","time":600.610684484,"data":"SECONDARY_EDGE_TTA_ACTIVE views = 8 weight = 0.75 mean_abs_feat_delta = 0.233304\n"}
,{"stream_name":"stdout","time":601.319563462,"data":"EDGE_TTA_ACTIVE views = 8 mean_abs_feat_delta = 0.338616\n"}
,{"stream_name":"stdout","time":601.678937834,"data":"EDGE_TTA_ACTIVE views = 8 mean_abs_feat_delta = 0.351291\n"}
,{"stream_name":"stdout","time":602.392279895,"data":"SECONDARY_EDGE_TTA_ACTIVE views = 8 weight = 0.75 mean_abs_feat_delta = 0.236776\n"}
,{"stream_name":"stdout","time":602.690655754,"data":"SECONDARY_EDGE_TTA_ACTIVE views = 8 weight = 0.75 mean_abs_feat_delta = 0.237349\n"}
,{"stream_name":"stdout","time":603.8022017,"data":"EDGE_TTA_ACTIVE views = 8 mean_abs_feat_delta = 0.335349\n"}
,{"stream_name":"stdout","time":603.804867201,"data":"EDGE_TTA_ACTIVE views = 8 mean_abs_feat_delta = 0.350787\n"}
,{"stream_name":"stdout","time":604.812741868,"data":"SECONDARY_EDGE_TTA_ACTIVE views = 8 weight = 0.75 mean_abs_feat_delta = 0.237192\n"}
,{"stream_name":"stdout","time":604.886562182,"data":"SECONDARY_EDGE_TTA_ACTIVE views = 8 weight = 0.75 mean_abs_feat_delta = 0.233805\n"}
,{"stream_name":"stdout","time":605.883144634,"data":"EDGE_TTA_ACTIVE views = 8 mean_abs_feat_delta = 0.352459\n"}
,{"stream_name":"stdout","time":606.280660555,"data":"EDGE_TTA_ACTIVE views = 8 mean_abs_feat_delta = 0.337635\n"}
,{"stream_name":"stdout","time":606.894114367,"data":"SECONDARY_EDGE_TTA_ACTIVE views = 8 weight = 0.75 mean_abs_feat_delta = 0.23579\n"}
,{"stream_name":"stdout","time":607.364413029,"data":"SECONDARY_EDGE_TTA_ACTIVE views = 8 weight = 0.75 mean_abs_feat_delta = 0.2393\n"}
,{"stream_name":"stdout","time":607.97118587,"data":"EDGE_TTA_ACTIVE views = 8 mean_abs_feat_delta = 0.343926\n"}
,{"stream_name":"stdout","time":608.792311169,"data":"EDGE_TTA_ACTIVE views = 8 mean_abs_feat_delta = 0.336677\n"}
,{"stream_name":"stdout","time":608.983638186,"data":"SECONDARY_EDGE_TTA_ACTIVE views = 8 weight = 0.75 mean_abs_feat_delta = 0.245733\n"}
,{"stream_name":"stdout","time":609.879732483,"data":"SECONDARY_EDGE_TTA_ACTIVE views = 8 weight = 0.75 mean_abs_feat_delta = 0.241418\n"}
,{"stream_name":"stdout","time":610.059371758,"data":"EDGE_TTA_ACTIVE views = 8 mean_abs_feat_delta = 0.361961\n"}
,{"stream_name":"stdout","time":611.116325729,"data":"SECONDARY_EDGE_TTA_ACTIVE views = 8 weight = 0.75 mean_abs_feat_delta = 0.237609\n"}
,{"stream_name":"stdout","time":611.30765715,"data":"EDGE_TTA_ACTIVE views = 8 mean_abs_feat_delta = 0.334169\n"}
,{"stream_name":"stdout","time":612.199711935,"data":"EDGE_TTA_ACTIVE views = 8 mean_abs_feat_delta = 0.359198\n"}
,{"stream_name":"stdout","time":612.393740656,"data":"SECONDARY_EDGE_TTA_ACTIVE views = 8 weight = 0.75 mean_abs_feat_delta = 0.240548\n"}
,{"stream_name":"stdout","time":613.210308397,"data":"SECONDARY_EDGE_TTA_ACTIVE views = 8 weight = 0.75 mean_abs_feat_delta = 0.24975\n"}
,{"stream_name":"stdout","time":613.802374055,"data":"EDGE_TTA_ACTIVE views = 8 mean_abs_feat_delta = 0.334586\n"}
,{"stream_name":"stdout","time":614.282068438,"data":"EDGE_TTA_ACTIVE views = 8 mean_abs_feat_delta = 0.364122\n"}
,{"stream_name":"stdout","time":614.891934894,"data":"SECONDARY_EDGE_TTA_ACTIVE views = 8 weight = 0.75 mean_abs_feat_delta = 0.239217\n"}
,{"stream_name":"stdout","time":615.292439764,"data":"SECONDARY_EDGE_TTA_ACTIVE views = 8 weight = 0.75 mean_abs_feat_delta = 0.23735\n"}
,{"stream_name":"stdout","time":616.291445459,"data":"EDGE_TTA_ACTIVE views = 8 mean_abs_feat_delta = 0.333591\n"}
,{"stream_name":"stdout","time":616.363375714,"data":"EDGE_TTA_ACTIVE views = 8 mean_abs_feat_delta = 0.357428\n"}
,{"stream_name":"stdout","time":617.376828354,"data":"SECONDARY_EDGE_TTA_ACTIVE views = 8 weight = 0.75 mean_abs_feat_delta = 0.239857\n"}
,{"stream_name":"stdout","time":617.379336714,"data":"SECONDARY_EDGE_TTA_ACTIVE views = 8 weight = 0.75 mean_abs_feat_delta = 0.238117\n"}
,{"stream_name":"stdout","time":618.504669474,"data":"EDGE_TTA_ACTIVE views = 8 mean_abs_feat_delta = 0.343652\n"}
,{"stream_name":"stdout","time":618.801067837,"data":"EDGE_TTA_ACTIVE views = 8 mean_abs_feat_delta = 0.333424\n"}
,{"stream_name":"stdout","time":619.519510859,"data":"SECONDARY_EDGE_TTA_ACTIVE views = 8 weight = 0.75 mean_abs_feat_delta = 0.246472\n"}
,{"stream_name":"stdout","time":619.885474837,"data":"SECONDARY_EDGE_TTA_ACTIVE views = 8 weight = 0.75 mean_abs_feat_delta = 0.241111\n"}
,{"stream_name":"stdout","time":620.622832283,"data":"EDGE_TTA_ACTIVE views = 8 mean_abs_feat_delta = 0.355033\n"}
,{"stream_name":"stdout","time":621.311130795,"data":"EDGE_TTA_ACTIVE views = 8 mean_abs_feat_delta = 0.329672\n"}
,{"stream_name":"stdout","time":621.63384648,"data":"SECONDARY_EDGE_TTA_ACTIVE views = 8 weight = 0.75 mean_abs_feat_delta = 0.23837\n"}
,{"stream_name":"stdout","time":622.395526097,"data":"SECONDARY_EDGE_TTA_ACTIVE views = 8 weight = 0.75 mean_abs_feat_delta = 0.233408\n"}
,{"stream_name":"stdout","time":622.715340027,"data":"EDGE_TTA_ACTIVE views = 8 mean_abs_feat_delta = 0.351347\n"}
,{"stream_name":"stdout","time":623.729595019,"data":"SECONDARY_EDGE_TTA_ACTIVE views = 8 weight = 0.75 mean_abs_feat_delta = 0.23794\n"}
,{"stream_name":"stdout","time":623.787999276,"data":"EDGE_TTA_ACTIVE views = 8 mean_abs_feat_delta = 0.330847\n"}
,{"stream_name":"stdout","time":624.805678712,"data":"EDGE_TTA_ACTIVE views = 8 mean_abs_feat_delta = 0.353252\n"}
,{"stream_name":"stdout","time":624.873223932,"data":"SECONDARY_EDGE_TTA_ACTIVE views = 8 weight = 0.75 mean_abs_feat_delta = 0.236893\n"}
,{"stream_name":"stdout","time":625.817684319,"data":"SECONDARY_EDGE_TTA_ACTIVE views = 8 weight = 0.75 mean_abs_feat_delta = 0.237401\n"}
,{"stream_name":"stdout","time":626.313242783,"data":"EDGE_TTA_ACTIVE views = 8 mean_abs_feat_delta = 0.332545\n"}
,{"stream_name":"stdout","time":626.901170207,"data":"EDGE_TTA_ACTIVE views = 8 mean_abs_feat_delta = 0.33905\n"}
,{"stream_name":"stdout","time":627.397339704,"data":"SECONDARY_EDGE_TTA_ACTIVE views = 8 weight = 0.75 mean_abs_feat_delta = 0.244446\n"}
,{"stream_name":"stdout","time":627.911998416,"data":"SECONDARY_EDGE_TTA_ACTIVE views = 8 weight = 0.75 mean_abs_feat_delta = 0.245673\n"}
,{"stream_name":"stdout","time":628.776265851,"data":"EDGE_TTA_ACTIVE views = 8 mean_abs_feat_delta = 0.333406\n"}
,{"stream_name":"stdout","time":629.040623455,"data":"EDGE_TTA_ACTIVE views = 8 mean_abs_feat_delta = 0.354422\n"}
,{"stream_name":"stdout","time":629.857440225,"data":"SECONDARY_EDGE_TTA_ACTIVE views = 8 weight = 0.75 mean_abs_feat_delta = 0.249633\n"}
,{"stream_name":"stdout","time":630.051857707,"data":"SECONDARY_EDGE_TTA_ACTIVE views = 8 weight = 0.75 mean_abs_feat_delta = 0.235875\n"}
,{"stream_name":"stdout","time":631.154134727,"data":"EDGE_TTA_ACTIVE views = 8 mean_abs_feat_delta = 0.359708\n"}
,{"stream_name":"stdout","time":631.293107669,"data":"EDGE_TTA_ACTIVE views = 8 mean_abs_feat_delta = 0.33416\n"}
,{"stream_name":"stdout","time":632.165661803,"data":"SECONDARY_EDGE_TTA_ACTIVE views = 8 weight = 0.75 mean_abs_feat_delta = 0.241531\n"}
,{"stream_name":"stdout","time":632.374938804,"data":"SECONDARY_EDGE_TTA_ACTIVE views = 8 weight = 0.75 mean_abs_feat_delta = 0.246702\n"}
,{"stream_name":"stdout","time":633.266422501,"data":"EDGE_TTA_ACTIVE views = 8 mean_abs_feat_delta = 0.359515\n"}
,{"stream_name":"stdout","time":633.745647292,"data":"EDGE_TTA_ACTIVE views = 8 mean_abs_feat_delta = 0.335015\n"}
,{"stream_name":"stdout","time":634.276609031,"data":"SECONDARY_EDGE_TTA_ACTIVE views = 8 weight = 0.75 mean_abs_feat_delta = 0.238654\n"}
,{"stream_name":"stdout","time":634.824603422,"data":"SECONDARY_EDGE_TTA_ACTIVE views = 8 weight = 0.75 mean_abs_feat_delta = 0.239557\n"}
,{"stream_name":"stdout","time":635.346030286,"data":"EDGE_TTA_ACTIVE views = 8 mean_abs_feat_delta = 0.356987\n"}
,{"stream_name":"stdout","time":636.251194571,"data":"EDGE_TTA_ACTIVE views = 8 mean_abs_feat_delta = 0.342511\n"}
,{"stream_name":"stdout","time":636.351403458,"data":"SECONDARY_EDGE_TTA_ACTIVE views = 8 weight = 0.75 mean_abs_feat_delta = 0.235897\n"}
,{"stream_name":"stdout","time":637.320944159,"data":"SECONDARY_EDGE_TTA_ACTIVE views = 8 weight = 0.75 mean_abs_feat_delta = 0.238104\n"}
,{"stream_name":"stdout","time":637.413763292,"data":"EDGE_TTA_ACTIVE views = 8 mean_abs_feat_delta = 0.358806\n"}
,{"stream_name":"stdout","time":638.420387349,"data":"SECONDARY_EDGE_TTA_ACTIVE views = 8 weight = 0.75 mean_abs_feat_delta = 0.232787\n"}
,{"stream_name":"stdout","time":638.685246596,"data":"EDGE_TTA_ACTIVE views = 8 mean_abs_feat_delta = 0.342159\n"}
,{"stream_name":"stdout","time":639.484481315,"data":"EDGE_TTA_ACTIVE views = 8 mean_abs_feat_delta = 0.360605\n"}
,{"stream_name":"stdout","time":639.762830825,"data":"SECONDARY_EDGE_TTA_ACTIVE views = 8 weight = 0.75 mean_abs_feat_delta = 0.239919\n"}
,{"stream_name":"stdout","time":640.487456216,"data":"SECONDARY_EDGE_TTA_ACTIVE views = 8 weight = 0.75 mean_abs_feat_delta = 0.235419\n"}
,{"stream_name":"stdout","time":641.232690147,"data":"EDGE_TTA_ACTIVE views = 8 mean_abs_feat_delta = 0.340811\n"}
,{"stream_name":"stdout","time":641.592690433,"data":"EDGE_TTA_ACTIVE views = 8 mean_abs_feat_delta = 0.35888\n"}
,{"stream_name":"stdout","time":642.251246342,"data":"SECONDARY_EDGE_TTA_ACTIVE views = 8 weight = 0.75 mean_abs_feat_delta = 0.238456\n"}
,{"stream_name":"stdout","time":642.600641967,"data":"SECONDARY_EDGE_TTA_ACTIVE views = 8 weight = 0.75 mean_abs_feat_delta = 0.232021\n"}
,{"stream_name":"stdout","time":643.643886949,"data":"EDGE_TTA_ACTIVE views = 8 mean_abs_feat_delta = 0.349582\n"}
,{"stream_name":"stdout","time":643.664262078,"data":"EDGE_TTA_ACTIVE views = 8 mean_abs_feat_delta = 0.364525\n"}
,{"stream_name":"stdout","time":644.666761448,"data":"SECONDARY_EDGE_TTA_ACTIVE views = 8 weight = 0.75 mean_abs_feat_delta = 0.235438\n"}
,{"stream_name":"stdout","time":644.715838594,"data":"SECONDARY_EDGE_TTA_ACTIVE views = 8 weight = 0.75 mean_abs_feat_delta = 0.237938\n"}
,{"stream_name":"stdout","time":645.758872858,"data":"EDGE_TTA_ACTIVE views = 8 mean_abs_feat_delta = 0.367055\n"}
,{"stream_name":"stdout","time":646.100304236,"data":"EDGE_TTA_ACTIVE views = 8 mean_abs_feat_delta = 0.350508\n"}
,{"stream_name":"stdout","time":646.766028379,"data":"SECONDARY_EDGE_TTA_ACTIVE views = 8 weight = 0.75 mean_abs_feat_delta = 0.238512\n"}
,{"stream_name":"stdout","time":647.171693442,"data":"SECONDARY_EDGE_TTA_ACTIVE views = 8 weight = 0.75 mean_abs_feat_delta = 0.242027\n"}
,{"stream_name":"stdout","time":647.869722313,"data":"EDGE_TTA_ACTIVE views = 8 mean_abs_feat_delta = 0.351417\n"}
,{"stream_name":"stdout","time":648.559255765,"data":"EDGE_TTA_ACTIVE views = 8 mean_abs_feat_delta = 0.347721\n"}
,{"stream_name":"stdout","time":648.873671275,"data":"SECONDARY_EDGE_TTA_ACTIVE views = 8 weight = 0.75 mean_abs_feat_delta = 0.246384\n"}
,{"stream_name":"stdout","time":649.630655181,"data":"SECONDARY_EDGE_TTA_ACTIVE views = 8 weight = 0.75 mean_abs_feat_delta = 0.244117\n"}
,{"stream_name":"stdout","time":649.948316866,"data":"EDGE_TTA_ACTIVE views = 8 mean_abs_feat_delta = 0.363487\n"}
,{"stream_name":"stdout","time":650.950207943,"data":"SECONDARY_EDGE_TTA_ACTIVE views = 8 weight = 0.75 mean_abs_feat_delta = 0.234938\n"}
,{"stream_name":"stdout","time":650.989227894,"data":"EDGE_TTA_ACTIVE views = 8 mean_abs_feat_delta = 0.347752\n"}
,{"stream_name":"stdout","time":652.017665288,"data":"EDGE_TTA_ACTIVE views = 8 mean_abs_feat_delta = 0.361591\n"}
,{"stream_name":"stdout","time":652.058489563,"data":"SECONDARY_EDGE_TTA_ACTIVE views = 8 weight = 0.75 mean_abs_feat_delta = 0.243325\n"}
,{"stream_name":"stdout","time":653.019701589,"data":"SECONDARY_EDGE_TTA_ACTIVE views = 8 weight = 0.75 mean_abs_feat_delta = 0.237752\n"}
,{"stream_name":"stdout","time":653.469320205,"data":"EDGE_TTA_ACTIVE views = 8 mean_abs_feat_delta = 0.347648\n"}
,{"stream_name":"stdout","time":654.110441255,"data":"EDGE_TTA_ACTIVE views = 8 mean_abs_feat_delta = 0.35878\n"}
,{"stream_name":"stdout","time":654.53833356,"data":"SECONDARY_EDGE_TTA_ACTIVE views = 8 weight = 0.75 mean_abs_feat_delta = 0.244042\n"}
,{"stream_name":"stdout","time":655.109142042,"data":"SECONDARY_EDGE_TTA_ACTIVE views = 8 weight = 0.75 mean_abs_feat_delta = 0.23573\n"}
,{"stream_name":"stdout","time":655.917407831,"data":"EDGE_TTA_ACTIVE views = 8 mean_abs_feat_delta = 0.350568\n"}
,{"stream_name":"stdout","time":656.168789768,"data":"EDGE_TTA_ACTIVE views = 8 mean_abs_feat_delta = 0.361252\n"}
,{"stream_name":"stdout","time":656.990318357,"data":"SECONDARY_EDGE_TTA_ACTIVE views = 8 weight = 0.75 mean_abs_feat_delta = 0.24973\n"}
,{"stream_name":"stdout","time":657.170594979,"data":"SECONDARY_EDGE_TTA_ACTIVE views = 8 weight = 0.75 mean_abs_feat_delta = 0.235636\n"}
,{"stream_name":"stdout","time":658.26048225,"data":"EDGE_TTA_ACTIVE views = 8 mean_abs_feat_delta = 0.357825\n"}
,{"stream_name":"stdout","time":658.349227914,"data":"EDGE_TTA_ACTIVE views = 8 mean_abs_feat_delta = 0.339277\n"}
,{"stream_name":"stdout","time":659.264019717,"data":"SECONDARY_EDGE_TTA_ACTIVE views = 8 weight = 0.75 mean_abs_feat_delta = 0.23299\n"}
,{"stream_name":"stdout","time":659.418660763,"data":"SECONDARY_EDGE_TTA_ACTIVE views = 8 weight = 0.75 mean_abs_feat_delta = 0.239339\n"}
,{"stream_name":"stdout","time":660.357446449,"data":"EDGE_TTA_ACTIVE views = 8 mean_abs_feat_delta = 0.356818\n"}
,{"stream_name":"stdout","time":660.787263009,"data":"EDGE_TTA_ACTIVE views = 8 mean_abs_feat_delta = 0.341866\n"}
,{"stream_name":"stdout","time":661.359593023,"data":"SECONDARY_EDGE_TTA_ACTIVE views = 8 weight = 0.75 mean_abs_feat_delta = 0.232458\n"}
,{"stream_name":"stdout","time":661.85651212,"data":"SECONDARY_EDGE_TTA_ACTIVE views = 8 weight = 0.75 mean_abs_feat_delta = 0.244666\n"}
,{"stream_name":"stdout","time":662.427857891,"data":"EDGE_TTA_ACTIVE views = 8 mean_abs_feat_delta = 0.358323\n"}
,{"stream_name":"stdout","time":663.233826157,"data":"EDGE_TTA_ACTIVE views = 8 mean_abs_feat_delta = 0.344401\n"}
,{"stream_name":"stdout","time":663.426263634,"data":"SECONDARY_EDGE_TTA_ACTIVE views = 8 weight = 0.75 mean_abs_feat_delta = 0.232166\n"}
,{"stream_name":"stdout","time":664.298439336,"data":"SECONDARY_EDGE_TTA_ACTIVE views = 8 weight = 0.75 mean_abs_feat_delta = 0.244039\n"}
,{"stream_name":"stdout","time":664.484896664,"data":"EDGE_TTA_ACTIVE views = 8 mean_abs_feat_delta = 0.352135\n"}
,{"stream_name":"stdout","time":665.4891692,"data":"SECONDARY_EDGE_TTA_ACTIVE views = 8 weight = 0.75 mean_abs_feat_delta = 0.232609\n"}
,{"stream_name":"stdout","time":665.644676569,"data":"EDGE_TTA_ACTIVE views = 8 mean_abs_feat_delta = 0.341738\n"}
,{"stream_name":"stdout","time":666.55980067,"data":"EDGE_TTA_ACTIVE views = 8 mean_abs_feat_delta = 0.351911\n"}
,{"stream_name":"stdout","time":666.710619049,"data":"SECONDARY_EDGE_TTA_ACTIVE views = 8 weight = 0.75 mean_abs_feat_delta = 0.245322\n"}
,{"stream_name":"stdout","time":667.560730874,"data":"SECONDARY_EDGE_TTA_ACTIVE views = 8 weight = 0.75 mean_abs_feat_delta = 0.232939\n"}
,{"stream_name":"stdout","time":668.076009502,"data":"EDGE_TTA_ACTIVE views = 8 mean_abs_feat_delta = 0.339738\n"}
,{"stream_name":"stdout","time":668.650132585,"data":"EDGE_TTA_ACTIVE views = 8 mean_abs_feat_delta = 0.356519\n"}
,{"stream_name":"stdout","time":669.141926007,"data":"SECONDARY_EDGE_TTA_ACTIVE views = 8 weight = 0.75 mean_abs_feat_delta = 0.2464\n"}
,{"stream_name":"stdout","time":669.652680023,"data":"SECONDARY_EDGE_TTA_ACTIVE views = 8 weight = 0.75 mean_abs_feat_delta = 0.231872\n"}
,{"stream_name":"stdout","time":670.53123732,"data":"EDGE_TTA_ACTIVE views = 8 mean_abs_feat_delta = 0.336334\n"}
,{"stream_name":"stdout","time":670.736027252,"data":"EDGE_TTA_ACTIVE views = 8 mean_abs_feat_delta = 0.353385\n"}
,{"stream_name":"stdout","time":671.657594409,"data":"SECONDARY_EDGE_TTA_ACTIVE views = 8 weight = 0.75 mean_abs_feat_delta = 0.244837\n"}
,{"stream_name":"stdout","time":671.735764494,"data":"SECONDARY_EDGE_TTA_ACTIVE views = 8 weight = 0.75 mean_abs_feat_delta = 0.232685\n"}
,{"stream_name":"stdout","time":672.827372176,"data":"EDGE_TTA_ACTIVE views = 8 mean_abs_feat_delta = 0.351229\n"}
,{"stream_name":"stdout","time":672.971062756,"data":"EDGE_TTA_ACTIVE views = 8 mean_abs_feat_delta = 0.336552\n"}
,{"stream_name":"stdout","time":673.827617647,"data":"SECONDARY_EDGE_TTA_ACTIVE views = 8 weight = 0.75 mean_abs_feat_delta = 0.233018\n"}
,{"stream_name":"stdout","time":674.039354615,"data":"SECONDARY_EDGE_TTA_ACTIVE views = 8 weight = 0.75 mean_abs_feat_delta = 0.249715\n"}
,{"stream_name":"stdout","time":674.893091923,"data":"EDGE_TTA_ACTIVE views = 8 mean_abs_feat_delta = 0.350705\n"}
,{"stream_name":"stdout","time":675.375638767,"data":"EDGE_TTA_ACTIVE views = 8 mean_abs_feat_delta = 0.336751\n"}
,{"stream_name":"stdout","time":675.892354493,"data":"SECONDARY_EDGE_TTA_ACTIVE views = 8 weight = 0.75 mean_abs_feat_delta = 0.234885\n"}
,{"stream_name":"stdout","time":676.444335827,"data":"SECONDARY_EDGE_TTA_ACTIVE views = 8 weight = 0.75 mean_abs_feat_delta = 0.246366\n"}
,{"stream_name":"stdout","time":677.014214219,"data":"EDGE_TTA_ACTIVE views = 8 mean_abs_feat_delta = 0.353278\n"}
,{"stream_name":"stdout","time":677.833612284,"data":"EDGE_TTA_ACTIVE views = 8 mean_abs_feat_delta = 0.342229\n"}
,{"stream_name":"stdout","time":678.01615029,"data":"SECONDARY_EDGE_TTA_ACTIVE views = 8 weight = 0.75 mean_abs_feat_delta = 0.232744\n"}
,{"stream_name":"stdout","time":678.900712295,"data":"SECONDARY_EDGE_TTA_ACTIVE views = 8 weight = 0.75 mean_abs_feat_delta = 0.250553\n"}
,{"stream_name":"stdout","time":679.076807669,"data":"EDGE_TTA_ACTIVE views = 8 mean_abs_feat_delta = 0.358064\n"}
,{"stream_name":"stdout","time":680.077193564,"data":"SECONDARY_EDGE_TTA_ACTIVE views = 8 weight = 0.75 mean_abs_feat_delta = 0.229484\n"}
,{"stream_name":"stdout","time":680.251274054,"data":"EDGE_TTA_ACTIVE views = 8 mean_abs_feat_delta = 0.34433\n"}
,{"stream_name":"stdout","time":681.166597772,"data":"EDGE_TTA_ACTIVE views = 8 mean_abs_feat_delta = 0.35946\n"}
,{"stream_name":"stdout","time":681.321938876,"data":"SECONDARY_EDGE_TTA_ACTIVE views = 8 weight = 0.75 mean_abs_feat_delta = 0.253052\n"}
,{"stream_name":"stdout","time":682.17262614,"data":"SECONDARY_EDGE_TTA_ACTIVE views = 8 weight = 0.75 mean_abs_feat_delta = 0.231302\n"}
,{"stream_name":"stdout","time":682.668665245,"data":"EDGE_TTA_ACTIVE views = 8 mean_abs_feat_delta = 0.338919\n"}
,{"stream_name":"stdout","time":683.26885256,"data":"EDGE_TTA_ACTIVE views = 8 mean_abs_feat_delta = 0.357537\n"}
,{"stream_name":"stdout","time":683.74011057,"data":"SECONDARY_EDGE_TTA_ACTIVE views = 8 weight = 0.75 mean_abs_feat_delta = 0.249056\n"}
,{"stream_name":"stdout","time":684.267528182,"data":"SECONDARY_EDGE_TTA_ACTIVE views = 8 weight = 0.75 mean_abs_feat_delta = 0.233885\n"}
,{"stream_name":"stdout","time":685.070835933,"data":"EDGE_TTA_ACTIVE views = 8 mean_abs_feat_delta = 0.334467\n"}
,{"stream_name":"stdout","time":685.360435713,"data":"EDGE_TTA_ACTIVE views = 8 mean_abs_feat_delta = 0.357561\n"}
,{"stream_name":"stdout","time":686.14686826,"data":"SECONDARY_EDGE_TTA_ACTIVE views = 8 weight = 0.75 mean_abs_feat_delta = 0.249429\n"}
,{"stream_name":"stdout","time":686.365080149,"data":"SECONDARY_EDGE_TTA_ACTIVE views = 8 weight = 0.75 mean_abs_feat_delta = 0.235923\n"}
,{"stream_name":"stdout","time":687.440587887,"data":"EDGE_TTA_ACTIVE views = 8 mean_abs_feat_delta = 0.356691\n"}
,{"stream_name":"stdout","time":687.48129385,"data":"EDGE_TTA_ACTIVE views = 8 mean_abs_feat_delta = 0.334048\n"}
,{"stream_name":"stdout","time":688.440912328,"data":"SECONDARY_EDGE_TTA_ACTIVE views = 8 weight = 0.75 mean_abs_feat_delta = 0.236514\n"}
,{"stream_name":"stdout","time":688.555607786,"data":"SECONDARY_EDGE_TTA_ACTIVE views = 8 weight = 0.75 mean_abs_feat_delta = 0.246018\n"}
,{"stream_name":"stdout","time":689.540979141,"data":"EDGE_TTA_ACTIVE views = 8 mean_abs_feat_delta = 0.360713\n"}
,{"stream_name":"stdout","time":689.884868976,"data":"EDGE_TTA_ACTIVE views = 8 mean_abs_feat_delta = 0.334845\n"}
,{"stream_name":"stdout","time":690.544360368,"data":"SECONDARY_EDGE_TTA_ACTIVE views = 8 weight = 0.75 mean_abs_feat_delta = 0.236886\n"}
,{"stream_name":"stdout","time":690.958440861,"data":"SECONDARY_EDGE_TTA_ACTIVE views = 8 weight = 0.75 mean_abs_feat_delta = 0.244333\n"}
,{"stream_name":"stdout","time":691.62050435,"data":"EDGE_TTA_ACTIVE views = 8 mean_abs_feat_delta = 0.361191\n"}
,{"stream_name":"stdout","time":692.301496036,"data":"EDGE_TTA_ACTIVE views = 8 mean_abs_feat_delta = 0.334767\n"}
,{"stream_name":"stdout","time":692.627006569,"data":"SECONDARY_EDGE_TTA_ACTIVE views = 8 weight = 0.75 mean_abs_feat_delta = 0.236659\n"}
,{"stream_name":"stdout","time":693.37117457,"data":"SECONDARY_EDGE_TTA_ACTIVE views = 8 weight = 0.75 mean_abs_feat_delta = 0.248241\n"}
,{"stream_name":"stdout","time":693.694283057,"data":"EDGE_TTA_ACTIVE views = 8 mean_abs_feat_delta = 0.363957\n"}
,{"stream_name":"stdout","time":694.69781721,"data":"SECONDARY_EDGE_TTA_ACTIVE views = 8 weight = 0.75 mean_abs_feat_delta = 0.238038\n"}
,{"stream_name":"stdout","time":694.706353686,"data":"EDGE_TTA_ACTIVE views = 8 mean_abs_feat_delta = 0.330452\n"}
,{"stream_name":"stdout","time":695.781123449,"data":"SECONDARY_EDGE_TTA_ACTIVE views = 8 weight = 0.75 mean_abs_feat_delta = 0.239474\n"}
,{"stream_name":"stdout","time":697.348886347,"data":"EDGE_TTA_ACTIVE views = 8 mean_abs_feat_delta = 0.33197\n"}
,{"stream_name":"stdout","time":698.421071822,"data":"SECONDARY_EDGE_TTA_ACTIVE views = 8 weight = 0.75 mean_abs_feat_delta = 0.247447\n"}
,{"stream_name":"stdout","time":699.173228168,"data":"Saved 2 predictions to /kaggle/working/tracking_repo/predictions/unknown/unet_transformer_gpu0/split_0\n"}
,{"stream_name":"stdout","time":699.789638599,"data":"EDGE_TTA_ACTIVE views = 8 mean_abs_feat_delta = 0.33369\n"}
,{"stream_name":"stdout","time":700.86305661,"data":"SECONDARY_EDGE_TTA_ACTIVE views = 8 weight = 0.75 mean_abs_feat_delta = 0.242876\n"}
,{"stream_name":"stdout","time":702.26728882,"data":"EDGE_TTA_ACTIVE views = 8 mean_abs_feat_delta = 0.335249\n"}
,{"stream_name":"stdout","time":703.290477007,"data":"SECONDARY_EDGE_TTA_ACTIVE views = 8 weight = 0.75 mean_abs_feat_delta = 0.249719\n"}
,{"stream_name":"stdout","time":704.621479553,"data":"EDGE_TTA_ACTIVE views = 8 mean_abs_feat_delta = 0.33665\n"}
,{"stream_name":"stdout","time":705.702516426,"data":"SECONDARY_EDGE_TTA_ACTIVE views = 8 weight = 0.75 mean_abs_feat_delta = 0.250474\n"}
,{"stream_name":"stdout","time":707.059674924,"data":"EDGE_TTA_ACTIVE views = 8 mean_abs_feat_delta = 0.338336\n"}
,{"stream_name":"stdout","time":708.140334946,"data":"SECONDARY_EDGE_TTA_ACTIVE views = 8 weight = 0.75 mean_abs_feat_delta = 0.243806\n"}
,{"stream_name":"stdout","time":709.487949919,"data":"EDGE_TTA_ACTIVE views = 8 mean_abs_feat_delta = 0.337788\n"}
,{"stream_name":"stdout","time":710.571771472,"data":"SECONDARY_EDGE_TTA_ACTIVE views = 8 weight = 0.75 mean_abs_feat_delta = 0.245508\n"}
,{"stream_name":"stdout","time":711.948517795,"data":"EDGE_TTA_ACTIVE views = 8 mean_abs_feat_delta = 0.325091\n"}
,{"stream_name":"stdout","time":713.039360325,"data":"SECONDARY_EDGE_TTA_ACTIVE views = 8 weight = 0.75 mean_abs_feat_delta = 0.241957\n"}
,{"stream_name":"stdout","time":714.395345372,"data":"EDGE_TTA_ACTIVE views = 8 mean_abs_feat_delta = 0.32712\n"}
,{"stream_name":"stdout","time":715.486447345,"data":"SECONDARY_EDGE_TTA_ACTIVE views = 8 weight = 0.75 mean_abs_feat_delta = 0.252361\n"}
,{"stream_name":"stdout","time":716.899036408,"data":"EDGE_TTA_ACTIVE views = 8 mean_abs_feat_delta = 0.323213\n"}
,{"stream_name":"stdout","time":717.99309535,"data":"SECONDARY_EDGE_TTA_ACTIVE views = 8 weight = 0.75 mean_abs_feat_delta = 0.245152\n"}
,{"stream_name":"stdout","time":719.368285004,"data":"EDGE_TTA_ACTIVE views = 8 mean_abs_feat_delta = 0.321976\n"}
,{"stream_name":"stdout","time":720.467053059,"data":"SECONDARY_EDGE_TTA_ACTIVE views = 8 weight = 0.75 mean_abs_feat_delta = 0.249767\n"}
,{"stream_name":"stdout","time":721.852196627,"data":"EDGE_TTA_ACTIVE views = 8 mean_abs_feat_delta = 0.323768\n"}
,{"stream_name":"stdout","time":722.950439465,"data":"SECONDARY_EDGE_TTA_ACTIVE views = 8 weight = 0.75 mean_abs_feat_delta = 0.251085\n"}
,{"stream_name":"stdout","time":724.366344706,"data":"EDGE_TTA_ACTIVE views = 8 mean_abs_feat_delta = 0.324838\n"}
,{"stream_name":"stdout","time":725.468241144,"data":"SECONDARY_EDGE_TTA_ACTIVE views = 8 weight = 0.75 mean_abs_feat_delta = 0.239244\n"}
,{"stream_name":"stdout","time":726.831006634,"data":"EDGE_TTA_ACTIVE views = 8 mean_abs_feat_delta = 0.323094\n"}
,{"stream_name":"stdout","time":727.931522649,"data":"SECONDARY_EDGE_TTA_ACTIVE views = 8 weight = 0.75 mean_abs_feat_delta = 0.247015\n"}
,{"stream_name":"stdout","time":729.368477664,"data":"EDGE_TTA_ACTIVE views = 8 mean_abs_feat_delta = 0.322603\n"}
,{"stream_name":"stdout","time":730.47011873,"data":"SECONDARY_EDGE_TTA_ACTIVE views = 8 weight = 0.75 mean_abs_feat_delta = 0.251849\n"}
,{"stream_name":"stdout","time":731.834665499,"data":"EDGE_TTA_ACTIVE views = 8 mean_abs_feat_delta = 0.325152\n"}
,{"stream_name":"stdout","time":732.972924501,"data":"SECONDARY_EDGE_TTA_ACTIVE views = 8 weight = 0.75 mean_abs_feat_delta = 0.251093\n"}
,{"stream_name":"stdout","time":734.347752583,"data":"EDGE_TTA_ACTIVE views = 8 mean_abs_feat_delta = 0.328347\n"}
,{"stream_name":"stdout","time":735.451133075,"data":"SECONDARY_EDGE_TTA_ACTIVE views = 8 weight = 0.75 mean_abs_feat_delta = 0.244661\n"}
,{"stream_name":"stdout","time":736.829328408,"data":"EDGE_TTA_ACTIVE views = 8 mean_abs_feat_delta = 0.328262\n"}
,{"stream_name":"stdout","time":737.928822075,"data":"SECONDARY_EDGE_TTA_ACTIVE views = 8 weight = 0.75 mean_abs_feat_delta = 0.243635\n"}
,{"stream_name":"stdout","time":739.35120843,"data":"EDGE_TTA_ACTIVE views = 8 mean_abs_feat_delta = 0.327618\n"}
,{"stream_name":"stdout","time":740.447978754,"data":"SECONDARY_EDGE_TTA_ACTIVE views = 8 weight = 0.75 mean_abs_feat_delta = 0.248058\n"}
,{"stream_name":"stdout","time":821.588650016,"data":"Saved 2 predictions to /kaggle/working/tracking_repo/predictions/unknown/unet_transformer_gpu1/split_0\n"}
,{"stream_name":"stdout","time":824.514656912,"data":"Merged 4 prediction graphs into /kaggle/working/tracking_repo/predictions/unknown/unet_transformer/split_0\n"}
,{"stream_name":"stdout","time":824.514714913,"data":"Prediction completed in 9.58 minutes\n"}
,{"stream_name":"stdout","time":1030.891031297,"data":"Trying DeepCenter add-only gate checkpoint: /kaggle/input/datasets/pilkwang/biohub-deepcenter-unet3d-center-prior-v1/weights/full_frame_center/best.pt\n"}
,{"stream_name":"stdout","time":1031.17816648,"data":"Loaded DeepCenter add-only gate checkpoint: /kaggle/input/datasets/pilkwang/biohub-deepcenter-unet3d-center-prior-v1/weights/full_frame_center/best.pt\n"}
,{"stream_name":"stdout","time":1031.178204582,"data":"DeepCenter checkpoint epoch: 2 best_score: -0.04500306242456039\n"}
,{"stream_name":"stdout","time":1031.178208948,"data":"Found 4 prediction graphs\n"}
,{"stream_name":"stdout","time":1031.552047336,"data":"[44b6_0113de3b] after edge-filter+motion-relink: 25822 nodes, 24996 edges\n"}
,{"stream_name":"stdout","time":1032.650716777,"data":"DEEPCENTER_TTA_ACTIVE views = 8 mean_abs_logit_delta = 0.128065\n"}
,{"stream_name":"stdout","time":1034.725937336,"data":"[44b6_0113de3b] after gap-closing (single-frame + gap2): 25885 nodes, 25113 edges\n"}
,{"stream_name":"stdout","time":1059.654812483,"data":"[44b6_0113de3b] after safe-division repair: 25885 nodes, 25162 edges (geometric_candidates = 171, deepcenter_rejected = 117, post_veto_candidates = 54, added = 49, cap_skipped = 0, mutual_nn_rejected = 63, divergence_rejected = 476)\n"}
,{"stream_name":"stdout","time":1059.65486725,"data":"[44b6_0113de3b] after division-geometry-filter+prune-isolated: 25883 nodes, 25162 edges\n"}
,{"stream_name":"stdout","time":1059.654876247,"data":"[44b6_0113de3b] after short-track filtering: 25648 nodes, 24979 edges (components_removed = 52)\n"}
,{"stream_name":"stdout","time":1064.480666175,"data":"[44b6_0113de3b] FINAL: 25648 nodes, 24979 edges\n"}
,{"stream_name":"stdout","time":1064.975497279,"data":"[44b6_0b24845f] after edge-filter+motion-relink: 22491 nodes, 20143 edges\n"}
,{"stream_name":"stdout","time":1082.89342829,"data":"[44b6_0b24845f] after gap-closing (single-frame + gap2): 22922 nodes, 20929 edges\n"}
,{"stream_name":"stdout","time":1109.363837245,"data":"[44b6_0b24845f] after safe-division repair: 22922 nodes, 20958 edges (geometric_candidates = 260, deepcenter_rejected = 227, post_veto_candidates = 33, added = 29, cap_skipped = 0, mutual_nn_rejected = 68, divergence_rejected = 1037)\n"}
,{"stream_name":"stdout","time":1109.363882076,"data":"[44b6_0b24845f] after division-geometry-filter+prune-isolated: 22922 nodes, 20958 edges\n"}
,{"stream_name":"stdout","time":1109.363886898,"data":"[44b6_0b24845f] after short-track filtering: 20501 nodes, 19080 edges (components_removed = 543)\n"}
,{"stream_name":"stdout","time":1113.104503282,"data":"[44b6_0b24845f] FINAL: 20501 nodes, 19080 edges\n"}
,{"stream_name":"stdout","time":1113.501330353,"data":"[6bba_05b6850b] after edge-filter+motion-relink: 6305 nodes, 6012 edges\n"}
,{"stream_name":"stdout","time":1114.908671467,"data":"[6bba_05b6850b] after gap-closing (single-frame + gap2): 6338 nodes, 6072 edges\n"}
,{"stream_name":"stdout","time":1120.917174347,"data":"[6bba_05b6850b] after safe-division repair: 6338 nodes, 6082 edges (geometric_candidates = 22, deepcenter_rejected = 12, post_veto_candidates = 10, added = 10, cap_skipped = 0, mutual_nn_rejected = 5, divergence_rejected = 91)\n"}
,{"stream_name":"stdout","time":1120.917229934,"data":"[6bba_05b6850b] after division-geometry-filter+prune-isolated: 6337 nodes, 6082 edges\n"}
,{"stream_name":"stdout","time":1120.917249174,"data":"[6bba_05b6850b] after short-track filtering: 6106 nodes, 5902 edges (components_removed = 51)\n"}
,{"stream_name":"stdout","time":1122.033660623,"data":"[6bba_05b6850b] FINAL: 6106 nodes, 5902 edges\n"}
,{"stream_name":"stdout","time":1122.976241571,"data":"[6bba_05db0fb1] after edge-filter+motion-relink: 70687 nodes, 67238 edges\n"}
,{"stream_name":"stdout","time":1141.11433394,"data":"[6bba_05db0fb1] after gap-closing (single-frame + gap2): 71224 nodes, 68252 edges\n"}
,{"stream_name":"stdout","time":1169.14041933,"data":"[6bba_05db0fb1] after safe-division repair: 71224 nodes, 68298 edges (geometric_candidates = 401, deepcenter_rejected = 354, post_veto_candidates = 47, added = 46, cap_skipped = 0, mutual_nn_rejected = 628, divergence_rejected = 3152)\n"}
,{"stream_name":"stdout","time":1169.140464992,"data":"[6bba_05db0fb1] after division-geometry-filter+prune-isolated: 71223 nodes, 68298 edges\n"}
,{"stream_name":"stdout","time":1169.391673235,"data":"[6bba_05db0fb1] after short-track filtering: 69753 nodes, 67147 edges (components_removed = 319)\n"}
,{"stream_name":"stdout","time":1182.041048077,"data":"[6bba_05db0fb1] FINAL: 69753 nodes, 67147 edges\n"}
,{"stream_name":"stdout","time":1182.47212023,"data":"Wrote /kaggle/working/submission.csv with 239,116 rows\n"}
,{"stream_name":"stdout","time":1182.472149013,"data":"Node rows: 122,008 | edge rows: 117,108\n"}
,{"stream_name":"stdout","time":1182.472155221,"data":"Wrote /kaggle/working/run_stats.csv\n"}
,{"stream_name":"stdout","time":1220.690741198,"data":"/usr/local/lib/python3.12/dist-packages/dask/array/image.py:7: FutureWarning: `find_available_plugins` is deprecated since version 0.25 and will be removed in version 0.27. The plugin infrastructure of `skimage.io` is deprecated. Instead, use `imageio` or other I/O packages directly.\n"}
,{"stream_name":"stdout","time":1220.692200666,"data":"  from skimage.io import imread as sk_imread\n"}
,{"stream_name":"stdout","time":1220.69344514,"data":"/usr/lib/python3.12/importlib/__init__.py:90: FutureWarning: `reset_plugins` is deprecated since version 0.25 and will be removed in version 0.27. The plugin infrastructure of `skimage.io` is deprecated. Instead, use `imageio` or other I/O packages directly.\n"}
,{"stream_name":"stdout","time":1220.694604569,"data":"  return _bootstrap._gcd_import(name[level:], package, level)\n"}
,{"stream_name":"stdout","time":1220.695636181,"data":"/usr/local/lib/python3.12/dist-packages/dask/array/image.py:7: FutureWarning: `find_available_plugins` is deprecated since version 0.25 and will be removed in version 0.27. The plugin infrastructure of `skimage.io` is deprecated. Instead, use `imageio` or other I/O packages directly.\n"}
,{"stream_name":"stdout","time":1220.696969585,"data":"  from skimage.io import imread as sk_imread\n"}
,{"stream_name":"stdout","time":1220.698098859,"data":"/usr/lib/python3.12/importlib/__init__.py:90: FutureWarning: `reset_plugins` is deprecated since version 0.25 and will be removed in version 0.27. The plugin infrastructure of `skimage.io` is deprecated. Instead, use `imageio` or other I/O packages directly.\n"}
,{"stream_name":"stdout","time":1220.699174079,"data":"  return _bootstrap._gcd_import(name[level:], package, level)\n"}
,{"stream_name":"stdout","time":1221.202306443,"data":"Secondary model: /kaggle/working/secondary_seed_weights/unet_transformer/split_0/edge_predictor_best.pth | edge weight = 0.150 | detection weight = 0.800 | link mode = low_margin_consensus | temperature = 1.000 | low-margin max = 0.350 | edge threshold = 0.480\n"}
,{"stream_name":"stdout","time":1221.203454615,"data":"Fold 0: 4 datasets | weights=weights/unet_transformer/split_0/edge_predictor_best.pth | device=cuda | window_size=2 | pool_kernel_um=3.0\n"}
,{"stream_name":"stdout","time":1221.243165606,"data":"Secondary model: /kaggle/working/secondary_seed_weights/unet_transformer/split_0/edge_predictor_best.pth | edge weight = 0.150 | detection weight = 0.800 | link mode = low_margin_consensus | temperature = 1.000 | low-margin max = 0.350 | edge threshold = 0.480\n"}
,{"stream_name":"stdout","time":1221.244142771,"data":"Fold 0: 4 datasets | weights=weights/unet_transformer/split_0/edge_predictor_best.pth | device=cuda | window_size=2 | pool_kernel_um=3.0\n"}
,{"stream_name":"stdout","time":1222.592902881,"data":"EDGE_TTA_ACTIVE views = 8 mean_abs_feat_delta = 0.392767\n"}
,{"stream_name":"stdout","time":1222.747606845,"data":"EDGE_TTA_ACTIVE views = 8 mean_abs_feat_delta = 0.34981\n"}
,{"stream_name":"stdout","time":1223.492758361,"data":"SECONDARY_EDGE_TTA_ACTIVE views = 8 weight = 0.75 mean_abs_feat_delta = 0.25325\n"}
,{"stream_name":"stdout","time":1223.720878024,"data":"SECONDARY_EDGE_TTA_ACTIVE views = 8 weight = 0.75 mean_abs_feat_delta = 0.248181\n"}
,{"stream_name":"stdout","time":1225.116855299,"data":"EDGE_TTA_ACTIVE views = 8 mean_abs_feat_delta = 0.399438\n"}
,{"stream_name":"stdout","time":1225.366782524,"data":"EDGE_TTA_ACTIVE views = 8 mean_abs_feat_delta = 0.348323\n"}
,{"stream_name":"stdout","time":1226.004783282,"data":"SECONDARY_EDGE_TTA_ACTIVE views = 8 weight = 0.75 mean_abs_feat_delta = 0.251396\n"}
,{"stream_name":"stdout","time":1226.342455641,"data":"SECONDARY_EDGE_TTA_ACTIVE views = 8 weight = 0.75 mean_abs_feat_delta = 0.247023\n"}
,{"stream_name":"stdout","time":1226.97560102,"data":"EDGE_TTA_ACTIVE views = 8 mean_abs_feat_delta = 0.403568\n"}
,{"stream_name":"stdout","time":1227.486341241,"data":"EDGE_TTA_ACTIVE views = 8 mean_abs_feat_delta = 0.347872\n"}
,{"stream_name":"stdout","time":1227.867733789,"data":"SECONDARY_EDGE_TTA_ACTIVE views = 8 weight = 0.75 mean_abs_feat_delta = 0.261829\n"}
,{"stream_name":"stdout","time":1228.471756551,"data":"SECONDARY_EDGE_TTA_ACTIVE views = 8 weight = 0.75 mean_abs_feat_delta = 0.246602\n"}
,{"stream_name":"stdout","time":1228.902324634,"data":"EDGE_TTA_ACTIVE views = 8 mean_abs_feat_delta = 0.396848\n"}
,{"stream_name":"stdout","time":1229.665369829,"data":"EDGE_TTA_ACTIVE views = 8 mean_abs_feat_delta = 0.351487\n"}
,{"stream_name":"stdout","time":1229.799594502,"data":"SECONDARY_EDGE_TTA_ACTIVE views = 8 weight = 0.75 mean_abs_feat_delta = 0.263394\n"}
,{"stream_name":"stdout","time":1230.652859727,"data":"SECONDARY_EDGE_TTA_ACTIVE views = 8 weight = 0.75 mean_abs_feat_delta = 0.246793\n"}
,{"stream_name":"stdout","time":1230.812410009,"data":"EDGE_TTA_ACTIVE views = 8 mean_abs_feat_delta = 0.405804\n"}
,{"stream_name":"stdout","time":1231.713207672,"data":"SECONDARY_EDGE_TTA_ACTIVE views = 8 weight = 0.75 mean_abs_feat_delta = 0.265155\n"}
,{"stream_name":"stdout","time":1231.835382513,"data":"EDGE_TTA_ACTIVE views = 8 mean_abs_feat_delta = 0.349843\n"}
,{"stream_name":"stdout","time":1232.768123666,"data":"EDGE_TTA_ACTIVE views = 8 mean_abs_feat_delta = 0.406637\n"}
,{"stream_name":"stdout","time":1232.827967666,"data":"SECONDARY_EDGE_TTA_ACTIVE views = 8 weight = 0.75 mean_abs_feat_delta = 0.248773\n"}
,{"stream_name":"stdout","time":1233.666953274,"data":"SECONDARY_EDGE_TTA_ACTIVE views = 8 weight = 0.75 mean_abs_feat_delta = 0.26828\n"}
,{"stream_name":"stdout","time":1234.129980817,"data":"EDGE_TTA_ACTIVE views = 8 mean_abs_feat_delta = 0.348101\n"}
,{"stream_name":"stdout","time":1234.71333932,"data":"EDGE_TTA_ACTIVE views = 8 mean_abs_feat_delta = 0.406976\n"}
,{"stream_name":"stdout","time":1235.12802976,"data":"SECONDARY_EDGE_TTA_ACTIVE views = 8 weight = 0.75 mean_abs_feat_delta = 0.251248\n"}
,{"stream_name":"stdout","time":1235.615589225,"data":"SECONDARY_EDGE_TTA_ACTIVE views = 8 weight = 0.75 mean_abs_feat_delta = 0.266278\n"}
,{"stream_name":"stdout","time":1236.288727241,"data":"EDGE_TTA_ACTIVE views = 8 mean_abs_feat_delta = 0.351882\n"}
,{"stream_name":"stdout","time":1236.62776854,"data":"EDGE_TTA_ACTIVE views = 8 mean_abs_feat_delta = 0.402713\n"}
,{"stream_name":"stdout","time":1237.290733006,"data":"SECONDARY_EDGE_TTA_ACTIVE views = 8 weight = 0.75 mean_abs_feat_delta = 0.248045\n"}
,{"stream_name":"stdout","time":1237.533730486,"data":"SECONDARY_EDGE_TTA_ACTIVE views = 8 weight = 0.75 mean_abs_feat_delta = 0.265313\n"}
,{"stream_name":"stdout","time":1238.439837535,"data":"EDGE_TTA_ACTIVE views = 8 mean_abs_feat_delta = 0.352461\n"}
,{"stream_name":"stdout","time":1238.612405036,"data":"EDGE_TTA_ACTIVE views = 8 mean_abs_feat_delta = 0.409078\n"}
,{"stream_name":"stdout","time":1239.448084416,"data":"SECONDARY_EDGE_TTA_ACTIVE views = 8 weight = 0.75 mean_abs_feat_delta = 0.24889\n"}
,{"stream_name":"stdout","time":1239.523482505,"data":"SECONDARY_EDGE_TTA_ACTIVE views = 8 weight = 0.75 mean_abs_feat_delta = 0.269693\n"}
,{"stream_name":"stdout","time":1240.57876459,"data":"EDGE_TTA_ACTIVE views = 8 mean_abs_feat_delta = 0.408625\n"}
,{"stream_name":"stdout","time":1240.714526256,"data":"EDGE_TTA_ACTIVE views = 8 mean_abs_feat_delta = 0.352873\n"}
,{"stream_name":"stdout","time":1241.491444,"data":"SECONDARY_EDGE_TTA_ACTIVE views = 8 weight = 0.75 mean_abs_feat_delta = 0.268201\n"}
,{"stream_name":"stdout","time":1241.723590077,"data":"SECONDARY_EDGE_TTA_ACTIVE views = 8 weight = 0.75 mean_abs_feat_delta = 0.252126\n"}
,{"stream_name":"stdout","time":1242.488561711,"data":"EDGE_TTA_ACTIVE views = 8 mean_abs_feat_delta = 0.39904\n"}
,{"stream_name":"stdout","time":1242.933903657,"data":"EDGE_TTA_ACTIVE views = 8 mean_abs_feat_delta = 0.354101\n"}
,{"stream_name":"stdout","time":1243.405378234,"data":"SECONDARY_EDGE_TTA_ACTIVE views = 8 weight = 0.75 mean_abs_feat_delta = 0.270173\n"}
,{"stream_name":"stdout","time":1243.948897857,"data":"SECONDARY_EDGE_TTA_ACTIVE views = 8 weight = 0.75 mean_abs_feat_delta = 0.254643\n"}
,{"stream_name":"stdout","time":1244.442154923,"data":"EDGE_TTA_ACTIVE views = 8 mean_abs_feat_delta = 0.400016\n"}
,{"stream_name":"stdout","time":1245.13912056,"data":"EDGE_TTA_ACTIVE views = 8 mean_abs_feat_delta = 0.353493\n"}
,{"stream_name":"stdout","time":1245.36021113,"data":"SECONDARY_EDGE_TTA_ACTIVE views = 8 weight = 0.75 mean_abs_feat_delta = 0.274836\n"}
,{"stream_name":"stdout","time":1246.168522059,"data":"SECONDARY_EDGE_TTA_ACTIVE views = 8 weight = 0.75 mean_abs_feat_delta = 0.252923\n"}
,{"stream_name":"stdout","time":1246.401456969,"data":"EDGE_TTA_ACTIVE views = 8 mean_abs_feat_delta = 0.392897\n"}
,{"stream_name":"stdout","time":1247.336041564,"data":"SECONDARY_EDGE_TTA_ACTIVE views = 8 weight = 0.75 mean_abs_feat_delta = 0.275465\n"}
,{"stream_name":"stdout","time":1247.362038589,"data":"EDGE_TTA_ACTIVE views = 8 mean_abs_feat_delta = 0.351325\n"}
,{"stream_name":"stdout","time":1248.385273841,"data":"SECONDARY_EDGE_TTA_ACTIVE views = 8 weight = 0.75 mean_abs_feat_delta = 0.254734\n"}
,{"stream_name":"stdout","time":1248.405022117,"data":"EDGE_TTA_ACTIVE views = 8 mean_abs_feat_delta = 0.386155\n"}
,{"stream_name":"stdout","time":1249.337436431,"data":"SECONDARY_EDGE_TTA_ACTIVE views = 8 weight = 0.75 mean_abs_feat_delta = 0.276966\n"}
,{"stream_name":"stdout","time":1249.547753037,"data":"EDGE_TTA_ACTIVE views = 8 mean_abs_feat_delta = 0.348177\n"}
,{"stream_name":"stdout","time":1250.411903526,"data":"EDGE_TTA_ACTIVE views = 8 mean_abs_feat_delta = 0.384551\n"}
,{"stream_name":"stdout","time":1250.576943588,"data":"SECONDARY_EDGE_TTA_ACTIVE views = 8 weight = 0.75 mean_abs_feat_delta = 0.253579\n"}
,{"stream_name":"stdout","time":1251.411639353,"data":"SECONDARY_EDGE_TTA_ACTIVE views = 8 weight = 0.75 mean_abs_feat_delta = 0.281272\n"}
,{"stream_name":"stdout","time":1251.765504326,"data":"EDGE_TTA_ACTIVE views = 8 mean_abs_feat_delta = 0.350577\n"}
,{"stream_name":"stdout","time":1252.378466416,"data":"EDGE_TTA_ACTIVE views = 8 mean_abs_feat_delta = 0.380346\n"}
,{"stream_name":"stdout","time":1252.798205592,"data":"SECONDARY_EDGE_TTA_ACTIVE views = 8 weight = 0.75 mean_abs_feat_delta = 0.25103\n"}
,{"stream_name":"stdout","time":1253.314068915,"data":"SECONDARY_EDGE_TTA_ACTIVE views = 8 weight = 0.75 mean_abs_feat_delta = 0.285887\n"}
,{"stream_name":"stdout","time":1254.028452945,"data":"EDGE_TTA_ACTIVE views = 8 mean_abs_feat_delta = 0.351302\n"}
,{"stream_name":"stdout","time":1254.370444628,"data":"EDGE_TTA_ACTIVE views = 8 mean_abs_feat_delta = 0.37911\n"}
,{"stream_name":"stdout","time":1255.062541657,"data":"SECONDARY_EDGE_TTA_ACTIVE views = 8 weight = 0.75 mean_abs_feat_delta = 0.25233\n"}
,{"stream_name":"stdout","time":1255.308743742,"data":"SECONDARY_EDGE_TTA_ACTIVE views = 8 weight = 0.75 mean_abs_feat_delta = 0.286323\n"}
,{"stream_name":"stdout","time":1256.266654712,"data":"EDGE_TTA_ACTIVE views = 8 mean_abs_feat_delta = 0.349328\n"}
,{"stream_name":"stdout","time":1256.448969555,"data":"EDGE_TTA_ACTIVE views = 8 mean_abs_feat_delta = 0.388444\n"}
,{"stream_name":"stdout","time":1257.303117269,"data":"SECONDARY_EDGE_TTA_ACTIVE views = 8 weight = 0.75 mean_abs_feat_delta = 0.251184\n"}
,{"stream_name":"stdout","time":1257.388668197,"data":"SECONDARY_EDGE_TTA_ACTIVE views = 8 weight = 0.75 mean_abs_feat_delta = 0.289269\n"}
,{"stream_name":"stdout","time":1258.434364457,"data":"EDGE_TTA_ACTIVE views = 8 mean_abs_feat_delta = 0.38137\n"}
,{"stream_name":"stdout","time":1258.518788298,"data":"EDGE_TTA_ACTIVE views = 8 mean_abs_feat_delta = 0.347529\n"}
,{"stream_name":"stdout","time":1259.38027356,"data":"SECONDARY_EDGE_TTA_ACTIVE views = 8 weight = 0.75 mean_abs_feat_delta = 0.293139\n"}
,{"stream_name":"stdout","time":1259.559169613,"data":"SECONDARY_EDGE_TTA_ACTIVE views = 8 weight = 0.75 mean_abs_feat_delta = 0.24962\n"}
,{"stream_name":"stdout","time":1260.471215734,"data":"EDGE_TTA_ACTIVE views = 8 mean_abs_feat_delta = 0.380845\n"}
,{"stream_name":"stdout","time":1260.767108389,"data":"EDGE_TTA_ACTIVE views = 8 mean_abs_feat_delta = 0.34733\n"}
,{"stream_name":"stdout","time":1261.417178246,"data":"SECONDARY_EDGE_TTA_ACTIVE views = 8 weight = 0.75 mean_abs_feat_delta = 0.293928\n"}
,{"stream_name":"stdout","time":1261.808804393,"data":"SECONDARY_EDGE_TTA_ACTIVE views = 8 weight = 0.75 mean_abs_feat_delta = 0.253407\n"}
,{"stream_name":"stdout","time":1262.480605686,"data":"EDGE_TTA_ACTIVE views = 8 mean_abs_feat_delta = 0.378817\n"}
,{"stream_name":"stdout","time":1263.075681646,"data":"EDGE_TTA_ACTIVE views = 8 mean_abs_feat_delta = 0.346983\n"}
,{"stream_name":"stdout","time":1263.425466503,"data":"SECONDARY_EDGE_TTA_ACTIVE views = 8 weight = 0.75 mean_abs_feat_delta = 0.297484\n"}
,{"stream_name":"stdout","time":1264.112363608,"data":"SECONDARY_EDGE_TTA_ACTIVE views = 8 weight = 0.75 mean_abs_feat_delta = 0.2512\n"}
,{"stream_name":"stdout","time":1264.551666526,"data":"EDGE_TTA_ACTIVE views = 8 mean_abs_feat_delta = 0.370246\n"}
,{"stream_name":"stdout","time":1265.283275449,"data":"EDGE_TTA_ACTIVE views = 8 mean_abs_feat_delta = 0.343153\n"}
,{"stream_name":"stdout","time":1265.50123228,"data":"SECONDARY_EDGE_TTA_ACTIVE views = 8 weight = 0.75 mean_abs_feat_delta = 0.295002\n"}
,{"stream_name":"stdout","time":1266.313771456,"data":"SECONDARY_EDGE_TTA_ACTIVE views = 8 weight = 0.75 mean_abs_feat_delta = 0.24607\n"}
,{"stream_name":"stdout","time":1266.658646052,"data":"EDGE_TTA_ACTIVE views = 8 mean_abs_feat_delta = 0.364454\n"}
,{"stream_name":"stdout","time":1267.561084356,"data":"EDGE_TTA_ACTIVE views = 8 mean_abs_feat_delta = 0.343379\n"}
,{"stream_name":"stdout","time":1267.607767852,"data":"SECONDARY_EDGE_TTA_ACTIVE views = 8 weight = 0.75 mean_abs_feat_delta = 0.297522\n"}
,{"stream_name":"stdout","time":1268.587958948,"data":"SECONDARY_EDGE_TTA_ACTIVE views = 8 weight = 0.75 mean_abs_feat_delta = 0.246416\n"}
,{"stream_name":"stdout","time":1268.74030207,"data":"EDGE_TTA_ACTIVE views = 8 mean_abs_feat_delta = 0.372022\n"}
,{"stream_name":"stdout","time":1269.687658743,"data":"SECONDARY_EDGE_TTA_ACTIVE views = 8 weight = 0.75 mean_abs_feat_delta = 0.294151\n"}
,{"stream_name":"stdout","time":1269.748052873,"data":"EDGE_TTA_ACTIVE views = 8 mean_abs_feat_delta = 0.345181\n"}
,{"stream_name":"stdout","time":1270.733572176,"data":"EDGE_TTA_ACTIVE views = 8 mean_abs_feat_delta = 0.367153\n"}
,{"stream_name":"stdout","time":1270.772277787,"data":"SECONDARY_EDGE_TTA_ACTIVE views = 8 weight = 0.75 mean_abs_feat_delta = 0.248144\n"}
,{"stream_name":"stdout","time":1270.776421305,"data":"BIOHUB_RETENTION_GUARD {\"blended_candidates\": 431, \"dataset\": \"44b6_12dfb391\", \"frame\": 22, \"minimum_retention\": 0.9, \"primary_candidates\": 484, \"retention\": 0.890495867768595, \"use_primary\": true}\n"}
,{"stream_name":"stdout","time":1271.682352348,"data":"SECONDARY_EDGE_TTA_ACTIVE views = 8 weight = 0.75 mean_abs_feat_delta = 0.291229\n"}
,{"stream_name":"stdout","time":1271.97201928,"data":"EDGE_TTA_ACTIVE views = 8 mean_abs_feat_delta = 0.343644\n"}
,{"stream_name":"stdout","time":1272.725732049,"data":"EDGE_TTA_ACTIVE views = 8 mean_abs_feat_delta = 0.366124\n"}
,{"stream_name":"stdout","time":1272.988230749,"data":"SECONDARY_EDGE_TTA_ACTIVE views = 8 weight = 0.75 mean_abs_feat_delta = 0.251758\n"}
,{"stream_name":"stdout","time":1272.991825368,"data":"BIOHUB_RETENTION_GUARD {\"blended_candidates\": 433, \"dataset\": \"44b6_12dfb391\", \"frame\": 23, \"minimum_retention\": 0.9, \"primary_candidates\": 484, \"retention\": 0.8946280991735537, \"use_primary\": true}\n"}
,{"stream_name":"stdout","time":1273.673709598,"data":"SECONDARY_EDGE_TTA_ACTIVE views = 8 weight = 0.75 mean_abs_feat_delta = 0.288452\n"}
,{"stream_name":"stdout","time":1274.216975693,"data":"EDGE_TTA_ACTIVE views = 8 mean_abs_feat_delta = 0.346576\n"}
,{"stream_name":"stdout","time":1274.727214359,"data":"EDGE_TTA_ACTIVE views = 8 mean_abs_feat_delta = 0.36912\n"}
,{"stream_name":"stdout","time":1275.228414622,"data":"SECONDARY_EDGE_TTA_ACTIVE views = 8 weight = 0.75 mean_abs_feat_delta = 0.255124\n"}
,{"stream_name":"stdout","time":1275.67850576,"data":"SECONDARY_EDGE_TTA_ACTIVE views = 8 weight = 0.75 mean_abs_feat_delta = 0.291278\n"}
,{"stream_name":"stdout","time":1276.451996987,"data":"EDGE_TTA_ACTIVE views = 8 mean_abs_feat_delta = 0.351385\n"}
,{"stream_name":"stdout","time":1276.732978816,"data":"EDGE_TTA_ACTIVE views = 8 mean_abs_feat_delta = 0.364666\n"}
,{"stream_name":"stdout","time":1277.463812902,"data":"SECONDARY_EDGE_TTA_ACTIVE views = 8 weight = 0.75 mean_abs_feat_delta = 0.253738\n"}
,{"stream_name":"stdout","time":1277.684472903,"data":"SECONDARY_EDGE_TTA_ACTIVE views = 8 weight = 0.75 mean_abs_feat_delta = 0.28858\n"}
,{"stream_name":"stdout","time":1278.646739349,"data":"EDGE_TTA_ACTIVE views = 8 mean_abs_feat_delta = 0.352556\n"}
,{"stream_name":"stdout","time":1278.799381304,"data":"EDGE_TTA_ACTIVE views = 8 mean_abs_feat_delta = 0.35307\n"}
,{"stream_name":"stdout","time":1279.651878773,"data":"SECONDARY_EDGE_TTA_ACTIVE views = 8 weight = 0.75 mean_abs_feat_delta = 0.254963\n"}
,{"stream_name":"stdout","time":1279.755211431,"data":"SECONDARY_EDGE_TTA_ACTIVE views = 8 weight = 0.75 mean_abs_feat_delta = 0.279262\n"}
,{"stream_name":"stdout","time":1280.85164816,"data":"EDGE_TTA_ACTIVE views = 8 mean_abs_feat_delta = 0.350435\n"}
,{"stream_name":"stdout","time":1280.869027462,"data":"EDGE_TTA_ACTIVE views = 8 mean_abs_feat_delta = 0.342104\n"}
,{"stream_name":"stdout","time":1281.899677151,"data":"SECONDARY_EDGE_TTA_ACTIVE views = 8 weight = 0.75 mean_abs_feat_delta = 0.277317\n"}
,{"stream_name":"stdout","time":1281.899703758,"data":"SECONDARY_EDGE_TTA_ACTIVE views = 8 weight = 0.75 mean_abs_feat_delta = 0.253821\n"}
,{"stream_name":"stdout","time":1281.899942155,"data":"BIOHUB_RETENTION_GUARD {\"blended_candidates\": 451, \"dataset\": \"44b6_12dfb391\", \"frame\": 27, \"minimum_retention\": 0.9, \"primary_candidates\": 504, \"retention\": 0.8948412698412699, \"use_primary\": true}\n"}
,{"stream_name":"stdout","time":1282.950300723,"data":"EDGE_TTA_ACTIVE views = 8 mean_abs_feat_delta = 0.340484\n"}
,{"stream_name":"stdout","time":1283.07389289,"data":"EDGE_TTA_ACTIVE views = 8 mean_abs_feat_delta = 0.351638\n"}
,{"stream_name":"stdout","time":1283.903431448,"data":"SECONDARY_EDGE_TTA_ACTIVE views = 8 weight = 0.75 mean_abs_feat_delta = 0.289551\n"}
,{"stream_name":"stdout","time":1284.077625845,"data":"SECONDARY_EDGE_TTA_ACTIVE views = 8 weight = 0.75 mean_abs_feat_delta = 0.252121\n"}
,{"stream_name":"stdout","time":1284.934408347,"data":"EDGE_TTA_ACTIVE views = 8 mean_abs_feat_delta = 0.356776\n"}
,{"stream_name":"stdout","time":1285.322520656,"data":"EDGE_TTA_ACTIVE views = 8 mean_abs_feat_delta = 0.3532\n"}
,{"stream_name":"stdout","time":1285.885049456,"data":"SECONDARY_EDGE_TTA_ACTIVE views = 8 weight = 0.75 mean_abs_feat_delta = 0.298782\n"}
,{"stream_name":"stdout","time":1286.322077885,"data":"SECONDARY_EDGE_TTA_ACTIVE views = 8 weight = 0.75 mean_abs_feat_delta = 0.254307\n"}
,{"stream_name":"stdout","time":1286.963447571,"data":"EDGE_TTA_ACTIVE views = 8 mean_abs_feat_delta = 0.355165\n"}
,{"stream_name":"stdout","time":1287.527422068,"data":"EDGE_TTA_ACTIVE views = 8 mean_abs_feat_delta = 0.350487\n"}
,{"stream_name":"stdout","time":1287.914849224,"data":"SECONDARY_EDGE_TTA_ACTIVE views = 8 weight = 0.75 mean_abs_feat_delta = 0.295177\n"}
,{"stream_name":"stdout","time":1288.523283512,"data":"SECONDARY_EDGE_TTA_ACTIVE views = 8 weight = 0.75 mean_abs_feat_delta = 0.254731\n"}
,{"stream_name":"stdout","time":1288.994238521,"data":"EDGE_TTA_ACTIVE views = 8 mean_abs_feat_delta = 0.355677\n"}
,{"stream_name":"stdout","time":1289.670691611,"data":"EDGE_TTA_ACTIVE views = 8 mean_abs_feat_delta = 0.348036\n"}
,{"stream_name":"stdout","time":1289.946582316,"data":"SECONDARY_EDGE_TTA_ACTIVE views = 8 weight = 0.75 mean_abs_feat_delta = 0.303441\n"}
,{"stream_name":"stdout","time":1290.669163191,"data":"SECONDARY_EDGE_TTA_ACTIVE views = 8 weight = 0.75 mean_abs_feat_delta = 0.251975\n"}
,{"stream_name":"stdout","time":1291.022277551,"data":"EDGE_TTA_ACTIVE views = 8 mean_abs_feat_delta = 0.358773\n"}
,{"stream_name":"stdout","time":1291.834862261,"data":"EDGE_TTA_ACTIVE views = 8 mean_abs_feat_delta = 0.346153\n"}
,{"stream_name":"stdout","time":1291.978677167,"data":"SECONDARY_EDGE_TTA_ACTIVE views = 8 weight = 0.75 mean_abs_feat_delta = 0.292043\n"}
,{"stream_name":"stdout","time":1292.829802684,"data":"SECONDARY_EDGE_TTA_ACTIVE views = 8 weight = 0.75 mean_abs_feat_delta = 0.2518\n"}
,{"stream_name":"stdout","time":1293.103094459,"data":"EDGE_TTA_ACTIVE views = 8 mean_abs_feat_delta = 0.357316\n"}
,{"stream_name":"stdout","time":1294.056174989,"data":"SECONDARY_EDGE_TTA_ACTIVE views = 8 weight = 0.75 mean_abs_feat_delta = 0.28185\n"}
,{"stream_name":"stdout","time":1294.059647359,"data":"EDGE_TTA_ACTIVE views = 8 mean_abs_feat_delta = 0.343208\n"}
,{"stream_name":"stdout","time":1295.054770412,"data":"SECONDARY_EDGE_TTA_ACTIVE views = 8 weight = 0.75 mean_abs_feat_delta = 0.253283\n"}
,{"stream_name":"stdout","time":1295.211575062,"data":"EDGE_TTA_ACTIVE views = 8 mean_abs_feat_delta = 0.358984\n"}
,{"stream_name":"stdout","time":1296.171382016,"data":"SECONDARY_EDGE_TTA_ACTIVE views = 8 weight = 0.75 mean_abs_feat_delta = 0.283606\n"}
,{"stream_name":"stdout","time":1296.263489944,"data":"EDGE_TTA_ACTIVE views = 8 mean_abs_feat_delta = 0.345655\n"}
,{"stream_name":"stdout","time":1297.256881486,"data":"SECONDARY_EDGE_TTA_ACTIVE views = 8 weight = 0.75 mean_abs_feat_delta = 0.249597\n"}
,{"stream_name":"stdout","time":1297.291672207,"data":"EDGE_TTA_ACTIVE views = 8 mean_abs_feat_delta = 0.372369\n"}
,{"stream_name":"stdout","time":1298.247597356,"data":"SECONDARY_EDGE_TTA_ACTIVE views = 8 weight = 0.75 mean_abs_feat_delta = 0.287079\n"}
,{"stream_name":"stdout","time":1298.512446247,"data":"EDGE_TTA_ACTIVE views = 8 mean_abs_feat_delta = 0.348487\n"}
,{"stream_name":"stdout","time":1299.339426161,"data":"EDGE_TTA_ACTIVE views = 8 mean_abs_feat_delta = 0.382121\n"}
,{"stream_name":"stdout","time":1299.503787999,"data":"SECONDARY_EDGE_TTA_ACTIVE views = 8 weight = 0.75 mean_abs_feat_delta = 0.249809\n"}
,{"stream_name":"stdout","time":1299.507967363,"data":"BIOHUB_RETENTION_GUARD {\"blended_candidates\": 449, \"dataset\": \"44b6_12dfb391\", \"frame\": 35, \"minimum_retention\": 0.9, \"primary_candidates\": 506, \"retention\": 0.8873517786561265, \"use_primary\": true}\n"}
,{"stream_name":"stdout","time":1300.296700037,"data":"SECONDARY_EDGE_TTA_ACTIVE views = 8 weight = 0.75 mean_abs_feat_delta = 0.288642\n"}
,{"stream_name":"stdout","time":1300.80432351,"data":"EDGE_TTA_ACTIVE views = 8 mean_abs_feat_delta = 0.348239\n"}
,{"stream_name":"stdout","time":1301.398328785,"data":"EDGE_TTA_ACTIVE views = 8 mean_abs_feat_delta = 0.389142\n"}
,{"stream_name":"stdout","time":1301.796375118,"data":"SECONDARY_EDGE_TTA_ACTIVE views = 8 weight = 0.75 mean_abs_feat_delta = 0.253116\n"}
,{"stream_name":"stdout","time":1301.800062899,"data":"BIOHUB_RETENTION_GUARD {\"blended_candidates\": 452, \"dataset\": \"44b6_12dfb391\", \"frame\": 36, \"minimum_retention\": 0.9, \"primary_candidates\": 510, \"retention\": 0.8862745098039215, \"use_primary\": true}\n"}
,{"stream_name":"stdout","time":1302.358283765,"data":"SECONDARY_EDGE_TTA_ACTIVE views = 8 weight = 0.75 mean_abs_feat_delta = 0.300535\n"}
,{"stream_name":"stdout","time":1303.036878027,"data":"EDGE_TTA_ACTIVE views = 8 mean_abs_feat_delta = 0.347637\n"}
,{"stream_name":"stdout","time":1303.448253571,"data":"EDGE_TTA_ACTIVE views = 8 mean_abs_feat_delta = 0.415695\n"}
,{"stream_name":"stdout","time":1304.028902865,"data":"SECONDARY_EDGE_TTA_ACTIVE views = 8 weight = 0.75 mean_abs_feat_delta = 0.255726\n"}
,{"stream_name":"stdout","time":1304.033302272,"data":"BIOHUB_RETENTION_GUARD {\"blended_candidates\": 459, \"dataset\": \"44b6_12dfb391\", \"frame\": 37, \"minimum_retention\": 0.9, \"primary_candidates\": 517, \"retention\": 0.8878143133462283, \"use_primary\": true}\n"}
,{"stream_name":"stdout","time":1304.410148971,"data":"SECONDARY_EDGE_TTA_ACTIVE views = 8 weight = 0.75 mean_abs_feat_delta = 0.294357\n"}
,{"stream_name":"stdout","time":1305.313746734,"data":"EDGE_TTA_ACTIVE views = 8 mean_abs_feat_delta = 0.347183\n"}
,{"stream_name":"stdout","time":1305.510351173,"data":"EDGE_TTA_ACTIVE views = 8 mean_abs_feat_delta = 0.401917\n"}
,{"stream_name":"stdout","time":1306.305408108,"data":"SECONDARY_EDGE_TTA_ACTIVE views = 8 weight = 0.75 mean_abs_feat_delta = 0.255591\n"}
,{"stream_name":"stdout","time":1306.472916953,"data":"SECONDARY_EDGE_TTA_ACTIVE views = 8 weight = 0.75 mean_abs_feat_delta = 0.293557\n"}
,{"stream_name":"stdout","time":1307.470198693,"data":"EDGE_TTA_ACTIVE views = 8 mean_abs_feat_delta = 0.347762\n"}
,{"stream_name":"stdout","time":1307.604881079,"data":"EDGE_TTA_ACTIVE views = 8 mean_abs_feat_delta = 0.408829\n"}
,{"stream_name":"stdout","time":1308.465226063,"data":"SECONDARY_EDGE_TTA_ACTIVE views = 8 weight = 0.75 mean_abs_feat_delta = 0.252775\n"}
,{"stream_name":"stdout","time":1308.57596718,"data":"SECONDARY_EDGE_TTA_ACTIVE views = 8 weight = 0.75 mean_abs_feat_delta = 0.30141\n"}
,{"stream_name":"stdout","time":1309.690583825,"data":"EDGE_TTA_ACTIVE views = 8 mean_abs_feat_delta = 0.405254\n"}
,{"stream_name":"stdout","time":1309.708752283,"data":"EDGE_TTA_ACTIVE views = 8 mean_abs_feat_delta = 0.349684\n"}
,{"stream_name":"stdout","time":1310.662094675,"data":"SECONDARY_EDGE_TTA_ACTIVE views = 8 weight = 0.75 mean_abs_feat_delta = 0.297647\n"}
,{"stream_name":"stdout","time":1310.702721487,"data":"SECONDARY_EDGE_TTA_ACTIVE views = 8 weight = 0.75 mean_abs_feat_delta = 0.252485\n"}
,{"stream_name":"stdout","time":1311.783892215,"data":"EDGE_TTA_ACTIVE views = 8 mean_abs_feat_delta = 0.414187\n"}
,{"stream_name":"stdout","time":1311.897814871,"data":"EDGE_TTA_ACTIVE views = 8 mean_abs_feat_delta = 0.352443\n"}
,{"stream_name":"stdout","time":1312.831337746,"data":"SECONDARY_EDGE_TTA_ACTIVE views = 8 weight = 0.75 mean_abs_feat_delta = 0.296096\n"}
,{"stream_name":"stdout","time":1312.894714219,"data":"SECONDARY_EDGE_TTA_ACTIVE views = 8 weight = 0.75 mean_abs_feat_delta = 0.248666\n"}
,{"stream_name":"stdout","time":1313.847113004,"data":"EDGE_TTA_ACTIVE views = 8 mean_abs_feat_delta = 0.407156\n"}
,{"stream_name":"stdout","time":1314.142671499,"data":"EDGE_TTA_ACTIVE views = 8 mean_abs_feat_delta = 0.352904\n"}
,{"stream_name":"stdout","time":1314.820848417,"data":"SECONDARY_EDGE_TTA_ACTIVE views = 8 weight = 0.75 mean_abs_feat_delta = 0.296439\n"}
,{"stream_name":"stdout","time":1315.137165867,"data":"SECONDARY_EDGE_TTA_ACTIVE views = 8 weight = 0.75 mean_abs_feat_delta = 0.248396\n"}
,{"stream_name":"stdout","time":1315.935281204,"data":"EDGE_TTA_ACTIVE views = 8 mean_abs_feat_delta = 0.390532\n"}
,{"stream_name":"stdout","time":1316.328605901,"data":"EDGE_TTA_ACTIVE views = 8 mean_abs_feat_delta = 0.355994\n"}
,{"stream_name":"stdout","time":1316.908295065,"data":"SECONDARY_EDGE_TTA_ACTIVE views = 8 weight = 0.75 mean_abs_feat_delta = 0.27503\n"}
,{"stream_name":"stdout","time":1317.325472487,"data":"SECONDARY_EDGE_TTA_ACTIVE views = 8 weight = 0.75 mean_abs_feat_delta = 0.252977\n"}
,{"stream_name":"stdout","time":1318.002480914,"data":"EDGE_TTA_ACTIVE views = 8 mean_abs_feat_delta = 0.375064\n"}
,{"stream_name":"stdout","time":1318.513166404,"data":"EDGE_TTA_ACTIVE views = 8 mean_abs_feat_delta = 0.362223\n"}
,{"stream_name":"stdout","time":1318.976497108,"data":"SECONDARY_EDGE_TTA_ACTIVE views = 8 weight = 0.75 mean_abs_feat_delta = 0.274185\n"}
,{"stream_name":"stdout","time":1319.507309167,"data":"SECONDARY_EDGE_TTA_ACTIVE views = 8 weight = 0.75 mean_abs_feat_delta = 0.253495\n"}
,{"stream_name":"stdout","time":1320.091941395,"data":"EDGE_TTA_ACTIVE views = 8 mean_abs_feat_delta = 0.357722\n"}
,{"stream_name":"stdout","time":1320.792810835,"data":"EDGE_TTA_ACTIVE views = 8 mean_abs_feat_delta = 0.364163\n"}
,{"stream_name":"stdout","time":1321.064983437,"data":"SECONDARY_EDGE_TTA_ACTIVE views = 8 weight = 0.75 mean_abs_feat_delta = 0.285894\n"}
,{"stream_name":"stdout","time":1321.794127789,"data":"SECONDARY_EDGE_TTA_ACTIVE views = 8 weight = 0.75 mean_abs_feat_delta = 0.253609\n"}
,{"stream_name":"stdout","time":1322.158573613,"data":"EDGE_TTA_ACTIVE views = 8 mean_abs_feat_delta = 0.377175\n"}
,{"stream_name":"stdout","time":1323.024313013,"data":"EDGE_TTA_ACTIVE views = 8 mean_abs_feat_delta = 0.360264\n"}
,{"stream_name":"stdout","time":1323.134098251,"data":"SECONDARY_EDGE_TTA_ACTIVE views = 8 weight = 0.75 mean_abs_feat_delta = 0.29469\n"}
,{"stream_name":"stdout","time":1324.024436259,"data":"SECONDARY_EDGE_TTA_ACTIVE views = 8 weight = 0.75 mean_abs_feat_delta = 0.251736\n"}
,{"stream_name":"stdout","time":1324.249499878,"data":"EDGE_TTA_ACTIVE views = 8 mean_abs_feat_delta = 0.370458\n"}
,{"stream_name":"stdout","time":1325.222056205,"data":"EDGE_TTA_ACTIVE views = 8 mean_abs_feat_delta = 0.356608\n"}
,{"stream_name":"stdout","time":1325.224292045,"data":"SECONDARY_EDGE_TTA_ACTIVE views = 8 weight = 0.75 mean_abs_feat_delta = 0.297902\n"}
,{"stream_name":"stdout","time":1326.224967724,"data":"SECONDARY_EDGE_TTA_ACTIVE views = 8 weight = 0.75 mean_abs_feat_delta = 0.252387\n"}
,{"stream_name":"stdout","time":1326.336694414,"data":"EDGE_TTA_ACTIVE views = 8 mean_abs_feat_delta = 0.358848\n"}
,{"stream_name":"stdout","time":1327.312428248,"data":"SECONDARY_EDGE_TTA_ACTIVE views = 8 weight = 0.75 mean_abs_feat_delta = 0.292079\n"}
,{"stream_name":"stdout","time":1327.429196217,"data":"EDGE_TTA_ACTIVE views = 8 mean_abs_feat_delta = 0.354367\n"}
,{"stream_name":"stdout","time":1328.434297658,"data":"SECONDARY_EDGE_TTA_ACTIVE views = 8 weight = 0.75 mean_abs_feat_delta = 0.254964\n"}
,{"stream_name":"stdout","time":1328.486395085,"data":"EDGE_TTA_ACTIVE views = 8 mean_abs_feat_delta = 0.382742\n"}
,{"stream_name":"stdout","time":1329.462751112,"data":"SECONDARY_EDGE_TTA_ACTIVE views = 8 weight = 0.75 mean_abs_feat_delta = 0.305102\n"}
,{"stream_name":"stdout","time":1329.635854811,"data":"EDGE_TTA_ACTIVE views = 8 mean_abs_feat_delta = 0.354144\n"}
,{"stream_name":"stdout","time":1330.636468489,"data":"EDGE_TTA_ACTIVE views = 8 mean_abs_feat_delta = 0.415987\n"}
,{"stream_name":"stdout","time":1330.641308525,"data":"SECONDARY_EDGE_TTA_ACTIVE views = 8 weight = 0.75 mean_abs_feat_delta = 0.255942\n"}
,{"stream_name":"stdout","time":1331.636039198,"data":"SECONDARY_EDGE_TTA_ACTIVE views = 8 weight = 0.75 mean_abs_feat_delta = 0.311069\n"}
,{"stream_name":"stdout","time":1331.894333202,"data":"EDGE_TTA_ACTIVE views = 8 mean_abs_feat_delta = 0.352179\n"}
,{"stream_name":"stdout","time":1332.729275759,"data":"EDGE_TTA_ACTIVE views = 8 mean_abs_feat_delta = 0.378636\n"}
,{"stream_name":"stdout","time":1332.904895716,"data":"SECONDARY_EDGE_TTA_ACTIVE views = 8 weight = 0.75 mean_abs_feat_delta = 0.258443\n"}
,{"stream_name":"stdout","time":1333.717199017,"data":"SECONDARY_EDGE_TTA_ACTIVE views = 8 weight = 0.75 mean_abs_feat_delta = 0.306551\n"}
,{"stream_name":"stdout","time":1334.150279127,"data":"EDGE_TTA_ACTIVE views = 8 mean_abs_feat_delta = 0.354896\n"}
,{"stream_name":"stdout","time":1334.879907453,"data":"EDGE_TTA_ACTIVE views = 8 mean_abs_feat_delta = 0.374978\n"}
,{"stream_name":"stdout","time":1335.158217612,"data":"SECONDARY_EDGE_TTA_ACTIVE views = 8 weight = 0.75 mean_abs_feat_delta = 0.262635\n"}
,{"stream_name":"stdout","time":1335.872790702,"data":"SECONDARY_EDGE_TTA_ACTIVE views = 8 weight = 0.75 mean_abs_feat_delta = 0.306449\n"}
,{"stream_name":"stdout","time":1336.336771827,"data":"EDGE_TTA_ACTIVE views = 8 mean_abs_feat_delta = 0.350365\n"}
,{"stream_name":"stdout","time":1337.031321561,"data":"EDGE_TTA_ACTIVE views = 8 mean_abs_feat_delta = 0.383634\n"}
,{"stream_name":"stdout","time":1337.347121504,"data":"SECONDARY_EDGE_TTA_ACTIVE views = 8 weight = 0.75 mean_abs_feat_delta = 0.258198\n"}
,{"stream_name":"stdout","time":1338.0263166,"data":"SECONDARY_EDGE_TTA_ACTIVE views = 8 weight = 0.75 mean_abs_feat_delta = 0.308174\n"}
,{"stream_name":"stdout","time":1338.52702602,"data":"EDGE_TTA_ACTIVE views = 8 mean_abs_feat_delta = 0.347874\n"}
,{"stream_name":"stdout","time":1339.150329463,"data":"EDGE_TTA_ACTIVE views = 8 mean_abs_feat_delta = 0.382868\n"}
,{"stream_name":"stdout","time":1339.537709601,"data":"SECONDARY_EDGE_TTA_ACTIVE views = 8 weight = 0.75 mean_abs_feat_delta = 0.253125\n"}
,{"stream_name":"stdout","time":1340.146821133,"data":"SECONDARY_EDGE_TTA_ACTIVE views = 8 weight = 0.75 mean_abs_feat_delta = 0.31087\n"}
,{"stream_name":"stdout","time":1340.820936819,"data":"EDGE_TTA_ACTIVE views = 8 mean_abs_feat_delta = 0.349339\n"}
,{"stream_name":"stdout","time":1341.235867764,"data":"EDGE_TTA_ACTIVE views = 8 mean_abs_feat_delta = 0.371306\n"}
,{"stream_name":"stdout","time":1341.833858309,"data":"SECONDARY_EDGE_TTA_ACTIVE views = 8 weight = 0.75 mean_abs_feat_delta = 0.252199\n"}
,{"stream_name":"stdout","time":1342.233615078,"data":"SECONDARY_EDGE_TTA_ACTIVE views = 8 weight = 0.75 mean_abs_feat_delta = 0.30185\n"}
,{"stream_name":"stdout","time":1343.144880058,"data":"EDGE_TTA_ACTIVE views = 8 mean_abs_feat_delta = 0.350442\n"}
,{"stream_name":"stdout","time":1343.360924179,"data":"EDGE_TTA_ACTIVE views = 8 mean_abs_feat_delta = 0.370302\n"}
,{"stream_name":"stdout","time":1344.082980925,"data":"SECONDARY_EDGE_TTA_ACTIVE views = 8 weight = 0.75 mean_abs_feat_delta = 0.255465\n"}
,{"stream_name":"stdout","time":1344.086817729,"data":"BIOHUB_RETENTION_GUARD {\"blended_candidates\": 471, \"dataset\": \"44b6_12dfb391\", \"frame\": 55, \"minimum_retention\": 0.9, \"primary_candidates\": 525, \"retention\": 0.8971428571428571, \"use_primary\": true}\n"}
,{"stream_name":"stdout","time":1344.361589796,"data":"SECONDARY_EDGE_TTA_ACTIVE views = 8 weight = 0.75 mean_abs_feat_delta = 0.299542\n"}
,{"stream_name":"stdout","time":1345.335348309,"data":"EDGE_TTA_ACTIVE views = 8 mean_abs_feat_delta = 0.350606\n"}
,{"stream_name":"stdout","time":1345.509130039,"data":"EDGE_TTA_ACTIVE views = 8 mean_abs_feat_delta = 0.37583\n"}
,{"stream_name":"stdout","time":1346.343990241,"data":"SECONDARY_EDGE_TTA_ACTIVE views = 8 weight = 0.75 mean_abs_feat_delta = 0.258276\n"}
,{"stream_name":"stdout","time":1346.347793699,"data":"BIOHUB_RETENTION_GUARD {\"blended_candidates\": 466, \"dataset\": \"44b6_12dfb391\", \"frame\": 56, \"minimum_retention\": 0.9, \"primary_candidates\": 529, \"retention\": 0.8809073724007561, \"use_primary\": true}\n"}
,{"stream_name":"stdout","time":1346.508885182,"data":"SECONDARY_EDGE_TTA_ACTIVE views = 8 weight = 0.75 mean_abs_feat_delta = 0.303905\n"}
,{"stream_name":"stdout","time":1347.565339667,"data":"EDGE_TTA_ACTIVE views = 8 mean_abs_feat_delta = 0.351002\n"}
,{"stream_name":"stdout","time":1347.605097002,"data":"EDGE_TTA_ACTIVE views = 8 mean_abs_feat_delta = 0.368756\n"}
,{"stream_name":"stdout","time":1348.571956383,"data":"SECONDARY_EDGE_TTA_ACTIVE views = 8 weight = 0.75 mean_abs_feat_delta = 0.259739\n"}
,{"stream_name":"stdout","time":1348.576222832,"data":"BIOHUB_RETENTION_GUARD {\"blended_candidates\": 463, \"dataset\": \"44b6_12dfb391\", \"frame\": 57, \"minimum_retention\": 0.9, \"primary_candidates\": 525, \"retention\": 0.8819047619047619, \"use_primary\": true}\n"}
,{"stream_name":"stdout","time":1348.610123126,"data":"SECONDARY_EDGE_TTA_ACTIVE views = 8 weight = 0.75 mean_abs_feat_delta = 0.306369\n"}
,{"stream_name":"stdout","time":1349.768781185,"data":"EDGE_TTA_ACTIVE views = 8 mean_abs_feat_delta = 0.352766\n"}
,{"stream_name":"stdout","time":1349.793600036,"data":"EDGE_TTA_ACTIVE views = 8 mean_abs_feat_delta = 0.351435\n"}
,{"stream_name":"stdout","time":1350.778395992,"data":"SECONDARY_EDGE_TTA_ACTIVE views = 8 weight = 0.75 mean_abs_feat_delta = 0.308458\n"}
,{"stream_name":"stdout","time":1350.802620182,"data":"SECONDARY_EDGE_TTA_ACTIVE views = 8 weight = 0.75 mean_abs_feat_delta = 0.258261\n"}
,{"stream_name":"stdout","time":1350.80670207,"data":"BIOHUB_RETENTION_GUARD {\"blended_candidates\": 462, \"dataset\": \"44b6_12dfb391\", \"frame\": 58, \"minimum_retention\": 0.9, \"primary_candidates\": 524, \"retention\": 0.8816793893129771, \"use_primary\": true}\n"}
,{"stream_name":"stdout","time":1351.875344589,"data":"EDGE_TTA_ACTIVE views = 8 mean_abs_feat_delta = 0.366005\n"}
,{"stream_name":"stdout","time":1351.993841076,"data":"EDGE_TTA_ACTIVE views = 8 mean_abs_feat_delta = 0.350102\n"}
,{"stream_name":"stdout","time":1352.878697328,"data":"SECONDARY_EDGE_TTA_ACTIVE views = 8 weight = 0.75 mean_abs_feat_delta = 0.30506\n"}
,{"stream_name":"stdout","time":1353.0046492,"data":"SECONDARY_EDGE_TTA_ACTIVE views = 8 weight = 0.75 mean_abs_feat_delta = 0.257837\n"}
,{"stream_name":"stdout","time":1353.008053213,"data":"BIOHUB_RETENTION_GUARD {\"blended_candidates\": 458, \"dataset\": \"44b6_12dfb391\", \"frame\": 59, \"minimum_retention\": 0.9, \"primary_candidates\": 532, \"retention\": 0.8609022556390977, \"use_primary\": true}\n"}
,{"stream_name":"stdout","time":1353.975266828,"data":"EDGE_TTA_ACTIVE views = 8 mean_abs_feat_delta = 0.365954\n"}
,{"stream_name":"stdout","time":1354.252096557,"data":"EDGE_TTA_ACTIVE views = 8 mean_abs_feat_delta = 0.347603\n"}
,{"stream_name":"stdout","time":1354.97538488,"data":"SECONDARY_EDGE_TTA_ACTIVE views = 8 weight = 0.75 mean_abs_feat_delta = 0.301287\n"}
,{"stream_name":"stdout","time":1355.261541115,"data":"SECONDARY_EDGE_TTA_ACTIVE views = 8 weight = 0.75 mean_abs_feat_delta = 0.256754\n"}
,{"stream_name":"stdout","time":1356.0965693,"data":"EDGE_TTA_ACTIVE views = 8 mean_abs_feat_delta = 0.362198\n"}
,{"stream_name":"stdout","time":1356.486726999,"data":"EDGE_TTA_ACTIVE views = 8 mean_abs_feat_delta = 0.347903\n"}
,{"stream_name":"stdout","time":1357.100363051,"data":"SECONDARY_EDGE_TTA_ACTIVE views = 8 weight = 0.75 mean_abs_feat_delta = 0.294341\n"}
,{"stream_name":"stdout","time":1357.497391171,"data":"SECONDARY_EDGE_TTA_ACTIVE views = 8 weight = 0.75 mean_abs_feat_delta = 0.257976\n"}
,{"stream_name":"stdout","time":1357.501068761,"data":"BIOHUB_RETENTION_GUARD {\"blended_candidates\": 462, \"dataset\": \"44b6_12dfb391\", \"frame\": 61, \"minimum_retention\": 0.9, \"primary_candidates\": 543, \"retention\": 0.850828729281768, \"use_primary\": true}\n"}
,{"stream_name":"stdout","time":1358.253631176,"data":"EDGE_TTA_ACTIVE views = 8 mean_abs_feat_delta = 0.35614\n"}
,{"stream_name":"stdout","time":1358.754810776,"data":"EDGE_TTA_ACTIVE views = 8 mean_abs_feat_delta = 0.346794\n"}
,{"stream_name":"stdout","time":1359.258380747,"data":"SECONDARY_EDGE_TTA_ACTIVE views = 8 weight = 0.75 mean_abs_feat_delta = 0.294633\n"}
,{"stream_name":"stdout","time":1359.766997718,"data":"SECONDARY_EDGE_TTA_ACTIVE views = 8 weight = 0.75 mean_abs_feat_delta = 0.26024\n"}
,{"stream_name":"stdout","time":1360.356829834,"data":"EDGE_TTA_ACTIVE views = 8 mean_abs_feat_delta = 0.360441\n"}
,{"stream_name":"stdout","time":1360.999294936,"data":"EDGE_TTA_ACTIVE views = 8 mean_abs_feat_delta = 0.347265\n"}
,{"stream_name":"stdout","time":1361.36666898,"data":"SECONDARY_EDGE_TTA_ACTIVE views = 8 weight = 0.75 mean_abs_feat_delta = 0.298228\n"}
,{"stream_name":"stdout","time":1362.009351314,"data":"SECONDARY_EDGE_TTA_ACTIVE views = 8 weight = 0.75 mean_abs_feat_delta = 0.260445\n"}
,{"stream_name":"stdout","time":1362.012155278,"data":"BIOHUB_RETENTION_GUARD {\"blended_candidates\": 491, \"dataset\": \"44b6_12dfb391\", \"frame\": 63, \"minimum_retention\": 0.9, \"primary_candidates\": 548, \"retention\": 0.8959854014598541, \"use_primary\": true}\n"}
,{"stream_name":"stdout","time":1362.489657818,"data":"EDGE_TTA_ACTIVE views = 8 mean_abs_feat_delta = 0.346937\n"}
,{"stream_name":"stdout","time":1363.271661561,"data":"EDGE_TTA_ACTIVE views = 8 mean_abs_feat_delta = 0.354895\n"}
,{"stream_name":"stdout","time":1363.503197617,"data":"SECONDARY_EDGE_TTA_ACTIVE views = 8 weight = 0.75 mean_abs_feat_delta = 0.293231\n"}
,{"stream_name":"stdout","time":1364.27978133,"data":"SECONDARY_EDGE_TTA_ACTIVE views = 8 weight = 0.75 mean_abs_feat_delta = 0.262205\n"}
,{"stream_name":"stdout","time":1364.653561358,"data":"EDGE_TTA_ACTIVE views = 8 mean_abs_feat_delta = 0.351835\n"}
,{"stream_name":"stdout","time":1365.456195977,"data":"EDGE_TTA_ACTIVE views = 8 mean_abs_feat_delta = 0.354989\n"}
,{"stream_name":"stdout","time":1365.664535632,"data":"SECONDARY_EDGE_TTA_ACTIVE views = 8 weight = 0.75 mean_abs_feat_delta = 0.292217\n"}
,{"stream_name":"stdout","time":1366.459504019,"data":"SECONDARY_EDGE_TTA_ACTIVE views = 8 weight = 0.75 mean_abs_feat_delta = 0.266095\n"}
,{"stream_name":"stdout","time":1366.814967737,"data":"EDGE_TTA_ACTIVE views = 8 mean_abs_feat_delta = 0.354093\n"}
,{"stream_name":"stdout","time":1367.712042345,"data":"EDGE_TTA_ACTIVE views = 8 mean_abs_feat_delta = 0.351351\n"}
,{"stream_name":"stdout","time":1367.825344466,"data":"SECONDARY_EDGE_TTA_ACTIVE views = 8 weight = 0.75 mean_abs_feat_delta = 0.278595\n"}
,{"stream_name":"stdout","time":1368.718876352,"data":"SECONDARY_EDGE_TTA_ACTIVE views = 8 weight = 0.75 mean_abs_feat_delta = 0.263703\n"}
,{"stream_name":"stdout","time":1368.976705765,"data":"EDGE_TTA_ACTIVE views = 8 mean_abs_feat_delta = 0.359817\n"}
,{"stream_name":"stdout","time":1369.893589197,"data":"EDGE_TTA_ACTIVE views = 8 mean_abs_feat_delta = 0.35502\n"}
,{"stream_name":"stdout","time":1369.989221052,"data":"SECONDARY_EDGE_TTA_ACTIVE views = 8 weight = 0.75 mean_abs_feat_delta = 0.264409\n"}
,{"stream_name":"stdout","time":1370.900305364,"data":"SECONDARY_EDGE_TTA_ACTIVE views = 8 weight = 0.75 mean_abs_feat_delta = 0.26367\n"}
,{"stream_name":"stdout","time":1371.122757076,"data":"EDGE_TTA_ACTIVE views = 8 mean_abs_feat_delta = 0.357588\n"}
,{"stream_name":"stdout","time":1372.073921791,"data":"EDGE_TTA_ACTIVE views = 8 mean_abs_feat_delta = 0.359205\n"}
,{"stream_name":"stdout","time":1372.135796344,"data":"SECONDARY_EDGE_TTA_ACTIVE views = 8 weight = 0.75 mean_abs_feat_delta = 0.267459\n"}
,{"stream_name":"stdout","time":1373.079166802,"data":"SECONDARY_EDGE_TTA_ACTIVE views = 8 weight = 0.75 mean_abs_feat_delta = 0.258506\n"}
,{"stream_name":"stdout","time":1373.083404,"data":"BIOHUB_RETENTION_GUARD {\"blended_candidates\": 500, \"dataset\": \"44b6_12dfb391\", \"frame\": 68, \"minimum_retention\": 0.9, \"primary_candidates\": 560, \"retention\": 0.8928571428571429, \"use_primary\": true}\n"}
,{"stream_name":"stdout","time":1373.393193189,"data":"EDGE_TTA_ACTIVE views = 8 mean_abs_feat_delta = 0.349183\n"}
,{"stream_name":"stdout","time":1374.259119814,"data":"EDGE_TTA_ACTIVE views = 8 mean_abs_feat_delta = 0.360613\n"}
,{"stream_name":"stdout","time":1374.327417895,"data":"SECONDARY_EDGE_TTA_ACTIVE views = 8 weight = 0.75 mean_abs_feat_delta = 0.266307\n"}
,{"stream_name":"stdout","time":1375.265200413,"data":"SECONDARY_EDGE_TTA_ACTIVE views = 8 weight = 0.75 mean_abs_feat_delta = 0.259032\n"}
,{"stream_name":"stdout","time":1375.269462585,"data":"BIOHUB_RETENTION_GUARD {\"blended_candidates\": 482, \"dataset\": \"44b6_12dfb391\", \"frame\": 69, \"minimum_retention\": 0.9, \"primary_candidates\": 570, \"retention\": 0.8456140350877193, \"use_primary\": true}\n"}
,{"stream_name":"stdout","time":1375.483568471,"data":"EDGE_TTA_ACTIVE views = 8 mean_abs_feat_delta = 0.36472\n"}
,{"stream_name":"stdout","time":1376.46679718,"data":"EDGE_TTA_ACTIVE views = 8 mean_abs_feat_delta = 0.361421\n"}
,{"stream_name":"stdout","time":1376.497363898,"data":"SECONDARY_EDGE_TTA_ACTIVE views = 8 weight = 0.75 mean_abs_feat_delta = 0.277175\n"}
,{"stream_name":"stdout","time":1377.46900981,"data":"SECONDARY_EDGE_TTA_ACTIVE views = 8 weight = 0.75 mean_abs_feat_delta = 0.262899\n"}
,{"stream_name":"stdout","time":1377.472922442,"data":"BIOHUB_RETENTION_GUARD {\"blended_candidates\": 471, \"dataset\": \"44b6_12dfb391\", \"frame\": 70, \"minimum_retention\": 0.9, \"primary_candidates\": 545, \"retention\": 0.8642201834862385, \"use_primary\": true}\n"}
,{"stream_name":"stdout","time":1377.618810941,"data":"EDGE_TTA_ACTIVE views = 8 mean_abs_feat_delta = 0.367291\n"}
,{"stream_name":"stdout","time":1378.6293935,"data":"SECONDARY_EDGE_TTA_ACTIVE views = 8 weight = 0.75 mean_abs_feat_delta = 0.279843\n"}
,{"stream_name":"stdout","time":1378.774230208,"data":"EDGE_TTA_ACTIVE views = 8 mean_abs_feat_delta = 0.357184\n"}
,{"stream_name":"stdout","time":1379.757198263,"data":"EDGE_TTA_ACTIVE views = 8 mean_abs_feat_delta = 0.353095\n"}
,{"stream_name":"stdout","time":1379.777819323,"data":"SECONDARY_EDGE_TTA_ACTIVE views = 8 weight = 0.75 mean_abs_feat_delta = 0.262505\n"}
,{"stream_name":"stdout","time":1379.781899791,"data":"BIOHUB_RETENTION_GUARD {\"blended_candidates\": 488, \"dataset\": \"44b6_12dfb391\", \"frame\": 71, \"minimum_retention\": 0.9, \"primary_candidates\": 555, \"retention\": 0.8792792792792793, \"use_primary\": true}\n"}
,{"stream_name":"stdout","time":1380.776066897,"data":"SECONDARY_EDGE_TTA_ACTIVE views = 8 weight = 0.75 mean_abs_feat_delta = 0.274385\n"}
,{"stream_name":"stdout","time":1381.055208923,"data":"EDGE_TTA_ACTIVE views = 8 mean_abs_feat_delta = 0.360613\n"}
,{"stream_name":"stdout","time":1381.876322611,"data":"EDGE_TTA_ACTIVE views = 8 mean_abs_feat_delta = 0.338254\n"}
,{"stream_name":"stdout","time":1382.058041926,"data":"SECONDARY_EDGE_TTA_ACTIVE views = 8 weight = 0.75 mean_abs_feat_delta = 0.260539\n"}
,{"stream_name":"stdout","time":1382.062285731,"data":"BIOHUB_RETENTION_GUARD {\"blended_candidates\": 487, \"dataset\": \"44b6_12dfb391\", \"frame\": 72, \"minimum_retention\": 0.9, \"primary_candidates\": 555, \"retention\": 0.8774774774774775, \"use_primary\": true}\n"}
,{"stream_name":"stdout","time":1382.896027488,"data":"SECONDARY_EDGE_TTA_ACTIVE views = 8 weight = 0.75 mean_abs_feat_delta = 0.269188\n"}
,{"stream_name":"stdout","time":1383.323128049,"data":"EDGE_TTA_ACTIVE views = 8 mean_abs_feat_delta = 0.361988\n"}
,{"stream_name":"stdout","time":1383.992992281,"data":"EDGE_TTA_ACTIVE views = 8 mean_abs_feat_delta = 0.335377\n"}
,{"stream_name":"stdout","time":1384.326984344,"data":"SECONDARY_EDGE_TTA_ACTIVE views = 8 weight = 0.75 mean_abs_feat_delta = 0.259945\n"}
,{"stream_name":"stdout","time":1385.016505983,"data":"SECONDARY_EDGE_TTA_ACTIVE views = 8 weight = 0.75 mean_abs_feat_delta = 0.281449\n"}
,{"stream_name":"stdout","time":1385.532889634,"data":"EDGE_TTA_ACTIVE views = 8 mean_abs_feat_delta = 0.361343\n"}
,{"stream_name":"stdout","time":1386.141301632,"data":"EDGE_TTA_ACTIVE views = 8 mean_abs_feat_delta = 0.332103\n"}
,{"stream_name":"stdout","time":1386.536049716,"data":"SECONDARY_EDGE_TTA_ACTIVE views = 8 weight = 0.75 mean_abs_feat_delta = 0.259606\n"}
,{"stream_name":"stdout","time":1386.5399545,"data":"BIOHUB_RETENTION_GUARD {\"blended_candidates\": 504, \"dataset\": \"44b6_12dfb391\", \"frame\": 74, \"minimum_retention\": 0.9, \"primary_candidates\": 564, \"retention\": 0.8936170212765957, \"use_primary\": true}\n"}
,{"stream_name":"stdout","time":1387.157077632,"data":"SECONDARY_EDGE_TTA_ACTIVE views = 8 weight = 0.75 mean_abs_feat_delta = 0.283078\n"}
,{"stream_name":"stdout","time":1387.753146376,"data":"EDGE_TTA_ACTIVE views = 8 mean_abs_feat_delta = 0.364735\n"}
,{"stream_name":"stdout","time":1388.2808825,"data":"EDGE_TTA_ACTIVE views = 8 mean_abs_feat_delta = 0.336056\n"}
,{"stream_name":"stdout","time":1388.753627085,"data":"SECONDARY_EDGE_TTA_ACTIVE views = 8 weight = 0.75 mean_abs_feat_delta = 0.262319\n"}
,{"stream_name":"stdout","time":1388.757808408,"data":"BIOHUB_RETENTION_GUARD {\"blended_candidates\": 468, \"dataset\": \"44b6_12dfb391\", \"frame\": 75, \"minimum_retention\": 0.9, \"primary_candidates\": 565, \"retention\": 0.8283185840707965, \"use_primary\": true}\n"}
,{"stream_name":"stdout","time":1389.305495324,"data":"SECONDARY_EDGE_TTA_ACTIVE views = 8 weight = 0.75 mean_abs_feat_delta = 0.269824\n"}
,{"stream_name":"stdout","time":1390.004176468,"data":"EDGE_TTA_ACTIVE views = 8 mean_abs_feat_delta = 0.359082\n"}
,{"stream_name":"stdout","time":1390.443609913,"data":"EDGE_TTA_ACTIVE views = 8 mean_abs_feat_delta = 0.338817\n"}
,{"stream_name":"stdout","time":1391.004926284,"data":"SECONDARY_EDGE_TTA_ACTIVE views = 8 weight = 0.75 mean_abs_feat_delta = 0.263571\n"}
,{"stream_name":"stdout","time":1391.008785336,"data":"BIOHUB_RETENTION_GUARD {\"blended_candidates\": 507, \"dataset\": \"44b6_12dfb391\", \"frame\": 76, \"minimum_retention\": 0.9, \"primary_candidates\": 579, \"retention\": 0.8756476683937824, \"use_primary\": true}\n"}
,{"stream_name":"stdout","time":1391.464829764,"data":"SECONDARY_EDGE_TTA_ACTIVE views = 8 weight = 0.75 mean_abs_feat_delta = 0.276964\n"}
,{"stream_name":"stdout","time":1392.291022846,"data":"EDGE_TTA_ACTIVE views = 8 mean_abs_feat_delta = 0.356314\n"}
,{"stream_name":"stdout","time":1392.600490821,"data":"EDGE_TTA_ACTIVE views = 8 mean_abs_feat_delta = 0.334961\n"}
,{"stream_name":"stdout","time":1393.291506086,"data":"SECONDARY_EDGE_TTA_ACTIVE views = 8 weight = 0.75 mean_abs_feat_delta = 0.264168\n"}
,{"stream_name":"stdout","time":1393.295265312,"data":"BIOHUB_RETENTION_GUARD {\"blended_candidates\": 503, \"dataset\": \"44b6_12dfb391\", \"frame\": 77, \"minimum_retention\": 0.9, \"primary_candidates\": 582, \"retention\": 0.8642611683848798, \"use_primary\": true}\n"}
,{"stream_name":"stdout","time":1393.625399034,"data":"SECONDARY_EDGE_TTA_ACTIVE views = 8 weight = 0.75 mean_abs_feat_delta = 0.266526\n"}
,{"stream_name":"stdout","time":1394.502500444,"data":"EDGE_TTA_ACTIVE views = 8 mean_abs_feat_delta = 0.35617\n"}
,{"stream_name":"stdout","time":1394.815358434,"data":"EDGE_TTA_ACTIVE views = 8 mean_abs_feat_delta = 0.344979\n"}
,{"stream_name":"stdout","time":1395.502609977,"data":"SECONDARY_EDGE_TTA_ACTIVE views = 8 weight = 0.75 mean_abs_feat_delta = 0.26695\n"}
,{"stream_name":"stdout","time":1395.506974432,"data":"BIOHUB_RETENTION_GUARD {\"blended_candidates\": 519, \"dataset\": \"44b6_12dfb391\", \"frame\": 78, \"minimum_retention\": 0.9, \"primary_candidates\": 585, \"retention\": 0.8871794871794871, \"use_primary\": true}\n"}
,{"stream_name":"stdout","time":1395.839383722,"data":"SECONDARY_EDGE_TTA_ACTIVE views = 8 weight = 0.75 mean_abs_feat_delta = 0.270012\n"}
,{"stream_name":"stdout","time":1396.761080327,"data":"EDGE_TTA_ACTIVE views = 8 mean_abs_feat_delta = 0.351982\n"}
,{"stream_name":"stdout","time":1396.973515346,"data":"EDGE_TTA_ACTIVE views = 8 mean_abs_feat_delta = 0.347989\n"}
,{"stream_name":"stdout","time":1397.766336566,"data":"SECONDARY_EDGE_TTA_ACTIVE views = 8 weight = 0.75 mean_abs_feat_delta = 0.263744\n"}
,{"stream_name":"stdout","time":1398.00163166,"data":"SECONDARY_EDGE_TTA_ACTIVE views = 8 weight = 0.75 mean_abs_feat_delta = 0.271069\n"}
,{"stream_name":"stdout","time":1399.006347189,"data":"EDGE_TTA_ACTIVE views = 8 mean_abs_feat_delta = 0.35395\n"}
,{"stream_name":"stdout","time":1399.178288609,"data":"EDGE_TTA_ACTIVE views = 8 mean_abs_feat_delta = 0.350829\n"}
,{"stream_name":"stdout","time":1400.005789565,"data":"SECONDARY_EDGE_TTA_ACTIVE views = 8 weight = 0.75 mean_abs_feat_delta = 0.262774\n"}
,{"stream_name":"stdout","time":1400.204486895,"data":"SECONDARY_EDGE_TTA_ACTIVE views = 8 weight = 0.75 mean_abs_feat_delta = 0.275012\n"}
,{"stream_name":"stdout","time":1401.319761285,"data":"EDGE_TTA_ACTIVE views = 8 mean_abs_feat_delta = 0.35797\n"}
,{"stream_name":"stdout","time":1401.36730147,"data":"EDGE_TTA_ACTIVE views = 8 mean_abs_feat_delta = 0.344987\n"}
,{"stream_name":"stdout","time":1402.321979969,"data":"SECONDARY_EDGE_TTA_ACTIVE views = 8 weight = 0.75 mean_abs_feat_delta = 0.263553\n"}
,{"stream_name":"stdout","time":1402.393023694,"data":"SECONDARY_EDGE_TTA_ACTIVE views = 8 weight = 0.75 mean_abs_feat_delta = 0.273804\n"}
,{"stream_name":"stdout","time":1403.648229524,"data":"EDGE_TTA_ACTIVE views = 8 mean_abs_feat_delta = 0.329788\n"}
,{"stream_name":"stdout","time":1403.648267932,"data":"EDGE_TTA_ACTIVE views = 8 mean_abs_feat_delta = 0.358939\n"}
,{"stream_name":"stdout","time":1404.58250934,"data":"SECONDARY_EDGE_TTA_ACTIVE views = 8 weight = 0.75 mean_abs_feat_delta = 0.264177\n"}
,{"stream_name":"stdout","time":1404.594012531,"data":"SECONDARY_EDGE_TTA_ACTIVE views = 8 weight = 0.75 mean_abs_feat_delta = 0.278785\n"}
,{"stream_name":"stdout","time":1405.708504903,"data":"EDGE_TTA_ACTIVE views = 8 mean_abs_feat_delta = 0.329665\n"}
,{"stream_name":"stdout","time":1405.891788708,"data":"EDGE_TTA_ACTIVE views = 8 mean_abs_feat_delta = 0.362662\n"}
,{"stream_name":"stdout","time":1406.741046684,"data":"SECONDARY_EDGE_TTA_ACTIVE views = 8 weight = 0.75 mean_abs_feat_delta = 0.270084\n"}
,{"stream_name":"stdout","time":1406.897781852,"data":"SECONDARY_EDGE_TTA_ACTIVE views = 8 weight = 0.75 mean_abs_feat_delta = 0.267502\n"}
,{"stream_name":"stdout","time":1406.902591704,"data":"BIOHUB_RETENTION_GUARD {\"blended_candidates\": 478, \"dataset\": \"44b6_12dfb391\", \"frame\": 83, \"minimum_retention\": 0.9, \"primary_candidates\": 555, \"retention\": 0.8612612612612612, \"use_primary\": true}\n"}
,{"stream_name":"stdout","time":1407.911687736,"data":"EDGE_TTA_ACTIVE views = 8 mean_abs_feat_delta = 0.325406\n"}
,{"stream_name":"stdout","time":1408.11412596,"data":"EDGE_TTA_ACTIVE views = 8 mean_abs_feat_delta = 0.363086\n"}
,{"stream_name":"stdout","time":1408.944481711,"data":"SECONDARY_EDGE_TTA_ACTIVE views = 8 weight = 0.75 mean_abs_feat_delta = 0.271662\n"}
,{"stream_name":"stdout","time":1409.118674853,"data":"SECONDARY_EDGE_TTA_ACTIVE views = 8 weight = 0.75 mean_abs_feat_delta = 0.268865\n"}
,{"stream_name":"stdout","time":1409.122846284,"data":"BIOHUB_RETENTION_GUARD {\"blended_candidates\": 501, \"dataset\": \"44b6_12dfb391\", \"frame\": 84, \"minimum_retention\": 0.9, \"primary_candidates\": 566, \"retention\": 0.8851590106007067, \"use_primary\": true}\n"}
,{"stream_name":"stdout","time":1410.084367767,"data":"EDGE_TTA_ACTIVE views = 8 mean_abs_feat_delta = 0.337377\n"}
,{"stream_name":"stdout","time":1410.366615185,"data":"EDGE_TTA_ACTIVE views = 8 mean_abs_feat_delta = 0.364785\n"}
,{"stream_name":"stdout","time":1411.119503497,"data":"SECONDARY_EDGE_TTA_ACTIVE views = 8 weight = 0.75 mean_abs_feat_delta = 0.269101\n"}
,{"stream_name":"stdout","time":1411.371784974,"data":"SECONDARY_EDGE_TTA_ACTIVE views = 8 weight = 0.75 mean_abs_feat_delta = 0.27301\n"}
,{"stream_name":"stdout","time":1412.290521945,"data":"EDGE_TTA_ACTIVE views = 8 mean_abs_feat_delta = 0.336612\n"}
,{"stream_name":"stdout","time":1412.677191577,"data":"EDGE_TTA_ACTIVE views = 8 mean_abs_feat_delta = 0.363892\n"}
,{"stream_name":"stdout","time":1413.327204325,"data":"SECONDARY_EDGE_TTA_ACTIVE views = 8 weight = 0.75 mean_abs_feat_delta = 0.273421\n"}
,{"stream_name":"stdout","time":1413.683532268,"data":"SECONDARY_EDGE_TTA_ACTIVE views = 8 weight = 0.75 mean_abs_feat_delta = 0.2723\n"}
,{"stream_name":"stdout","time":1414.461592082,"data":"EDGE_TTA_ACTIVE views = 8 mean_abs_feat_delta = 0.340573\n"}
,{"stream_name":"stdout","time":1414.911766845,"data":"EDGE_TTA_ACTIVE views = 8 mean_abs_feat_delta = 0.362041\n"}
,{"stream_name":"stdout","time":1415.498638846,"data":"SECONDARY_EDGE_TTA_ACTIVE views = 8 weight = 0.75 mean_abs_feat_delta = 0.271772\n"}
,{"stream_name":"stdout","time":1415.917656315,"data":"SECONDARY_EDGE_TTA_ACTIVE views = 8 weight = 0.75 mean_abs_feat_delta = 0.26849\n"}
,{"stream_name":"stdout","time":1416.670569253,"data":"EDGE_TTA_ACTIVE views = 8 mean_abs_feat_delta = 0.34851\n"}
,{"stream_name":"stdout","time":1417.160442103,"data":"EDGE_TTA_ACTIVE views = 8 mean_abs_feat_delta = 0.364393\n"}
,{"stream_name":"stdout","time":1417.709592675,"data":"SECONDARY_EDGE_TTA_ACTIVE views = 8 weight = 0.75 mean_abs_feat_delta = 0.268085\n"}
,{"stream_name":"stdout","time":1418.166359535,"data":"SECONDARY_EDGE_TTA_ACTIVE views = 8 weight = 0.75 mean_abs_feat_delta = 0.26742\n"}
,{"stream_name":"stdout","time":1418.88002734,"data":"EDGE_TTA_ACTIVE views = 8 mean_abs_feat_delta = 0.344922\n"}
,{"stream_name":"stdout","time":1419.449673402,"data":"EDGE_TTA_ACTIVE views = 8 mean_abs_feat_delta = 0.36832\n"}
,{"stream_name":"stdout","time":1419.923989656,"data":"SECONDARY_EDGE_TTA_ACTIVE views = 8 weight = 0.75 mean_abs_feat_delta = 0.263722\n"}
,{"stream_name":"stdout","time":1420.459589536,"data":"SECONDARY_EDGE_TTA_ACTIVE views = 8 weight = 0.75 mean_abs_feat_delta = 0.266839\n"}
,{"stream_name":"stdout","time":1420.461345809,"data":"BIOHUB_RETENTION_GUARD {\"blended_candidates\": 539, \"dataset\": \"44b6_12dfb391\", \"frame\": 89, \"minimum_retention\": 0.9, \"primary_candidates\": 618, \"retention\": 0.872168284789644, \"use_primary\": true}\n"}
,{"stream_name":"stdout","time":1421.068063234,"data":"EDGE_TTA_ACTIVE views = 8 mean_abs_feat_delta = 0.345806\n"}
,{"stream_name":"stdout","time":1421.743562868,"data":"EDGE_TTA_ACTIVE views = 8 mean_abs_feat_delta = 0.372337\n"}
,{"stream_name":"stdout","time":1422.110375769,"data":"SECONDARY_EDGE_TTA_ACTIVE views = 8 weight = 0.75 mean_abs_feat_delta = 0.263509\n"}
,{"stream_name":"stdout","time":1422.747531083,"data":"SECONDARY_EDGE_TTA_ACTIVE views = 8 weight = 0.75 mean_abs_feat_delta = 0.26897\n"}
,{"stream_name":"stdout","time":1422.751503727,"data":"BIOHUB_RETENTION_GUARD {\"blended_candidates\": 532, \"dataset\": \"44b6_12dfb391\", \"frame\": 90, \"minimum_retention\": 0.9, \"primary_candidates\": 595, \"retention\": 0.8941176470588236, \"use_primary\": true}\n"}
,{"stream_name":"stdout","time":1423.317622979,"data":"EDGE_TTA_ACTIVE views = 8 mean_abs_feat_delta = 0.333012\n"}
,{"stream_name":"stdout","time":1423.988738118,"data":"EDGE_TTA_ACTIVE views = 8 mean_abs_feat_delta = 0.372351\n"}
,{"stream_name":"stdout","time":1424.362572477,"data":"SECONDARY_EDGE_TTA_ACTIVE views = 8 weight = 0.75 mean_abs_feat_delta = 0.270685\n"}
,{"stream_name":"stdout","time":1424.997418751,"data":"SECONDARY_EDGE_TTA_ACTIVE views = 8 weight = 0.75 mean_abs_feat_delta = 0.269254\n"}
,{"stream_name":"stdout","time":1425.532598848,"data":"EDGE_TTA_ACTIVE views = 8 mean_abs_feat_delta = 0.332183\n"}
,{"stream_name":"stdout","time":1426.314679795,"data":"EDGE_TTA_ACTIVE views = 8 mean_abs_feat_delta = 0.376977\n"}
,{"stream_name":"stdout","time":1426.577351962,"data":"SECONDARY_EDGE_TTA_ACTIVE views = 8 weight = 0.75 mean_abs_feat_delta = 0.253224\n"}
,{"stream_name":"stdout","time":1427.322577966,"data":"SECONDARY_EDGE_TTA_ACTIVE views = 8 weight = 0.75 mean_abs_feat_delta = 0.273908\n"}
,{"stream_name":"stdout","time":1427.692087258,"data":"EDGE_TTA_ACTIVE views = 8 mean_abs_feat_delta = 0.322487\n"}
,{"stream_name":"stdout","time":1428.634429546,"data":"EDGE_TTA_ACTIVE views = 8 mean_abs_feat_delta = 0.379308\n"}
,{"stream_name":"stdout","time":1428.741944296,"data":"SECONDARY_EDGE_TTA_ACTIVE views = 8 weight = 0.75 mean_abs_feat_delta = 0.262155\n"}
,{"stream_name":"stdout","time":1429.640020986,"data":"SECONDARY_EDGE_TTA_ACTIVE views = 8 weight = 0.75 mean_abs_feat_delta = 0.28036\n"}
,{"stream_name":"stdout","time":1431.055471183,"data":"EDGE_TTA_ACTIVE views = 8 mean_abs_feat_delta = 0.375447\n"}
,{"stream_name":"stdout","time":1432.064365425,"data":"SECONDARY_EDGE_TTA_ACTIVE views = 8 weight = 0.75 mean_abs_feat_delta = 0.279645\n"}
,{"stream_name":"stdout","time":1432.068728812,"data":"BIOHUB_RETENTION_GUARD {\"blended_candidates\": 520, \"dataset\": \"44b6_12dfb391\", \"frame\": 94, \"minimum_retention\": 0.9, \"primary_candidates\": 583, \"retention\": 0.8919382504288165, \"use_primary\": true}\n"}
,{"stream_name":"stdout","time":1433.391071237,"data":"EDGE_TTA_ACTIVE views = 8 mean_abs_feat_delta = 0.369974\n"}
,{"stream_name":"stdout","time":1434.54475455,"data":"SECONDARY_EDGE_TTA_ACTIVE views = 8 weight = 0.75 mean_abs_feat_delta = 0.279886\n"}
,{"stream_name":"stdout","time":1435.729537133,"data":"EDGE_TTA_ACTIVE views = 8 mean_abs_feat_delta = 0.373122\n"}
,{"stream_name":"stdout","time":1436.735950678,"data":"SECONDARY_EDGE_TTA_ACTIVE views = 8 weight = 0.75 mean_abs_feat_delta = 0.279253\n"}
,{"stream_name":"stdout","time":1438.015863167,"data":"EDGE_TTA_ACTIVE views = 8 mean_abs_feat_delta = 0.371747\n"}
,{"stream_name":"stdout","time":1439.019443179,"data":"SECONDARY_EDGE_TTA_ACTIVE views = 8 weight = 0.75 mean_abs_feat_delta = 0.27536\n"}
,{"stream_name":"stdout","time":1440.290432676,"data":"EDGE_TTA_ACTIVE views = 8 mean_abs_feat_delta = 0.369424\n"}
,{"stream_name":"stdout","time":1441.298622659,"data":"SECONDARY_EDGE_TTA_ACTIVE views = 8 weight = 0.75 mean_abs_feat_delta = 0.271751\n"}
,{"stream_name":"stdout","time":1442.549110444,"data":"EDGE_TTA_ACTIVE views = 8 mean_abs_feat_delta = 0.372871\n"}
,{"stream_name":"stdout","time":1443.554467034,"data":"SECONDARY_EDGE_TTA_ACTIVE views = 8 weight = 0.75 mean_abs_feat_delta = 0.271724\n"}
,{"stream_name":"stdout","time":1448.132176093,"data":"EDGE_TTA_ACTIVE views = 8 mean_abs_feat_delta = 0.311164\n"}
,{"stream_name":"stdout","time":1449.14250539,"data":"SECONDARY_EDGE_TTA_ACTIVE views = 8 weight = 0.75 mean_abs_feat_delta = 0.261033\n"}
,{"stream_name":"stdout","time":1450.282060398,"data":"EDGE_TTA_ACTIVE views = 8 mean_abs_feat_delta = 0.314772\n"}
,{"stream_name":"stdout","time":1451.29427902,"data":"SECONDARY_EDGE_TTA_ACTIVE views = 8 weight = 0.75 mean_abs_feat_delta = 0.260558\n"}
,{"stream_name":"stdout","time":1452.476145887,"data":"EDGE_TTA_ACTIVE views = 8 mean_abs_feat_delta = 0.32\n"}
,{"stream_name":"stdout","time":1453.49048045,"data":"SECONDARY_EDGE_TTA_ACTIVE views = 8 weight = 0.75 mean_abs_feat_delta = 0.261329\n"}
,{"stream_name":"stdout","time":1454.661271412,"data":"EDGE_TTA_ACTIVE views = 8 mean_abs_feat_delta = 0.316482\n"}
,{"stream_name":"stdout","time":1455.681193421,"data":"SECONDARY_EDGE_TTA_ACTIVE views = 8 weight = 0.75 mean_abs_feat_delta = 0.267255\n"}
,{"stream_name":"stdout","time":1456.870665921,"data":"EDGE_TTA_ACTIVE views = 8 mean_abs_feat_delta = 0.312516\n"}
,{"stream_name":"stdout","time":1457.890369987,"data":"SECONDARY_EDGE_TTA_ACTIVE views = 8 weight = 0.75 mean_abs_feat_delta = 0.269103\n"}
,{"stream_name":"stdout","time":1459.072044864,"data":"EDGE_TTA_ACTIVE views = 8 mean_abs_feat_delta = 0.310284\n"}
,{"stream_name":"stdout","time":1460.097500339,"data":"SECONDARY_EDGE_TTA_ACTIVE views = 8 weight = 0.75 mean_abs_feat_delta = 0.270231\n"}
,{"stream_name":"stdout","time":1461.305272884,"data":"EDGE_TTA_ACTIVE views = 8 mean_abs_feat_delta = 0.315039\n"}
,{"stream_name":"stdout","time":1462.339145606,"data":"SECONDARY_EDGE_TTA_ACTIVE views = 8 weight = 0.75 mean_abs_feat_delta = 0.27087\n"}
,{"stream_name":"stdout","time":1463.446102033,"data":"EDGE_TTA_ACTIVE views = 8 mean_abs_feat_delta = 0.322123\n"}
,{"stream_name":"stdout","time":1464.487079847,"data":"SECONDARY_EDGE_TTA_ACTIVE views = 8 weight = 0.75 mean_abs_feat_delta = 0.268311\n"}
,{"stream_name":"stdout","time":1465.695304815,"data":"EDGE_TTA_ACTIVE views = 8 mean_abs_feat_delta = 0.315226\n"}
,{"stream_name":"stdout","time":1466.655385973,"data":"SECONDARY_EDGE_TTA_ACTIVE views = 8 weight = 0.75 mean_abs_feat_delta = 0.262145\n"}
,{"stream_name":"stdout","time":1467.794450832,"data":"EDGE_TTA_ACTIVE views = 8 mean_abs_feat_delta = 0.313017\n"}
,{"stream_name":"stdout","time":1468.840062255,"data":"SECONDARY_EDGE_TTA_ACTIVE views = 8 weight = 0.75 mean_abs_feat_delta = 0.258401\n"}
,{"stream_name":"stdout","time":1469.96172815,"data":"EDGE_TTA_ACTIVE views = 8 mean_abs_feat_delta = 0.312427\n"}
,{"stream_name":"stdout","time":1471.017256701,"data":"SECONDARY_EDGE_TTA_ACTIVE views = 8 weight = 0.75 mean_abs_feat_delta = 0.259952\n"}
,{"stream_name":"stdout","time":1472.167433727,"data":"EDGE_TTA_ACTIVE views = 8 mean_abs_feat_delta = 0.312244\n"}
,{"stream_name":"stdout","time":1473.224614895,"data":"SECONDARY_EDGE_TTA_ACTIVE views = 8 weight = 0.75 mean_abs_feat_delta = 0.251585\n"}
,{"stream_name":"stdout","time":1474.356759475,"data":"EDGE_TTA_ACTIVE views = 8 mean_abs_feat_delta = 0.312161\n"}
,{"stream_name":"stdout","time":1475.422456432,"data":"SECONDARY_EDGE_TTA_ACTIVE views = 8 weight = 0.75 mean_abs_feat_delta = 0.254847\n"}
,{"stream_name":"stdout","time":1476.588471059,"data":"EDGE_TTA_ACTIVE views = 8 mean_abs_feat_delta = 0.311033\n"}
,{"stream_name":"stdout","time":1477.660888127,"data":"SECONDARY_EDGE_TTA_ACTIVE views = 8 weight = 0.75 mean_abs_feat_delta = 0.254101\n"}
,{"stream_name":"stdout","time":1478.831195962,"data":"EDGE_TTA_ACTIVE views = 8 mean_abs_feat_delta = 0.322725\n"}
,{"stream_name":"stdout","time":1479.912648236,"data":"SECONDARY_EDGE_TTA_ACTIVE views = 8 weight = 0.75 mean_abs_feat_delta = 0.254681\n"}
,{"stream_name":"stdout","time":1481.056783245,"data":"EDGE_TTA_ACTIVE views = 8 mean_abs_feat_delta = 0.325293\n"}
,{"stream_name":"stdout","time":1482.145271708,"data":"SECONDARY_EDGE_TTA_ACTIVE views = 8 weight = 0.75 mean_abs_feat_delta = 0.264267\n"}
,{"stream_name":"stdout","time":1483.327608284,"data":"EDGE_TTA_ACTIVE views = 8 mean_abs_feat_delta = 0.323346\n"}
,{"stream_name":"stdout","time":1484.419704375,"data":"SECONDARY_EDGE_TTA_ACTIVE views = 8 weight = 0.75 mean_abs_feat_delta = 0.263395\n"}
,{"stream_name":"stdout","time":1485.587766421,"data":"EDGE_TTA_ACTIVE views = 8 mean_abs_feat_delta = 0.325491\n"}
,{"stream_name":"stdout","time":1486.687915677,"data":"SECONDARY_EDGE_TTA_ACTIVE views = 8 weight = 0.75 mean_abs_feat_delta = 0.261321\n"}
,{"stream_name":"stdout","time":1487.879216691,"data":"EDGE_TTA_ACTIVE views = 8 mean_abs_feat_delta = 0.330746\n"}
,{"stream_name":"stdout","time":1488.868760397,"data":"EDGE_TTA_ACTIVE views = 8 mean_abs_feat_delta = 0.354264\n"}
,{"stream_name":"stdout","time":1488.981339683,"data":"SECONDARY_EDGE_TTA_ACTIVE views = 8 weight = 0.75 mean_abs_feat_delta = 0.265991\n"}
,{"stream_name":"stdout","time":1489.844884772,"data":"SECONDARY_EDGE_TTA_ACTIVE views = 8 weight = 0.75 mean_abs_feat_delta = 0.316074\n"}
,{"stream_name":"stdout","time":1489.847967745,"data":"BIOHUB_RETENTION_GUARD {\"blended_candidates\": 460, \"dataset\": \"44b6_2a2eff9f\", \"frame\": 0, \"minimum_retention\": 0.9, \"primary_candidates\": 559, \"retention\": 0.8228980322003577, \"use_primary\": true}\n"}
,{"stream_name":"stdout","time":1489.849262463,"data":"BIOHUB_RETENTION_GUARD {\"blended_candidates\": 460, \"dataset\": \"44b6_2a2eff9f\", \"frame\": 1, \"minimum_retention\": 0.9, \"primary_candidates\": 536, \"retention\": 0.8582089552238806, \"use_primary\": true}\n"}
,{"stream_name":"stdout","time":1490.210960853,"data":"EDGE_TTA_ACTIVE views = 8 mean_abs_feat_delta = 0.322777\n"}
,{"stream_name":"stdout","time":1491.018602286,"data":"EDGE_TTA_ACTIVE views = 8 mean_abs_feat_delta = 0.353629\n"}
,{"stream_name":"stdout","time":1491.325518046,"data":"SECONDARY_EDGE_TTA_ACTIVE views = 8 weight = 0.75 mean_abs_feat_delta = 0.269935\n"}
,{"stream_name":"stdout","time":1491.992630736,"data":"SECONDARY_EDGE_TTA_ACTIVE views = 8 weight = 0.75 mean_abs_feat_delta = 0.31712\n"}
,{"stream_name":"stdout","time":1491.997286614,"data":"BIOHUB_RETENTION_GUARD {\"blended_candidates\": 448, \"dataset\": \"44b6_2a2eff9f\", \"frame\": 2, \"minimum_retention\": 0.9, \"primary_candidates\": 529, \"retention\": 0.8468809073724007, \"use_primary\": true}\n"}
,{"stream_name":"stdout","time":1492.560032653,"data":"EDGE_TTA_ACTIVE views = 8 mean_abs_feat_delta = 0.325178\n"}
,{"stream_name":"stdout","time":1493.18639588,"data":"EDGE_TTA_ACTIVE views = 8 mean_abs_feat_delta = 0.354199\n"}
,{"stream_name":"stdout","time":1493.678236782,"data":"SECONDARY_EDGE_TTA_ACTIVE views = 8 weight = 0.75 mean_abs_feat_delta = 0.267969\n"}
,{"stream_name":"stdout","time":1494.162232944,"data":"SECONDARY_EDGE_TTA_ACTIVE views = 8 weight = 0.75 mean_abs_feat_delta = 0.31716\n"}
,{"stream_name":"stdout","time":1494.16619235,"data":"BIOHUB_RETENTION_GUARD {\"blended_candidates\": 428, \"dataset\": \"44b6_2a2eff9f\", \"frame\": 3, \"minimum_retention\": 0.9, \"primary_candidates\": 515, \"retention\": 0.8310679611650486, \"use_primary\": true}\n"}
,{"stream_name":"stdout","time":1494.895605433,"data":"EDGE_TTA_ACTIVE views = 8 mean_abs_feat_delta = 0.329767\n"}
,{"stream_name":"stdout","time":1495.355262442,"data":"EDGE_TTA_ACTIVE views = 8 mean_abs_feat_delta = 0.351342\n"}
,{"stream_name":"stdout","time":1496.100290336,"data":"SECONDARY_EDGE_TTA_ACTIVE views = 8 weight = 0.75 mean_abs_feat_delta = 0.266969\n"}
,{"stream_name":"stdout","time":1496.341711736,"data":"SECONDARY_EDGE_TTA_ACTIVE views = 8 weight = 0.75 mean_abs_feat_delta = 0.31653\n"}
,{"stream_name":"stdout","time":1496.34583412,"data":"BIOHUB_RETENTION_GUARD {\"blended_candidates\": 456, \"dataset\": \"44b6_2a2eff9f\", \"frame\": 4, \"minimum_retention\": 0.9, \"primary_candidates\": 542, \"retention\": 0.8413284132841329, \"use_primary\": true}\n"}
,{"stream_name":"stdout","time":1497.289960521,"data":"EDGE_TTA_ACTIVE views = 8 mean_abs_feat_delta = 0.326202\n"}
,{"stream_name":"stdout","time":1497.557663359,"data":"EDGE_TTA_ACTIVE views = 8 mean_abs_feat_delta = 0.353535\n"}
,{"stream_name":"stdout","time":1498.423331053,"data":"SECONDARY_EDGE_TTA_ACTIVE views = 8 weight = 0.75 mean_abs_feat_delta = 0.26568\n"}
,{"stream_name":"stdout","time":1498.549907403,"data":"SECONDARY_EDGE_TTA_ACTIVE views = 8 weight = 0.75 mean_abs_feat_delta = 0.316364\n"}
,{"stream_name":"stdout","time":1498.553590255,"data":"BIOHUB_RETENTION_GUARD {\"blended_candidates\": 451, \"dataset\": \"44b6_2a2eff9f\", \"frame\": 5, \"minimum_retention\": 0.9, \"primary_candidates\": 542, \"retention\": 0.8321033210332104, \"use_primary\": true}\n"}
,{"stream_name":"stdout","time":1499.663594415,"data":"EDGE_TTA_ACTIVE views = 8 mean_abs_feat_delta = 0.317502\n"}
,{"stream_name":"stdout","time":1499.78357491,"data":"EDGE_TTA_ACTIVE views = 8 mean_abs_feat_delta = 0.355109\n"}
,{"stream_name":"stdout","time":1500.778943995,"data":"SECONDARY_EDGE_TTA_ACTIVE views = 8 weight = 0.75 mean_abs_feat_delta = 0.317147\n"}
,{"stream_name":"stdout","time":1500.782674566,"data":"BIOHUB_RETENTION_GUARD {\"blended_candidates\": 449, \"dataset\": \"44b6_2a2eff9f\", \"frame\": 6, \"minimum_retention\": 0.9, \"primary_candidates\": 544, \"retention\": 0.8253676470588235, \"use_primary\": true}\n"}
,{"stream_name":"stdout","time":1500.800328685,"data":"SECONDARY_EDGE_TTA_ACTIVE views = 8 weight = 0.75 mean_abs_feat_delta = 0.259521\n"}
,{"stream_name":"stdout","time":1502.020004497,"data":"EDGE_TTA_ACTIVE views = 8 mean_abs_feat_delta = 0.323159\n"}
,{"stream_name":"stdout","time":1502.058985769,"data":"EDGE_TTA_ACTIVE views = 8 mean_abs_feat_delta = 0.359732\n"}
,{"stream_name":"stdout","time":1503.053725764,"data":"SECONDARY_EDGE_TTA_ACTIVE views = 8 weight = 0.75 mean_abs_feat_delta = 0.314941\n"}
,{"stream_name":"stdout","time":1503.057711585,"data":"BIOHUB_RETENTION_GUARD {\"blended_candidates\": 419, \"dataset\": \"44b6_2a2eff9f\", \"frame\": 7, \"minimum_retention\": 0.9, \"primary_candidates\": 531, \"retention\": 0.7890772128060264, \"use_primary\": true}\n"}
,{"stream_name":"stdout","time":1503.155380668,"data":"SECONDARY_EDGE_TTA_ACTIVE views = 8 weight = 0.75 mean_abs_feat_delta = 0.261188\n"}
,{"stream_name":"stdout","time":1504.296718752,"data":"EDGE_TTA_ACTIVE views = 8 mean_abs_feat_delta = 0.367188\n"}
,{"stream_name":"stdout","time":1504.452479305,"data":"EDGE_TTA_ACTIVE views = 8 mean_abs_feat_delta = 0.330965\n"}
,{"stream_name":"stdout","time":1505.301259818,"data":"SECONDARY_EDGE_TTA_ACTIVE views = 8 weight = 0.75 mean_abs_feat_delta = 0.315928\n"}
,{"stream_name":"stdout","time":1505.305070729,"data":"BIOHUB_RETENTION_GUARD {\"blended_candidates\": 426, \"dataset\": \"44b6_2a2eff9f\", \"frame\": 8, \"minimum_retention\": 0.9, \"primary_candidates\": 524, \"retention\": 0.8129770992366412, \"use_primary\": true}\n"}
,{"stream_name":"stdout","time":1505.590175857,"data":"SECONDARY_EDGE_TTA_ACTIVE views = 8 weight = 0.75 mean_abs_feat_delta = 0.263495\n"}
,{"stream_name":"stdout","time":1506.497108021,"data":"EDGE_TTA_ACTIVE views = 8 mean_abs_feat_delta = 0.367144\n"}
,{"stream_name":"stdout","time":1506.784000302,"data":"EDGE_TTA_ACTIVE views = 8 mean_abs_feat_delta = 0.32822\n"}
,{"stream_name":"stdout","time":1507.50165678,"data":"SECONDARY_EDGE_TTA_ACTIVE views = 8 weight = 0.75 mean_abs_feat_delta = 0.318801\n"}
,{"stream_name":"stdout","time":1507.505877558,"data":"BIOHUB_RETENTION_GUARD {\"blended_candidates\": 432, \"dataset\": \"44b6_2a2eff9f\", \"frame\": 9, \"minimum_retention\": 0.9, \"primary_candidates\": 530, \"retention\": 0.8150943396226416, \"use_primary\": true}\n"}
,{"stream_name":"stdout","time":1507.920073106,"data":"SECONDARY_EDGE_TTA_ACTIVE views = 8 weight = 0.75 mean_abs_feat_delta = 0.261978\n"}
,{"stream_name":"stdout","time":1507.923821252,"data":"BIOHUB_RETENTION_GUARD {\"blended_candidates\": 93, \"dataset\": \"44b6_341df25f\", \"frame\": 27, \"minimum_retention\": 0.9, \"primary_candidates\": 104, \"retention\": 0.8942307692307693, \"use_primary\": true}\n"}
,{"stream_name":"stdout","time":1508.683992032,"data":"EDGE_TTA_ACTIVE views = 8 mean_abs_feat_delta = 0.36704\n"}
,{"stream_name":"stdout","time":1509.155385198,"data":"EDGE_TTA_ACTIVE views = 8 mean_abs_feat_delta = 0.333586\n"}
,{"stream_name":"stdout","time":1509.688182634,"data":"SECONDARY_EDGE_TTA_ACTIVE views = 8 weight = 0.75 mean_abs_feat_delta = 0.315955\n"}
,{"stream_name":"stdout","time":1509.692130511,"data":"BIOHUB_RETENTION_GUARD {\"blended_candidates\": 412, \"dataset\": \"44b6_2a2eff9f\", \"frame\": 10, \"minimum_retention\": 0.9, \"primary_candidates\": 516, \"retention\": 0.7984496124031008, \"use_primary\": true}\n"}
,{"stream_name":"stdout","time":1510.289477087,"data":"SECONDARY_EDGE_TTA_ACTIVE views = 8 weight = 0.75 mean_abs_feat_delta = 0.264674\n"}
,{"stream_name":"stdout","time":1510.91389568,"data":"EDGE_TTA_ACTIVE views = 8 mean_abs_feat_delta = 0.361712\n"}
,{"stream_name":"stdout","time":1511.545350204,"data":"EDGE_TTA_ACTIVE views = 8 mean_abs_feat_delta = 0.335857\n"}
,{"stream_name":"stdout","time":1511.919703216,"data":"SECONDARY_EDGE_TTA_ACTIVE views = 8 weight = 0.75 mean_abs_feat_delta = 0.314358\n"}
,{"stream_name":"stdout","time":1511.923992646,"data":"BIOHUB_RETENTION_GUARD {\"blended_candidates\": 456, \"dataset\": \"44b6_2a2eff9f\", \"frame\": 11, \"minimum_retention\": 0.9, \"primary_candidates\": 534, \"retention\": 0.8539325842696629, \"use_primary\": true}\n"}
,{"stream_name":"stdout","time":1512.679753863,"data":"SECONDARY_EDGE_TTA_ACTIVE views = 8 weight = 0.75 mean_abs_feat_delta = 0.266123\n"}
,{"stream_name":"stdout","time":1513.113027704,"data":"EDGE_TTA_ACTIVE views = 8 mean_abs_feat_delta = 0.36232\n"}
,{"stream_name":"stdout","time":1513.908516977,"data":"EDGE_TTA_ACTIVE views = 8 mean_abs_feat_delta = 0.332258\n"}
,{"stream_name":"stdout","time":1514.114435829,"data":"SECONDARY_EDGE_TTA_ACTIVE views = 8 weight = 0.75 mean_abs_feat_delta = 0.319932\n"}
,{"stream_name":"stdout","time":1514.118498717,"data":"BIOHUB_RETENTION_GUARD {\"blended_candidates\": 425, \"dataset\": \"44b6_2a2eff9f\", \"frame\": 12, \"minimum_retention\": 0.9, \"primary_candidates\": 508, \"retention\": 0.8366141732283464, \"use_primary\": true}\n"}
,{"stream_name":"stdout","time":1515.048017643,"data":"SECONDARY_EDGE_TTA_ACTIVE views = 8 weight = 0.75 mean_abs_feat_delta = 0.26614\n"}
,{"stream_name":"stdout","time":1515.348393807,"data":"EDGE_TTA_ACTIVE views = 8 mean_abs_feat_delta = 0.361858\n"}
,{"stream_name":"stdout","time":1516.265377951,"data":"EDGE_TTA_ACTIVE views = 8 mean_abs_feat_delta = 0.331192\n"}
,{"stream_name":"stdout","time":1516.352251826,"data":"SECONDARY_EDGE_TTA_ACTIVE views = 8 weight = 0.75 mean_abs_feat_delta = 0.31824\n"}
,{"stream_name":"stdout","time":1516.356291953,"data":"BIOHUB_RETENTION_GUARD {\"blended_candidates\": 407, \"dataset\": \"44b6_2a2eff9f\", \"frame\": 13, \"minimum_retention\": 0.9, \"primary_candidates\": 504, \"retention\": 0.8075396825396826, \"use_primary\": true}\n"}
,{"stream_name":"stdout","time":1517.397022229,"data":"SECONDARY_EDGE_TTA_ACTIVE views = 8 weight = 0.75 mean_abs_feat_delta = 0.263399\n"}
,{"stream_name":"stdout","time":1517.57126258,"data":"EDGE_TTA_ACTIVE views = 8 mean_abs_feat_delta = 0.358521\n"}
,{"stream_name":"stdout","time":1518.572057858,"data":"SECONDARY_EDGE_TTA_ACTIVE views = 8 weight = 0.75 mean_abs_feat_delta = 0.320361\n"}
,{"stream_name":"stdout","time":1518.576577949,"data":"BIOHUB_RETENTION_GUARD {\"blended_candidates\": 403, \"dataset\": \"44b6_2a2eff9f\", \"frame\": 14, \"minimum_retention\": 0.9, \"primary_candidates\": 499, \"retention\": 0.8076152304609219, \"use_primary\": true}\n"}
,{"stream_name":"stdout","time":1518.633656758,"data":"EDGE_TTA_ACTIVE views = 8 mean_abs_feat_delta = 0.331813\n"}
,{"stream_name":"stdout","time":1519.752917287,"data":"SECONDARY_EDGE_TTA_ACTIVE views = 8 weight = 0.75 mean_abs_feat_delta = 0.258884\n"}
,{"stream_name":"stdout","time":1519.826327306,"data":"EDGE_TTA_ACTIVE views = 8 mean_abs_feat_delta = 0.360482\n"}
,{"stream_name":"stdout","time":1520.824118271,"data":"SECONDARY_EDGE_TTA_ACTIVE views = 8 weight = 0.75 mean_abs_feat_delta = 0.322986\n"}
,{"stream_name":"stdout","time":1520.827886013,"data":"BIOHUB_RETENTION_GUARD {\"blended_candidates\": 388, \"dataset\": \"44b6_2a2eff9f\", \"frame\": 15, \"minimum_retention\": 0.9, \"primary_candidates\": 479, \"retention\": 0.8100208768267223, \"use_primary\": true}\n"}
,{"stream_name":"stdout","time":1520.954909467,"data":"EDGE_TTA_ACTIVE views = 8 mean_abs_feat_delta = 0.327911\n"}
,{"stream_name":"stdout","time":1522.008268085,"data":"EDGE_TTA_ACTIVE views = 8 mean_abs_feat_delta = 0.362679\n"}
,{"stream_name":"stdout","time":1522.069662892,"data":"SECONDARY_EDGE_TTA_ACTIVE views = 8 weight = 0.75 mean_abs_feat_delta = 0.259992\n"}
,{"stream_name":"stdout","time":1523.004078386,"data":"SECONDARY_EDGE_TTA_ACTIVE views = 8 weight = 0.75 mean_abs_feat_delta = 0.323504\n"}
,{"stream_name":"stdout","time":1523.00803843,"data":"BIOHUB_RETENTION_GUARD {\"blended_candidates\": 357, \"dataset\": \"44b6_2a2eff9f\", \"frame\": 16, \"minimum_retention\": 0.9, \"primary_candidates\": 478, \"retention\": 0.7468619246861925, \"use_primary\": true}\n"}
,{"stream_name":"stdout","time":1523.279679689,"data":"EDGE_TTA_ACTIVE views = 8 mean_abs_feat_delta = 0.330714\n"}
,{"stream_name":"stdout","time":1524.262081835,"data":"EDGE_TTA_ACTIVE views = 8 mean_abs_feat_delta = 0.361583\n"}
,{"stream_name":"stdout","time":1524.384904297,"data":"SECONDARY_EDGE_TTA_ACTIVE views = 8 weight = 0.75 mean_abs_feat_delta = 0.261061\n"}
,{"stream_name":"stdout","time":1525.261562939,"data":"SECONDARY_EDGE_TTA_ACTIVE views = 8 weight = 0.75 mean_abs_feat_delta = 0.321225\n"}
,{"stream_name":"stdout","time":1525.265283277,"data":"BIOHUB_RETENTION_GUARD {\"blended_candidates\": 328, \"dataset\": \"44b6_2a2eff9f\", \"frame\": 17, \"minimum_retention\": 0.9, \"primary_candidates\": 458, \"retention\": 0.7161572052401747, \"use_primary\": true}\n"}
,{"stream_name":"stdout","time":1525.559682524,"data":"EDGE_TTA_ACTIVE views = 8 mean_abs_feat_delta = 0.32934\n"}
,{"stream_name":"stdout","time":1526.526272705,"data":"EDGE_TTA_ACTIVE views = 8 mean_abs_feat_delta = 0.359303\n"}
,{"stream_name":"stdout","time":1526.666988954,"data":"SECONDARY_EDGE_TTA_ACTIVE views = 8 weight = 0.75 mean_abs_feat_delta = 0.260977\n"}
,{"stream_name":"stdout","time":1527.430211235,"data":"SECONDARY_EDGE_TTA_ACTIVE views = 8 weight = 0.75 mean_abs_feat_delta = 0.322611\n"}
,{"stream_name":"stdout","time":1527.43441818,"data":"BIOHUB_RETENTION_GUARD {\"blended_candidates\": 408, \"dataset\": \"44b6_2a2eff9f\", \"frame\": 18, \"minimum_retention\": 0.9, \"primary_candidates\": 486, \"retention\": 0.8395061728395061, \"use_primary\": true}\n"}
,{"stream_name":"stdout","time":1527.891440573,"data":"EDGE_TTA_ACTIVE views = 8 mean_abs_feat_delta = 0.333566\n"}
,{"stream_name":"stdout","time":1528.600511572,"data":"EDGE_TTA_ACTIVE views = 8 mean_abs_feat_delta = 0.357931\n"}
,{"stream_name":"stdout","time":1528.990243224,"data":"SECONDARY_EDGE_TTA_ACTIVE views = 8 weight = 0.75 mean_abs_feat_delta = 0.25823\n"}
,{"stream_name":"stdout","time":1529.593792347,"data":"SECONDARY_EDGE_TTA_ACTIVE views = 8 weight = 0.75 mean_abs_feat_delta = 0.327667\n"}
,{"stream_name":"stdout","time":1529.598366113,"data":"BIOHUB_RETENTION_GUARD {\"blended_candidates\": 382, \"dataset\": \"44b6_2a2eff9f\", \"frame\": 19, \"minimum_retention\": 0.9, \"primary_candidates\": 474, \"retention\": 0.8059071729957806, \"use_primary\": true}\n"}
,{"stream_name":"stdout","time":1530.146459322,"data":"EDGE_TTA_ACTIVE views = 8 mean_abs_feat_delta = 0.336507\n"}
,{"stream_name":"stdout","time":1530.765466003,"data":"EDGE_TTA_ACTIVE views = 8 mean_abs_feat_delta = 0.35399\n"}
,{"stream_name":"stdout","time":1531.242346271,"data":"SECONDARY_EDGE_TTA_ACTIVE views = 8 weight = 0.75 mean_abs_feat_delta = 0.25435\n"}
,{"stream_name":"stdout","time":1531.758623876,"data":"SECONDARY_EDGE_TTA_ACTIVE views = 8 weight = 0.75 mean_abs_feat_delta = 0.323004\n"}
,{"stream_name":"stdout","time":1531.76231739,"data":"BIOHUB_RETENTION_GUARD {\"blended_candidates\": 404, \"dataset\": \"44b6_2a2eff9f\", \"frame\": 20, \"minimum_retention\": 0.9, \"primary_candidates\": 504, \"retention\": 0.8015873015873016, \"use_primary\": true}\n"}
,{"stream_name":"stdout","time":1532.444494756,"data":"EDGE_TTA_ACTIVE views = 8 mean_abs_feat_delta = 0.3358\n"}
,{"stream_name":"stdout","time":1532.934010067,"data":"EDGE_TTA_ACTIVE views = 8 mean_abs_feat_delta = 0.354644\n"}
,{"stream_name":"stdout","time":1533.535980858,"data":"SECONDARY_EDGE_TTA_ACTIVE views = 8 weight = 0.75 mean_abs_feat_delta = 0.256804\n"}
,{"stream_name":"stdout","time":1533.923489194,"data":"SECONDARY_EDGE_TTA_ACTIVE views = 8 weight = 0.75 mean_abs_feat_delta = 0.323896\n"}
,{"stream_name":"stdout","time":1533.927263917,"data":"BIOHUB_RETENTION_GUARD {\"blended_candidates\": 413, \"dataset\": \"44b6_2a2eff9f\", \"frame\": 21, \"minimum_retention\": 0.9, \"primary_candidates\": 491, \"retention\": 0.8411405295315683, \"use_primary\": true}\n"}
,{"stream_name":"stdout","time":1534.773239176,"data":"EDGE_TTA_ACTIVE views = 8 mean_abs_feat_delta = 0.32024\n"}
,{"stream_name":"stdout","time":1535.102353509,"data":"EDGE_TTA_ACTIVE views = 8 mean_abs_feat_delta = 0.354923\n"}
,{"stream_name":"stdout","time":1535.862254767,"data":"SECONDARY_EDGE_TTA_ACTIVE views = 8 weight = 0.75 mean_abs_feat_delta = 0.264014\n"}
,{"stream_name":"stdout","time":1536.093845291,"data":"SECONDARY_EDGE_TTA_ACTIVE views = 8 weight = 0.75 mean_abs_feat_delta = 0.316583\n"}
,{"stream_name":"stdout","time":1536.097807171,"data":"BIOHUB_RETENTION_GUARD {\"blended_candidates\": 362, \"dataset\": \"44b6_2a2eff9f\", \"frame\": 22, \"minimum_retention\": 0.9, \"primary_candidates\": 470, \"retention\": 0.7702127659574468, \"use_primary\": true}\n"}
,{"stream_name":"stdout","time":1537.065302417,"data":"EDGE_TTA_ACTIVE views = 8 mean_abs_feat_delta = 0.325944\n"}
,{"stream_name":"stdout","time":1537.271934504,"data":"EDGE_TTA_ACTIVE views = 8 mean_abs_feat_delta = 0.354804\n"}
,{"stream_name":"stdout","time":1538.152474003,"data":"SECONDARY_EDGE_TTA_ACTIVE views = 8 weight = 0.75 mean_abs_feat_delta = 0.261728\n"}
,{"stream_name":"stdout","time":1538.262776006,"data":"SECONDARY_EDGE_TTA_ACTIVE views = 8 weight = 0.75 mean_abs_feat_delta = 0.316862\n"}
,{"stream_name":"stdout","time":1538.266640652,"data":"BIOHUB_RETENTION_GUARD {\"blended_candidates\": 377, \"dataset\": \"44b6_2a2eff9f\", \"frame\": 23, \"minimum_retention\": 0.9, \"primary_candidates\": 467, \"retention\": 0.8072805139186295, \"use_primary\": true}\n"}
,{"stream_name":"stdout","time":1539.354886748,"data":"EDGE_TTA_ACTIVE views = 8 mean_abs_feat_delta = 0.328686\n"}
,{"stream_name":"stdout","time":1539.454447586,"data":"EDGE_TTA_ACTIVE views = 8 mean_abs_feat_delta = 0.354254\n"}
,{"stream_name":"stdout","time":1540.435461555,"data":"SECONDARY_EDGE_TTA_ACTIVE views = 8 weight = 0.75 mean_abs_feat_delta = 0.257823\n"}
,{"stream_name":"stdout","time":1540.442381941,"data":"SECONDARY_EDGE_TTA_ACTIVE views = 8 weight = 0.75 mean_abs_feat_delta = 0.326296\n"}
,{"stream_name":"stdout","time":1540.446994035,"data":"BIOHUB_RETENTION_GUARD {\"blended_candidates\": 378, \"dataset\": \"44b6_2a2eff9f\", \"frame\": 24, \"minimum_retention\": 0.9, \"primary_candidates\": 467, \"retention\": 0.8094218415417559, \"use_primary\": true}\n"}
,{"stream_name":"stdout","time":1541.583590072,"data":"EDGE_TTA_ACTIVE views = 8 mean_abs_feat_delta = 0.327204\n"}
,{"stream_name":"stdout","time":1541.606214299,"data":"EDGE_TTA_ACTIVE views = 8 mean_abs_feat_delta = 0.361493\n"}
,{"stream_name":"stdout","time":1542.595154559,"data":"SECONDARY_EDGE_TTA_ACTIVE views = 8 weight = 0.75 mean_abs_feat_delta = 0.325891\n"}
,{"stream_name":"stdout","time":1542.598840233,"data":"BIOHUB_RETENTION_GUARD {\"blended_candidates\": 363, \"dataset\": \"44b6_2a2eff9f\", \"frame\": 25, \"minimum_retention\": 0.9, \"primary_candidates\": 449, \"retention\": 0.8084632516703786, \"use_primary\": true}\n"}
,{"stream_name":"stdout","time":1542.662807036,"data":"SECONDARY_EDGE_TTA_ACTIVE views = 8 weight = 0.75 mean_abs_feat_delta = 0.260305\n"}
,{"stream_name":"stdout","time":1543.728781938,"data":"EDGE_TTA_ACTIVE views = 8 mean_abs_feat_delta = 0.367501\n"}
,{"stream_name":"stdout","time":1543.83271464,"data":"EDGE_TTA_ACTIVE views = 8 mean_abs_feat_delta = 0.333242\n"}
,{"stream_name":"stdout","time":1544.71206999,"data":"SECONDARY_EDGE_TTA_ACTIVE views = 8 weight = 0.75 mean_abs_feat_delta = 0.322369\n"}
,{"stream_name":"stdout","time":1544.715910265,"data":"BIOHUB_RETENTION_GUARD {\"blended_candidates\": 348, \"dataset\": \"44b6_2a2eff9f\", \"frame\": 26, \"minimum_retention\": 0.9, \"primary_candidates\": 438, \"retention\": 0.7945205479452054, \"use_primary\": true}\n"}
,{"stream_name":"stdout","time":1544.911970429,"data":"SECONDARY_EDGE_TTA_ACTIVE views = 8 weight = 0.75 mean_abs_feat_delta = 0.258707\n"}
,{"stream_name":"stdout","time":1545.958102003,"data":"EDGE_TTA_ACTIVE views = 8 mean_abs_feat_delta = 0.364694\n"}
,{"stream_name":"stdout","time":1546.116107193,"data":"EDGE_TTA_ACTIVE views = 8 mean_abs_feat_delta = 0.335356\n"}
,{"stream_name":"stdout","time":1546.945649142,"data":"SECONDARY_EDGE_TTA_ACTIVE views = 8 weight = 0.75 mean_abs_feat_delta = 0.322571\n"}
,{"stream_name":"stdout","time":1546.949887175,"data":"BIOHUB_RETENTION_GUARD {\"blended_candidates\": 357, \"dataset\": \"44b6_2a2eff9f\", \"frame\": 27, \"minimum_retention\": 0.9, \"primary_candidates\": 475, \"retention\": 0.751578947368421, \"use_primary\": true}\n"}
,{"stream_name":"stdout","time":1547.195587677,"data":"SECONDARY_EDGE_TTA_ACTIVE views = 8 weight = 0.75 mean_abs_feat_delta = 0.258868\n"}
,{"stream_name":"stdout","time":1548.069026566,"data":"EDGE_TTA_ACTIVE views = 8 mean_abs_feat_delta = 0.36466\n"}
,{"stream_name":"stdout","time":1548.367635574,"data":"EDGE_TTA_ACTIVE views = 8 mean_abs_feat_delta = 0.333142\n"}
,{"stream_name":"stdout","time":1549.053772555,"data":"SECONDARY_EDGE_TTA_ACTIVE views = 8 weight = 0.75 mean_abs_feat_delta = 0.321971\n"}
,{"stream_name":"stdout","time":1549.05757453,"data":"BIOHUB_RETENTION_GUARD {\"blended_candidates\": 349, \"dataset\": \"44b6_2a2eff9f\", \"frame\": 28, \"minimum_retention\": 0.9, \"primary_candidates\": 461, \"retention\": 0.7570498915401301, \"use_primary\": true}\n"}
,{"stream_name":"stdout","time":1549.44952361,"data":"SECONDARY_EDGE_TTA_ACTIVE views = 8 weight = 0.75 mean_abs_feat_delta = 0.257552\n"}
,{"stream_name":"stdout","time":1550.238475406,"data":"EDGE_TTA_ACTIVE views = 8 mean_abs_feat_delta = 0.364232\n"}
,{"stream_name":"stdout","time":1550.679048339,"data":"EDGE_TTA_ACTIVE views = 8 mean_abs_feat_delta = 0.328461\n"}
,{"stream_name":"stdout","time":1551.225782165,"data":"SECONDARY_EDGE_TTA_ACTIVE views = 8 weight = 0.75 mean_abs_feat_delta = 0.323261\n"}
,{"stream_name":"stdout","time":1551.22998187,"data":"BIOHUB_RETENTION_GUARD {\"blended_candidates\": 352, \"dataset\": \"44b6_2a2eff9f\", \"frame\": 29, \"minimum_retention\": 0.9, \"primary_candidates\": 467, \"retention\": 0.7537473233404711, \"use_primary\": true}\n"}
,{"stream_name":"stdout","time":1551.755407722,"data":"SECONDARY_EDGE_TTA_ACTIVE views = 8 weight = 0.75 mean_abs_feat_delta = 0.260048\n"}
,{"stream_name":"stdout","time":1552.385682169,"data":"EDGE_TTA_ACTIVE views = 8 mean_abs_feat_delta = 0.369005\n"}
,{"stream_name":"stdout","time":1552.949730347,"data":"EDGE_TTA_ACTIVE views = 8 mean_abs_feat_delta = 0.328834\n"}
,{"stream_name":"stdout","time":1553.374162724,"data":"SECONDARY_EDGE_TTA_ACTIVE views = 8 weight = 0.75 mean_abs_feat_delta = 0.325997\n"}
,{"stream_name":"stdout","time":1553.37820205,"data":"BIOHUB_RETENTION_GUARD {\"blended_candidates\": 342, \"dataset\": \"44b6_2a2eff9f\", \"frame\": 30, \"minimum_retention\": 0.9, \"primary_candidates\": 460, \"retention\": 0.7434782608695653, \"use_primary\": true}\n"}
,{"stream_name":"stdout","time":1554.02820491,"data":"SECONDARY_EDGE_TTA_ACTIVE views = 8 weight = 0.75 mean_abs_feat_delta = 0.25594\n"}
,{"stream_name":"stdout","time":1554.553473538,"data":"EDGE_TTA_ACTIVE views = 8 mean_abs_feat_delta = 0.371568\n"}
,{"stream_name":"stdout","time":1555.224991904,"data":"EDGE_TTA_ACTIVE views = 8 mean_abs_feat_delta = 0.33524\n"}
,{"stream_name":"stdout","time":1555.540009513,"data":"SECONDARY_EDGE_TTA_ACTIVE views = 8 weight = 0.75 mean_abs_feat_delta = 0.322858\n"}
,{"stream_name":"stdout","time":1555.544070475,"data":"BIOHUB_RETENTION_GUARD {\"blended_candidates\": 360, \"dataset\": \"44b6_2a2eff9f\", \"frame\": 31, \"minimum_retention\": 0.9, \"primary_candidates\": 457, \"retention\": 0.787746170678337, \"use_primary\": true}\n"}
,{"stream_name":"stdout","time":1556.300858343,"data":"SECONDARY_EDGE_TTA_ACTIVE views = 8 weight = 0.75 mean_abs_feat_delta = 0.255182\n"}
,{"stream_name":"stdout","time":1556.836209014,"data":"EDGE_TTA_ACTIVE views = 8 mean_abs_feat_delta = 0.373964\n"}
,{"stream_name":"stdout","time":1557.477045226,"data":"EDGE_TTA_ACTIVE views = 8 mean_abs_feat_delta = 0.330644\n"}
,{"stream_name":"stdout","time":1557.714406209,"data":"SECONDARY_EDGE_TTA_ACTIVE views = 8 weight = 0.75 mean_abs_feat_delta = 0.322245\n"}
,{"stream_name":"stdout","time":1557.718249027,"data":"BIOHUB_RETENTION_GUARD {\"blended_candidates\": 361, \"dataset\": \"44b6_2a2eff9f\", \"frame\": 32, \"minimum_retention\": 0.9, \"primary_candidates\": 461, \"retention\": 0.7830802603036876, \"use_primary\": true}\n"}
,{"stream_name":"stdout","time":1558.555660848,"data":"SECONDARY_EDGE_TTA_ACTIVE views = 8 weight = 0.75 mean_abs_feat_delta = 0.255678\n"}
,{"stream_name":"stdout","time":1558.868976622,"data":"EDGE_TTA_ACTIVE views = 8 mean_abs_feat_delta = 0.375985\n"}
,{"stream_name":"stdout","time":1559.732638986,"data":"EDGE_TTA_ACTIVE views = 8 mean_abs_feat_delta = 0.329724\n"}
,{"stream_name":"stdout","time":1559.858133015,"data":"SECONDARY_EDGE_TTA_ACTIVE views = 8 weight = 0.75 mean_abs_feat_delta = 0.323643\n"}
,{"stream_name":"stdout","time":1559.862446215,"data":"BIOHUB_RETENTION_GUARD {\"blended_candidates\": 336, \"dataset\": \"44b6_2a2eff9f\", \"frame\": 33, \"minimum_retention\": 0.9, \"primary_candidates\": 455, \"retention\": 0.7384615384615385, \"use_primary\": true}\n"}
,{"stream_name":"stdout","time":1560.807054438,"data":"SECONDARY_EDGE_TTA_ACTIVE views = 8 weight = 0.75 mean_abs_feat_delta = 0.25659\n"}
,{"stream_name":"stdout","time":1561.037120464,"data":"EDGE_TTA_ACTIVE views = 8 mean_abs_feat_delta = 0.370885\n"}
,{"stream_name":"stdout","time":1562.015006253,"data":"EDGE_TTA_ACTIVE views = 8 mean_abs_feat_delta = 0.328509\n"}
,{"stream_name":"stdout","time":1562.024510593,"data":"SECONDARY_EDGE_TTA_ACTIVE views = 8 weight = 0.75 mean_abs_feat_delta = 0.325514\n"}
,{"stream_name":"stdout","time":1562.029039083,"data":"BIOHUB_RETENTION_GUARD {\"blended_candidates\": 344, \"dataset\": \"44b6_2a2eff9f\", \"frame\": 34, \"minimum_retention\": 0.9, \"primary_candidates\": 470, \"retention\": 0.7319148936170212, \"use_primary\": true}\n"}
,{"stream_name":"stdout","time":1563.088015313,"data":"SECONDARY_EDGE_TTA_ACTIVE views = 8 weight = 0.75 mean_abs_feat_delta = 0.261519\n"}
,{"stream_name":"stdout","time":1563.225823687,"data":"EDGE_TTA_ACTIVE views = 8 mean_abs_feat_delta = 0.36672\n"}
,{"stream_name":"stdout","time":1564.215300297,"data":"SECONDARY_EDGE_TTA_ACTIVE views = 8 weight = 0.75 mean_abs_feat_delta = 0.32951\n"}
,{"stream_name":"stdout","time":1564.219031159,"data":"BIOHUB_RETENTION_GUARD {\"blended_candidates\": 339, \"dataset\": \"44b6_2a2eff9f\", \"frame\": 35, \"minimum_retention\": 0.9, \"primary_candidates\": 461, \"retention\": 0.735357917570499, \"use_primary\": true}\n"}
,{"stream_name":"stdout","time":1564.259312448,"data":"EDGE_TTA_ACTIVE views = 8 mean_abs_feat_delta = 0.328824\n"}
,{"stream_name":"stdout","time":1565.343340258,"data":"SECONDARY_EDGE_TTA_ACTIVE views = 8 weight = 0.75 mean_abs_feat_delta = 0.261581\n"}
,{"stream_name":"stdout","time":1565.353631266,"data":"EDGE_TTA_ACTIVE views = 8 mean_abs_feat_delta = 0.364845\n"}
,{"stream_name":"stdout","time":1566.345123889,"data":"SECONDARY_EDGE_TTA_ACTIVE views = 8 weight = 0.75 mean_abs_feat_delta = 0.33226\n"}
,{"stream_name":"stdout","time":1566.348899237,"data":"BIOHUB_RETENTION_GUARD {\"blended_candidates\": 344, \"dataset\": \"44b6_2a2eff9f\", \"frame\": 36, \"minimum_retention\": 0.9, \"primary_candidates\": 451, \"retention\": 0.7627494456762749, \"use_primary\": true}\n"}
,{"stream_name":"stdout","time":1566.493506419,"data":"EDGE_TTA_ACTIVE views = 8 mean_abs_feat_delta = 0.333453\n"}
,{"stream_name":"stdout","time":1567.548023815,"data":"EDGE_TTA_ACTIVE views = 8 mean_abs_feat_delta = 0.365471\n"}
,{"stream_name":"stdout","time":1567.576030689,"data":"SECONDARY_EDGE_TTA_ACTIVE views = 8 weight = 0.75 mean_abs_feat_delta = 0.257374\n"}
,{"stream_name":"stdout","time":1568.54176314,"data":"SECONDARY_EDGE_TTA_ACTIVE views = 8 weight = 0.75 mean_abs_feat_delta = 0.334845\n"}
,{"stream_name":"stdout","time":1568.545734894,"data":"BIOHUB_RETENTION_GUARD {\"blended_candidates\": 329, \"dataset\": \"44b6_2a2eff9f\", \"frame\": 37, \"minimum_retention\": 0.9, \"primary_candidates\": 430, \"retention\": 0.7651162790697674, \"use_primary\": true}\n"}
,{"stream_name":"stdout","time":1568.808908827,"data":"EDGE_TTA_ACTIVE views = 8 mean_abs_feat_delta = 0.33049\n"}
,{"stream_name":"stdout","time":1569.755473182,"data":"EDGE_TTA_ACTIVE views = 8 mean_abs_feat_delta = 0.367895\n"}
,{"stream_name":"stdout","time":1569.897531731,"data":"SECONDARY_EDGE_TTA_ACTIVE views = 8 weight = 0.75 mean_abs_feat_delta = 0.256553\n"}
,{"stream_name":"stdout","time":1570.750310398,"data":"SECONDARY_EDGE_TTA_ACTIVE views = 8 weight = 0.75 mean_abs_feat_delta = 0.338455\n"}
,{"stream_name":"stdout","time":1570.754126049,"data":"BIOHUB_RETENTION_GUARD {\"blended_candidates\": 321, \"dataset\": \"44b6_2a2eff9f\", \"frame\": 38, \"minimum_retention\": 0.9, \"primary_candidates\": 432, \"retention\": 0.7430555555555556, \"use_primary\": true}\n"}
,{"stream_name":"stdout","time":1571.077741329,"data":"EDGE_TTA_ACTIVE views = 8 mean_abs_feat_delta = 0.330532\n"}
,{"stream_name":"stdout","time":1571.952284895,"data":"EDGE_TTA_ACTIVE views = 8 mean_abs_feat_delta = 0.369509\n"}
,{"stream_name":"stdout","time":1572.167335825,"data":"SECONDARY_EDGE_TTA_ACTIVE views = 8 weight = 0.75 mean_abs_feat_delta = 0.254743\n"}
,{"stream_name":"stdout","time":1572.949544436,"data":"SECONDARY_EDGE_TTA_ACTIVE views = 8 weight = 0.75 mean_abs_feat_delta = 0.343458\n"}
,{"stream_name":"stdout","time":1572.953477966,"data":"BIOHUB_RETENTION_GUARD {\"blended_candidates\": 347, \"dataset\": \"44b6_2a2eff9f\", \"frame\": 39, \"minimum_retention\": 0.9, \"primary_candidates\": 430, \"retention\": 0.8069767441860465, \"use_primary\": true}\n"}
,{"stream_name":"stdout","time":1573.346028334,"data":"EDGE_TTA_ACTIVE views = 8 mean_abs_feat_delta = 0.336898\n"}
,{"stream_name":"stdout","time":1574.144420587,"data":"EDGE_TTA_ACTIVE views = 8 mean_abs_feat_delta = 0.369407\n"}
,{"stream_name":"stdout","time":1574.431887384,"data":"SECONDARY_EDGE_TTA_ACTIVE views = 8 weight = 0.75 mean_abs_feat_delta = 0.25812\n"}
,{"stream_name":"stdout","time":1575.14331973,"data":"SECONDARY_EDGE_TTA_ACTIVE views = 8 weight = 0.75 mean_abs_feat_delta = 0.339895\n"}
,{"stream_name":"stdout","time":1575.14713154,"data":"BIOHUB_RETENTION_GUARD {\"blended_candidates\": 338, \"dataset\": \"44b6_2a2eff9f\", \"frame\": 40, \"minimum_retention\": 0.9, \"primary_candidates\": 423, \"retention\": 0.7990543735224587, \"use_primary\": true}\n"}
,{"stream_name":"stdout","time":1575.601144064,"data":"EDGE_TTA_ACTIVE views = 8 mean_abs_feat_delta = 0.339093\n"}
,{"stream_name":"stdout","time":1576.369986488,"data":"EDGE_TTA_ACTIVE views = 8 mean_abs_feat_delta = 0.366559\n"}
,{"stream_name":"stdout","time":1576.694160842,"data":"SECONDARY_EDGE_TTA_ACTIVE views = 8 weight = 0.75 mean_abs_feat_delta = 0.258084\n"}
,{"stream_name":"stdout","time":1577.370163056,"data":"SECONDARY_EDGE_TTA_ACTIVE views = 8 weight = 0.75 mean_abs_feat_delta = 0.336794\n"}
,{"stream_name":"stdout","time":1577.374033537,"data":"BIOHUB_RETENTION_GUARD {\"blended_candidates\": 356, \"dataset\": \"44b6_2a2eff9f\", \"frame\": 41, \"minimum_retention\": 0.9, \"primary_candidates\": 439, \"retention\": 0.8109339407744874, \"use_primary\": true}\n"}
,{"stream_name":"stdout","time":1577.905081433,"data":"EDGE_TTA_ACTIVE views = 8 mean_abs_feat_delta = 0.334928\n"}
,{"stream_name":"stdout","time":1578.595977192,"data":"EDGE_TTA_ACTIVE views = 8 mean_abs_feat_delta = 0.365076\n"}
,{"stream_name":"stdout","time":1578.999870353,"data":"SECONDARY_EDGE_TTA_ACTIVE views = 8 weight = 0.75 mean_abs_feat_delta = 0.253733\n"}
,{"stream_name":"stdout","time":1579.59862883,"data":"SECONDARY_EDGE_TTA_ACTIVE views = 8 weight = 0.75 mean_abs_feat_delta = 0.337964\n"}
,{"stream_name":"stdout","time":1579.602613024,"data":"BIOHUB_RETENTION_GUARD {\"blended_candidates\": 348, \"dataset\": \"44b6_2a2eff9f\", \"frame\": 42, \"minimum_retention\": 0.9, \"primary_candidates\": 424, \"retention\": 0.8207547169811321, \"use_primary\": true}\n"}
,{"stream_name":"stdout","time":1580.164936471,"data":"EDGE_TTA_ACTIVE views = 8 mean_abs_feat_delta = 0.334762\n"}
,{"stream_name":"stdout","time":1580.794801419,"data":"EDGE_TTA_ACTIVE views = 8 mean_abs_feat_delta = 0.363489\n"}
,{"stream_name":"stdout","time":1581.267520019,"data":"SECONDARY_EDGE_TTA_ACTIVE views = 8 weight = 0.75 mean_abs_feat_delta = 0.257496\n"}
,{"stream_name":"stdout","time":1581.797272502,"data":"SECONDARY_EDGE_TTA_ACTIVE views = 8 weight = 0.75 mean_abs_feat_delta = 0.335927\n"}
,{"stream_name":"stdout","time":1581.801269818,"data":"BIOHUB_RETENTION_GUARD {\"blended_candidates\": 325, \"dataset\": \"44b6_2a2eff9f\", \"frame\": 43, \"minimum_retention\": 0.9, \"primary_candidates\": 418, \"retention\": 0.777511961722488, \"use_primary\": true}\n"}
,{"stream_name":"stdout","time":1582.48487254,"data":"EDGE_TTA_ACTIVE views = 8 mean_abs_feat_delta = 0.343229\n"}
,{"stream_name":"stdout","time":1582.943626705,"data":"EDGE_TTA_ACTIVE views = 8 mean_abs_feat_delta = 0.365601\n"}
,{"stream_name":"stdout","time":1583.585845443,"data":"SECONDARY_EDGE_TTA_ACTIVE views = 8 weight = 0.75 mean_abs_feat_delta = 0.258866\n"}
,{"stream_name":"stdout","time":1583.948447306,"data":"SECONDARY_EDGE_TTA_ACTIVE views = 8 weight = 0.75 mean_abs_feat_delta = 0.333679\n"}
,{"stream_name":"stdout","time":1583.952133594,"data":"BIOHUB_RETENTION_GUARD {\"blended_candidates\": 329, \"dataset\": \"44b6_2a2eff9f\", \"frame\": 44, \"minimum_retention\": 0.9, \"primary_candidates\": 441, \"retention\": 0.746031746031746, \"use_primary\": true}\n"}
,{"stream_name":"stdout","time":1584.782396438,"data":"EDGE_TTA_ACTIVE views = 8 mean_abs_feat_delta = 0.34071\n"}
,{"stream_name":"stdout","time":1585.115830243,"data":"EDGE_TTA_ACTIVE views = 8 mean_abs_feat_delta = 0.366265\n"}
,{"stream_name":"stdout","time":1585.890376951,"data":"SECONDARY_EDGE_TTA_ACTIVE views = 8 weight = 0.75 mean_abs_feat_delta = 0.256585\n"}
,{"stream_name":"stdout","time":1586.12238589,"data":"SECONDARY_EDGE_TTA_ACTIVE views = 8 weight = 0.75 mean_abs_feat_delta = 0.336494\n"}
,{"stream_name":"stdout","time":1586.126243159,"data":"BIOHUB_RETENTION_GUARD {\"blended_candidates\": 318, \"dataset\": \"44b6_2a2eff9f\", \"frame\": 45, \"minimum_retention\": 0.9, \"primary_candidates\": 424, \"retention\": 0.75, \"use_primary\": true}\n"}
,{"stream_name":"stdout","time":1587.1965129,"data":"EDGE_TTA_ACTIVE views = 8 mean_abs_feat_delta = 0.337284\n"}
,{"stream_name":"stdout","time":1587.293848024,"data":"EDGE_TTA_ACTIVE views = 8 mean_abs_feat_delta = 0.362606\n"}
,{"stream_name":"stdout","time":1588.194662519,"data":"SECONDARY_EDGE_TTA_ACTIVE views = 8 weight = 0.75 mean_abs_feat_delta = 0.255835\n"}
,{"stream_name":"stdout","time":1588.306111246,"data":"SECONDARY_EDGE_TTA_ACTIVE views = 8 weight = 0.75 mean_abs_feat_delta = 0.332437\n"}
,{"stream_name":"stdout","time":1588.309900969,"data":"BIOHUB_RETENTION_GUARD {\"blended_candidates\": 329, \"dataset\": \"44b6_2a2eff9f\", \"frame\": 46, \"minimum_retention\": 0.9, \"primary_candidates\": 435, \"retention\": 0.7563218390804598, \"use_primary\": true}\n"}
,{"stream_name":"stdout","time":1589.41039692,"data":"EDGE_TTA_ACTIVE views = 8 mean_abs_feat_delta = 0.340637\n"}
,{"stream_name":"stdout","time":1589.539143761,"data":"EDGE_TTA_ACTIVE views = 8 mean_abs_feat_delta = 0.353238\n"}
,{"stream_name":"stdout","time":1590.51546533,"data":"SECONDARY_EDGE_TTA_ACTIVE views = 8 weight = 0.75 mean_abs_feat_delta = 0.251669\n"}
,{"stream_name":"stdout","time":1590.54935964,"data":"SECONDARY_EDGE_TTA_ACTIVE views = 8 weight = 0.75 mean_abs_feat_delta = 0.319389\n"}
,{"stream_name":"stdout","time":1590.553241017,"data":"BIOHUB_RETENTION_GUARD {\"blended_candidates\": 410, \"dataset\": \"44b6_2a2eff9f\", \"frame\": 47, \"minimum_retention\": 0.9, \"primary_candidates\": 487, \"retention\": 0.8418891170431212, \"use_primary\": true}\n"}
,{"stream_name":"stdout","time":1591.717890772,"data":"EDGE_TTA_ACTIVE views = 8 mean_abs_feat_delta = 0.338061\n"}
,{"stream_name":"stdout","time":1591.772104276,"data":"EDGE_TTA_ACTIVE views = 8 mean_abs_feat_delta = 0.360268\n"}
,{"stream_name":"stdout","time":1592.781409781,"data":"SECONDARY_EDGE_TTA_ACTIVE views = 8 weight = 0.75 mean_abs_feat_delta = 0.328147\n"}
,{"stream_name":"stdout","time":1592.785204291,"data":"BIOHUB_RETENTION_GUARD {\"blended_candidates\": 294, \"dataset\": \"44b6_2a2eff9f\", \"frame\": 48, \"minimum_retention\": 0.9, \"primary_candidates\": 419, \"retention\": 0.7016706443914081, \"use_primary\": true}\n"}
,{"stream_name":"stdout","time":1592.827467921,"data":"SECONDARY_EDGE_TTA_ACTIVE views = 8 weight = 0.75 mean_abs_feat_delta = 0.249524\n"}
,{"stream_name":"stdout","time":1594.003953746,"data":"EDGE_TTA_ACTIVE views = 8 mean_abs_feat_delta = 0.366748\n"}
,{"stream_name":"stdout","time":1594.056730036,"data":"EDGE_TTA_ACTIVE views = 8 mean_abs_feat_delta = 0.345326\n"}
,{"stream_name":"stdout","time":1595.014029701,"data":"SECONDARY_EDGE_TTA_ACTIVE views = 8 weight = 0.75 mean_abs_feat_delta = 0.329076\n"}
,{"stream_name":"stdout","time":1595.017794271,"data":"BIOHUB_RETENTION_GUARD {\"blended_candidates\": 266, \"dataset\": \"44b6_2a2eff9f\", \"frame\": 49, \"minimum_retention\": 0.9, \"primary_candidates\": 410, \"retention\": 0.6487804878048781, \"use_primary\": true}\n"}
,{"stream_name":"stdout","time":1595.161190037,"data":"SECONDARY_EDGE_TTA_ACTIVE views = 8 weight = 0.75 mean_abs_feat_delta = 0.249871\n"}
,{"stream_name":"stdout","time":1596.192056807,"data":"EDGE_TTA_ACTIVE views = 8 mean_abs_feat_delta = 0.370945\n"}
,{"stream_name":"stdout","time":1596.328347137,"data":"EDGE_TTA_ACTIVE views = 8 mean_abs_feat_delta = 0.349698\n"}
,{"stream_name":"stdout","time":1597.199072859,"data":"SECONDARY_EDGE_TTA_ACTIVE views = 8 weight = 0.75 mean_abs_feat_delta = 0.334363\n"}
,{"stream_name":"stdout","time":1597.202803614,"data":"BIOHUB_RETENTION_GUARD {\"blended_candidates\": 264, \"dataset\": \"44b6_2a2eff9f\", \"frame\": 50, \"minimum_retention\": 0.9, \"primary_candidates\": 409, \"retention\": 0.6454767726161369, \"use_primary\": true}\n"}
,{"stream_name":"stdout","time":1597.432165031,"data":"SECONDARY_EDGE_TTA_ACTIVE views = 8 weight = 0.75 mean_abs_feat_delta = 0.257627\n"}
,{"stream_name":"stdout","time":1598.366017035,"data":"EDGE_TTA_ACTIVE views = 8 mean_abs_feat_delta = 0.366217\n"}
,{"stream_name":"stdout","time":1598.628292916,"data":"EDGE_TTA_ACTIVE views = 8 mean_abs_feat_delta = 0.349809\n"}
,{"stream_name":"stdout","time":1599.373765487,"data":"SECONDARY_EDGE_TTA_ACTIVE views = 8 weight = 0.75 mean_abs_feat_delta = 0.33668\n"}
,{"stream_name":"stdout","time":1599.377825538,"data":"BIOHUB_RETENTION_GUARD {\"blended_candidates\": 284, \"dataset\": \"44b6_2a2eff9f\", \"frame\": 51, \"minimum_retention\": 0.9, \"primary_candidates\": 407, \"retention\": 0.6977886977886978, \"use_primary\": true}\n"}
,{"stream_name":"stdout","time":1599.735266449,"data":"SECONDARY_EDGE_TTA_ACTIVE views = 8 weight = 0.75 mean_abs_feat_delta = 0.255032\n"}
,{"stream_name":"stdout","time":1600.56035184,"data":"EDGE_TTA_ACTIVE views = 8 mean_abs_feat_delta = 0.362563\n"}
,{"stream_name":"stdout","time":1600.924459301,"data":"EDGE_TTA_ACTIVE views = 8 mean_abs_feat_delta = 0.338556\n"}
,{"stream_name":"stdout","time":1601.570617591,"data":"SECONDARY_EDGE_TTA_ACTIVE views = 8 weight = 0.75 mean_abs_feat_delta = 0.331129\n"}
,{"stream_name":"stdout","time":1601.575220431,"data":"BIOHUB_RETENTION_GUARD {\"blended_candidates\": 269, \"dataset\": \"44b6_2a2eff9f\", \"frame\": 52, \"minimum_retention\": 0.9, \"primary_candidates\": 406, \"retention\": 0.6625615763546798, \"use_primary\": true}\n"}
,{"stream_name":"stdout","time":1602.028067049,"data":"SECONDARY_EDGE_TTA_ACTIVE views = 8 weight = 0.75 mean_abs_feat_delta = 0.253313\n"}
,{"stream_name":"stdout","time":1602.767994538,"data":"EDGE_TTA_ACTIVE views = 8 mean_abs_feat_delta = 0.366037\n"}
,{"stream_name":"stdout","time":1603.217717975,"data":"EDGE_TTA_ACTIVE views = 8 mean_abs_feat_delta = 0.340267\n"}
,{"stream_name":"stdout","time":1603.777927859,"data":"SECONDARY_EDGE_TTA_ACTIVE views = 8 weight = 0.75 mean_abs_feat_delta = 0.333002\n"}
,{"stream_name":"stdout","time":1603.781813919,"data":"BIOHUB_RETENTION_GUARD {\"blended_candidates\": 288, \"dataset\": \"44b6_2a2eff9f\", \"frame\": 53, \"minimum_retention\": 0.9, \"primary_candidates\": 418, \"retention\": 0.6889952153110048, \"use_primary\": true}\n"}
,{"stream_name":"stdout","time":1604.318184273,"data":"SECONDARY_EDGE_TTA_ACTIVE views = 8 weight = 0.75 mean_abs_feat_delta = 0.253223\n"}
,{"stream_name":"stdout","time":1604.970623138,"data":"EDGE_TTA_ACTIVE views = 8 mean_abs_feat_delta = 0.364649\n"}
,{"stream_name":"stdout","time":1605.568359812,"data":"EDGE_TTA_ACTIVE views = 8 mean_abs_feat_delta = 0.344133\n"}
,{"stream_name":"stdout","time":1605.978999049,"data":"SECONDARY_EDGE_TTA_ACTIVE views = 8 weight = 0.75 mean_abs_feat_delta = 0.335485\n"}
,{"stream_name":"stdout","time":1605.9827339,"data":"BIOHUB_RETENTION_GUARD {\"blended_candidates\": 243, \"dataset\": \"44b6_2a2eff9f\", \"frame\": 54, \"minimum_retention\": 0.9, \"primary_candidates\": 392, \"retention\": 0.6198979591836735, \"use_primary\": true}\n"}
,{"stream_name":"stdout","time":1606.666296814,"data":"SECONDARY_EDGE_TTA_ACTIVE views = 8 weight = 0.75 mean_abs_feat_delta = 0.251983\n"}
,{"stream_name":"stdout","time":1607.230227445,"data":"EDGE_TTA_ACTIVE views = 8 mean_abs_feat_delta = 0.361135\n"}
,{"stream_name":"stdout","time":1607.887973509,"data":"EDGE_TTA_ACTIVE views = 8 mean_abs_feat_delta = 0.337296\n"}
,{"stream_name":"stdout","time":1608.235620508,"data":"SECONDARY_EDGE_TTA_ACTIVE views = 8 weight = 0.75 mean_abs_feat_delta = 0.330638\n"}
,{"stream_name":"stdout","time":1608.239942603,"data":"BIOHUB_RETENTION_GUARD {\"blended_candidates\": 255, \"dataset\": \"44b6_2a2eff9f\", \"frame\": 55, \"minimum_retention\": 0.9, \"primary_candidates\": 409, \"retention\": 0.6234718826405868, \"use_primary\": true}\n"}
,{"stream_name":"stdout","time":1608.984883112,"data":"SECONDARY_EDGE_TTA_ACTIVE views = 8 weight = 0.75 mean_abs_feat_delta = 0.251603\n"}
,{"stream_name":"stdout","time":1609.459164037,"data":"EDGE_TTA_ACTIVE views = 8 mean_abs_feat_delta = 0.359041\n"}
,{"stream_name":"stdout","time":1610.198640865,"data":"EDGE_TTA_ACTIVE views = 8 mean_abs_feat_delta = 0.340359\n"}
,{"stream_name":"stdout","time":1610.463526587,"data":"SECONDARY_EDGE_TTA_ACTIVE views = 8 weight = 0.75 mean_abs_feat_delta = 0.327924\n"}
,{"stream_name":"stdout","time":1610.467623621,"data":"BIOHUB_RETENTION_GUARD {\"blended_candidates\": 271, \"dataset\": \"44b6_2a2eff9f\", \"frame\": 56, \"minimum_retention\": 0.9, \"primary_candidates\": 424, \"retention\": 0.6391509433962265, \"use_primary\": true}\n"}
,{"stream_name":"stdout","time":1611.294456956,"data":"SECONDARY_EDGE_TTA_ACTIVE views = 8 weight = 0.75 mean_abs_feat_delta = 0.252902\n"}
,{"stream_name":"stdout","time":1611.679884649,"data":"EDGE_TTA_ACTIVE views = 8 mean_abs_feat_delta = 0.360113\n"}
,{"stream_name":"stdout","time":1612.485261363,"data":"EDGE_TTA_ACTIVE views = 8 mean_abs_feat_delta = 0.328718\n"}
,{"stream_name":"stdout","time":1612.679201719,"data":"SECONDARY_EDGE_TTA_ACTIVE views = 8 weight = 0.75 mean_abs_feat_delta = 0.327605\n"}
,{"stream_name":"stdout","time":1612.683259728,"data":"BIOHUB_RETENTION_GUARD {\"blended_candidates\": 282, \"dataset\": \"44b6_2a2eff9f\", \"frame\": 57, \"minimum_retention\": 0.9, \"primary_candidates\": 451, \"retention\": 0.6252771618625277, \"use_primary\": true}\n"}
,{"stream_name":"stdout","time":1613.579788151,"data":"SECONDARY_EDGE_TTA_ACTIVE views = 8 weight = 0.75 mean_abs_feat_delta = 0.251763\n"}
,{"stream_name":"stdout","time":1613.846277719,"data":"EDGE_TTA_ACTIVE views = 8 mean_abs_feat_delta = 0.365191\n"}
,{"stream_name":"stdout","time":1614.728789982,"data":"EDGE_TTA_ACTIVE views = 8 mean_abs_feat_delta = 0.332662\n"}
,{"stream_name":"stdout","time":1614.844972792,"data":"SECONDARY_EDGE_TTA_ACTIVE views = 8 weight = 0.75 mean_abs_feat_delta = 0.329719\n"}
,{"stream_name":"stdout","time":1614.849129951,"data":"BIOHUB_RETENTION_GUARD {\"blended_candidates\": 270, \"dataset\": \"44b6_2a2eff9f\", \"frame\": 58, \"minimum_retention\": 0.9, \"primary_candidates\": 429, \"retention\": 0.6293706293706294, \"use_primary\": true}\n"}
,{"stream_name":"stdout","time":1615.824437535,"data":"SECONDARY_EDGE_TTA_ACTIVE views = 8 weight = 0.75 mean_abs_feat_delta = 0.252662\n"}
,{"stream_name":"stdout","time":1616.078076658,"data":"EDGE_TTA_ACTIVE views = 8 mean_abs_feat_delta = 0.369054\n"}
,{"stream_name":"stdout","time":1617.004437839,"data":"EDGE_TTA_ACTIVE views = 8 mean_abs_feat_delta = 0.336965\n"}
,{"stream_name":"stdout","time":1617.081492495,"data":"SECONDARY_EDGE_TTA_ACTIVE views = 8 weight = 0.75 mean_abs_feat_delta = 0.330811\n"}
,{"stream_name":"stdout","time":1617.085803913,"data":"BIOHUB_RETENTION_GUARD {\"blended_candidates\": 335, \"dataset\": \"44b6_2a2eff9f\", \"frame\": 59, \"minimum_retention\": 0.9, \"primary_candidates\": 469, \"retention\": 0.7142857142857143, \"use_primary\": true}\n"}
,{"stream_name":"stdout","time":1618.196486071,"data":"SECONDARY_EDGE_TTA_ACTIVE views = 8 weight = 0.75 mean_abs_feat_delta = 0.25307\n"}
,{"stream_name":"stdout","time":1618.235290154,"data":"EDGE_TTA_ACTIVE views = 8 mean_abs_feat_delta = 0.371614\n"}
,{"stream_name":"stdout","time":1619.238227422,"data":"SECONDARY_EDGE_TTA_ACTIVE views = 8 weight = 0.75 mean_abs_feat_delta = 0.331977\n"}
,{"stream_name":"stdout","time":1619.242063345,"data":"BIOHUB_RETENTION_GUARD {\"blended_candidates\": 284, \"dataset\": \"44b6_2a2eff9f\", \"frame\": 60, \"minimum_retention\": 0.9, \"primary_candidates\": 436, \"retention\": 0.6513761467889908, \"use_primary\": true}\n"}
,{"stream_name":"stdout","time":1619.306019876,"data":"EDGE_TTA_ACTIVE views = 8 mean_abs_feat_delta = 0.33779\n"}
,{"stream_name":"stdout","time":1620.385224594,"data":"EDGE_TTA_ACTIVE views = 8 mean_abs_feat_delta = 0.368199\n"}
,{"stream_name":"stdout","time":1620.399323204,"data":"SECONDARY_EDGE_TTA_ACTIVE views = 8 weight = 0.75 mean_abs_feat_delta = 0.253586\n"}
,{"stream_name":"stdout","time":1621.384298296,"data":"SECONDARY_EDGE_TTA_ACTIVE views = 8 weight = 0.75 mean_abs_feat_delta = 0.326439\n"}
,{"stream_name":"stdout","time":1621.388097249,"data":"BIOHUB_RETENTION_GUARD {\"blended_candidates\": 321, \"dataset\": \"44b6_2a2eff9f\", \"frame\": 61, \"minimum_retention\": 0.9, \"primary_candidates\": 451, \"retention\": 0.7117516629711752, \"use_primary\": true}\n"}
,{"stream_name":"stdout","time":1621.573868545,"data":"EDGE_TTA_ACTIVE views = 8 mean_abs_feat_delta = 0.342767\n"}
,{"stream_name":"stdout","time":1622.619898304,"data":"EDGE_TTA_ACTIVE views = 8 mean_abs_feat_delta = 0.36467\n"}
,{"stream_name":"stdout","time":1622.662196781,"data":"SECONDARY_EDGE_TTA_ACTIVE views = 8 weight = 0.75 mean_abs_feat_delta = 0.254472\n"}
,{"stream_name":"stdout","time":1623.619818876,"data":"SECONDARY_EDGE_TTA_ACTIVE views = 8 weight = 0.75 mean_abs_feat_delta = 0.326516\n"}
,{"stream_name":"stdout","time":1623.624980387,"data":"BIOHUB_RETENTION_GUARD {\"blended_candidates\": 420, \"dataset\": \"44b6_2a2eff9f\", \"frame\": 62, \"minimum_retention\": 0.9, \"primary_candidates\": 490, \"retention\": 0.8571428571428571, \"use_primary\": true}\n"}
,{"stream_name":"stdout","time":1623.844540244,"data":"EDGE_TTA_ACTIVE views = 8 mean_abs_feat_delta = 0.341057\n"}
,{"stream_name":"stdout","time":1624.855863706,"data":"EDGE_TTA_ACTIVE views = 8 mean_abs_feat_delta = 0.365175\n"}
,{"stream_name":"stdout","time":1624.93499448,"data":"SECONDARY_EDGE_TTA_ACTIVE views = 8 weight = 0.75 mean_abs_feat_delta = 0.251768\n"}
,{"stream_name":"stdout","time":1625.858693468,"data":"SECONDARY_EDGE_TTA_ACTIVE views = 8 weight = 0.75 mean_abs_feat_delta = 0.335461\n"}
,{"stream_name":"stdout","time":1625.86278125,"data":"BIOHUB_RETENTION_GUARD {\"blended_candidates\": 337, \"dataset\": \"44b6_2a2eff9f\", \"frame\": 63, \"minimum_retention\": 0.9, \"primary_candidates\": 473, \"retention\": 0.7124735729386892, \"use_primary\": true}\n"}
,{"stream_name":"stdout","time":1626.113332643,"data":"EDGE_TTA_ACTIVE views = 8 mean_abs_feat_delta = 0.336331\n"}
,{"stream_name":"stdout","time":1627.06760168,"data":"EDGE_TTA_ACTIVE views = 8 mean_abs_feat_delta = 0.363902\n"}
,{"stream_name":"stdout","time":1627.206502559,"data":"SECONDARY_EDGE_TTA_ACTIVE views = 8 weight = 0.75 mean_abs_feat_delta = 0.249247\n"}
,{"stream_name":"stdout","time":1628.063764533,"data":"SECONDARY_EDGE_TTA_ACTIVE views = 8 weight = 0.75 mean_abs_feat_delta = 0.330483\n"}
,{"stream_name":"stdout","time":1628.0674303,"data":"BIOHUB_RETENTION_GUARD {\"blended_candidates\": 333, \"dataset\": \"44b6_2a2eff9f\", \"frame\": 64, \"minimum_retention\": 0.9, \"primary_candidates\": 464, \"retention\": 0.7176724137931034, \"use_primary\": true}\n"}
,{"stream_name":"stdout","time":1628.384782236,"data":"EDGE_TTA_ACTIVE views = 8 mean_abs_feat_delta = 0.334957\n"}
,{"stream_name":"stdout","time":1629.239014642,"data":"EDGE_TTA_ACTIVE views = 8 mean_abs_feat_delta = 0.365061\n"}
,{"stream_name":"stdout","time":1629.476382534,"data":"SECONDARY_EDGE_TTA_ACTIVE views = 8 weight = 0.75 mean_abs_feat_delta = 0.249987\n"}
,{"stream_name":"stdout","time":1630.236005848,"data":"SECONDARY_EDGE_TTA_ACTIVE views = 8 weight = 0.75 mean_abs_feat_delta = 0.325601\n"}
,{"stream_name":"stdout","time":1630.239707248,"data":"BIOHUB_RETENTION_GUARD {\"blended_candidates\": 363, \"dataset\": \"44b6_2a2eff9f\", \"frame\": 65, \"minimum_retention\": 0.9, \"primary_candidates\": 495, \"retention\": 0.7333333333333333, \"use_primary\": true}\n"}
,{"stream_name":"stdout","time":1630.68112568,"data":"EDGE_TTA_ACTIVE views = 8 mean_abs_feat_delta = 0.341619\n"}
,{"stream_name":"stdout","time":1631.391718328,"data":"EDGE_TTA_ACTIVE views = 8 mean_abs_feat_delta = 0.365762\n"}
,{"stream_name":"stdout","time":1631.768113307,"data":"SECONDARY_EDGE_TTA_ACTIVE views = 8 weight = 0.75 mean_abs_feat_delta = 0.250903\n"}
,{"stream_name":"stdout","time":1632.389459441,"data":"SECONDARY_EDGE_TTA_ACTIVE views = 8 weight = 0.75 mean_abs_feat_delta = 0.323744\n"}
,{"stream_name":"stdout","time":1632.393220945,"data":"BIOHUB_RETENTION_GUARD {\"blended_candidates\": 341, \"dataset\": \"44b6_2a2eff9f\", \"frame\": 66, \"minimum_retention\": 0.9, \"primary_candidates\": 457, \"retention\": 0.7461706783369803, \"use_primary\": true}\n"}
,{"stream_name":"stdout","time":1632.94832579,"data":"EDGE_TTA_ACTIVE views = 8 mean_abs_feat_delta = 0.337701\n"}
,{"stream_name":"stdout","time":1633.630295355,"data":"EDGE_TTA_ACTIVE views = 8 mean_abs_feat_delta = 0.367265\n"}
,{"stream_name":"stdout","time":1634.036998372,"data":"SECONDARY_EDGE_TTA_ACTIVE views = 8 weight = 0.75 mean_abs_feat_delta = 0.251856\n"}
,{"stream_name":"stdout","time":1634.629052717,"data":"SECONDARY_EDGE_TTA_ACTIVE views = 8 weight = 0.75 mean_abs_feat_delta = 0.323117\n"}
,{"stream_name":"stdout","time":1634.633835883,"data":"BIOHUB_RETENTION_GUARD {\"blended_candidates\": 360, \"dataset\": \"44b6_2a2eff9f\", \"frame\": 67, \"minimum_retention\": 0.9, \"primary_candidates\": 460, \"retention\": 0.782608695652174, \"use_primary\": true}\n"}
,{"stream_name":"stdout","time":1635.238773559,"data":"EDGE_TTA_ACTIVE views = 8 mean_abs_feat_delta = 0.333193\n"}
,{"stream_name":"stdout","time":1635.914560916,"data":"EDGE_TTA_ACTIVE views = 8 mean_abs_feat_delta = 0.368968\n"}
,{"stream_name":"stdout","time":1636.32576655,"data":"SECONDARY_EDGE_TTA_ACTIVE views = 8 weight = 0.75 mean_abs_feat_delta = 0.252863\n"}
,{"stream_name":"stdout","time":1636.915375992,"data":"SECONDARY_EDGE_TTA_ACTIVE views = 8 weight = 0.75 mean_abs_feat_delta = 0.325646\n"}
,{"stream_name":"stdout","time":1636.919009993,"data":"BIOHUB_RETENTION_GUARD {\"blended_candidates\": 333, \"dataset\": \"44b6_2a2eff9f\", \"frame\": 68, \"minimum_retention\": 0.9, \"primary_candidates\": 457, \"retention\": 0.7286652078774617, \"use_primary\": true}\n"}
,{"stream_name":"stdout","time":1637.470715577,"data":"EDGE_TTA_ACTIVE views = 8 mean_abs_feat_delta = 0.336337\n"}
,{"stream_name":"stdout","time":1638.124820075,"data":"EDGE_TTA_ACTIVE views = 8 mean_abs_feat_delta = 0.371411\n"}
,{"stream_name":"stdout","time":1638.554850594,"data":"SECONDARY_EDGE_TTA_ACTIVE views = 8 weight = 0.75 mean_abs_feat_delta = 0.248811\n"}
,{"stream_name":"stdout","time":1639.123787677,"data":"SECONDARY_EDGE_TTA_ACTIVE views = 8 weight = 0.75 mean_abs_feat_delta = 0.321799\n"}
,{"stream_name":"stdout","time":1639.127503341,"data":"BIOHUB_RETENTION_GUARD {\"blended_candidates\": 343, \"dataset\": \"44b6_2a2eff9f\", \"frame\": 69, \"minimum_retention\": 0.9, \"primary_candidates\": 458, \"retention\": 0.7489082969432315, \"use_primary\": true}\n"}
,{"stream_name":"stdout","time":1639.715491296,"data":"EDGE_TTA_ACTIVE views = 8 mean_abs_feat_delta = 0.340775\n"}
,{"stream_name":"stdout","time":1640.325829834,"data":"EDGE_TTA_ACTIVE views = 8 mean_abs_feat_delta = 0.367712\n"}
,{"stream_name":"stdout","time":1640.801587626,"data":"SECONDARY_EDGE_TTA_ACTIVE views = 8 weight = 0.75 mean_abs_feat_delta = 0.245586\n"}
,{"stream_name":"stdout","time":1641.323081292,"data":"SECONDARY_EDGE_TTA_ACTIVE views = 8 weight = 0.75 mean_abs_feat_delta = 0.319894\n"}
,{"stream_name":"stdout","time":1641.326997909,"data":"BIOHUB_RETENTION_GUARD {\"blended_candidates\": 392, \"dataset\": \"44b6_2a2eff9f\", \"frame\": 70, \"minimum_retention\": 0.9, \"primary_candidates\": 501, \"retention\": 0.782435129740519, \"use_primary\": true}\n"}
,{"stream_name":"stdout","time":1641.962939832,"data":"EDGE_TTA_ACTIVE views = 8 mean_abs_feat_delta = 0.340687\n"}
,{"stream_name":"stdout","time":1642.505496065,"data":"EDGE_TTA_ACTIVE views = 8 mean_abs_feat_delta = 0.369529\n"}
,{"stream_name":"stdout","time":1643.048375614,"data":"SECONDARY_EDGE_TTA_ACTIVE views = 8 weight = 0.75 mean_abs_feat_delta = 0.249088\n"}
,{"stream_name":"stdout","time":1643.501761875,"data":"SECONDARY_EDGE_TTA_ACTIVE views = 8 weight = 0.75 mean_abs_feat_delta = 0.326641\n"}
,{"stream_name":"stdout","time":1643.505573165,"data":"BIOHUB_RETENTION_GUARD {\"blended_candidates\": 325, \"dataset\": \"44b6_2a2eff9f\", \"frame\": 71, \"minimum_retention\": 0.9, \"primary_candidates\": 454, \"retention\": 0.7158590308370044, \"use_primary\": true}\n"}
,{"stream_name":"stdout","time":1644.229630176,"data":"EDGE_TTA_ACTIVE views = 8 mean_abs_feat_delta = 0.335059\n"}
,{"stream_name":"stdout","time":1644.70328934,"data":"EDGE_TTA_ACTIVE views = 8 mean_abs_feat_delta = 0.372852\n"}
,{"stream_name":"stdout","time":1645.316455144,"data":"SECONDARY_EDGE_TTA_ACTIVE views = 8 weight = 0.75 mean_abs_feat_delta = 0.248363\n"}
,{"stream_name":"stdout","time":1645.705270818,"data":"SECONDARY_EDGE_TTA_ACTIVE views = 8 weight = 0.75 mean_abs_feat_delta = 0.331958\n"}
,{"stream_name":"stdout","time":1645.709403966,"data":"BIOHUB_RETENTION_GUARD {\"blended_candidates\": 319, \"dataset\": \"44b6_2a2eff9f\", \"frame\": 72, \"minimum_retention\": 0.9, \"primary_candidates\": 479, \"retention\": 0.6659707724425887, \"use_primary\": true}\n"}
,{"stream_name":"stdout","time":1646.5258752,"data":"EDGE_TTA_ACTIVE views = 8 mean_abs_feat_delta = 0.332462\n"}
,{"stream_name":"stdout","time":1646.885531917,"data":"EDGE_TTA_ACTIVE views = 8 mean_abs_feat_delta = 0.372623\n"}
,{"stream_name":"stdout","time":1647.614377372,"data":"SECONDARY_EDGE_TTA_ACTIVE views = 8 weight = 0.75 mean_abs_feat_delta = 0.249044\n"}
,{"stream_name":"stdout","time":1647.885112783,"data":"SECONDARY_EDGE_TTA_ACTIVE views = 8 weight = 0.75 mean_abs_feat_delta = 0.336114\n"}
,{"stream_name":"stdout","time":1647.888797228,"data":"BIOHUB_RETENTION_GUARD {\"blended_candidates\": 267, \"dataset\": \"44b6_2a2eff9f\", \"frame\": 73, \"minimum_retention\": 0.9, \"primary_candidates\": 429, \"retention\": 0.6223776223776224, \"use_primary\": true}\n"}
,{"stream_name":"stdout","time":1648.904996797,"data":"EDGE_TTA_ACTIVE views = 8 mean_abs_feat_delta = 0.330292\n"}
,{"stream_name":"stdout","time":1649.023822165,"data":"EDGE_TTA_ACTIVE views = 8 mean_abs_feat_delta = 0.372378\n"}
,{"stream_name":"stdout","time":1649.880645587,"data":"SECONDARY_EDGE_TTA_ACTIVE views = 8 weight = 0.75 mean_abs_feat_delta = 0.247402\n"}
,{"stream_name":"stdout","time":1650.020898636,"data":"SECONDARY_EDGE_TTA_ACTIVE views = 8 weight = 0.75 mean_abs_feat_delta = 0.336279\n"}
,{"stream_name":"stdout","time":1650.02521069,"data":"BIOHUB_RETENTION_GUARD {\"blended_candidates\": 299, \"dataset\": \"44b6_2a2eff9f\", \"frame\": 74, \"minimum_retention\": 0.9, \"primary_candidates\": 451, \"retention\": 0.6629711751662971, \"use_primary\": true}\n"}
,{"stream_name":"stdout","time":1651.086135654,"data":"EDGE_TTA_ACTIVE views = 8 mean_abs_feat_delta = 0.330247\n"}
,{"stream_name":"stdout","time":1651.211024351,"data":"EDGE_TTA_ACTIVE views = 8 mean_abs_feat_delta = 0.373635\n"}
,{"stream_name":"stdout","time":1652.176120617,"data":"SECONDARY_EDGE_TTA_ACTIVE views = 8 weight = 0.75 mean_abs_feat_delta = 0.246196\n"}
,{"stream_name":"stdout","time":1652.214028455,"data":"SECONDARY_EDGE_TTA_ACTIVE views = 8 weight = 0.75 mean_abs_feat_delta = 0.342354\n"}
,{"stream_name":"stdout","time":1652.215650183,"data":"BIOHUB_RETENTION_GUARD {\"blended_candidates\": 272, \"dataset\": \"44b6_2a2eff9f\", \"frame\": 75, \"minimum_retention\": 0.9, \"primary_candidates\": 452, \"retention\": 0.6017699115044248, \"use_primary\": true}\n"}
,{"stream_name":"stdout","time":1653.392280514,"data":"EDGE_TTA_ACTIVE views = 8 mean_abs_feat_delta = 0.330898\n"}
,{"stream_name":"stdout","time":1653.451629007,"data":"EDGE_TTA_ACTIVE views = 8 mean_abs_feat_delta = 0.373002\n"}
,{"stream_name":"stdout","time":1654.450194703,"data":"SECONDARY_EDGE_TTA_ACTIVE views = 8 weight = 0.75 mean_abs_feat_delta = 0.344323\n"}
,{"stream_name":"stdout","time":1654.453969168,"data":"BIOHUB_RETENTION_GUARD {\"blended_candidates\": 249, \"dataset\": \"44b6_2a2eff9f\", \"frame\": 76, \"minimum_retention\": 0.9, \"primary_candidates\": 455, \"retention\": 0.5472527472527473, \"use_primary\": true}\n"}
,{"stream_name":"stdout","time":1654.474443148,"data":"SECONDARY_EDGE_TTA_ACTIVE views = 8 weight = 0.75 mean_abs_feat_delta = 0.246797\n"}
,{"stream_name":"stdout","time":1655.631492891,"data":"EDGE_TTA_ACTIVE views = 8 mean_abs_feat_delta = 0.37058\n"}
,{"stream_name":"stdout","time":1655.661265575,"data":"EDGE_TTA_ACTIVE views = 8 mean_abs_feat_delta = 0.328729\n"}
,{"stream_name":"stdout","time":1656.631426543,"data":"SECONDARY_EDGE_TTA_ACTIVE views = 8 weight = 0.75 mean_abs_feat_delta = 0.341175\n"}
,{"stream_name":"stdout","time":1656.635975808,"data":"BIOHUB_RETENTION_GUARD {\"blended_candidates\": 268, \"dataset\": \"44b6_2a2eff9f\", \"frame\": 77, \"minimum_retention\": 0.9, \"primary_candidates\": 447, \"retention\": 0.5995525727069351, \"use_primary\": true}\n"}
,{"stream_name":"stdout","time":1656.745641931,"data":"SECONDARY_EDGE_TTA_ACTIVE views = 8 weight = 0.75 mean_abs_feat_delta = 0.247817\n"}
,{"stream_name":"stdout","time":1657.853922562,"data":"EDGE_TTA_ACTIVE views = 8 mean_abs_feat_delta = 0.364196\n"}
,{"stream_name":"stdout","time":1657.91940507,"data":"EDGE_TTA_ACTIVE views = 8 mean_abs_feat_delta = 0.332801\n"}
,{"stream_name":"stdout","time":1658.854045791,"data":"SECONDARY_EDGE_TTA_ACTIVE views = 8 weight = 0.75 mean_abs_feat_delta = 0.343476\n"}
,{"stream_name":"stdout","time":1658.85802802,"data":"BIOHUB_RETENTION_GUARD {\"blended_candidates\": 363, \"dataset\": \"44b6_2a2eff9f\", \"frame\": 78, \"minimum_retention\": 0.9, \"primary_candidates\": 496, \"retention\": 0.7318548387096774, \"use_primary\": true}\n"}
,{"stream_name":"stdout","time":1659.002607759,"data":"SECONDARY_EDGE_TTA_ACTIVE views = 8 weight = 0.75 mean_abs_feat_delta = 0.246115\n"}
,{"stream_name":"stdout","time":1660.062038435,"data":"EDGE_TTA_ACTIVE views = 8 mean_abs_feat_delta = 0.362629\n"}
,{"stream_name":"stdout","time":1660.143523242,"data":"EDGE_TTA_ACTIVE views = 8 mean_abs_feat_delta = 0.336225\n"}
,{"stream_name":"stdout","time":1661.062957985,"data":"SECONDARY_EDGE_TTA_ACTIVE views = 8 weight = 0.75 mean_abs_feat_delta = 0.34125\n"}
,{"stream_name":"stdout","time":1661.066690909,"data":"BIOHUB_RETENTION_GUARD {\"blended_candidates\": 380, \"dataset\": \"44b6_2a2eff9f\", \"frame\": 79, \"minimum_retention\": 0.9, \"primary_candidates\": 504, \"retention\": 0.753968253968254, \"use_primary\": true}\n"}
,{"stream_name":"stdout","time":1661.226724627,"data":"SECONDARY_EDGE_TTA_ACTIVE views = 8 weight = 0.75 mean_abs_feat_delta = 0.246368\n"}
,{"stream_name":"stdout","time":1662.231315955,"data":"EDGE_TTA_ACTIVE views = 8 mean_abs_feat_delta = 0.368271\n"}
,{"stream_name":"stdout","time":1662.429654079,"data":"EDGE_TTA_ACTIVE views = 8 mean_abs_feat_delta = 0.333529\n"}
,{"stream_name":"stdout","time":1663.228004266,"data":"SECONDARY_EDGE_TTA_ACTIVE views = 8 weight = 0.75 mean_abs_feat_delta = 0.342222\n"}
,{"stream_name":"stdout","time":1663.231887353,"data":"BIOHUB_RETENTION_GUARD {\"blended_candidates\": 305, \"dataset\": \"44b6_2a2eff9f\", \"frame\": 80, \"minimum_retention\": 0.9, \"primary_candidates\": 469, \"retention\": 0.650319829424307, \"use_primary\": true}\n"}
,{"stream_name":"stdout","time":1663.513538001,"data":"SECONDARY_EDGE_TTA_ACTIVE views = 8 weight = 0.75 mean_abs_feat_delta = 0.248276\n"}
,{"stream_name":"stdout","time":1664.461846367,"data":"EDGE_TTA_ACTIVE views = 8 mean_abs_feat_delta = 0.364769\n"}
,{"stream_name":"stdout","time":1664.661842165,"data":"EDGE_TTA_ACTIVE views = 8 mean_abs_feat_delta = 0.334563\n"}
,{"stream_name":"stdout","time":1665.464250979,"data":"SECONDARY_EDGE_TTA_ACTIVE views = 8 weight = 0.75 mean_abs_feat_delta = 0.336419\n"}
,{"stream_name":"stdout","time":1665.467947812,"data":"BIOHUB_RETENTION_GUARD {\"blended_candidates\": 316, \"dataset\": \"44b6_2a2eff9f\", \"frame\": 81, \"minimum_retention\": 0.9, \"primary_candidates\": 463, \"retention\": 0.6825053995680346, \"use_primary\": true}\n"}
,{"stream_name":"stdout","time":1665.752199998,"data":"SECONDARY_EDGE_TTA_ACTIVE views = 8 weight = 0.75 mean_abs_feat_delta = 0.246163\n"}
,{"stream_name":"stdout","time":1666.675002985,"data":"EDGE_TTA_ACTIVE views = 8 mean_abs_feat_delta = 0.365921\n"}
,{"stream_name":"stdout","time":1666.919053758,"data":"EDGE_TTA_ACTIVE views = 8 mean_abs_feat_delta = 0.333359\n"}
,{"stream_name":"stdout","time":1667.673463587,"data":"SECONDARY_EDGE_TTA_ACTIVE views = 8 weight = 0.75 mean_abs_feat_delta = 0.332057\n"}
,{"stream_name":"stdout","time":1667.677875936,"data":"BIOHUB_RETENTION_GUARD {\"blended_candidates\": 303, \"dataset\": \"44b6_2a2eff9f\", \"frame\": 82, \"minimum_retention\": 0.9, \"primary_candidates\": 462, \"retention\": 0.6558441558441559, \"use_primary\": true}\n"}
,{"stream_name":"stdout","time":1668.008713628,"data":"SECONDARY_EDGE_TTA_ACTIVE views = 8 weight = 0.75 mean_abs_feat_delta = 0.245654\n"}
,{"stream_name":"stdout","time":1668.884833652,"data":"EDGE_TTA_ACTIVE views = 8 mean_abs_feat_delta = 0.368883\n"}
,{"stream_name":"stdout","time":1669.188690252,"data":"EDGE_TTA_ACTIVE views = 8 mean_abs_feat_delta = 0.329517\n"}
,{"stream_name":"stdout","time":1669.88642062,"data":"SECONDARY_EDGE_TTA_ACTIVE views = 8 weight = 0.75 mean_abs_feat_delta = 0.32949\n"}
,{"stream_name":"stdout","time":1669.889946418,"data":"BIOHUB_RETENTION_GUARD {\"blended_candidates\": 264, \"dataset\": \"44b6_2a2eff9f\", \"frame\": 83, \"minimum_retention\": 0.9, \"primary_candidates\": 434, \"retention\": 0.6082949308755761, \"use_primary\": true}\n"}
,{"stream_name":"stdout","time":1670.27541379,"data":"SECONDARY_EDGE_TTA_ACTIVE views = 8 weight = 0.75 mean_abs_feat_delta = 0.249452\n"}
,{"stream_name":"stdout","time":1671.063644862,"data":"EDGE_TTA_ACTIVE views = 8 mean_abs_feat_delta = 0.368343\n"}
,{"stream_name":"stdout","time":1671.504036295,"data":"EDGE_TTA_ACTIVE views = 8 mean_abs_feat_delta = 0.327674\n"}
,{"stream_name":"stdout","time":1672.06335577,"data":"SECONDARY_EDGE_TTA_ACTIVE views = 8 weight = 0.75 mean_abs_feat_delta = 0.326369\n"}
,{"stream_name":"stdout","time":1672.067200184,"data":"BIOHUB_RETENTION_GUARD {\"blended_candidates\": 290, \"dataset\": \"44b6_2a2eff9f\", \"frame\": 84, \"minimum_retention\": 0.9, \"primary_candidates\": 458, \"retention\": 0.6331877729257642, \"use_primary\": true}\n"}
,{"stream_name":"stdout","time":1672.591528883,"data":"SECONDARY_EDGE_TTA_ACTIVE views = 8 weight = 0.75 mean_abs_feat_delta = 0.247601\n"}
,{"stream_name":"stdout","time":1673.242613332,"data":"EDGE_TTA_ACTIVE views = 8 mean_abs_feat_delta = 0.365564\n"}
,{"stream_name":"stdout","time":1674.244626356,"data":"SECONDARY_EDGE_TTA_ACTIVE views = 8 weight = 0.75 mean_abs_feat_delta = 0.325046\n"}
,{"stream_name":"stdout","time":1674.248187354,"data":"BIOHUB_RETENTION_GUARD {\"blended_candidates\": 328, \"dataset\": \"44b6_2a2eff9f\", \"frame\": 85, \"minimum_retention\": 0.9, \"primary_candidates\": 478, \"retention\": 0.6861924686192469, \"use_primary\": true}\n"}
,{"stream_name":"stdout","time":1675.595228334,"data":"EDGE_TTA_ACTIVE views = 8 mean_abs_feat_delta = 0.362074\n"}
,{"stream_name":"stdout","time":1676.602567949,"data":"SECONDARY_EDGE_TTA_ACTIVE views = 8 weight = 0.75 mean_abs_feat_delta = 0.327764\n"}
,{"stream_name":"stdout","time":1676.60635998,"data":"BIOHUB_RETENTION_GUARD {\"blended_candidates\": 362, \"dataset\": \"44b6_2a2eff9f\", \"frame\": 86, \"minimum_retention\": 0.9, \"primary_candidates\": 489, \"retention\": 0.7402862985685071, \"use_primary\": true}\n"}
,{"stream_name":"stdout","time":1677.864114833,"data":"EDGE_TTA_ACTIVE views = 8 mean_abs_feat_delta = 0.362517\n"}
,{"stream_name":"stdout","time":1678.867118972,"data":"SECONDARY_EDGE_TTA_ACTIVE views = 8 weight = 0.75 mean_abs_feat_delta = 0.33329\n"}
,{"stream_name":"stdout","time":1678.871462282,"data":"BIOHUB_RETENTION_GUARD {\"blended_candidates\": 343, \"dataset\": \"44b6_2a2eff9f\", \"frame\": 87, \"minimum_retention\": 0.9, \"primary_candidates\": 480, \"retention\": 0.7145833333333333, \"use_primary\": true}\n"}
,{"stream_name":"stdout","time":1680.203238677,"data":"EDGE_TTA_ACTIVE views = 8 mean_abs_feat_delta = 0.359453\n"}
,{"stream_name":"stdout","time":1680.273201746,"data":"EDGE_TTA_ACTIVE views = 8 mean_abs_feat_delta = 0.354392\n"}
,{"stream_name":"stdout","time":1681.091247666,"data":"SECONDARY_EDGE_TTA_ACTIVE views = 8 weight = 0.75 mean_abs_feat_delta = 0.336504\n"}
,{"stream_name":"stdout","time":1681.095029821,"data":"BIOHUB_RETENTION_GUARD {\"blended_candidates\": 254, \"dataset\": \"44b6_2a2eff9f\", \"frame\": 88, \"minimum_retention\": 0.9, \"primary_candidates\": 444, \"retention\": 0.5720720720720721, \"use_primary\": true}\n"}
,{"stream_name":"stdout","time":1681.334416048,"data":"SECONDARY_EDGE_TTA_ACTIVE views = 8 weight = 0.75 mean_abs_feat_delta = 0.268187\n"}
,{"stream_name":"stdout","time":1682.332622374,"data":"EDGE_TTA_ACTIVE views = 8 mean_abs_feat_delta = 0.360125\n"}
,{"stream_name":"stdout","time":1682.563782117,"data":"EDGE_TTA_ACTIVE views = 8 mean_abs_feat_delta = 0.354989\n"}
,{"stream_name":"stdout","time":1683.335446105,"data":"SECONDARY_EDGE_TTA_ACTIVE views = 8 weight = 0.75 mean_abs_feat_delta = 0.333294\n"}
,{"stream_name":"stdout","time":1683.339217694,"data":"BIOHUB_RETENTION_GUARD {\"blended_candidates\": 285, \"dataset\": \"44b6_2a2eff9f\", \"frame\": 89, \"minimum_retention\": 0.9, \"primary_candidates\": 472, \"retention\": 0.6038135593220338, \"use_primary\": true}\n"}
,{"stream_name":"stdout","time":1683.63252963,"data":"SECONDARY_EDGE_TTA_ACTIVE views = 8 weight = 0.75 mean_abs_feat_delta = 0.270508\n"}
,{"stream_name":"stdout","time":1684.575177168,"data":"EDGE_TTA_ACTIVE views = 8 mean_abs_feat_delta = 0.35614\n"}
,{"stream_name":"stdout","time":1684.860625626,"data":"EDGE_TTA_ACTIVE views = 8 mean_abs_feat_delta = 0.348797\n"}
,{"stream_name":"stdout","time":1685.579590355,"data":"SECONDARY_EDGE_TTA_ACTIVE views = 8 weight = 0.75 mean_abs_feat_delta = 0.331259\n"}
,{"stream_name":"stdout","time":1685.583392083,"data":"BIOHUB_RETENTION_GUARD {\"blended_candidates\": 340, \"dataset\": \"44b6_2a2eff9f\", \"frame\": 90, \"minimum_retention\": 0.9, \"primary_candidates\": 473, \"retention\": 0.718816067653277, \"use_primary\": true}\n"}
,{"stream_name":"stdout","time":1685.929539489,"data":"SECONDARY_EDGE_TTA_ACTIVE views = 8 weight = 0.75 mean_abs_feat_delta = 0.266832\n"}
,{"stream_name":"stdout","time":1686.817445685,"data":"EDGE_TTA_ACTIVE views = 8 mean_abs_feat_delta = 0.356719\n"}
,{"stream_name":"stdout","time":1687.189333145,"data":"EDGE_TTA_ACTIVE views = 8 mean_abs_feat_delta = 0.344096\n"}
,{"stream_name":"stdout","time":1687.823990412,"data":"SECONDARY_EDGE_TTA_ACTIVE views = 8 weight = 0.75 mean_abs_feat_delta = 0.334726\n"}
,{"stream_name":"stdout","time":1687.827796081,"data":"BIOHUB_RETENTION_GUARD {\"blended_candidates\": 348, \"dataset\": \"44b6_2a2eff9f\", \"frame\": 91, \"minimum_retention\": 0.9, \"primary_candidates\": 476, \"retention\": 0.7310924369747899, \"use_primary\": true}\n"}
,{"stream_name":"stdout","time":1688.260764537,"data":"SECONDARY_EDGE_TTA_ACTIVE views = 8 weight = 0.75 mean_abs_feat_delta = 0.264193\n"}
,{"stream_name":"stdout","time":1689.070001494,"data":"EDGE_TTA_ACTIVE views = 8 mean_abs_feat_delta = 0.359241\n"}
,{"stream_name":"stdout","time":1689.517662075,"data":"EDGE_TTA_ACTIVE views = 8 mean_abs_feat_delta = 0.343236\n"}
,{"stream_name":"stdout","time":1690.076239621,"data":"SECONDARY_EDGE_TTA_ACTIVE views = 8 weight = 0.75 mean_abs_feat_delta = 0.334156\n"}
,{"stream_name":"stdout","time":1690.080249572,"data":"BIOHUB_RETENTION_GUARD {\"blended_candidates\": 340, \"dataset\": \"44b6_2a2eff9f\", \"frame\": 92, \"minimum_retention\": 0.9, \"primary_candidates\": 467, \"retention\": 0.728051391862955, \"use_primary\": true}\n"}
,{"stream_name":"stdout","time":1690.593310515,"data":"SECONDARY_EDGE_TTA_ACTIVE views = 8 weight = 0.75 mean_abs_feat_delta = 0.2659\n"}
,{"stream_name":"stdout","time":1691.260415783,"data":"EDGE_TTA_ACTIVE views = 8 mean_abs_feat_delta = 0.357767\n"}
,{"stream_name":"stdout","time":1691.831041621,"data":"EDGE_TTA_ACTIVE views = 8 mean_abs_feat_delta = 0.346139\n"}
,{"stream_name":"stdout","time":1692.269629235,"data":"SECONDARY_EDGE_TTA_ACTIVE views = 8 weight = 0.75 mean_abs_feat_delta = 0.328842\n"}
,{"stream_name":"stdout","time":1692.273650218,"data":"BIOHUB_RETENTION_GUARD {\"blended_candidates\": 344, \"dataset\": \"44b6_2a2eff9f\", \"frame\": 93, \"minimum_retention\": 0.9, \"primary_candidates\": 489, \"retention\": 0.7034764826175869, \"use_primary\": true}\n"}
,{"stream_name":"stdout","time":1692.905711757,"data":"SECONDARY_EDGE_TTA_ACTIVE views = 8 weight = 0.75 mean_abs_feat_delta = 0.268655\n"}
,{"stream_name":"stdout","time":1693.461478235,"data":"EDGE_TTA_ACTIVE views = 8 mean_abs_feat_delta = 0.358418\n"}
,{"stream_name":"stdout","time":1694.196182489,"data":"EDGE_TTA_ACTIVE views = 8 mean_abs_feat_delta = 0.345393\n"}
,{"stream_name":"stdout","time":1694.471209805,"data":"SECONDARY_EDGE_TTA_ACTIVE views = 8 weight = 0.75 mean_abs_feat_delta = 0.327008\n"}
,{"stream_name":"stdout","time":1694.475213411,"data":"BIOHUB_RETENTION_GUARD {\"blended_candidates\": 360, \"dataset\": \"44b6_2a2eff9f\", \"frame\": 94, \"minimum_retention\": 0.9, \"primary_candidates\": 495, \"retention\": 0.7272727272727273, \"use_primary\": true}\n"}
,{"stream_name":"stdout","time":1695.275255337,"data":"SECONDARY_EDGE_TTA_ACTIVE views = 8 weight = 0.75 mean_abs_feat_delta = 0.274098\n"}
,{"stream_name":"stdout","time":1695.717816015,"data":"EDGE_TTA_ACTIVE views = 8 mean_abs_feat_delta = 0.359717\n"}
,{"stream_name":"stdout","time":1696.506853995,"data":"EDGE_TTA_ACTIVE views = 8 mean_abs_feat_delta = 0.343626\n"}
,{"stream_name":"stdout","time":1696.723975452,"data":"SECONDARY_EDGE_TTA_ACTIVE views = 8 weight = 0.75 mean_abs_feat_delta = 0.330388\n"}
,{"stream_name":"stdout","time":1696.72796638,"data":"BIOHUB_RETENTION_GUARD {\"blended_candidates\": 351, \"dataset\": \"44b6_2a2eff9f\", \"frame\": 95, \"minimum_retention\": 0.9, \"primary_candidates\": 480, \"retention\": 0.73125, \"use_primary\": true}\n"}
,{"stream_name":"stdout","time":1697.579967735,"data":"SECONDARY_EDGE_TTA_ACTIVE views = 8 weight = 0.75 mean_abs_feat_delta = 0.270171\n"}
,{"stream_name":"stdout","time":1697.921074287,"data":"EDGE_TTA_ACTIVE views = 8 mean_abs_feat_delta = 0.362555\n"}
,{"stream_name":"stdout","time":1698.809725723,"data":"EDGE_TTA_ACTIVE views = 8 mean_abs_feat_delta = 0.347614\n"}
,{"stream_name":"stdout","time":1698.930787068,"data":"SECONDARY_EDGE_TTA_ACTIVE views = 8 weight = 0.75 mean_abs_feat_delta = 0.336283\n"}
,{"stream_name":"stdout","time":1698.934788569,"data":"BIOHUB_RETENTION_GUARD {\"blended_candidates\": 323, \"dataset\": \"44b6_2a2eff9f\", \"frame\": 96, \"minimum_retention\": 0.9, \"primary_candidates\": 467, \"retention\": 0.6916488222698073, \"use_primary\": true}\n"}
,{"stream_name":"stdout","time":1699.888291744,"data":"SECONDARY_EDGE_TTA_ACTIVE views = 8 weight = 0.75 mean_abs_feat_delta = 0.269192\n"}
,{"stream_name":"stdout","time":1700.14521301,"data":"EDGE_TTA_ACTIVE views = 8 mean_abs_feat_delta = 0.361436\n"}
,{"stream_name":"stdout","time":1701.119184303,"data":"EDGE_TTA_ACTIVE views = 8 mean_abs_feat_delta = 0.350892\n"}
,{"stream_name":"stdout","time":1701.153483623,"data":"SECONDARY_EDGE_TTA_ACTIVE views = 8 weight = 0.75 mean_abs_feat_delta = 0.336744\n"}
,{"stream_name":"stdout","time":1701.157703697,"data":"BIOHUB_RETENTION_GUARD {\"blended_candidates\": 285, \"dataset\": \"44b6_2a2eff9f\", \"frame\": 97, \"minimum_retention\": 0.9, \"primary_candidates\": 446, \"retention\": 0.6390134529147982, \"use_primary\": true}\n"}
,{"stream_name":"stdout","time":1702.199240769,"data":"SECONDARY_EDGE_TTA_ACTIVE views = 8 weight = 0.75 mean_abs_feat_delta = 0.272914\n"}
,{"stream_name":"stdout","time":1702.361461378,"data":"EDGE_TTA_ACTIVE views = 8 mean_abs_feat_delta = 0.35858\n"}
,{"stream_name":"stdout","time":1703.371346054,"data":"SECONDARY_EDGE_TTA_ACTIVE views = 8 weight = 0.75 mean_abs_feat_delta = 0.328176\n"}
,{"stream_name":"stdout","time":1703.375247754,"data":"BIOHUB_RETENTION_GUARD {\"blended_candidates\": 333, \"dataset\": \"44b6_2a2eff9f\", \"frame\": 98, \"minimum_retention\": 0.9, \"primary_candidates\": 495, \"retention\": 0.6727272727272727, \"use_primary\": true}\n"}
,{"stream_name":"stdout","time":1703.477234754,"data":"EDGE_TTA_ACTIVE views = 8 mean_abs_feat_delta = 0.351945\n"}
,{"stream_name":"stdout","time":1704.558165128,"data":"SECONDARY_EDGE_TTA_ACTIVE views = 8 weight = 0.75 mean_abs_feat_delta = 0.273035\n"}
,{"stream_name":"stdout","time":1704.562866685,"data":"EDGE_TTA_ACTIVE views = 8 mean_abs_feat_delta = 0.354435\n"}
,{"stream_name":"stdout","time":1705.577412266,"data":"SECONDARY_EDGE_TTA_ACTIVE views = 8 weight = 0.75 mean_abs_feat_delta = 0.329228\n"}
,{"stream_name":"stdout","time":1705.581289945,"data":"BIOHUB_RETENTION_GUARD {\"blended_candidates\": 268, \"dataset\": \"44b6_2a2eff9f\", \"frame\": 99, \"minimum_retention\": 0.9, \"primary_candidates\": 455, \"retention\": 0.589010989010989, \"use_primary\": true}\n"}
,{"stream_name":"stdout","time":1705.830537018,"data":"EDGE_TTA_ACTIVE views = 8 mean_abs_feat_delta = 0.349374\n"}
,{"stream_name":"stdout","time":1706.909068332,"data":"SECONDARY_EDGE_TTA_ACTIVE views = 8 weight = 0.75 mean_abs_feat_delta = 0.271935\n"}
,{"stream_name":"stdout","time":1708.239571771,"data":"EDGE_TTA_ACTIVE views = 8 mean_abs_feat_delta = 0.351376\n"}
,{"stream_name":"stdout","time":1709.319685618,"data":"SECONDARY_EDGE_TTA_ACTIVE views = 8 weight = 0.75 mean_abs_feat_delta = 0.26942\n"}
,{"stream_name":"stdout","time":1710.846437206,"data":"EDGE_TTA_ACTIVE views = 8 mean_abs_feat_delta = 0.35564\n"}
,{"stream_name":"stdout","time":1711.784019984,"data":"SECONDARY_EDGE_TTA_ACTIVE views = 8 weight = 0.75 mean_abs_feat_delta = 0.267667\n"}
,{"stream_name":"stdout","time":1713.137652393,"data":"EDGE_TTA_ACTIVE views = 8 mean_abs_feat_delta = 0.352377\n"}
,{"stream_name":"stdout","time":1714.220891398,"data":"SECONDARY_EDGE_TTA_ACTIVE views = 8 weight = 0.75 mean_abs_feat_delta = 0.272442\n"}
,{"stream_name":"stdout","time":1715.555388947,"data":"EDGE_TTA_ACTIVE views = 8 mean_abs_feat_delta = 0.352809\n"}
,{"stream_name":"stdout","time":1716.638539647,"data":"SECONDARY_EDGE_TTA_ACTIVE views = 8 weight = 0.75 mean_abs_feat_delta = 0.274668\n"}
,{"stream_name":"stdout","time":1718.025823486,"data":"EDGE_TTA_ACTIVE views = 8 mean_abs_feat_delta = 0.347118\n"}
,{"stream_name":"stdout","time":1719.113397542,"data":"SECONDARY_EDGE_TTA_ACTIVE views = 8 weight = 0.75 mean_abs_feat_delta = 0.278564\n"}
,{"stream_name":"stdout","time":1720.344719674,"data":"EDGE_TTA_ACTIVE views = 8 mean_abs_feat_delta = 0.353642\n"}
,{"stream_name":"stdout","time":1721.436523831,"data":"SECONDARY_EDGE_TTA_ACTIVE views = 8 weight = 0.75 mean_abs_feat_delta = 0.276498\n"}
,{"stream_name":"stdout","time":1722.712234219,"data":"EDGE_TTA_ACTIVE views = 8 mean_abs_feat_delta = 0.351185\n"}
,{"stream_name":"stdout","time":1723.803013699,"data":"SECONDARY_EDGE_TTA_ACTIVE views = 8 weight = 0.75 mean_abs_feat_delta = 0.279183\n"}
,{"stream_name":"stdout","time":1725.10159014,"data":"EDGE_TTA_ACTIVE views = 8 mean_abs_feat_delta = 0.348389\n"}
,{"stream_name":"stdout","time":1726.199004843,"data":"SECONDARY_EDGE_TTA_ACTIVE views = 8 weight = 0.75 mean_abs_feat_delta = 0.278205\n"}
,{"stream_name":"stdout","time":1727.445686704,"data":"EDGE_TTA_ACTIVE views = 8 mean_abs_feat_delta = 0.351443\n"}
,{"stream_name":"stdout","time":1728.543492299,"data":"SECONDARY_EDGE_TTA_ACTIVE views = 8 weight = 0.75 mean_abs_feat_delta = 0.274986\n"}
,{"stream_name":"stdout","time":1729.800698771,"data":"EDGE_TTA_ACTIVE views = 8 mean_abs_feat_delta = 0.355512\n"}
,{"stream_name":"stdout","time":1730.900045484,"data":"SECONDARY_EDGE_TTA_ACTIVE views = 8 weight = 0.75 mean_abs_feat_delta = 0.274203\n"}
,{"stream_name":"stdout","time":1732.179606225,"data":"EDGE_TTA_ACTIVE views = 8 mean_abs_feat_delta = 0.348668\n"}
,{"stream_name":"stdout","time":1733.278270821,"data":"SECONDARY_EDGE_TTA_ACTIVE views = 8 weight = 0.75 mean_abs_feat_delta = 0.273582\n"}
,{"stream_name":"stdout","time":1734.57490684,"data":"EDGE_TTA_ACTIVE views = 8 mean_abs_feat_delta = 0.346939\n"}
,{"stream_name":"stdout","time":1735.6780534,"data":"SECONDARY_EDGE_TTA_ACTIVE views = 8 weight = 0.75 mean_abs_feat_delta = 0.274097\n"}
,{"stream_name":"stdout","time":1736.97734347,"data":"EDGE_TTA_ACTIVE views = 8 mean_abs_feat_delta = 0.342592\n"}
,{"stream_name":"stdout","time":1738.07692456,"data":"SECONDARY_EDGE_TTA_ACTIVE views = 8 weight = 0.75 mean_abs_feat_delta = 0.277442\n"}
,{"stream_name":"stdout","time":1739.006487039,"data":"EDGE_TTA_ACTIVE views = 8 mean_abs_feat_delta = 0.288475\n"}
,{"stream_name":"stdout","time":1739.356118589,"data":"EDGE_TTA_ACTIVE views = 8 mean_abs_feat_delta = 0.347841\n"}
,{"stream_name":"stdout","time":1739.964858227,"data":"SECONDARY_EDGE_TTA_ACTIVE views = 8 weight = 0.75 mean_abs_feat_delta = 0.217553\n"}
,{"stream_name":"stdout","time":1740.455341782,"data":"SECONDARY_EDGE_TTA_ACTIVE views = 8 weight = 0.75 mean_abs_feat_delta = 0.271551\n"}
,{"stream_name":"stdout","time":1741.157310645,"data":"EDGE_TTA_ACTIVE views = 8 mean_abs_feat_delta = 0.287561\n"}
,{"stream_name":"stdout","time":1741.722905418,"data":"EDGE_TTA_ACTIVE views = 8 mean_abs_feat_delta = 0.345072\n"}
,{"stream_name":"stdout","time":1742.000318397,"data":"SECONDARY_EDGE_TTA_ACTIVE views = 8 weight = 0.75 mean_abs_feat_delta = 0.216934\n"}
,{"stream_name":"stdout","time":1742.827213792,"data":"SECONDARY_EDGE_TTA_ACTIVE views = 8 weight = 0.75 mean_abs_feat_delta = 0.268445\n"}
,{"stream_name":"stdout","time":1743.08915352,"data":"EDGE_TTA_ACTIVE views = 8 mean_abs_feat_delta = 0.288963\n"}
,{"stream_name":"stdout","time":1744.051689982,"data":"SECONDARY_EDGE_TTA_ACTIVE views = 8 weight = 0.75 mean_abs_feat_delta = 0.213178\n"}
,{"stream_name":"stdout","time":1744.100713476,"data":"EDGE_TTA_ACTIVE views = 8 mean_abs_feat_delta = 0.344896\n"}
,{"stream_name":"stdout","time":1745.139802784,"data":"EDGE_TTA_ACTIVE views = 8 mean_abs_feat_delta = 0.284378\n"}
,{"stream_name":"stdout","time":1745.200013426,"data":"SECONDARY_EDGE_TTA_ACTIVE views = 8 weight = 0.75 mean_abs_feat_delta = 0.270607\n"}
,{"stream_name":"stdout","time":1746.111102144,"data":"SECONDARY_EDGE_TTA_ACTIVE views = 8 weight = 0.75 mean_abs_feat_delta = 0.21734\n"}
,{"stream_name":"stdout","time":1746.447951465,"data":"EDGE_TTA_ACTIVE views = 8 mean_abs_feat_delta = 0.348324\n"}
,{"stream_name":"stdout","time":1747.269185699,"data":"EDGE_TTA_ACTIVE views = 8 mean_abs_feat_delta = 0.287813\n"}
,{"stream_name":"stdout","time":1747.547272363,"data":"SECONDARY_EDGE_TTA_ACTIVE views = 8 weight = 0.75 mean_abs_feat_delta = 0.275814\n"}
,{"stream_name":"stdout","time":1748.241357269,"data":"SECONDARY_EDGE_TTA_ACTIVE views = 8 weight = 0.75 mean_abs_feat_delta = 0.213892\n"}
,{"stream_name":"stdout","time":1748.900341385,"data":"EDGE_TTA_ACTIVE views = 8 mean_abs_feat_delta = 0.346953\n"}
,{"stream_name":"stdout","time":1749.309822229,"data":"EDGE_TTA_ACTIVE views = 8 mean_abs_feat_delta = 0.287261\n"}
,{"stream_name":"stdout","time":1750.001059908,"data":"SECONDARY_EDGE_TTA_ACTIVE views = 8 weight = 0.75 mean_abs_feat_delta = 0.273692\n"}
,{"stream_name":"stdout","time":1750.280293651,"data":"SECONDARY_EDGE_TTA_ACTIVE views = 8 weight = 0.75 mean_abs_feat_delta = 0.21242\n"}
,{"stream_name":"stdout","time":1751.305971406,"data":"EDGE_TTA_ACTIVE views = 8 mean_abs_feat_delta = 0.344214\n"}
,{"stream_name":"stdout","time":1751.3417154,"data":"EDGE_TTA_ACTIVE views = 8 mean_abs_feat_delta = 0.28741\n"}
,{"stream_name":"stdout","time":1752.313773261,"data":"SECONDARY_EDGE_TTA_ACTIVE views = 8 weight = 0.75 mean_abs_feat_delta = 0.213947\n"}
,{"stream_name":"stdout","time":1752.406265848,"data":"SECONDARY_EDGE_TTA_ACTIVE views = 8 weight = 0.75 mean_abs_feat_delta = 0.270608\n"}
,{"stream_name":"stdout","time":1753.363836235,"data":"EDGE_TTA_ACTIVE views = 8 mean_abs_feat_delta = 0.291909\n"}
,{"stream_name":"stdout","time":1753.708808355,"data":"EDGE_TTA_ACTIVE views = 8 mean_abs_feat_delta = 0.345782\n"}
,{"stream_name":"stdout","time":1754.337012637,"data":"SECONDARY_EDGE_TTA_ACTIVE views = 8 weight = 0.75 mean_abs_feat_delta = 0.227253\n"}
,{"stream_name":"stdout","time":1754.807141888,"data":"SECONDARY_EDGE_TTA_ACTIVE views = 8 weight = 0.75 mean_abs_feat_delta = 0.27426\n"}
,{"stream_name":"stdout","time":1754.811062249,"data":"BIOHUB_RETENTION_GUARD {\"blended_candidates\": 342, \"dataset\": \"6bba_07e24132\", \"frame\": 32, \"minimum_retention\": 0.9, \"primary_candidates\": 392, \"retention\": 0.8724489795918368, \"use_primary\": true}\n"}
,{"stream_name":"stdout","time":1755.408807674,"data":"EDGE_TTA_ACTIVE views = 8 mean_abs_feat_delta = 0.291947\n"}
,{"stream_name":"stdout","time":1756.015182731,"data":"EDGE_TTA_ACTIVE views = 8 mean_abs_feat_delta = 0.345884\n"}
,{"stream_name":"stdout","time":1756.381182672,"data":"SECONDARY_EDGE_TTA_ACTIVE views = 8 weight = 0.75 mean_abs_feat_delta = 0.212589\n"}
,{"stream_name":"stdout","time":1757.108756865,"data":"SECONDARY_EDGE_TTA_ACTIVE views = 8 weight = 0.75 mean_abs_feat_delta = 0.271994\n"}
,{"stream_name":"stdout","time":1757.411956908,"data":"EDGE_TTA_ACTIVE views = 8 mean_abs_feat_delta = 0.291055\n"}
,{"stream_name":"stdout","time":1758.340661987,"data":"EDGE_TTA_ACTIVE views = 8 mean_abs_feat_delta = 0.349488\n"}
,{"stream_name":"stdout","time":1758.3837395,"data":"SECONDARY_EDGE_TTA_ACTIVE views = 8 weight = 0.75 mean_abs_feat_delta = 0.218146\n"}
,{"stream_name":"stdout","time":1759.432928954,"data":"SECONDARY_EDGE_TTA_ACTIVE views = 8 weight = 0.75 mean_abs_feat_delta = 0.27163\n"}
,{"stream_name":"stdout","time":1759.451478051,"data":"EDGE_TTA_ACTIVE views = 8 mean_abs_feat_delta = 0.28982\n"}
,{"stream_name":"stdout","time":1760.429194973,"data":"SECONDARY_EDGE_TTA_ACTIVE views = 8 weight = 0.75 mean_abs_feat_delta = 0.214342\n"}
,{"stream_name":"stdout","time":1760.69525572,"data":"EDGE_TTA_ACTIVE views = 8 mean_abs_feat_delta = 0.344998\n"}
,{"stream_name":"stdout","time":1761.522774737,"data":"EDGE_TTA_ACTIVE views = 8 mean_abs_feat_delta = 0.288198\n"}
,{"stream_name":"stdout","time":1761.788031855,"data":"SECONDARY_EDGE_TTA_ACTIVE views = 8 weight = 0.75 mean_abs_feat_delta = 0.273802\n"}
,{"stream_name":"stdout","time":1762.493150973,"data":"SECONDARY_EDGE_TTA_ACTIVE views = 8 weight = 0.75 mean_abs_feat_delta = 0.215677\n"}
,{"stream_name":"stdout","time":1762.990321117,"data":"EDGE_TTA_ACTIVE views = 8 mean_abs_feat_delta = 0.344112\n"}
,{"stream_name":"stdout","time":1763.526635035,"data":"EDGE_TTA_ACTIVE views = 8 mean_abs_feat_delta = 0.280635\n"}
,{"stream_name":"stdout","time":1764.082695243,"data":"SECONDARY_EDGE_TTA_ACTIVE views = 8 weight = 0.75 mean_abs_feat_delta = 0.271976\n"}
,{"stream_name":"stdout","time":1764.500298276,"data":"SECONDARY_EDGE_TTA_ACTIVE views = 8 weight = 0.75 mean_abs_feat_delta = 0.231796\n"}
,{"stream_name":"stdout","time":1765.285350202,"data":"EDGE_TTA_ACTIVE views = 8 mean_abs_feat_delta = 0.344058\n"}
,{"stream_name":"stdout","time":1765.570610031,"data":"EDGE_TTA_ACTIVE views = 8 mean_abs_feat_delta = 0.283807\n"}
,{"stream_name":"stdout","time":1766.37714685,"data":"SECONDARY_EDGE_TTA_ACTIVE views = 8 weight = 0.75 mean_abs_feat_delta = 0.27149\n"}
,{"stream_name":"stdout","time":1766.543558961,"data":"SECONDARY_EDGE_TTA_ACTIVE views = 8 weight = 0.75 mean_abs_feat_delta = 0.220564\n"}
,{"stream_name":"stdout","time":1767.617589998,"data":"EDGE_TTA_ACTIVE views = 8 mean_abs_feat_delta = 0.342413\n"}
,{"stream_name":"stdout","time":1767.618706879,"data":"EDGE_TTA_ACTIVE views = 8 mean_abs_feat_delta = 0.288234\n"}
,{"stream_name":"stdout","time":1768.591974979,"data":"SECONDARY_EDGE_TTA_ACTIVE views = 8 weight = 0.75 mean_abs_feat_delta = 0.221951\n"}
,{"stream_name":"stdout","time":1768.706580628,"data":"SECONDARY_EDGE_TTA_ACTIVE views = 8 weight = 0.75 mean_abs_feat_delta = 0.268044\n"}
,{"stream_name":"stdout","time":1769.673345142,"data":"EDGE_TTA_ACTIVE views = 8 mean_abs_feat_delta = 0.286344\n"}
,{"stream_name":"stdout","time":1769.936360047,"data":"EDGE_TTA_ACTIVE views = 8 mean_abs_feat_delta = 0.339014\n"}
,{"stream_name":"stdout","time":1770.647033876,"data":"SECONDARY_EDGE_TTA_ACTIVE views = 8 weight = 0.75 mean_abs_feat_delta = 0.217021\n"}
,{"stream_name":"stdout","time":1771.022799767,"data":"SECONDARY_EDGE_TTA_ACTIVE views = 8 weight = 0.75 mean_abs_feat_delta = 0.262923\n"}
,{"stream_name":"stdout","time":1771.955870102,"data":"EDGE_TTA_ACTIVE views = 8 mean_abs_feat_delta = 0.281856\n"}
,{"stream_name":"stdout","time":1772.316638437,"data":"EDGE_TTA_ACTIVE views = 8 mean_abs_feat_delta = 0.331895\n"}
,{"stream_name":"stdout","time":1772.705810543,"data":"SECONDARY_EDGE_TTA_ACTIVE views = 8 weight = 0.75 mean_abs_feat_delta = 0.219424\n"}
,{"stream_name":"stdout","time":1773.400896189,"data":"SECONDARY_EDGE_TTA_ACTIVE views = 8 weight = 0.75 mean_abs_feat_delta = 0.264978\n"}
,{"stream_name":"stdout","time":1773.77903589,"data":"EDGE_TTA_ACTIVE views = 8 mean_abs_feat_delta = 0.277556\n"}
,{"stream_name":"stdout","time":1774.632783874,"data":"EDGE_TTA_ACTIVE views = 8 mean_abs_feat_delta = 0.34071\n"}
,{"stream_name":"stdout","time":1774.751901667,"data":"SECONDARY_EDGE_TTA_ACTIVE views = 8 weight = 0.75 mean_abs_feat_delta = 0.225892\n"}
,{"stream_name":"stdout","time":1775.724003916,"data":"SECONDARY_EDGE_TTA_ACTIVE views = 8 weight = 0.75 mean_abs_feat_delta = 0.260415\n"}
,{"stream_name":"stdout","time":1775.823212871,"data":"EDGE_TTA_ACTIVE views = 8 mean_abs_feat_delta = 0.277451\n"}
,{"stream_name":"stdout","time":1776.798033725,"data":"SECONDARY_EDGE_TTA_ACTIVE views = 8 weight = 0.75 mean_abs_feat_delta = 0.227464\n"}
,{"stream_name":"stdout","time":1776.956494672,"data":"EDGE_TTA_ACTIVE views = 8 mean_abs_feat_delta = 0.344597\n"}
,{"stream_name":"stdout","time":1777.868223787,"data":"EDGE_TTA_ACTIVE views = 8 mean_abs_feat_delta = 0.278448\n"}
,{"stream_name":"stdout","time":1778.042147486,"data":"SECONDARY_EDGE_TTA_ACTIVE views = 8 weight = 0.75 mean_abs_feat_delta = 0.26243\n"}
,{"stream_name":"stdout","time":1778.846324875,"data":"SECONDARY_EDGE_TTA_ACTIVE views = 8 weight = 0.75 mean_abs_feat_delta = 0.224003\n"}
,{"stream_name":"stdout","time":1779.309800495,"data":"EDGE_TTA_ACTIVE views = 8 mean_abs_feat_delta = 0.347949\n"}
,{"stream_name":"stdout","time":1779.934485368,"data":"EDGE_TTA_ACTIVE views = 8 mean_abs_feat_delta = 0.279406\n"}
,{"stream_name":"stdout","time":1780.399671193,"data":"SECONDARY_EDGE_TTA_ACTIVE views = 8 weight = 0.75 mean_abs_feat_delta = 0.263794\n"}
,{"stream_name":"stdout","time":1780.909658168,"data":"SECONDARY_EDGE_TTA_ACTIVE views = 8 weight = 0.75 mean_abs_feat_delta = 0.22521\n"}
,{"stream_name":"stdout","time":1781.656923617,"data":"EDGE_TTA_ACTIVE views = 8 mean_abs_feat_delta = 0.343395\n"}
,{"stream_name":"stdout","time":1781.981747173,"data":"EDGE_TTA_ACTIVE views = 8 mean_abs_feat_delta = 0.28314\n"}
,{"stream_name":"stdout","time":1782.747421413,"data":"SECONDARY_EDGE_TTA_ACTIVE views = 8 weight = 0.75 mean_abs_feat_delta = 0.261742\n"}
,{"stream_name":"stdout","time":1782.962018111,"data":"SECONDARY_EDGE_TTA_ACTIVE views = 8 weight = 0.75 mean_abs_feat_delta = 0.223172\n"}
,{"stream_name":"stdout","time":1783.992682145,"data":"EDGE_TTA_ACTIVE views = 8 mean_abs_feat_delta = 0.342938\n"}
,{"stream_name":"stdout","time":1784.008916289,"data":"EDGE_TTA_ACTIVE views = 8 mean_abs_feat_delta = 0.290562\n"}
,{"stream_name":"stdout","time":1784.996927837,"data":"SECONDARY_EDGE_TTA_ACTIVE views = 8 weight = 0.75 mean_abs_feat_delta = 0.22398\n"}
,{"stream_name":"stdout","time":1785.085047065,"data":"SECONDARY_EDGE_TTA_ACTIVE views = 8 weight = 0.75 mean_abs_feat_delta = 0.262384\n"}
,{"stream_name":"stdout","time":1786.060177314,"data":"EDGE_TTA_ACTIVE views = 8 mean_abs_feat_delta = 0.288456\n"}
,{"stream_name":"stdout","time":1786.306100195,"data":"EDGE_TTA_ACTIVE views = 8 mean_abs_feat_delta = 0.34073\n"}
,{"stream_name":"stdout","time":1787.044782471,"data":"SECONDARY_EDGE_TTA_ACTIVE views = 8 weight = 0.75 mean_abs_feat_delta = 0.222267\n"}
,{"stream_name":"stdout","time":1787.398665172,"data":"SECONDARY_EDGE_TTA_ACTIVE views = 8 weight = 0.75 mean_abs_feat_delta = 0.263048\n"}
,{"stream_name":"stdout","time":1788.128712717,"data":"EDGE_TTA_ACTIVE views = 8 mean_abs_feat_delta = 0.286395\n"}
,{"stream_name":"stdout","time":1788.621886854,"data":"EDGE_TTA_ACTIVE views = 8 mean_abs_feat_delta = 0.337223\n"}
,{"stream_name":"stdout","time":1789.116031226,"data":"SECONDARY_EDGE_TTA_ACTIVE views = 8 weight = 0.75 mean_abs_feat_delta = 0.216743\n"}
,{"stream_name":"stdout","time":1789.713109182,"data":"SECONDARY_EDGE_TTA_ACTIVE views = 8 weight = 0.75 mean_abs_feat_delta = 0.265915\n"}
,{"stream_name":"stdout","time":1790.186428399,"data":"EDGE_TTA_ACTIVE views = 8 mean_abs_feat_delta = 0.294338\n"}
,{"stream_name":"stdout","time":1790.931756799,"data":"EDGE_TTA_ACTIVE views = 8 mean_abs_feat_delta = 0.338214\n"}
,{"stream_name":"stdout","time":1791.171624644,"data":"SECONDARY_EDGE_TTA_ACTIVE views = 8 weight = 0.75 mean_abs_feat_delta = 0.215333\n"}
,{"stream_name":"stdout","time":1792.022900638,"data":"SECONDARY_EDGE_TTA_ACTIVE views = 8 weight = 0.75 mean_abs_feat_delta = 0.26675\n"}
,{"stream_name":"stdout","time":1792.223702426,"data":"EDGE_TTA_ACTIVE views = 8 mean_abs_feat_delta = 0.290596\n"}
,{"stream_name":"stdout","time":1793.202655019,"data":"SECONDARY_EDGE_TTA_ACTIVE views = 8 weight = 0.75 mean_abs_feat_delta = 0.212684\n"}
,{"stream_name":"stdout","time":1793.271543087,"data":"EDGE_TTA_ACTIVE views = 8 mean_abs_feat_delta = 0.343058\n"}
,{"stream_name":"stdout","time":1794.244852716,"data":"EDGE_TTA_ACTIVE views = 8 mean_abs_feat_delta = 0.288951\n"}
,{"stream_name":"stdout","time":1794.36063514,"data":"SECONDARY_EDGE_TTA_ACTIVE views = 8 weight = 0.75 mean_abs_feat_delta = 0.26723\n"}
,{"stream_name":"stdout","time":1795.229329936,"data":"SECONDARY_EDGE_TTA_ACTIVE views = 8 weight = 0.75 mean_abs_feat_delta = 0.219589\n"}
,{"stream_name":"stdout","time":1795.544108829,"data":"EDGE_TTA_ACTIVE views = 8 mean_abs_feat_delta = 0.343211\n"}
,{"stream_name":"stdout","time":1796.275994177,"data":"EDGE_TTA_ACTIVE views = 8 mean_abs_feat_delta = 0.287622\n"}
,{"stream_name":"stdout","time":1796.635216385,"data":"SECONDARY_EDGE_TTA_ACTIVE views = 8 weight = 0.75 mean_abs_feat_delta = 0.262509\n"}
,{"stream_name":"stdout","time":1797.257480863,"data":"SECONDARY_EDGE_TTA_ACTIVE views = 8 weight = 0.75 mean_abs_feat_delta = 0.221772\n"}
,{"stream_name":"stdout","time":1797.832959802,"data":"EDGE_TTA_ACTIVE views = 8 mean_abs_feat_delta = 0.340682\n"}
,{"stream_name":"stdout","time":1798.334438639,"data":"EDGE_TTA_ACTIVE views = 8 mean_abs_feat_delta = 0.288395\n"}
,{"stream_name":"stdout","time":1798.927603062,"data":"SECONDARY_EDGE_TTA_ACTIVE views = 8 weight = 0.75 mean_abs_feat_delta = 0.258469\n"}
,{"stream_name":"stdout","time":1799.32249333,"data":"SECONDARY_EDGE_TTA_ACTIVE views = 8 weight = 0.75 mean_abs_feat_delta = 0.228785\n"}
,{"stream_name":"stdout","time":1800.128185128,"data":"EDGE_TTA_ACTIVE views = 8 mean_abs_feat_delta = 0.338135\n"}
,{"stream_name":"stdout","time":1800.403630136,"data":"EDGE_TTA_ACTIVE views = 8 mean_abs_feat_delta = 0.286202\n"}
,{"stream_name":"stdout","time":1801.223092818,"data":"SECONDARY_EDGE_TTA_ACTIVE views = 8 weight = 0.75 mean_abs_feat_delta = 0.261611\n"}
,{"stream_name":"stdout","time":1801.3923716,"data":"SECONDARY_EDGE_TTA_ACTIVE views = 8 weight = 0.75 mean_abs_feat_delta = 0.227519\n"}
,{"stream_name":"stdout","time":1802.572505906,"data":"EDGE_TTA_ACTIVE views = 8 mean_abs_feat_delta = 0.333565\n"}
,{"stream_name":"stdout","time":1802.57348251,"data":"EDGE_TTA_ACTIVE views = 8 mean_abs_feat_delta = 0.287794\n"}
,{"stream_name":"stdout","time":1803.460012489,"data":"SECONDARY_EDGE_TTA_ACTIVE views = 8 weight = 0.75 mean_abs_feat_delta = 0.226443\n"}
,{"stream_name":"stdout","time":1803.536003006,"data":"SECONDARY_EDGE_TTA_ACTIVE views = 8 weight = 0.75 mean_abs_feat_delta = 0.260486\n"}
,{"stream_name":"stdout","time":1804.536840858,"data":"EDGE_TTA_ACTIVE views = 8 mean_abs_feat_delta = 0.288107\n"}
,{"stream_name":"stdout","time":1804.791634444,"data":"EDGE_TTA_ACTIVE views = 8 mean_abs_feat_delta = 0.337448\n"}
,{"stream_name":"stdout","time":1805.525955105,"data":"SECONDARY_EDGE_TTA_ACTIVE views = 8 weight = 0.75 mean_abs_feat_delta = 0.223466\n"}
,{"stream_name":"stdout","time":1805.884956412,"data":"SECONDARY_EDGE_TTA_ACTIVE views = 8 weight = 0.75 mean_abs_feat_delta = 0.260845\n"}
,{"stream_name":"stdout","time":1806.571742852,"data":"EDGE_TTA_ACTIVE views = 8 mean_abs_feat_delta = 0.292464\n"}
,{"stream_name":"stdout","time":1807.11153748,"data":"EDGE_TTA_ACTIVE views = 8 mean_abs_feat_delta = 0.337377\n"}
,{"stream_name":"stdout","time":1807.56027702,"data":"SECONDARY_EDGE_TTA_ACTIVE views = 8 weight = 0.75 mean_abs_feat_delta = 0.228632\n"}
,{"stream_name":"stdout","time":1808.20713992,"data":"SECONDARY_EDGE_TTA_ACTIVE views = 8 weight = 0.75 mean_abs_feat_delta = 0.265026\n"}
,{"stream_name":"stdout","time":1808.613099937,"data":"EDGE_TTA_ACTIVE views = 8 mean_abs_feat_delta = 0.292965\n"}
,{"stream_name":"stdout","time":1809.456766403,"data":"EDGE_TTA_ACTIVE views = 8 mean_abs_feat_delta = 0.334616\n"}
,{"stream_name":"stdout","time":1809.603785913,"data":"SECONDARY_EDGE_TTA_ACTIVE views = 8 weight = 0.75 mean_abs_feat_delta = 0.234289\n"}
,{"stream_name":"stdout","time":1810.551594347,"data":"SECONDARY_EDGE_TTA_ACTIVE views = 8 weight = 0.75 mean_abs_feat_delta = 0.261566\n"}
,{"stream_name":"stdout","time":1810.742027244,"data":"EDGE_TTA_ACTIVE views = 8 mean_abs_feat_delta = 0.287195\n"}
,{"stream_name":"stdout","time":1811.734275596,"data":"SECONDARY_EDGE_TTA_ACTIVE views = 8 weight = 0.75 mean_abs_feat_delta = 0.231866\n"}
,{"stream_name":"stdout","time":1811.773483479,"data":"EDGE_TTA_ACTIVE views = 8 mean_abs_feat_delta = 0.333661\n"}
,{"stream_name":"stdout","time":1812.804402398,"data":"EDGE_TTA_ACTIVE views = 8 mean_abs_feat_delta = 0.283498\n"}
,{"stream_name":"stdout","time":1812.866198213,"data":"SECONDARY_EDGE_TTA_ACTIVE views = 8 weight = 0.75 mean_abs_feat_delta = 0.260007\n"}
,{"stream_name":"stdout","time":1813.796636016,"data":"SECONDARY_EDGE_TTA_ACTIVE views = 8 weight = 0.75 mean_abs_feat_delta = 0.248174\n"}
,{"stream_name":"stdout","time":1814.185274622,"data":"EDGE_TTA_ACTIVE views = 8 mean_abs_feat_delta = 0.339485\n"}
,{"stream_name":"stdout","time":1814.847893611,"data":"EDGE_TTA_ACTIVE views = 8 mean_abs_feat_delta = 0.283498\n"}
,{"stream_name":"stdout","time":1815.27824783,"data":"SECONDARY_EDGE_TTA_ACTIVE views = 8 weight = 0.75 mean_abs_feat_delta = 0.259371\n"}
,{"stream_name":"stdout","time":1815.84432271,"data":"SECONDARY_EDGE_TTA_ACTIVE views = 8 weight = 0.75 mean_abs_feat_delta = 0.248174\n"}
,{"stream_name":"stdout","time":1816.540953717,"data":"EDGE_TTA_ACTIVE views = 8 mean_abs_feat_delta = 0.337706\n"}
,{"stream_name":"stdout","time":1816.924485621,"data":"EDGE_TTA_ACTIVE views = 8 mean_abs_feat_delta = 0.283498\n"}
,{"stream_name":"stdout","time":1817.632445334,"data":"SECONDARY_EDGE_TTA_ACTIVE views = 8 weight = 0.75 mean_abs_feat_delta = 0.258997\n"}
,{"stream_name":"stdout","time":1817.916892352,"data":"SECONDARY_EDGE_TTA_ACTIVE views = 8 weight = 0.75 mean_abs_feat_delta = 0.248174\n"}
,{"stream_name":"stdout","time":1818.83694314,"data":"EDGE_TTA_ACTIVE views = 8 mean_abs_feat_delta = 0.337246\n"}
,{"stream_name":"stdout","time":1819.009671323,"data":"EDGE_TTA_ACTIVE views = 8 mean_abs_feat_delta = 0.315338\n"}
,{"stream_name":"stdout","time":1819.929286732,"data":"SECONDARY_EDGE_TTA_ACTIVE views = 8 weight = 0.75 mean_abs_feat_delta = 0.258125\n"}
,{"stream_name":"stdout","time":1820.004473876,"data":"SECONDARY_EDGE_TTA_ACTIVE views = 8 weight = 0.75 mean_abs_feat_delta = 0.220212\n"}
,{"stream_name":"stdout","time":1821.158705686,"data":"EDGE_TTA_ACTIVE views = 8 mean_abs_feat_delta = 0.316057\n"}
,{"stream_name":"stdout","time":1821.219603731,"data":"EDGE_TTA_ACTIVE views = 8 mean_abs_feat_delta = 0.339272\n"}
,{"stream_name":"stdout","time":1822.155320403,"data":"SECONDARY_EDGE_TTA_ACTIVE views = 8 weight = 0.75 mean_abs_feat_delta = 0.218752\n"}
,{"stream_name":"stdout","time":1822.312375486,"data":"SECONDARY_EDGE_TTA_ACTIVE views = 8 weight = 0.75 mean_abs_feat_delta = 0.26158\n"}
,{"stream_name":"stdout","time":1823.295017072,"data":"EDGE_TTA_ACTIVE views = 8 mean_abs_feat_delta = 0.289165\n"}
,{"stream_name":"stdout","time":1823.515073069,"data":"EDGE_TTA_ACTIVE views = 8 mean_abs_feat_delta = 0.342159\n"}
,{"stream_name":"stdout","time":1824.288985127,"data":"SECONDARY_EDGE_TTA_ACTIVE views = 8 weight = 0.75 mean_abs_feat_delta = 0.231963\n"}
,{"stream_name":"stdout","time":1824.607706311,"data":"SECONDARY_EDGE_TTA_ACTIVE views = 8 weight = 0.75 mean_abs_feat_delta = 0.265431\n"}
,{"stream_name":"stdout","time":1825.352896864,"data":"EDGE_TTA_ACTIVE views = 8 mean_abs_feat_delta = 0.28309\n"}
,{"stream_name":"stdout","time":1825.857289261,"data":"EDGE_TTA_ACTIVE views = 8 mean_abs_feat_delta = 0.343625\n"}
,{"stream_name":"stdout","time":1826.342977609,"data":"SECONDARY_EDGE_TTA_ACTIVE views = 8 weight = 0.75 mean_abs_feat_delta = 0.243456\n"}
,{"stream_name":"stdout","time":1826.949827179,"data":"SECONDARY_EDGE_TTA_ACTIVE views = 8 weight = 0.75 mean_abs_feat_delta = 0.267836\n"}
,{"stream_name":"stdout","time":1827.454143448,"data":"EDGE_TTA_ACTIVE views = 8 mean_abs_feat_delta = 0.28861\n"}
,{"stream_name":"stdout","time":1828.16805829,"data":"EDGE_TTA_ACTIVE views = 8 mean_abs_feat_delta = 0.343102\n"}
,{"stream_name":"stdout","time":1828.449285893,"data":"SECONDARY_EDGE_TTA_ACTIVE views = 8 weight = 0.75 mean_abs_feat_delta = 0.227548\n"}
,{"stream_name":"stdout","time":1829.263765627,"data":"SECONDARY_EDGE_TTA_ACTIVE views = 8 weight = 0.75 mean_abs_feat_delta = 0.265852\n"}
,{"stream_name":"stdout","time":1829.509904362,"data":"EDGE_TTA_ACTIVE views = 8 mean_abs_feat_delta = 0.287751\n"}
,{"stream_name":"stdout","time":1830.507501427,"data":"SECONDARY_EDGE_TTA_ACTIVE views = 8 weight = 0.75 mean_abs_feat_delta = 0.231141\n"}
,{"stream_name":"stdout","time":1830.514839782,"data":"EDGE_TTA_ACTIVE views = 8 mean_abs_feat_delta = 0.338878\n"}
,{"stream_name":"stdout","time":1831.597558117,"data":"EDGE_TTA_ACTIVE views = 8 mean_abs_feat_delta = 0.285257\n"}
,{"stream_name":"stdout","time":1831.608678624,"data":"SECONDARY_EDGE_TTA_ACTIVE views = 8 weight = 0.75 mean_abs_feat_delta = 0.26636\n"}
,{"stream_name":"stdout","time":1832.729187292,"data":"SECONDARY_EDGE_TTA_ACTIVE views = 8 weight = 0.75 mean_abs_feat_delta = 0.227609\n"}
,{"stream_name":"stdout","time":1832.897154499,"data":"EDGE_TTA_ACTIVE views = 8 mean_abs_feat_delta = 0.344788\n"}
,{"stream_name":"stdout","time":1833.645210303,"data":"EDGE_TTA_ACTIVE views = 8 mean_abs_feat_delta = 0.288217\n"}
,{"stream_name":"stdout","time":1833.992519521,"data":"SECONDARY_EDGE_TTA_ACTIVE views = 8 weight = 0.75 mean_abs_feat_delta = 0.262382\n"}
,{"stream_name":"stdout","time":1834.644183832,"data":"SECONDARY_EDGE_TTA_ACTIVE views = 8 weight = 0.75 mean_abs_feat_delta = 0.225185\n"}
,{"stream_name":"stdout","time":1835.219461828,"data":"EDGE_TTA_ACTIVE views = 8 mean_abs_feat_delta = 0.33784\n"}
,{"stream_name":"stdout","time":1835.737117878,"data":"EDGE_TTA_ACTIVE views = 8 mean_abs_feat_delta = 0.293359\n"}
,{"stream_name":"stdout","time":1836.314035901,"data":"SECONDARY_EDGE_TTA_ACTIVE views = 8 weight = 0.75 mean_abs_feat_delta = 0.260303\n"}
,{"stream_name":"stdout","time":1836.739500288,"data":"SECONDARY_EDGE_TTA_ACTIVE views = 8 weight = 0.75 mean_abs_feat_delta = 0.231144\n"}
,{"stream_name":"stdout","time":1837.549510642,"data":"EDGE_TTA_ACTIVE views = 8 mean_abs_feat_delta = 0.339211\n"}
,{"stream_name":"stdout","time":1837.794797172,"data":"EDGE_TTA_ACTIVE views = 8 mean_abs_feat_delta = 0.288773\n"}
,{"stream_name":"stdout","time":1838.645976932,"data":"SECONDARY_EDGE_TTA_ACTIVE views = 8 weight = 0.75 mean_abs_feat_delta = 0.25763\n"}
,{"stream_name":"stdout","time":1838.794593695,"data":"SECONDARY_EDGE_TTA_ACTIVE views = 8 weight = 0.75 mean_abs_feat_delta = 0.233017\n"}
,{"stream_name":"stdout","time":1839.908682871,"data":"EDGE_TTA_ACTIVE views = 8 mean_abs_feat_delta = 0.2831\n"}
,{"stream_name":"stdout","time":1839.92807998,"data":"EDGE_TTA_ACTIVE views = 8 mean_abs_feat_delta = 0.339533\n"}
,{"stream_name":"stdout","time":1840.912293204,"data":"SECONDARY_EDGE_TTA_ACTIVE views = 8 weight = 0.75 mean_abs_feat_delta = 0.231237\n"}
,{"stream_name":"stdout","time":1841.023762816,"data":"SECONDARY_EDGE_TTA_ACTIVE views = 8 weight = 0.75 mean_abs_feat_delta = 0.255911\n"}
,{"stream_name":"stdout","time":1841.973040352,"data":"EDGE_TTA_ACTIVE views = 8 mean_abs_feat_delta = 0.28566\n"}
,{"stream_name":"stdout","time":1842.255245303,"data":"EDGE_TTA_ACTIVE views = 8 mean_abs_feat_delta = 0.333552\n"}
,{"stream_name":"stdout","time":1842.974688103,"data":"SECONDARY_EDGE_TTA_ACTIVE views = 8 weight = 0.75 mean_abs_feat_delta = 0.240429\n"}
,{"stream_name":"stdout","time":1843.350422985,"data":"SECONDARY_EDGE_TTA_ACTIVE views = 8 weight = 0.75 mean_abs_feat_delta = 0.253381\n"}
,{"stream_name":"stdout","time":1844.069735179,"data":"EDGE_TTA_ACTIVE views = 8 mean_abs_feat_delta = 0.288947\n"}
,{"stream_name":"stdout","time":1844.579630038,"data":"EDGE_TTA_ACTIVE views = 8 mean_abs_feat_delta = 0.342836\n"}
,{"stream_name":"stdout","time":1845.066961841,"data":"SECONDARY_EDGE_TTA_ACTIVE views = 8 weight = 0.75 mean_abs_feat_delta = 0.229597\n"}
,{"stream_name":"stdout","time":1845.679098125,"data":"SECONDARY_EDGE_TTA_ACTIVE views = 8 weight = 0.75 mean_abs_feat_delta = 0.254871\n"}
,{"stream_name":"stdout","time":1846.183249386,"data":"EDGE_TTA_ACTIVE views = 8 mean_abs_feat_delta = 0.290047\n"}
,{"stream_name":"stdout","time":1846.960132399,"data":"EDGE_TTA_ACTIVE views = 8 mean_abs_feat_delta = 0.340752\n"}
,{"stream_name":"stdout","time":1847.183408274,"data":"SECONDARY_EDGE_TTA_ACTIVE views = 8 weight = 0.75 mean_abs_feat_delta = 0.231285\n"}
,{"stream_name":"stdout","time":1848.059028313,"data":"SECONDARY_EDGE_TTA_ACTIVE views = 8 weight = 0.75 mean_abs_feat_delta = 0.258877\n"}
,{"stream_name":"stdout","time":1848.299808367,"data":"EDGE_TTA_ACTIVE views = 8 mean_abs_feat_delta = 0.293125\n"}
,{"stream_name":"stdout","time":1849.282114264,"data":"EDGE_TTA_ACTIVE views = 8 mean_abs_feat_delta = 0.33721\n"}
,{"stream_name":"stdout","time":1849.299699791,"data":"SECONDARY_EDGE_TTA_ACTIVE views = 8 weight = 0.75 mean_abs_feat_delta = 0.226972\n"}
,{"stream_name":"stdout","time":1850.381066336,"data":"SECONDARY_EDGE_TTA_ACTIVE views = 8 weight = 0.75 mean_abs_feat_delta = 0.25536\n"}
,{"stream_name":"stdout","time":1850.432350747,"data":"EDGE_TTA_ACTIVE views = 8 mean_abs_feat_delta = 0.295461\n"}
,{"stream_name":"stdout","time":1851.435816847,"data":"SECONDARY_EDGE_TTA_ACTIVE views = 8 weight = 0.75 mean_abs_feat_delta = 0.235491\n"}
,{"stream_name":"stdout","time":1851.666843786,"data":"EDGE_TTA_ACTIVE views = 8 mean_abs_feat_delta = 0.331794\n"}
,{"stream_name":"stdout","time":1852.561044699,"data":"EDGE_TTA_ACTIVE views = 8 mean_abs_feat_delta = 0.294354\n"}
,{"stream_name":"stdout","time":1852.764268852,"data":"SECONDARY_EDGE_TTA_ACTIVE views = 8 weight = 0.75 mean_abs_feat_delta = 0.254742\n"}
,{"stream_name":"stdout","time":1853.567602549,"data":"SECONDARY_EDGE_TTA_ACTIVE views = 8 weight = 0.75 mean_abs_feat_delta = 0.22461\n"}
,{"stream_name":"stdout","time":1854.06475901,"data":"EDGE_TTA_ACTIVE views = 8 mean_abs_feat_delta = 0.328009\n"}
,{"stream_name":"stdout","time":1854.631213617,"data":"EDGE_TTA_ACTIVE views = 8 mean_abs_feat_delta = 0.290361\n"}
,{"stream_name":"stdout","time":1855.164228003,"data":"SECONDARY_EDGE_TTA_ACTIVE views = 8 weight = 0.75 mean_abs_feat_delta = 0.254648\n"}
,{"stream_name":"stdout","time":1855.634012986,"data":"SECONDARY_EDGE_TTA_ACTIVE views = 8 weight = 0.75 mean_abs_feat_delta = 0.225307\n"}
,{"stream_name":"stdout","time":1856.457263382,"data":"EDGE_TTA_ACTIVE views = 8 mean_abs_feat_delta = 0.334781\n"}
,{"stream_name":"stdout","time":1856.728940946,"data":"EDGE_TTA_ACTIVE views = 8 mean_abs_feat_delta = 0.290141\n"}
,{"stream_name":"stdout","time":1857.55416297,"data":"SECONDARY_EDGE_TTA_ACTIVE views = 8 weight = 0.75 mean_abs_feat_delta = 0.254139\n"}
,{"stream_name":"stdout","time":1857.730460309,"data":"SECONDARY_EDGE_TTA_ACTIVE views = 8 weight = 0.75 mean_abs_feat_delta = 0.222402\n"}
,{"stream_name":"stdout","time":1858.829521554,"data":"EDGE_TTA_ACTIVE views = 8 mean_abs_feat_delta = 0.331889\n"}
,{"stream_name":"stdout","time":1858.862490625,"data":"EDGE_TTA_ACTIVE views = 8 mean_abs_feat_delta = 0.292561\n"}
,{"stream_name":"stdout","time":1859.863300984,"data":"SECONDARY_EDGE_TTA_ACTIVE views = 8 weight = 0.75 mean_abs_feat_delta = 0.223337\n"}
,{"stream_name":"stdout","time":1859.924480587,"data":"SECONDARY_EDGE_TTA_ACTIVE views = 8 weight = 0.75 mean_abs_feat_delta = 0.253521\n"}
,{"stream_name":"stdout","time":1860.958861562,"data":"EDGE_TTA_ACTIVE views = 8 mean_abs_feat_delta = 0.288988\n"}
,{"stream_name":"stdout","time":1861.221477839,"data":"EDGE_TTA_ACTIVE views = 8 mean_abs_feat_delta = 0.324439\n"}
,{"stream_name":"stdout","time":1861.95984966,"data":"SECONDARY_EDGE_TTA_ACTIVE views = 8 weight = 0.75 mean_abs_feat_delta = 0.234632\n"}
,{"stream_name":"stdout","time":1862.317847741,"data":"SECONDARY_EDGE_TTA_ACTIVE views = 8 weight = 0.75 mean_abs_feat_delta = 0.251163\n"}
,{"stream_name":"stdout","time":1863.284578651,"data":"EDGE_TTA_ACTIVE views = 8 mean_abs_feat_delta = 0.294653\n"}
,{"stream_name":"stdout","time":1863.594690491,"data":"EDGE_TTA_ACTIVE views = 8 mean_abs_feat_delta = 0.320074\n"}
,{"stream_name":"stdout","time":1864.147409785,"data":"SECONDARY_EDGE_TTA_ACTIVE views = 8 weight = 0.75 mean_abs_feat_delta = 0.225509\n"}
,{"stream_name":"stdout","time":1864.691628492,"data":"SECONDARY_EDGE_TTA_ACTIVE views = 8 weight = 0.75 mean_abs_feat_delta = 0.252768\n"}
,{"stream_name":"stdout","time":1865.303683365,"data":"EDGE_TTA_ACTIVE views = 8 mean_abs_feat_delta = 0.296121\n"}
,{"stream_name":"stdout","time":1865.93328373,"data":"EDGE_TTA_ACTIVE views = 8 mean_abs_feat_delta = 0.322734\n"}
,{"stream_name":"stdout","time":1866.308949472,"data":"SECONDARY_EDGE_TTA_ACTIVE views = 8 weight = 0.75 mean_abs_feat_delta = 0.233373\n"}
,{"stream_name":"stdout","time":1867.026659426,"data":"SECONDARY_EDGE_TTA_ACTIVE views = 8 weight = 0.75 mean_abs_feat_delta = 0.25256\n"}
,{"stream_name":"stdout","time":1867.440900576,"data":"EDGE_TTA_ACTIVE views = 8 mean_abs_feat_delta = 0.296872\n"}
,{"stream_name":"stdout","time":1868.323393658,"data":"EDGE_TTA_ACTIVE views = 8 mean_abs_feat_delta = 0.326182\n"}
,{"stream_name":"stdout","time":1868.443390783,"data":"SECONDARY_EDGE_TTA_ACTIVE views = 8 weight = 0.75 mean_abs_feat_delta = 0.237159\n"}
,{"stream_name":"stdout","time":1869.414344313,"data":"SECONDARY_EDGE_TTA_ACTIVE views = 8 weight = 0.75 mean_abs_feat_delta = 0.257037\n"}
,{"stream_name":"stdout","time":1869.532656078,"data":"EDGE_TTA_ACTIVE views = 8 mean_abs_feat_delta = 0.294509\n"}
,{"stream_name":"stdout","time":1870.540871984,"data":"SECONDARY_EDGE_TTA_ACTIVE views = 8 weight = 0.75 mean_abs_feat_delta = 0.239483\n"}
,{"stream_name":"stdout","time":1870.703643686,"data":"EDGE_TTA_ACTIVE views = 8 mean_abs_feat_delta = 0.327903\n"}
,{"stream_name":"stdout","time":1871.638450656,"data":"EDGE_TTA_ACTIVE views = 8 mean_abs_feat_delta = 0.288279\n"}
,{"stream_name":"stdout","time":1871.795334308,"data":"SECONDARY_EDGE_TTA_ACTIVE views = 8 weight = 0.75 mean_abs_feat_delta = 0.259034\n"}
,{"stream_name":"stdout","time":1872.641621527,"data":"SECONDARY_EDGE_TTA_ACTIVE views = 8 weight = 0.75 mean_abs_feat_delta = 0.237082\n"}
,{"stream_name":"stdout","time":1873.029951728,"data":"EDGE_TTA_ACTIVE views = 8 mean_abs_feat_delta = 0.336297\n"}
,{"stream_name":"stdout","time":1873.799013672,"data":"EDGE_TTA_ACTIVE views = 8 mean_abs_feat_delta = 0.289803\n"}
,{"stream_name":"stdout","time":1874.123132942,"data":"SECONDARY_EDGE_TTA_ACTIVE views = 8 weight = 0.75 mean_abs_feat_delta = 0.262107\n"}
,{"stream_name":"stdout","time":1874.807624416,"data":"SECONDARY_EDGE_TTA_ACTIVE views = 8 weight = 0.75 mean_abs_feat_delta = 0.234585\n"}
,{"stream_name":"stdout","time":1875.391359189,"data":"EDGE_TTA_ACTIVE views = 8 mean_abs_feat_delta = 0.339382\n"}
,{"stream_name":"stdout","time":1875.931149233,"data":"EDGE_TTA_ACTIVE views = 8 mean_abs_feat_delta = 0.292365\n"}
,{"stream_name":"stdout","time":1876.483673781,"data":"SECONDARY_EDGE_TTA_ACTIVE views = 8 weight = 0.75 mean_abs_feat_delta = 0.258084\n"}
,{"stream_name":"stdout","time":1876.936168736,"data":"SECONDARY_EDGE_TTA_ACTIVE views = 8 weight = 0.75 mean_abs_feat_delta = 0.240166\n"}
,{"stream_name":"stdout","time":1877.744668498,"data":"EDGE_TTA_ACTIVE views = 8 mean_abs_feat_delta = 0.333216\n"}
,{"stream_name":"stdout","time":1878.0057123,"data":"EDGE_TTA_ACTIVE views = 8 mean_abs_feat_delta = 0.29779\n"}
,{"stream_name":"stdout","time":1878.841249308,"data":"SECONDARY_EDGE_TTA_ACTIVE views = 8 weight = 0.75 mean_abs_feat_delta = 0.256287\n"}
,{"stream_name":"stdout","time":1879.010351167,"data":"SECONDARY_EDGE_TTA_ACTIVE views = 8 weight = 0.75 mean_abs_feat_delta = 0.23071\n"}
,{"stream_name":"stdout","time":1880.067751559,"data":"EDGE_TTA_ACTIVE views = 8 mean_abs_feat_delta = 0.335556\n"}
,{"stream_name":"stdout","time":1880.128818017,"data":"EDGE_TTA_ACTIVE views = 8 mean_abs_feat_delta = 0.294017\n"}
,{"stream_name":"stdout","time":1881.133203404,"data":"SECONDARY_EDGE_TTA_ACTIVE views = 8 weight = 0.75 mean_abs_feat_delta = 0.228603\n"}
,{"stream_name":"stdout","time":1881.162809243,"data":"SECONDARY_EDGE_TTA_ACTIVE views = 8 weight = 0.75 mean_abs_feat_delta = 0.254402\n"}
,{"stream_name":"stdout","time":1882.261748055,"data":"EDGE_TTA_ACTIVE views = 8 mean_abs_feat_delta = 0.297003\n"}
,{"stream_name":"stdout","time":1882.453970826,"data":"EDGE_TTA_ACTIVE views = 8 mean_abs_feat_delta = 0.337468\n"}
,{"stream_name":"stdout","time":1883.26987222,"data":"SECONDARY_EDGE_TTA_ACTIVE views = 8 weight = 0.75 mean_abs_feat_delta = 0.227822\n"}
,{"stream_name":"stdout","time":1883.549447483,"data":"SECONDARY_EDGE_TTA_ACTIVE views = 8 weight = 0.75 mean_abs_feat_delta = 0.255109\n"}
,{"stream_name":"stdout","time":1884.357832779,"data":"EDGE_TTA_ACTIVE views = 8 mean_abs_feat_delta = 0.301009\n"}
,{"stream_name":"stdout","time":1884.734932568,"data":"EDGE_TTA_ACTIVE views = 8 mean_abs_feat_delta = 0.334122\n"}
,{"stream_name":"stdout","time":1885.364871837,"data":"SECONDARY_EDGE_TTA_ACTIVE views = 8 weight = 0.75 mean_abs_feat_delta = 0.230826\n"}
,{"stream_name":"stdout","time":1885.830462381,"data":"SECONDARY_EDGE_TTA_ACTIVE views = 8 weight = 0.75 mean_abs_feat_delta = 0.25132\n"}
,{"stream_name":"stdout","time":1886.429266749,"data":"EDGE_TTA_ACTIVE views = 8 mean_abs_feat_delta = 0.301776\n"}
,{"stream_name":"stdout","time":1887.028308478,"data":"EDGE_TTA_ACTIVE views = 8 mean_abs_feat_delta = 0.328651\n"}
,{"stream_name":"stdout","time":1887.432153841,"data":"SECONDARY_EDGE_TTA_ACTIVE views = 8 weight = 0.75 mean_abs_feat_delta = 0.233825\n"}
,{"stream_name":"stdout","time":1888.119827797,"data":"SECONDARY_EDGE_TTA_ACTIVE views = 8 weight = 0.75 mean_abs_feat_delta = 0.250811\n"}
,{"stream_name":"stdout","time":1888.528612835,"data":"EDGE_TTA_ACTIVE views = 8 mean_abs_feat_delta = 0.299256\n"}
,{"stream_name":"stdout","time":1889.374166939,"data":"EDGE_TTA_ACTIVE views = 8 mean_abs_feat_delta = 0.336868\n"}
,{"stream_name":"stdout","time":1889.534159805,"data":"SECONDARY_EDGE_TTA_ACTIVE views = 8 weight = 0.75 mean_abs_feat_delta = 0.231076\n"}
,{"stream_name":"stdout","time":1889.538334068,"data":"BIOHUB_RETENTION_GUARD {\"blended_candidates\": 59, \"dataset\": \"6bba_062c8d37\", \"frame\": 73, \"minimum_retention\": 0.9, \"primary_candidates\": 68, \"retention\": 0.8676470588235294, \"use_primary\": true}\n"}
,{"stream_name":"stdout","time":1890.46602336,"data":"SECONDARY_EDGE_TTA_ACTIVE views = 8 weight = 0.75 mean_abs_feat_delta = 0.252583\n"}
,{"stream_name":"stdout","time":1890.632929383,"data":"EDGE_TTA_ACTIVE views = 8 mean_abs_feat_delta = 0.298114\n"}
,{"stream_name":"stdout","time":1891.640108283,"data":"SECONDARY_EDGE_TTA_ACTIVE views = 8 weight = 0.75 mean_abs_feat_delta = 0.231678\n"}
,{"stream_name":"stdout","time":1891.643956812,"data":"BIOHUB_RETENTION_GUARD {\"blended_candidates\": 62, \"dataset\": \"6bba_062c8d37\", \"frame\": 74, \"minimum_retention\": 0.9, \"primary_candidates\": 69, \"retention\": 0.8985507246376812, \"use_primary\": true}\n"}
,{"stream_name":"stdout","time":1891.666960993,"data":"EDGE_TTA_ACTIVE views = 8 mean_abs_feat_delta = 0.335702\n"}
,{"stream_name":"stdout","time":1892.75915131,"data":"SECONDARY_EDGE_TTA_ACTIVE views = 8 weight = 0.75 mean_abs_feat_delta = 0.250294\n"}
,{"stream_name":"stdout","time":1892.763408979,"data":"EDGE_TTA_ACTIVE views = 8 mean_abs_feat_delta = 0.292995\n"}
,{"stream_name":"stdout","time":1893.878344563,"data":"SECONDARY_EDGE_TTA_ACTIVE views = 8 weight = 0.75 mean_abs_feat_delta = 0.232434\n"}
,{"stream_name":"stdout","time":1893.956114739,"data":"EDGE_TTA_ACTIVE views = 8 mean_abs_feat_delta = 0.334886\n"}
,{"stream_name":"stdout","time":1894.917722982,"data":"EDGE_TTA_ACTIVE views = 8 mean_abs_feat_delta = 0.29277\n"}
,{"stream_name":"stdout","time":1895.046792859,"data":"SECONDARY_EDGE_TTA_ACTIVE views = 8 weight = 0.75 mean_abs_feat_delta = 0.247088\n"}
,{"stream_name":"stdout","time":1895.917794328,"data":"SECONDARY_EDGE_TTA_ACTIVE views = 8 weight = 0.75 mean_abs_feat_delta = 0.237438\n"}
,{"stream_name":"stdout","time":1896.237929567,"data":"EDGE_TTA_ACTIVE views = 8 mean_abs_feat_delta = 0.337301\n"}
,{"stream_name":"stdout","time":1897.032837643,"data":"EDGE_TTA_ACTIVE views = 8 mean_abs_feat_delta = 0.293275\n"}
,{"stream_name":"stdout","time":1897.330023593,"data":"SECONDARY_EDGE_TTA_ACTIVE views = 8 weight = 0.75 mean_abs_feat_delta = 0.248444\n"}
,{"stream_name":"stdout","time":1898.039855986,"data":"SECONDARY_EDGE_TTA_ACTIVE views = 8 weight = 0.75 mean_abs_feat_delta = 0.236157\n"}
,{"stream_name":"stdout","time":1898.554987056,"data":"EDGE_TTA_ACTIVE views = 8 mean_abs_feat_delta = 0.342168\n"}
,{"stream_name":"stdout","time":1899.131286886,"data":"EDGE_TTA_ACTIVE views = 8 mean_abs_feat_delta = 0.291368\n"}
,{"stream_name":"stdout","time":1899.644016485,"data":"SECONDARY_EDGE_TTA_ACTIVE views = 8 weight = 0.75 mean_abs_feat_delta = 0.249705\n"}
,{"stream_name":"stdout","time":1900.134162349,"data":"SECONDARY_EDGE_TTA_ACTIVE views = 8 weight = 0.75 mean_abs_feat_delta = 0.235416\n"}
,{"stream_name":"stdout","time":1900.827515183,"data":"EDGE_TTA_ACTIVE views = 8 mean_abs_feat_delta = 0.343137\n"}
,{"stream_name":"stdout","time":1901.289257463,"data":"EDGE_TTA_ACTIVE views = 8 mean_abs_feat_delta = 0.291014\n"}
,{"stream_name":"stdout","time":1901.92021749,"data":"SECONDARY_EDGE_TTA_ACTIVE views = 8 weight = 0.75 mean_abs_feat_delta = 0.249871\n"}
,{"stream_name":"stdout","time":1902.292243978,"data":"SECONDARY_EDGE_TTA_ACTIVE views = 8 weight = 0.75 mean_abs_feat_delta = 0.232783\n"}
,{"stream_name":"stdout","time":1903.139005999,"data":"EDGE_TTA_ACTIVE views = 8 mean_abs_feat_delta = 0.338761\n"}
,{"stream_name":"stdout","time":1903.432560636,"data":"EDGE_TTA_ACTIVE views = 8 mean_abs_feat_delta = 0.295994\n"}
,{"stream_name":"stdout","time":1904.229599266,"data":"SECONDARY_EDGE_TTA_ACTIVE views = 8 weight = 0.75 mean_abs_feat_delta = 0.247264\n"}
,{"stream_name":"stdout","time":1904.438756343,"data":"SECONDARY_EDGE_TTA_ACTIVE views = 8 weight = 0.75 mean_abs_feat_delta = 0.231063\n"}
,{"stream_name":"stdout","time":1905.516669131,"data":"EDGE_TTA_ACTIVE views = 8 mean_abs_feat_delta = 0.338145\n"}
,{"stream_name":"stdout","time":1905.61386146,"data":"EDGE_TTA_ACTIVE views = 8 mean_abs_feat_delta = 0.297096\n"}
,{"stream_name":"stdout","time":1906.605592147,"data":"SECONDARY_EDGE_TTA_ACTIVE views = 8 weight = 0.75 mean_abs_feat_delta = 0.243393\n"}
,{"stream_name":"stdout","time":1906.613965412,"data":"SECONDARY_EDGE_TTA_ACTIVE views = 8 weight = 0.75 mean_abs_feat_delta = 0.234197\n"}
,{"stream_name":"stdout","time":1907.802631224,"data":"EDGE_TTA_ACTIVE views = 8 mean_abs_feat_delta = 0.299033\n"}
,{"stream_name":"stdout","time":1907.85930728,"data":"EDGE_TTA_ACTIVE views = 8 mean_abs_feat_delta = 0.334551\n"}
,{"stream_name":"stdout","time":1908.803874613,"data":"SECONDARY_EDGE_TTA_ACTIVE views = 8 weight = 0.75 mean_abs_feat_delta = 0.233029\n"}
,{"stream_name":"stdout","time":1908.948837401,"data":"SECONDARY_EDGE_TTA_ACTIVE views = 8 weight = 0.75 mean_abs_feat_delta = 0.246103\n"}
,{"stream_name":"stdout","time":1909.879232247,"data":"EDGE_TTA_ACTIVE views = 8 mean_abs_feat_delta = 0.297557\n"}
,{"stream_name":"stdout","time":1910.228233161,"data":"EDGE_TTA_ACTIVE views = 8 mean_abs_feat_delta = 0.331854\n"}
,{"stream_name":"stdout","time":1910.880048449,"data":"SECONDARY_EDGE_TTA_ACTIVE views = 8 weight = 0.75 mean_abs_feat_delta = 0.236935\n"}
,{"stream_name":"stdout","time":1911.315911955,"data":"SECONDARY_EDGE_TTA_ACTIVE views = 8 weight = 0.75 mean_abs_feat_delta = 0.246736\n"}
,{"stream_name":"stdout","time":1911.974201495,"data":"EDGE_TTA_ACTIVE views = 8 mean_abs_feat_delta = 0.293406\n"}
,{"stream_name":"stdout","time":1912.978998272,"data":"SECONDARY_EDGE_TTA_ACTIVE views = 8 weight = 0.75 mean_abs_feat_delta = 0.234086\n"}
,{"stream_name":"stdout","time":1912.982381847,"data":"BIOHUB_RETENTION_GUARD {\"blended_candidates\": 64, \"dataset\": \"6bba_062c8d37\", \"frame\": 84, \"minimum_retention\": 0.9, \"primary_candidates\": 73, \"retention\": 0.8767123287671232, \"use_primary\": true}\n"}
,{"stream_name":"stdout","time":1914.110648952,"data":"EDGE_TTA_ACTIVE views = 8 mean_abs_feat_delta = 0.295509\n"}
,{"stream_name":"stdout","time":1915.113068178,"data":"SECONDARY_EDGE_TTA_ACTIVE views = 8 weight = 0.75 mean_abs_feat_delta = 0.227107\n"}
,{"stream_name":"stdout","time":1916.28525623,"data":"EDGE_TTA_ACTIVE views = 8 mean_abs_feat_delta = 0.29737\n"}
,{"stream_name":"stdout","time":1917.284628646,"data":"SECONDARY_EDGE_TTA_ACTIVE views = 8 weight = 0.75 mean_abs_feat_delta = 0.229753\n"}
,{"stream_name":"stdout","time":1918.482785971,"data":"EDGE_TTA_ACTIVE views = 8 mean_abs_feat_delta = 0.297734\n"}
,{"stream_name":"stdout","time":1919.485451396,"data":"SECONDARY_EDGE_TTA_ACTIVE views = 8 weight = 0.75 mean_abs_feat_delta = 0.233349\n"}
,{"stream_name":"stdout","time":1920.644112041,"data":"EDGE_TTA_ACTIVE views = 8 mean_abs_feat_delta = 0.297749\n"}
,{"stream_name":"stdout","time":1921.651014979,"data":"SECONDARY_EDGE_TTA_ACTIVE views = 8 weight = 0.75 mean_abs_feat_delta = 0.228601\n"}
,{"stream_name":"stdout","time":1922.773978825,"data":"EDGE_TTA_ACTIVE views = 8 mean_abs_feat_delta = 0.299556\n"}
,{"stream_name":"stdout","time":1923.781936286,"data":"SECONDARY_EDGE_TTA_ACTIVE views = 8 weight = 0.75 mean_abs_feat_delta = 0.229547\n"}
,{"stream_name":"stdout","time":1925.024511616,"data":"EDGE_TTA_ACTIVE views = 8 mean_abs_feat_delta = 0.298104\n"}
,{"stream_name":"stdout","time":1925.886985693,"data":"SECONDARY_EDGE_TTA_ACTIVE views = 8 weight = 0.75 mean_abs_feat_delta = 0.228595\n"}
,{"stream_name":"stdout","time":1927.035019147,"data":"EDGE_TTA_ACTIVE views = 8 mean_abs_feat_delta = 0.296443\n"}
,{"stream_name":"stdout","time":1928.043407906,"data":"SECONDARY_EDGE_TTA_ACTIVE views = 8 weight = 0.75 mean_abs_feat_delta = 0.228195\n"}
,{"stream_name":"stdout","time":1929.1419798,"data":"EDGE_TTA_ACTIVE views = 8 mean_abs_feat_delta = 0.293984\n"}
,{"stream_name":"stdout","time":1930.14864537,"data":"SECONDARY_EDGE_TTA_ACTIVE views = 8 weight = 0.75 mean_abs_feat_delta = 0.229762\n"}
,{"stream_name":"stdout","time":1931.270104524,"data":"EDGE_TTA_ACTIVE views = 8 mean_abs_feat_delta = 0.293061\n"}
,{"stream_name":"stdout","time":1932.281143575,"data":"SECONDARY_EDGE_TTA_ACTIVE views = 8 weight = 0.75 mean_abs_feat_delta = 0.232584\n"}
,{"stream_name":"stdout","time":1933.374733661,"data":"EDGE_TTA_ACTIVE views = 8 mean_abs_feat_delta = 0.297154\n"}
,{"stream_name":"stdout","time":1934.382459596,"data":"SECONDARY_EDGE_TTA_ACTIVE views = 8 weight = 0.75 mean_abs_feat_delta = 0.235095\n"}
,{"stream_name":"stdout","time":1935.507627946,"data":"EDGE_TTA_ACTIVE views = 8 mean_abs_feat_delta = 0.301446\n"}
,{"stream_name":"stdout","time":1936.517649599,"data":"SECONDARY_EDGE_TTA_ACTIVE views = 8 weight = 0.75 mean_abs_feat_delta = 0.235651\n"}
,{"stream_name":"stdout","time":1936.732226506,"data":"EDGE_TTA_ACTIVE views = 8 mean_abs_feat_delta = 0.293417\n"}
,{"stream_name":"stdout","time":1937.667301113,"data":"EDGE_TTA_ACTIVE views = 8 mean_abs_feat_delta = 0.301117\n"}
,{"stream_name":"stdout","time":1937.756155454,"data":"SECONDARY_EDGE_TTA_ACTIVE views = 8 weight = 0.75 mean_abs_feat_delta = 0.204909\n"}
,{"stream_name":"stdout","time":1938.673825914,"data":"SECONDARY_EDGE_TTA_ACTIVE views = 8 weight = 0.75 mean_abs_feat_delta = 0.235513\n"}
,{"stream_name":"stdout","time":1938.90073008,"data":"EDGE_TTA_ACTIVE views = 8 mean_abs_feat_delta = 0.292063\n"}
,{"stream_name":"stdout","time":1939.771152418,"data":"EDGE_TTA_ACTIVE views = 8 mean_abs_feat_delta = 0.301563\n"}
,{"stream_name":"stdout","time":1939.931244196,"data":"SECONDARY_EDGE_TTA_ACTIVE views = 8 weight = 0.75 mean_abs_feat_delta = 0.201895\n"}
,{"stream_name":"stdout","time":1940.777269678,"data":"SECONDARY_EDGE_TTA_ACTIVE views = 8 weight = 0.75 mean_abs_feat_delta = 0.22943\n"}
,{"stream_name":"stdout","time":1941.136536496,"data":"EDGE_TTA_ACTIVE views = 8 mean_abs_feat_delta = 0.290893\n"}
,{"stream_name":"stdout","time":1941.90366233,"data":"EDGE_TTA_ACTIVE views = 8 mean_abs_feat_delta = 0.298981\n"}
,{"stream_name":"stdout","time":1942.168254748,"data":"SECONDARY_EDGE_TTA_ACTIVE views = 8 weight = 0.75 mean_abs_feat_delta = 0.204535\n"}
,{"stream_name":"stdout","time":1942.906598942,"data":"SECONDARY_EDGE_TTA_ACTIVE views = 8 weight = 0.75 mean_abs_feat_delta = 0.231691\n"}
,{"stream_name":"stdout","time":1943.346620993,"data":"EDGE_TTA_ACTIVE views = 8 mean_abs_feat_delta = 0.289035\n"}
,{"stream_name":"stdout","time":1944.007150452,"data":"EDGE_TTA_ACTIVE views = 8 mean_abs_feat_delta = 0.297101\n"}
,{"stream_name":"stdout","time":1944.380509023,"data":"SECONDARY_EDGE_TTA_ACTIVE views = 8 weight = 0.75 mean_abs_feat_delta = 0.203795\n"}
,{"stream_name":"stdout","time":1945.013049848,"data":"SECONDARY_EDGE_TTA_ACTIVE views = 8 weight = 0.75 mean_abs_feat_delta = 0.23213\n"}
,{"stream_name":"stdout","time":1945.562188752,"data":"EDGE_TTA_ACTIVE views = 8 mean_abs_feat_delta = 0.292802\n"}
,{"stream_name":"stdout","time":1946.60216255,"data":"SECONDARY_EDGE_TTA_ACTIVE views = 8 weight = 0.75 mean_abs_feat_delta = 0.202797\n"}
,{"stream_name":"stdout","time":1947.865052051,"data":"EDGE_TTA_ACTIVE views = 8 mean_abs_feat_delta = 0.289692\n"}
,{"stream_name":"stdout","time":1948.90732432,"data":"SECONDARY_EDGE_TTA_ACTIVE views = 8 weight = 0.75 mean_abs_feat_delta = 0.205886\n"}
,{"stream_name":"stdout","time":1949.912317196,"data":"EDGE_TTA_ACTIVE views = 8 mean_abs_feat_delta = 0.336571\n"}
,{"stream_name":"stdout","time":1950.149755385,"data":"EDGE_TTA_ACTIVE views = 8 mean_abs_feat_delta = 0.288981\n"}
,{"stream_name":"stdout","time":1950.908282085,"data":"SECONDARY_EDGE_TTA_ACTIVE views = 8 weight = 0.75 mean_abs_feat_delta = 0.261628\n"}
,{"stream_name":"stdout","time":1951.189096416,"data":"SECONDARY_EDGE_TTA_ACTIVE views = 8 weight = 0.75 mean_abs_feat_delta = 0.205889\n"}
,{"stream_name":"stdout","time":1952.06647147,"data":"EDGE_TTA_ACTIVE views = 8 mean_abs_feat_delta = 0.338746\n"}
,{"stream_name":"stdout","time":1952.40057929,"data":"EDGE_TTA_ACTIVE views = 8 mean_abs_feat_delta = 0.294024\n"}
,{"stream_name":"stdout","time":1953.064196882,"data":"SECONDARY_EDGE_TTA_ACTIVE views = 8 weight = 0.75 mean_abs_feat_delta = 0.259644\n"}
,{"stream_name":"stdout","time":1953.447230636,"data":"SECONDARY_EDGE_TTA_ACTIVE views = 8 weight = 0.75 mean_abs_feat_delta = 0.208457\n"}
,{"stream_name":"stdout","time":1954.17340327,"data":"EDGE_TTA_ACTIVE views = 8 mean_abs_feat_delta = 0.340952\n"}
,{"stream_name":"stdout","time":1954.635971949,"data":"EDGE_TTA_ACTIVE views = 8 mean_abs_feat_delta = 0.291402\n"}
,{"stream_name":"stdout","time":1955.303642601,"data":"SECONDARY_EDGE_TTA_ACTIVE views = 8 weight = 0.75 mean_abs_feat_delta = 0.260273\n"}
,{"stream_name":"stdout","time":1955.685688515,"data":"SECONDARY_EDGE_TTA_ACTIVE views = 8 weight = 0.75 mean_abs_feat_delta = 0.210367\n"}
,{"stream_name":"stdout","time":1956.291292936,"data":"EDGE_TTA_ACTIVE views = 8 mean_abs_feat_delta = 0.342027\n"}
,{"stream_name":"stdout","time":1956.858815981,"data":"EDGE_TTA_ACTIVE views = 8 mean_abs_feat_delta = 0.293367\n"}
,{"stream_name":"stdout","time":1957.295320882,"data":"SECONDARY_EDGE_TTA_ACTIVE views = 8 weight = 0.75 mean_abs_feat_delta = 0.259018\n"}
,{"stream_name":"stdout","time":1957.900561387,"data":"SECONDARY_EDGE_TTA_ACTIVE views = 8 weight = 0.75 mean_abs_feat_delta = 0.208181\n"}
,{"stream_name":"stdout","time":1958.407037445,"data":"EDGE_TTA_ACTIVE views = 8 mean_abs_feat_delta = 0.339705\n"}
,{"stream_name":"stdout","time":1959.140017112,"data":"EDGE_TTA_ACTIVE views = 8 mean_abs_feat_delta = 0.286361\n"}
,{"stream_name":"stdout","time":1959.413628898,"data":"SECONDARY_EDGE_TTA_ACTIVE views = 8 weight = 0.75 mean_abs_feat_delta = 0.260044\n"}
,{"stream_name":"stdout","time":1960.189047478,"data":"SECONDARY_EDGE_TTA_ACTIVE views = 8 weight = 0.75 mean_abs_feat_delta = 0.20495\n"}
,{"stream_name":"stdout","time":1960.549505982,"data":"EDGE_TTA_ACTIVE views = 8 mean_abs_feat_delta = 0.340104\n"}
,{"stream_name":"stdout","time":1961.374620987,"data":"EDGE_TTA_ACTIVE views = 8 mean_abs_feat_delta = 0.284801\n"}
,{"stream_name":"stdout","time":1961.558506758,"data":"SECONDARY_EDGE_TTA_ACTIVE views = 8 weight = 0.75 mean_abs_feat_delta = 0.260377\n"}
,{"stream_name":"stdout","time":1962.430057393,"data":"SECONDARY_EDGE_TTA_ACTIVE views = 8 weight = 0.75 mean_abs_feat_delta = 0.212877\n"}
,{"stream_name":"stdout","time":1962.696381211,"data":"EDGE_TTA_ACTIVE views = 8 mean_abs_feat_delta = 0.339763\n"}
,{"stream_name":"stdout","time":1963.615752465,"data":"EDGE_TTA_ACTIVE views = 8 mean_abs_feat_delta = 0.287875\n"}
,{"stream_name":"stdout","time":1963.710240428,"data":"SECONDARY_EDGE_TTA_ACTIVE views = 8 weight = 0.75 mean_abs_feat_delta = 0.258496\n"}
,{"stream_name":"stdout","time":1964.672537422,"data":"SECONDARY_EDGE_TTA_ACTIVE views = 8 weight = 0.75 mean_abs_feat_delta = 0.207897\n"}
,{"stream_name":"stdout","time":1964.850347093,"data":"EDGE_TTA_ACTIVE views = 8 mean_abs_feat_delta = 0.333526\n"}
,{"stream_name":"stdout","time":1965.864905457,"data":"SECONDARY_EDGE_TTA_ACTIVE views = 8 weight = 0.75 mean_abs_feat_delta = 0.255413\n"}
,{"stream_name":"stdout","time":1965.899978763,"data":"EDGE_TTA_ACTIVE views = 8 mean_abs_feat_delta = 0.285114\n"}
,{"stream_name":"stdout","time":1966.959927044,"data":"SECONDARY_EDGE_TTA_ACTIVE views = 8 weight = 0.75 mean_abs_feat_delta = 0.205793\n"}
,{"stream_name":"stdout","time":1967.010533905,"data":"EDGE_TTA_ACTIVE views = 8 mean_abs_feat_delta = 0.336952\n"}
,{"stream_name":"stdout","time":1968.029628091,"data":"SECONDARY_EDGE_TTA_ACTIVE views = 8 weight = 0.75 mean_abs_feat_delta = 0.252694\n"}
,{"stream_name":"stdout","time":1968.13310316,"data":"EDGE_TTA_ACTIVE views = 8 mean_abs_feat_delta = 0.284821\n"}
,{"stream_name":"stdout","time":1969.145949184,"data":"EDGE_TTA_ACTIVE views = 8 mean_abs_feat_delta = 0.345093\n"}
,{"stream_name":"stdout","time":1969.196760412,"data":"SECONDARY_EDGE_TTA_ACTIVE views = 8 weight = 0.75 mean_abs_feat_delta = 0.210728\n"}
,{"stream_name":"stdout","time":1970.168085643,"data":"SECONDARY_EDGE_TTA_ACTIVE views = 8 weight = 0.75 mean_abs_feat_delta = 0.256998\n"}
,{"stream_name":"stdout","time":1970.455697351,"data":"EDGE_TTA_ACTIVE views = 8 mean_abs_feat_delta = 0.287327\n"}
,{"stream_name":"stdout","time":1971.291678337,"data":"EDGE_TTA_ACTIVE views = 8 mean_abs_feat_delta = 0.34152\n"}
,{"stream_name":"stdout","time":1971.519081606,"data":"SECONDARY_EDGE_TTA_ACTIVE views = 8 weight = 0.75 mean_abs_feat_delta = 0.208572\n"}
,{"stream_name":"stdout","time":1972.313065046,"data":"SECONDARY_EDGE_TTA_ACTIVE views = 8 weight = 0.75 mean_abs_feat_delta = 0.260222\n"}
,{"stream_name":"stdout","time":1972.693480554,"data":"EDGE_TTA_ACTIVE views = 8 mean_abs_feat_delta = 0.285857\n"}
,{"stream_name":"stdout","time":1973.435822226,"data":"EDGE_TTA_ACTIVE views = 8 mean_abs_feat_delta = 0.341151\n"}
,{"stream_name":"stdout","time":1973.759379682,"data":"SECONDARY_EDGE_TTA_ACTIVE views = 8 weight = 0.75 mean_abs_feat_delta = 0.20793\n"}
,{"stream_name":"stdout","time":1974.453686165,"data":"SECONDARY_EDGE_TTA_ACTIVE views = 8 weight = 0.75 mean_abs_feat_delta = 0.264548\n"}
,{"stream_name":"stdout","time":1974.96512876,"data":"EDGE_TTA_ACTIVE views = 8 mean_abs_feat_delta = 0.283107\n"}
,{"stream_name":"stdout","time":1975.582488873,"data":"EDGE_TTA_ACTIVE views = 8 mean_abs_feat_delta = 0.34019\n"}
,{"stream_name":"stdout","time":1976.036034936,"data":"SECONDARY_EDGE_TTA_ACTIVE views = 8 weight = 0.75 mean_abs_feat_delta = 0.21153\n"}
,{"stream_name":"stdout","time":1976.601412348,"data":"SECONDARY_EDGE_TTA_ACTIVE views = 8 weight = 0.75 mean_abs_feat_delta = 0.26289\n"}
,{"stream_name":"stdout","time":1977.29474544,"data":"EDGE_TTA_ACTIVE views = 8 mean_abs_feat_delta = 0.285156\n"}
,{"stream_name":"stdout","time":1977.749498892,"data":"EDGE_TTA_ACTIVE views = 8 mean_abs_feat_delta = 0.344388\n"}
,{"stream_name":"stdout","time":1978.363001036,"data":"SECONDARY_EDGE_TTA_ACTIVE views = 8 weight = 0.75 mean_abs_feat_delta = 0.215961\n"}
,{"stream_name":"stdout","time":1978.765682071,"data":"SECONDARY_EDGE_TTA_ACTIVE views = 8 weight = 0.75 mean_abs_feat_delta = 0.257635\n"}
,{"stream_name":"stdout","time":1979.606735539,"data":"EDGE_TTA_ACTIVE views = 8 mean_abs_feat_delta = 0.281307\n"}
,{"stream_name":"stdout","time":1979.971649007,"data":"EDGE_TTA_ACTIVE views = 8 mean_abs_feat_delta = 0.343422\n"}
,{"stream_name":"stdout","time":1980.672249118,"data":"SECONDARY_EDGE_TTA_ACTIVE views = 8 weight = 0.75 mean_abs_feat_delta = 0.210734\n"}
,{"stream_name":"stdout","time":1980.986928843,"data":"SECONDARY_EDGE_TTA_ACTIVE views = 8 weight = 0.75 mean_abs_feat_delta = 0.25605\n"}
,{"stream_name":"stdout","time":1981.8908288,"data":"EDGE_TTA_ACTIVE views = 8 mean_abs_feat_delta = 0.283345\n"}
,{"stream_name":"stdout","time":1982.163000654,"data":"EDGE_TTA_ACTIVE views = 8 mean_abs_feat_delta = 0.340401\n"}
,{"stream_name":"stdout","time":1982.950565427,"data":"SECONDARY_EDGE_TTA_ACTIVE views = 8 weight = 0.75 mean_abs_feat_delta = 0.210047\n"}
,{"stream_name":"stdout","time":1983.176404494,"data":"SECONDARY_EDGE_TTA_ACTIVE views = 8 weight = 0.75 mean_abs_feat_delta = 0.261539\n"}
,{"stream_name":"stdout","time":1984.142151606,"data":"EDGE_TTA_ACTIVE views = 8 mean_abs_feat_delta = 0.282739\n"}
,{"stream_name":"stdout","time":1984.313386999,"data":"EDGE_TTA_ACTIVE views = 8 mean_abs_feat_delta = 0.339951\n"}
,{"stream_name":"stdout","time":1985.200846768,"data":"SECONDARY_EDGE_TTA_ACTIVE views = 8 weight = 0.75 mean_abs_feat_delta = 0.208912\n"}
,{"stream_name":"stdout","time":1985.418277863,"data":"SECONDARY_EDGE_TTA_ACTIVE views = 8 weight = 0.75 mean_abs_feat_delta = 0.262505\n"}
,{"stream_name":"stdout","time":1986.428440635,"data":"EDGE_TTA_ACTIVE views = 8 mean_abs_feat_delta = 0.280872\n"}
,{"stream_name":"stdout","time":1986.476801558,"data":"EDGE_TTA_ACTIVE views = 8 mean_abs_feat_delta = 0.34749\n"}
,{"stream_name":"stdout","time":1987.488290588,"data":"SECONDARY_EDGE_TTA_ACTIVE views = 8 weight = 0.75 mean_abs_feat_delta = 0.261831\n"}
,{"stream_name":"stdout","time":1987.490279329,"data":"SECONDARY_EDGE_TTA_ACTIVE views = 8 weight = 0.75 mean_abs_feat_delta = 0.208993\n"}
,{"stream_name":"stdout","time":1988.631593194,"data":"EDGE_TTA_ACTIVE views = 8 mean_abs_feat_delta = 0.348728\n"}
,{"stream_name":"stdout","time":1988.74449384,"data":"EDGE_TTA_ACTIVE views = 8 mean_abs_feat_delta = 0.281118\n"}
,{"stream_name":"stdout","time":1989.640536364,"data":"SECONDARY_EDGE_TTA_ACTIVE views = 8 weight = 0.75 mean_abs_feat_delta = 0.264817\n"}
,{"stream_name":"stdout","time":1989.802638414,"data":"SECONDARY_EDGE_TTA_ACTIVE views = 8 weight = 0.75 mean_abs_feat_delta = 0.20797\n"}
,{"stream_name":"stdout","time":1990.777010973,"data":"EDGE_TTA_ACTIVE views = 8 mean_abs_feat_delta = 0.348915\n"}
,{"stream_name":"stdout","time":1990.969815169,"data":"EDGE_TTA_ACTIVE views = 8 mean_abs_feat_delta = 0.281355\n"}
,{"stream_name":"stdout","time":1991.784533277,"data":"SECONDARY_EDGE_TTA_ACTIVE views = 8 weight = 0.75 mean_abs_feat_delta = 0.26002\n"}
,{"stream_name":"stdout","time":1992.032075359,"data":"SECONDARY_EDGE_TTA_ACTIVE views = 8 weight = 0.75 mean_abs_feat_delta = 0.209647\n"}
,{"stream_name":"stdout","time":1992.918198586,"data":"EDGE_TTA_ACTIVE views = 8 mean_abs_feat_delta = 0.34756\n"}
,{"stream_name":"stdout","time":1993.229758568,"data":"EDGE_TTA_ACTIVE views = 8 mean_abs_feat_delta = 0.279058\n"}
,{"stream_name":"stdout","time":1993.923050734,"data":"SECONDARY_EDGE_TTA_ACTIVE views = 8 weight = 0.75 mean_abs_feat_delta = 0.259113\n"}
,{"stream_name":"stdout","time":1994.286689055,"data":"SECONDARY_EDGE_TTA_ACTIVE views = 8 weight = 0.75 mean_abs_feat_delta = 0.209978\n"}
,{"stream_name":"stdout","time":1995.050030103,"data":"EDGE_TTA_ACTIVE views = 8 mean_abs_feat_delta = 0.341564\n"}
,{"stream_name":"stdout","time":1995.473513859,"data":"EDGE_TTA_ACTIVE views = 8 mean_abs_feat_delta = 0.271242\n"}
,{"stream_name":"stdout","time":1996.052986875,"data":"SECONDARY_EDGE_TTA_ACTIVE views = 8 weight = 0.75 mean_abs_feat_delta = 0.257712\n"}
,{"stream_name":"stdout","time":1996.529950302,"data":"SECONDARY_EDGE_TTA_ACTIVE views = 8 weight = 0.75 mean_abs_feat_delta = 0.226724\n"}
,{"stream_name":"stdout","time":1997.180591109,"data":"EDGE_TTA_ACTIVE views = 8 mean_abs_feat_delta = 0.339453\n"}
,{"stream_name":"stdout","time":1997.728394684,"data":"EDGE_TTA_ACTIVE views = 8 mean_abs_feat_delta = 0.278583\n"}
,{"stream_name":"stdout","time":1998.183440715,"data":"SECONDARY_EDGE_TTA_ACTIVE views = 8 weight = 0.75 mean_abs_feat_delta = 0.252306\n"}
,{"stream_name":"stdout","time":1998.77933889,"data":"SECONDARY_EDGE_TTA_ACTIVE views = 8 weight = 0.75 mean_abs_feat_delta = 0.212438\n"}
,{"stream_name":"stdout","time":1999.341785676,"data":"EDGE_TTA_ACTIVE views = 8 mean_abs_feat_delta = 0.34454\n"}
,{"stream_name":"stdout","time":1999.965352249,"data":"EDGE_TTA_ACTIVE views = 8 mean_abs_feat_delta = 0.280712\n"}
,{"stream_name":"stdout","time":2000.346739009,"data":"SECONDARY_EDGE_TTA_ACTIVE views = 8 weight = 0.75 mean_abs_feat_delta = 0.251268\n"}
,{"stream_name":"stdout","time":2001.022357863,"data":"SECONDARY_EDGE_TTA_ACTIVE views = 8 weight = 0.75 mean_abs_feat_delta = 0.217052\n"}
,{"stream_name":"stdout","time":2001.482411873,"data":"EDGE_TTA_ACTIVE views = 8 mean_abs_feat_delta = 0.34235\n"}
,{"stream_name":"stdout","time":2002.210261784,"data":"EDGE_TTA_ACTIVE views = 8 mean_abs_feat_delta = 0.281412\n"}
,{"stream_name":"stdout","time":2002.484261344,"data":"SECONDARY_EDGE_TTA_ACTIVE views = 8 weight = 0.75 mean_abs_feat_delta = 0.248744\n"}
,{"stream_name":"stdout","time":2003.26406345,"data":"SECONDARY_EDGE_TTA_ACTIVE views = 8 weight = 0.75 mean_abs_feat_delta = 0.214047\n"}
,{"stream_name":"stdout","time":2003.667928723,"data":"EDGE_TTA_ACTIVE views = 8 mean_abs_feat_delta = 0.339835\n"}
,{"stream_name":"stdout","time":2004.511848994,"data":"EDGE_TTA_ACTIVE views = 8 mean_abs_feat_delta = 0.283284\n"}
,{"stream_name":"stdout","time":2004.67024498,"data":"SECONDARY_EDGE_TTA_ACTIVE views = 8 weight = 0.75 mean_abs_feat_delta = 0.250506\n"}
,{"stream_name":"stdout","time":2005.570002796,"data":"SECONDARY_EDGE_TTA_ACTIVE views = 8 weight = 0.75 mean_abs_feat_delta = 0.208668\n"}
,{"stream_name":"stdout","time":2005.744334002,"data":"EDGE_TTA_ACTIVE views = 8 mean_abs_feat_delta = 0.343666\n"}
,{"stream_name":"stdout","time":2006.744668924,"data":"SECONDARY_EDGE_TTA_ACTIVE views = 8 weight = 0.75 mean_abs_feat_delta = 0.249242\n"}
,{"stream_name":"stdout","time":2006.77246445,"data":"EDGE_TTA_ACTIVE views = 8 mean_abs_feat_delta = 0.285807\n"}
,{"stream_name":"stdout","time":2007.822259979,"data":"SECONDARY_EDGE_TTA_ACTIVE views = 8 weight = 0.75 mean_abs_feat_delta = 0.210105\n"}
,{"stream_name":"stdout","time":2007.872621906,"data":"EDGE_TTA_ACTIVE views = 8 mean_abs_feat_delta = 0.345266\n"}
,{"stream_name":"stdout","time":2008.874840079,"data":"SECONDARY_EDGE_TTA_ACTIVE views = 8 weight = 0.75 mean_abs_feat_delta = 0.252993\n"}
,{"stream_name":"stdout","time":2009.030261047,"data":"EDGE_TTA_ACTIVE views = 8 mean_abs_feat_delta = 0.284166\n"}
,{"stream_name":"stdout","time":2010.06280582,"data":"EDGE_TTA_ACTIVE views = 8 mean_abs_feat_delta = 0.347232\n"}
,{"stream_name":"stdout","time":2010.080702302,"data":"SECONDARY_EDGE_TTA_ACTIVE views = 8 weight = 0.75 mean_abs_feat_delta = 0.213564\n"}
,{"stream_name":"stdout","time":2011.061708772,"data":"SECONDARY_EDGE_TTA_ACTIVE views = 8 weight = 0.75 mean_abs_feat_delta = 0.255776\n"}
,{"stream_name":"stdout","time":2011.361839653,"data":"EDGE_TTA_ACTIVE views = 8 mean_abs_feat_delta = 0.284946\n"}
,{"stream_name":"stdout","time":2012.188129217,"data":"EDGE_TTA_ACTIVE views = 8 mean_abs_feat_delta = 0.344073\n"}
,{"stream_name":"stdout","time":2012.415782725,"data":"SECONDARY_EDGE_TTA_ACTIVE views = 8 weight = 0.75 mean_abs_feat_delta = 0.21043\n"}
,{"stream_name":"stdout","time":2013.190245951,"data":"SECONDARY_EDGE_TTA_ACTIVE views = 8 weight = 0.75 mean_abs_feat_delta = 0.255242\n"}
,{"stream_name":"stdout","time":2013.59862963,"data":"EDGE_TTA_ACTIVE views = 8 mean_abs_feat_delta = 0.277939\n"}
,{"stream_name":"stdout","time":2014.285676595,"data":"EDGE_TTA_ACTIVE views = 8 mean_abs_feat_delta = 0.342224\n"}
,{"stream_name":"stdout","time":2014.653169821,"data":"SECONDARY_EDGE_TTA_ACTIVE views = 8 weight = 0.75 mean_abs_feat_delta = 0.224605\n"}
,{"stream_name":"stdout","time":2015.287117292,"data":"SECONDARY_EDGE_TTA_ACTIVE views = 8 weight = 0.75 mean_abs_feat_delta = 0.2511\n"}
,{"stream_name":"stdout","time":2016.016944278,"data":"EDGE_TTA_ACTIVE views = 8 mean_abs_feat_delta = 0.282273\n"}
,{"stream_name":"stdout","time":2016.384661033,"data":"EDGE_TTA_ACTIVE views = 8 mean_abs_feat_delta = 0.340766\n"}
,{"stream_name":"stdout","time":2016.920371733,"data":"SECONDARY_EDGE_TTA_ACTIVE views = 8 weight = 0.75 mean_abs_feat_delta = 0.210253\n"}
,{"stream_name":"stdout","time":2017.378647711,"data":"SECONDARY_EDGE_TTA_ACTIVE views = 8 weight = 0.75 mean_abs_feat_delta = 0.249793\n"}
,{"stream_name":"stdout","time":2018.085572785,"data":"EDGE_TTA_ACTIVE views = 8 mean_abs_feat_delta = 0.284153\n"}
,{"stream_name":"stdout","time":2018.503000908,"data":"EDGE_TTA_ACTIVE views = 8 mean_abs_feat_delta = 0.342603\n"}
,{"stream_name":"stdout","time":2019.143257457,"data":"SECONDARY_EDGE_TTA_ACTIVE views = 8 weight = 0.75 mean_abs_feat_delta = 0.217533\n"}
,{"stream_name":"stdout","time":2019.504671166,"data":"SECONDARY_EDGE_TTA_ACTIVE views = 8 weight = 0.75 mean_abs_feat_delta = 0.252106\n"}
,{"stream_name":"stdout","time":2020.359534349,"data":"EDGE_TTA_ACTIVE views = 8 mean_abs_feat_delta = 0.284297\n"}
,{"stream_name":"stdout","time":2020.598347933,"data":"EDGE_TTA_ACTIVE views = 8 mean_abs_feat_delta = 0.341082\n"}
,{"stream_name":"stdout","time":2021.421528709,"data":"SECONDARY_EDGE_TTA_ACTIVE views = 8 weight = 0.75 mean_abs_feat_delta = 0.215734\n"}
,{"stream_name":"stdout","time":2021.604105259,"data":"SECONDARY_EDGE_TTA_ACTIVE views = 8 weight = 0.75 mean_abs_feat_delta = 0.256297\n"}
,{"stream_name":"stdout","time":2022.66996407,"data":"EDGE_TTA_ACTIVE views = 8 mean_abs_feat_delta = 0.276563\n"}
,{"stream_name":"stdout","time":2022.744669409,"data":"EDGE_TTA_ACTIVE views = 8 mean_abs_feat_delta = 0.342531\n"}
,{"stream_name":"stdout","time":2023.730109673,"data":"SECONDARY_EDGE_TTA_ACTIVE views = 8 weight = 0.75 mean_abs_feat_delta = 0.199979\n"}
,{"stream_name":"stdout","time":2023.747236167,"data":"SECONDARY_EDGE_TTA_ACTIVE views = 8 weight = 0.75 mean_abs_feat_delta = 0.259811\n"}
,{"stream_name":"stdout","time":2024.84848506,"data":"EDGE_TTA_ACTIVE views = 8 mean_abs_feat_delta = 0.338261\n"}
,{"stream_name":"stdout","time":2024.879621274,"data":"EDGE_TTA_ACTIVE views = 8 mean_abs_feat_delta = 0.277027\n"}
,{"stream_name":"stdout","time":2025.853728607,"data":"SECONDARY_EDGE_TTA_ACTIVE views = 8 weight = 0.75 mean_abs_feat_delta = 0.255512\n"}
,{"stream_name":"stdout","time":2025.94053362,"data":"SECONDARY_EDGE_TTA_ACTIVE views = 8 weight = 0.75 mean_abs_feat_delta = 0.196398\n"}
,{"stream_name":"stdout","time":2027.01757032,"data":"EDGE_TTA_ACTIVE views = 8 mean_abs_feat_delta = 0.331504\n"}
,{"stream_name":"stdout","time":2027.147281288,"data":"EDGE_TTA_ACTIVE views = 8 mean_abs_feat_delta = 0.279545\n"}
,{"stream_name":"stdout","time":2028.019535324,"data":"SECONDARY_EDGE_TTA_ACTIVE views = 8 weight = 0.75 mean_abs_feat_delta = 0.249417\n"}
,{"stream_name":"stdout","time":2028.205733945,"data":"SECONDARY_EDGE_TTA_ACTIVE views = 8 weight = 0.75 mean_abs_feat_delta = 0.207084\n"}
,{"stream_name":"stdout","time":2029.144597166,"data":"EDGE_TTA_ACTIVE views = 8 mean_abs_feat_delta = 0.331413\n"}
,{"stream_name":"stdout","time":2029.458005454,"data":"EDGE_TTA_ACTIVE views = 8 mean_abs_feat_delta = 0.281065\n"}
,{"stream_name":"stdout","time":2030.147372211,"data":"SECONDARY_EDGE_TTA_ACTIVE views = 8 weight = 0.75 mean_abs_feat_delta = 0.247742\n"}
,{"stream_name":"stdout","time":2030.517180436,"data":"SECONDARY_EDGE_TTA_ACTIVE views = 8 weight = 0.75 mean_abs_feat_delta = 0.207082\n"}
,{"stream_name":"stdout","time":2031.247194633,"data":"EDGE_TTA_ACTIVE views = 8 mean_abs_feat_delta = 0.329218\n"}
,{"stream_name":"stdout","time":2031.736099359,"data":"EDGE_TTA_ACTIVE views = 8 mean_abs_feat_delta = 0.285064\n"}
,{"stream_name":"stdout","time":2032.247849783,"data":"SECONDARY_EDGE_TTA_ACTIVE views = 8 weight = 0.75 mean_abs_feat_delta = 0.242204\n"}
,{"stream_name":"stdout","time":2032.799563458,"data":"SECONDARY_EDGE_TTA_ACTIVE views = 8 weight = 0.75 mean_abs_feat_delta = 0.211819\n"}
,{"stream_name":"stdout","time":2033.43866073,"data":"EDGE_TTA_ACTIVE views = 8 mean_abs_feat_delta = 0.328908\n"}
,{"stream_name":"stdout","time":2033.961915311,"data":"EDGE_TTA_ACTIVE views = 8 mean_abs_feat_delta = 0.284192\n"}
,{"stream_name":"stdout","time":2034.441948529,"data":"SECONDARY_EDGE_TTA_ACTIVE views = 8 weight = 0.75 mean_abs_feat_delta = 0.245859\n"}
,{"stream_name":"stdout","time":2035.020969055,"data":"SECONDARY_EDGE_TTA_ACTIVE views = 8 weight = 0.75 mean_abs_feat_delta = 0.210743\n"}
,{"stream_name":"stdout","time":2035.569596123,"data":"EDGE_TTA_ACTIVE views = 8 mean_abs_feat_delta = 0.327794\n"}
,{"stream_name":"stdout","time":2036.21530518,"data":"EDGE_TTA_ACTIVE views = 8 mean_abs_feat_delta = 0.28167\n"}
,{"stream_name":"stdout","time":2036.575527318,"data":"SECONDARY_EDGE_TTA_ACTIVE views = 8 weight = 0.75 mean_abs_feat_delta = 0.252442\n"}
,{"stream_name":"stdout","time":2037.278984004,"data":"SECONDARY_EDGE_TTA_ACTIVE views = 8 weight = 0.75 mean_abs_feat_delta = 0.20555\n"}
,{"stream_name":"stdout","time":2037.672370999,"data":"EDGE_TTA_ACTIVE views = 8 mean_abs_feat_delta = 0.325619\n"}
,{"stream_name":"stdout","time":2038.439144499,"data":"EDGE_TTA_ACTIVE views = 8 mean_abs_feat_delta = 0.28237\n"}
,{"stream_name":"stdout","time":2038.6776236380001,"data":"SECONDARY_EDGE_TTA_ACTIVE views = 8 weight = 0.75 mean_abs_feat_delta = 0.24958\n"}
,{"stream_name":"stdout","time":2039.50024232,"data":"SECONDARY_EDGE_TTA_ACTIVE views = 8 weight = 0.75 mean_abs_feat_delta = 0.204003\n"}
,{"stream_name":"stdout","time":2039.810573028,"data":"EDGE_TTA_ACTIVE views = 8 mean_abs_feat_delta = 0.326224\n"}
,{"stream_name":"stdout","time":2040.75122447,"data":"EDGE_TTA_ACTIVE views = 8 mean_abs_feat_delta = 0.282802\n"}
,{"stream_name":"stdout","time":2040.814638581,"data":"SECONDARY_EDGE_TTA_ACTIVE views = 8 weight = 0.75 mean_abs_feat_delta = 0.247268\n"}
,{"stream_name":"stdout","time":2041.815608377,"data":"SECONDARY_EDGE_TTA_ACTIVE views = 8 weight = 0.75 mean_abs_feat_delta = 0.206577\n"}
,{"stream_name":"stdout","time":2041.944055269,"data":"EDGE_TTA_ACTIVE views = 8 mean_abs_feat_delta = 0.321245\n"}
,{"stream_name":"stdout","time":2042.949589651,"data":"SECONDARY_EDGE_TTA_ACTIVE views = 8 weight = 0.75 mean_abs_feat_delta = 0.245553\n"}
,{"stream_name":"stdout","time":2042.997119876,"data":"EDGE_TTA_ACTIVE views = 8 mean_abs_feat_delta = 0.285432\n"}
,{"stream_name":"stdout","time":2044.060431338,"data":"SECONDARY_EDGE_TTA_ACTIVE views = 8 weight = 0.75 mean_abs_feat_delta = 0.21238\n"}
,{"stream_name":"stdout","time":2044.082273542,"data":"EDGE_TTA_ACTIVE views = 8 mean_abs_feat_delta = 0.319781\n"}
,{"stream_name":"stdout","time":2045.088619993,"data":"SECONDARY_EDGE_TTA_ACTIVE views = 8 weight = 0.75 mean_abs_feat_delta = 0.244675\n"}
,{"stream_name":"stdout","time":2045.253654858,"data":"EDGE_TTA_ACTIVE views = 8 mean_abs_feat_delta = 0.281029\n"}
,{"stream_name":"stdout","time":2046.353799326,"data":"EDGE_TTA_ACTIVE views = 8 mean_abs_feat_delta = 0.322829\n"}
,{"stream_name":"stdout","time":2046.354971972,"data":"SECONDARY_EDGE_TTA_ACTIVE views = 8 weight = 0.75 mean_abs_feat_delta = 0.217798\n"}
,{"stream_name":"stdout","time":2047.208525146,"data":"SECONDARY_EDGE_TTA_ACTIVE views = 8 weight = 0.75 mean_abs_feat_delta = 0.246191\n"}
,{"stream_name":"stdout","time":2047.548149399,"data":"EDGE_TTA_ACTIVE views = 8 mean_abs_feat_delta = 0.272919\n"}
,{"stream_name":"stdout","time":2048.333996722,"data":"EDGE_TTA_ACTIVE views = 8 mean_abs_feat_delta = 0.326443\n"}
,{"stream_name":"stdout","time":2048.616086775,"data":"SECONDARY_EDGE_TTA_ACTIVE views = 8 weight = 0.75 mean_abs_feat_delta = 0.232881\n"}
,{"stream_name":"stdout","time":2049.340253195,"data":"SECONDARY_EDGE_TTA_ACTIVE views = 8 weight = 0.75 mean_abs_feat_delta = 0.240071\n"}
,{"stream_name":"stdout","time":2049.775941258,"data":"EDGE_TTA_ACTIVE views = 8 mean_abs_feat_delta = 0.279365\n"}
,{"stream_name":"stdout","time":2050.470762621,"data":"EDGE_TTA_ACTIVE views = 8 mean_abs_feat_delta = 0.326852\n"}
,{"stream_name":"stdout","time":2050.847507108,"data":"SECONDARY_EDGE_TTA_ACTIVE views = 8 weight = 0.75 mean_abs_feat_delta = 0.211001\n"}
,{"stream_name":"stdout","time":2051.477697338,"data":"SECONDARY_EDGE_TTA_ACTIVE views = 8 weight = 0.75 mean_abs_feat_delta = 0.239234\n"}
,{"stream_name":"stdout","time":2052.051323536,"data":"EDGE_TTA_ACTIVE views = 8 mean_abs_feat_delta = 0.282084\n"}
,{"stream_name":"stdout","time":2052.605630541,"data":"EDGE_TTA_ACTIVE views = 8 mean_abs_feat_delta = 0.329914\n"}
,{"stream_name":"stdout","time":2053.121629964,"data":"SECONDARY_EDGE_TTA_ACTIVE views = 8 weight = 0.75 mean_abs_feat_delta = 0.212616\n"}
,{"stream_name":"stdout","time":2053.611827653,"data":"SECONDARY_EDGE_TTA_ACTIVE views = 8 weight = 0.75 mean_abs_feat_delta = 0.23907\n"}
,{"stream_name":"stdout","time":2054.321863651,"data":"EDGE_TTA_ACTIVE views = 8 mean_abs_feat_delta = 0.283885\n"}
,{"stream_name":"stdout","time":2054.744430417,"data":"EDGE_TTA_ACTIVE views = 8 mean_abs_feat_delta = 0.3332\n"}
,{"stream_name":"stdout","time":2055.392146358,"data":"SECONDARY_EDGE_TTA_ACTIVE views = 8 weight = 0.75 mean_abs_feat_delta = 0.21261\n"}
,{"stream_name":"stdout","time":2055.749094288,"data":"SECONDARY_EDGE_TTA_ACTIVE views = 8 weight = 0.75 mean_abs_feat_delta = 0.240973\n"}
,{"stream_name":"stdout","time":2056.589088959,"data":"EDGE_TTA_ACTIVE views = 8 mean_abs_feat_delta = 0.284012\n"}
,{"stream_name":"stdout","time":2056.89552477,"data":"EDGE_TTA_ACTIVE views = 8 mean_abs_feat_delta = 0.326396\n"}
,{"stream_name":"stdout","time":2057.659583214,"data":"SECONDARY_EDGE_TTA_ACTIVE views = 8 weight = 0.75 mean_abs_feat_delta = 0.212811\n"}
,{"stream_name":"stdout","time":2057.907522755,"data":"SECONDARY_EDGE_TTA_ACTIVE views = 8 weight = 0.75 mean_abs_feat_delta = 0.241149\n"}
,{"stream_name":"stdout","time":2058.879976082,"data":"EDGE_TTA_ACTIVE views = 8 mean_abs_feat_delta = 0.28661\n"}
,{"stream_name":"stdout","time":2059.069424647,"data":"EDGE_TTA_ACTIVE views = 8 mean_abs_feat_delta = 0.327676\n"}
,{"stream_name":"stdout","time":2059.955348072,"data":"SECONDARY_EDGE_TTA_ACTIVE views = 8 weight = 0.75 mean_abs_feat_delta = 0.215936\n"}
,{"stream_name":"stdout","time":2060.078914813,"data":"SECONDARY_EDGE_TTA_ACTIVE views = 8 weight = 0.75 mean_abs_feat_delta = 0.239348\n"}
,{"stream_name":"stdout","time":2061.176735798,"data":"EDGE_TTA_ACTIVE views = 8 mean_abs_feat_delta = 0.287228\n"}
,{"stream_name":"stdout","time":2061.24736131,"data":"EDGE_TTA_ACTIVE views = 8 mean_abs_feat_delta = 0.330541\n"}
,{"stream_name":"stdout","time":2062.251980117,"data":"SECONDARY_EDGE_TTA_ACTIVE views = 8 weight = 0.75 mean_abs_feat_delta = 0.218047\n"}
,{"stream_name":"stdout","time":2062.256176361,"data":"SECONDARY_EDGE_TTA_ACTIVE views = 8 weight = 0.75 mean_abs_feat_delta = 0.242865\n"}
,{"stream_name":"stdout","time":2063.38903082,"data":"EDGE_TTA_ACTIVE views = 8 mean_abs_feat_delta = 0.335217\n"}
,{"stream_name":"stdout","time":2063.51662272,"data":"EDGE_TTA_ACTIVE views = 8 mean_abs_feat_delta = 0.285405\n"}
,{"stream_name":"stdout","time":2064.400648324,"data":"SECONDARY_EDGE_TTA_ACTIVE views = 8 weight = 0.75 mean_abs_feat_delta = 0.240063\n"}
,{"stream_name":"stdout","time":2064.584464533,"data":"SECONDARY_EDGE_TTA_ACTIVE views = 8 weight = 0.75 mean_abs_feat_delta = 0.215395\n"}
,{"stream_name":"stdout","time":2065.506017006,"data":"EDGE_TTA_ACTIVE views = 8 mean_abs_feat_delta = 0.33513\n"}
,{"stream_name":"stdout","time":2065.860942246,"data":"EDGE_TTA_ACTIVE views = 8 mean_abs_feat_delta = 0.28492\n"}
,{"stream_name":"stdout","time":2066.516334929,"data":"SECONDARY_EDGE_TTA_ACTIVE views = 8 weight = 0.75 mean_abs_feat_delta = 0.240997\n"}
,{"stream_name":"stdout","time":2066.933660456,"data":"SECONDARY_EDGE_TTA_ACTIVE views = 8 weight = 0.75 mean_abs_feat_delta = 0.212795\n"}
,{"stream_name":"stdout","time":2067.664333819,"data":"EDGE_TTA_ACTIVE views = 8 mean_abs_feat_delta = 0.328111\n"}
,{"stream_name":"stdout","time":2068.158619448,"data":"EDGE_TTA_ACTIVE views = 8 mean_abs_feat_delta = 0.283264\n"}
,{"stream_name":"stdout","time":2068.678686693,"data":"SECONDARY_EDGE_TTA_ACTIVE views = 8 weight = 0.75 mean_abs_feat_delta = 0.238986\n"}
,{"stream_name":"stdout","time":2069.230203293,"data":"SECONDARY_EDGE_TTA_ACTIVE views = 8 weight = 0.75 mean_abs_feat_delta = 0.216027\n"}
,{"stream_name":"stdout","time":2069.777013838,"data":"EDGE_TTA_ACTIVE views = 8 mean_abs_feat_delta = 0.326627\n"}
,{"stream_name":"stdout","time":2070.462565247,"data":"EDGE_TTA_ACTIVE views = 8 mean_abs_feat_delta = 0.283715\n"}
,{"stream_name":"stdout","time":2070.785454525,"data":"SECONDARY_EDGE_TTA_ACTIVE views = 8 weight = 0.75 mean_abs_feat_delta = 0.235807\n"}
,{"stream_name":"stdout","time":2071.537298738,"data":"SECONDARY_EDGE_TTA_ACTIVE views = 8 weight = 0.75 mean_abs_feat_delta = 0.216681\n"}
,{"stream_name":"stdout","time":2071.896686318,"data":"EDGE_TTA_ACTIVE views = 8 mean_abs_feat_delta = 0.329018\n"}
,{"stream_name":"stdout","time":2072.698922255,"data":"EDGE_TTA_ACTIVE views = 8 mean_abs_feat_delta = 0.283294\n"}
,{"stream_name":"stdout","time":2072.907337281,"data":"SECONDARY_EDGE_TTA_ACTIVE views = 8 weight = 0.75 mean_abs_feat_delta = 0.235973\n"}
,{"stream_name":"stdout","time":2073.775205731,"data":"SECONDARY_EDGE_TTA_ACTIVE views = 8 weight = 0.75 mean_abs_feat_delta = 0.219376\n"}
,{"stream_name":"stdout","time":2074.038711482,"data":"EDGE_TTA_ACTIVE views = 8 mean_abs_feat_delta = 0.333443\n"}
,{"stream_name":"stdout","time":2074.982544038,"data":"EDGE_TTA_ACTIVE views = 8 mean_abs_feat_delta = 0.286449\n"}
,{"stream_name":"stdout","time":2075.047205066,"data":"SECONDARY_EDGE_TTA_ACTIVE views = 8 weight = 0.75 mean_abs_feat_delta = 0.23251\n"}
,{"stream_name":"stdout","time":2076.056603583,"data":"SECONDARY_EDGE_TTA_ACTIVE views = 8 weight = 0.75 mean_abs_feat_delta = 0.218097\n"}
,{"stream_name":"stdout","time":2076.215625879,"data":"EDGE_TTA_ACTIVE views = 8 mean_abs_feat_delta = 0.336707\n"}
,{"stream_name":"stdout","time":2077.394280732,"data":"SECONDARY_EDGE_TTA_ACTIVE views = 8 weight = 0.75 mean_abs_feat_delta = 0.23487\n"}
,{"stream_name":"stdout","time":2077.395557329,"data":"EDGE_TTA_ACTIVE views = 8 mean_abs_feat_delta = 0.290051\n"}
,{"stream_name":"stdout","time":2078.305420081,"data":"EDGE_TTA_ACTIVE views = 8 mean_abs_feat_delta = 0.335779\n"}
,{"stream_name":"stdout","time":2078.356058803,"data":"SECONDARY_EDGE_TTA_ACTIVE views = 8 weight = 0.75 mean_abs_feat_delta = 0.217645\n"}
,{"stream_name":"stdout","time":2079.315075827,"data":"SECONDARY_EDGE_TTA_ACTIVE views = 8 weight = 0.75 mean_abs_feat_delta = 0.236062\n"}
,{"stream_name":"stdout","time":2079.623978578,"data":"EDGE_TTA_ACTIVE views = 8 mean_abs_feat_delta = 0.289497\n"}
,{"stream_name":"stdout","time":2080.452500171,"data":"EDGE_TTA_ACTIVE views = 8 mean_abs_feat_delta = 0.328211\n"}
,{"stream_name":"stdout","time":2080.691452026,"data":"SECONDARY_EDGE_TTA_ACTIVE views = 8 weight = 0.75 mean_abs_feat_delta = 0.217868\n"}
,{"stream_name":"stdout","time":2081.462414503,"data":"SECONDARY_EDGE_TTA_ACTIVE views = 8 weight = 0.75 mean_abs_feat_delta = 0.236109\n"}
,{"stream_name":"stdout","time":2081.885367536,"data":"EDGE_TTA_ACTIVE views = 8 mean_abs_feat_delta = 0.282987\n"}
,{"stream_name":"stdout","time":2082.587949613,"data":"EDGE_TTA_ACTIVE views = 8 mean_abs_feat_delta = 0.323615\n"}
,{"stream_name":"stdout","time":2082.959099697,"data":"SECONDARY_EDGE_TTA_ACTIVE views = 8 weight = 0.75 mean_abs_feat_delta = 0.23668\n"}
,{"stream_name":"stdout","time":2083.597577066,"data":"SECONDARY_EDGE_TTA_ACTIVE views = 8 weight = 0.75 mean_abs_feat_delta = 0.237271\n"}
,{"stream_name":"stdout","time":2084.165715454,"data":"EDGE_TTA_ACTIVE views = 8 mean_abs_feat_delta = 0.285694\n"}
,{"stream_name":"stdout","time":2084.739788003,"data":"EDGE_TTA_ACTIVE views = 8 mean_abs_feat_delta = 0.324693\n"}
,{"stream_name":"stdout","time":2085.237240368,"data":"SECONDARY_EDGE_TTA_ACTIVE views = 8 weight = 0.75 mean_abs_feat_delta = 0.216736\n"}
,{"stream_name":"stdout","time":2085.746341003,"data":"SECONDARY_EDGE_TTA_ACTIVE views = 8 weight = 0.75 mean_abs_feat_delta = 0.238368\n"}
,{"stream_name":"stdout","time":2086.435726549,"data":"EDGE_TTA_ACTIVE views = 8 mean_abs_feat_delta = 0.282414\n"}
,{"stream_name":"stdout","time":2086.879143901,"data":"EDGE_TTA_ACTIVE views = 8 mean_abs_feat_delta = 0.32651\n"}
,{"stream_name":"stdout","time":2087.509134881,"data":"SECONDARY_EDGE_TTA_ACTIVE views = 8 weight = 0.75 mean_abs_feat_delta = 0.223107\n"}
,{"stream_name":"stdout","time":2087.889036263,"data":"SECONDARY_EDGE_TTA_ACTIVE views = 8 weight = 0.75 mean_abs_feat_delta = 0.238582\n"}
,{"stream_name":"stdout","time":2088.741682818,"data":"EDGE_TTA_ACTIVE views = 8 mean_abs_feat_delta = 0.285759\n"}
,{"stream_name":"stdout","time":2089.019406647,"data":"EDGE_TTA_ACTIVE views = 8 mean_abs_feat_delta = 0.328408\n"}
,{"stream_name":"stdout","time":2089.815126553,"data":"SECONDARY_EDGE_TTA_ACTIVE views = 8 weight = 0.75 mean_abs_feat_delta = 0.217137\n"}
,{"stream_name":"stdout","time":2090.030381787,"data":"SECONDARY_EDGE_TTA_ACTIVE views = 8 weight = 0.75 mean_abs_feat_delta = 0.239577\n"}
,{"stream_name":"stdout","time":2091.050764919,"data":"EDGE_TTA_ACTIVE views = 8 mean_abs_feat_delta = 0.283365\n"}
,{"stream_name":"stdout","time":2091.15701131,"data":"EDGE_TTA_ACTIVE views = 8 mean_abs_feat_delta = 0.328975\n"}
,{"stream_name":"stdout","time":2092.124656755,"data":"SECONDARY_EDGE_TTA_ACTIVE views = 8 weight = 0.75 mean_abs_feat_delta = 0.213965\n"}
,{"stream_name":"stdout","time":2092.161158233,"data":"SECONDARY_EDGE_TTA_ACTIVE views = 8 weight = 0.75 mean_abs_feat_delta = 0.236484\n"}
,{"stream_name":"stdout","time":2093.290377652,"data":"EDGE_TTA_ACTIVE views = 8 mean_abs_feat_delta = 0.329898\n"}
,{"stream_name":"stdout","time":2093.320539683,"data":"EDGE_TTA_ACTIVE views = 8 mean_abs_feat_delta = 0.283423\n"}
,{"stream_name":"stdout","time":2094.29939914,"data":"SECONDARY_EDGE_TTA_ACTIVE views = 8 weight = 0.75 mean_abs_feat_delta = 0.237993\n"}
,{"stream_name":"stdout","time":2094.393605122,"data":"SECONDARY_EDGE_TTA_ACTIVE views = 8 weight = 0.75 mean_abs_feat_delta = 0.217877\n"}
,{"stream_name":"stdout","time":2095.406457874,"data":"EDGE_TTA_ACTIVE views = 8 mean_abs_feat_delta = 0.327894\n"}
,{"stream_name":"stdout","time":2095.625788463,"data":"EDGE_TTA_ACTIVE views = 8 mean_abs_feat_delta = 0.280705\n"}
,{"stream_name":"stdout","time":2096.413129605,"data":"SECONDARY_EDGE_TTA_ACTIVE views = 8 weight = 0.75 mean_abs_feat_delta = 0.237807\n"}
,{"stream_name":"stdout","time":2096.697936222,"data":"SECONDARY_EDGE_TTA_ACTIVE views = 8 weight = 0.75 mean_abs_feat_delta = 0.214735\n"}
,{"stream_name":"stdout","time":2097.511368826,"data":"EDGE_TTA_ACTIVE views = 8 mean_abs_feat_delta = 0.327075\n"}
,{"stream_name":"stdout","time":2097.932789368,"data":"EDGE_TTA_ACTIVE views = 8 mean_abs_feat_delta = 0.284385\n"}
,{"stream_name":"stdout","time":2098.517386164,"data":"SECONDARY_EDGE_TTA_ACTIVE views = 8 weight = 0.75 mean_abs_feat_delta = 0.23964\n"}
,{"stream_name":"stdout","time":2099.007142248,"data":"SECONDARY_EDGE_TTA_ACTIVE views = 8 weight = 0.75 mean_abs_feat_delta = 0.214595\n"}
,{"stream_name":"stdout","time":2099.626290661,"data":"EDGE_TTA_ACTIVE views = 8 mean_abs_feat_delta = 0.325235\n"}
,{"stream_name":"stdout","time":2100.177864861,"data":"EDGE_TTA_ACTIVE views = 8 mean_abs_feat_delta = 0.285391\n"}
,{"stream_name":"stdout","time":2100.63663676,"data":"SECONDARY_EDGE_TTA_ACTIVE views = 8 weight = 0.75 mean_abs_feat_delta = 0.238017\n"}
,{"stream_name":"stdout","time":2101.248355721,"data":"SECONDARY_EDGE_TTA_ACTIVE views = 8 weight = 0.75 mean_abs_feat_delta = 0.214519\n"}
,{"stream_name":"stdout","time":2101.736391079,"data":"EDGE_TTA_ACTIVE views = 8 mean_abs_feat_delta = 0.322041\n"}
,{"stream_name":"stdout","time":2102.476811148,"data":"EDGE_TTA_ACTIVE views = 8 mean_abs_feat_delta = 0.282606\n"}
,{"stream_name":"stdout","time":2102.741131936,"data":"SECONDARY_EDGE_TTA_ACTIVE views = 8 weight = 0.75 mean_abs_feat_delta = 0.238274\n"}
,{"stream_name":"stdout","time":2103.548777466,"data":"SECONDARY_EDGE_TTA_ACTIVE views = 8 weight = 0.75 mean_abs_feat_delta = 0.221862\n"}
,{"stream_name":"stdout","time":2103.848715001,"data":"EDGE_TTA_ACTIVE views = 8 mean_abs_feat_delta = 0.322646\n"}
,{"stream_name":"stdout","time":2104.754832455,"data":"EDGE_TTA_ACTIVE views = 8 mean_abs_feat_delta = 0.275618\n"}
,{"stream_name":"stdout","time":2104.856220818,"data":"SECONDARY_EDGE_TTA_ACTIVE views = 8 weight = 0.75 mean_abs_feat_delta = 0.237859\n"}
,{"stream_name":"stdout","time":2105.830987323,"data":"SECONDARY_EDGE_TTA_ACTIVE views = 8 weight = 0.75 mean_abs_feat_delta = 0.241752\n"}
,{"stream_name":"stdout","time":2105.919575769,"data":"EDGE_TTA_ACTIVE views = 8 mean_abs_feat_delta = 0.321154\n"}
,{"stream_name":"stdout","time":2106.926349588,"data":"SECONDARY_EDGE_TTA_ACTIVE views = 8 weight = 0.75 mean_abs_feat_delta = 0.240778\n"}
,{"stream_name":"stdout","time":2107.003893861,"data":"EDGE_TTA_ACTIVE views = 8 mean_abs_feat_delta = 0.28438\n"}
,{"stream_name":"stdout","time":2108.22172893,"data":"SECONDARY_EDGE_TTA_ACTIVE views = 8 weight = 0.75 mean_abs_feat_delta = 0.223141\n"}
,{"stream_name":"stdout","time":2108.221785505,"data":"EDGE_TTA_ACTIVE views = 8 mean_abs_feat_delta = 0.323674\n"}
,{"stream_name":"stdout","time":2109.095014413,"data":"SECONDARY_EDGE_TTA_ACTIVE views = 8 weight = 0.75 mean_abs_feat_delta = 0.237089\n"}
,{"stream_name":"stdout","time":2109.255252935,"data":"EDGE_TTA_ACTIVE views = 8 mean_abs_feat_delta = 0.289699\n"}
,{"stream_name":"stdout","time":2110.224384131,"data":"EDGE_TTA_ACTIVE views = 8 mean_abs_feat_delta = 0.323378\n"}
,{"stream_name":"stdout","time":2110.328900495,"data":"SECONDARY_EDGE_TTA_ACTIVE views = 8 weight = 0.75 mean_abs_feat_delta = 0.222445\n"}
,{"stream_name":"stdout","time":2111.225428555,"data":"SECONDARY_EDGE_TTA_ACTIVE views = 8 weight = 0.75 mean_abs_feat_delta = 0.235941\n"}
,{"stream_name":"stdout","time":2111.552207521,"data":"EDGE_TTA_ACTIVE views = 8 mean_abs_feat_delta = 0.289712\n"}
,{"stream_name":"stdout","time":2112.349913843,"data":"EDGE_TTA_ACTIVE views = 8 mean_abs_feat_delta = 0.321629\n"}
,{"stream_name":"stdout","time":2112.622664395,"data":"SECONDARY_EDGE_TTA_ACTIVE views = 8 weight = 0.75 mean_abs_feat_delta = 0.221178\n"}
,{"stream_name":"stdout","time":2113.356975484,"data":"SECONDARY_EDGE_TTA_ACTIVE views = 8 weight = 0.75 mean_abs_feat_delta = 0.235451\n"}
,{"stream_name":"stdout","time":2113.860557322,"data":"EDGE_TTA_ACTIVE views = 8 mean_abs_feat_delta = 0.28685\n"}
,{"stream_name":"stdout","time":2114.434677403,"data":"EDGE_TTA_ACTIVE views = 8 mean_abs_feat_delta = 0.318921\n"}
,{"stream_name":"stdout","time":2114.932528185,"data":"SECONDARY_EDGE_TTA_ACTIVE views = 8 weight = 0.75 mean_abs_feat_delta = 0.2276\n"}
,{"stream_name":"stdout","time":2115.4398751,"data":"SECONDARY_EDGE_TTA_ACTIVE views = 8 weight = 0.75 mean_abs_feat_delta = 0.232827\n"}
,{"stream_name":"stdout","time":2116.154206303,"data":"EDGE_TTA_ACTIVE views = 8 mean_abs_feat_delta = 0.276535\n"}
,{"stream_name":"stdout","time":2116.505131202,"data":"EDGE_TTA_ACTIVE views = 8 mean_abs_feat_delta = 0.320734\n"}
,{"stream_name":"stdout","time":2117.226004508,"data":"SECONDARY_EDGE_TTA_ACTIVE views = 8 weight = 0.75 mean_abs_feat_delta = 0.249655\n"}
,{"stream_name":"stdout","time":2117.514262662,"data":"SECONDARY_EDGE_TTA_ACTIVE views = 8 weight = 0.75 mean_abs_feat_delta = 0.235531\n"}
,{"stream_name":"stdout","time":2118.422518246,"data":"EDGE_TTA_ACTIVE views = 8 mean_abs_feat_delta = 0.287692\n"}
,{"stream_name":"stdout","time":2118.612785422,"data":"EDGE_TTA_ACTIVE views = 8 mean_abs_feat_delta = 0.323839\n"}
,{"stream_name":"stdout","time":2119.491442378,"data":"SECONDARY_EDGE_TTA_ACTIVE views = 8 weight = 0.75 mean_abs_feat_delta = 0.222273\n"}
,{"stream_name":"stdout","time":2119.621674554,"data":"SECONDARY_EDGE_TTA_ACTIVE views = 8 weight = 0.75 mean_abs_feat_delta = 0.232285\n"}
,{"stream_name":"stdout","time":2120.655312368,"data":"EDGE_TTA_ACTIVE views = 8 mean_abs_feat_delta = 0.280114\n"}
,{"stream_name":"stdout","time":2120.755806639,"data":"EDGE_TTA_ACTIVE views = 8 mean_abs_feat_delta = 0.322788\n"}
,{"stream_name":"stdout","time":2121.726475073,"data":"SECONDARY_EDGE_TTA_ACTIVE views = 8 weight = 0.75 mean_abs_feat_delta = 0.238191\n"}
,{"stream_name":"stdout","time":2121.765499917,"data":"SECONDARY_EDGE_TTA_ACTIVE views = 8 weight = 0.75 mean_abs_feat_delta = 0.230336\n"}
,{"stream_name":"stdout","time":2122.867703198,"data":"EDGE_TTA_ACTIVE views = 8 mean_abs_feat_delta = 0.32248\n"}
,{"stream_name":"stdout","time":2122.926588672,"data":"EDGE_TTA_ACTIVE views = 8 mean_abs_feat_delta = 0.287119\n"}
,{"stream_name":"stdout","time":2123.875660417,"data":"SECONDARY_EDGE_TTA_ACTIVE views = 8 weight = 0.75 mean_abs_feat_delta = 0.230028\n"}
,{"stream_name":"stdout","time":2123.997402339,"data":"SECONDARY_EDGE_TTA_ACTIVE views = 8 weight = 0.75 mean_abs_feat_delta = 0.222817\n"}
,{"stream_name":"stdout","time":2124.974733383,"data":"EDGE_TTA_ACTIVE views = 8 mean_abs_feat_delta = 0.319289\n"}
,{"stream_name":"stdout","time":2125.171080884,"data":"EDGE_TTA_ACTIVE views = 8 mean_abs_feat_delta = 0.282418\n"}
,{"stream_name":"stdout","time":2125.98443812,"data":"SECONDARY_EDGE_TTA_ACTIVE views = 8 weight = 0.75 mean_abs_feat_delta = 0.22852\n"}
,{"stream_name":"stdout","time":2126.242813064,"data":"SECONDARY_EDGE_TTA_ACTIVE views = 8 weight = 0.75 mean_abs_feat_delta = 0.228649\n"}
,{"stream_name":"stdout","time":2127.117665871,"data":"EDGE_TTA_ACTIVE views = 8 mean_abs_feat_delta = 0.321281\n"}
,{"stream_name":"stdout","time":2127.489812081,"data":"EDGE_TTA_ACTIVE views = 8 mean_abs_feat_delta = 0.275023\n"}
,{"stream_name":"stdout","time":2128.118673721,"data":"SECONDARY_EDGE_TTA_ACTIVE views = 8 weight = 0.75 mean_abs_feat_delta = 0.229654\n"}
,{"stream_name":"stdout","time":2128.562978627,"data":"SECONDARY_EDGE_TTA_ACTIVE views = 8 weight = 0.75 mean_abs_feat_delta = 0.244711\n"}
,{"stream_name":"stdout","time":2129.251528354,"data":"EDGE_TTA_ACTIVE views = 8 mean_abs_feat_delta = 0.320096\n"}
,{"stream_name":"stdout","time":2129.737565352,"data":"EDGE_TTA_ACTIVE views = 8 mean_abs_feat_delta = 0.279236\n"}
,{"stream_name":"stdout","time":2130.259743715,"data":"SECONDARY_EDGE_TTA_ACTIVE views = 8 weight = 0.75 mean_abs_feat_delta = 0.233875\n"}
,{"stream_name":"stdout","time":2130.813541464,"data":"SECONDARY_EDGE_TTA_ACTIVE views = 8 weight = 0.75 mean_abs_feat_delta = 0.224498\n"}
,{"stream_name":"stdout","time":2131.333676484,"data":"EDGE_TTA_ACTIVE views = 8 mean_abs_feat_delta = 0.322533\n"}
,{"stream_name":"stdout","time":2131.982664547,"data":"EDGE_TTA_ACTIVE views = 8 mean_abs_feat_delta = 0.280951\n"}
,{"stream_name":"stdout","time":2132.336536798,"data":"SECONDARY_EDGE_TTA_ACTIVE views = 8 weight = 0.75 mean_abs_feat_delta = 0.236398\n"}
,{"stream_name":"stdout","time":2133.057574242,"data":"SECONDARY_EDGE_TTA_ACTIVE views = 8 weight = 0.75 mean_abs_feat_delta = 0.222975\n"}
,{"stream_name":"stdout","time":2133.491056843,"data":"EDGE_TTA_ACTIVE views = 8 mean_abs_feat_delta = 0.324871\n"}
,{"stream_name":"stdout","time":2134.263049166,"data":"EDGE_TTA_ACTIVE views = 8 mean_abs_feat_delta = 0.282683\n"}
,{"stream_name":"stdout","time":2134.501466004,"data":"SECONDARY_EDGE_TTA_ACTIVE views = 8 weight = 0.75 mean_abs_feat_delta = 0.231312\n"}
,{"stream_name":"stdout","time":2135.333461695,"data":"SECONDARY_EDGE_TTA_ACTIVE views = 8 weight = 0.75 mean_abs_feat_delta = 0.216934\n"}
,{"stream_name":"stdout","time":2135.601058909,"data":"EDGE_TTA_ACTIVE views = 8 mean_abs_feat_delta = 0.322556\n"}
,{"stream_name":"stdout","time":2136.524095372,"data":"EDGE_TTA_ACTIVE views = 8 mean_abs_feat_delta = 0.279078\n"}
,{"stream_name":"stdout","time":2136.610649723,"data":"SECONDARY_EDGE_TTA_ACTIVE views = 8 weight = 0.75 mean_abs_feat_delta = 0.231049\n"}
,{"stream_name":"stdout","time":2137.596881874,"data":"SECONDARY_EDGE_TTA_ACTIVE views = 8 weight = 0.75 mean_abs_feat_delta = 0.233215\n"}
,{"stream_name":"stdout","time":2137.674403707,"data":"EDGE_TTA_ACTIVE views = 8 mean_abs_feat_delta = 0.320114\n"}
,{"stream_name":"stdout","time":2138.816685951,"data":"SECONDARY_EDGE_TTA_ACTIVE views = 8 weight = 0.75 mean_abs_feat_delta = 0.231387\n"}
,{"stream_name":"stdout","time":2138.816882146,"data":"EDGE_TTA_ACTIVE views = 8 mean_abs_feat_delta = 0.283394\n"}
,{"stream_name":"stdout","time":2139.780680544,"data":"EDGE_TTA_ACTIVE views = 8 mean_abs_feat_delta = 0.318514\n"}
,{"stream_name":"stdout","time":2139.84486938,"data":"SECONDARY_EDGE_TTA_ACTIVE views = 8 weight = 0.75 mean_abs_feat_delta = 0.22335\n"}
,{"stream_name":"stdout","time":2140.789117915,"data":"SECONDARY_EDGE_TTA_ACTIVE views = 8 weight = 0.75 mean_abs_feat_delta = 0.228925\n"}
,{"stream_name":"stdout","time":2141.01471594,"data":"EDGE_TTA_ACTIVE views = 8 mean_abs_feat_delta = 0.281801\n"}
,{"stream_name":"stdout","time":2141.862573292,"data":"EDGE_TTA_ACTIVE views = 8 mean_abs_feat_delta = 0.322403\n"}
,{"stream_name":"stdout","time":2142.090235912,"data":"SECONDARY_EDGE_TTA_ACTIVE views = 8 weight = 0.75 mean_abs_feat_delta = 0.223991\n"}
,{"stream_name":"stdout","time":2142.869426198,"data":"SECONDARY_EDGE_TTA_ACTIVE views = 8 weight = 0.75 mean_abs_feat_delta = 0.233001\n"}
,{"stream_name":"stdout","time":2143.323100794,"data":"EDGE_TTA_ACTIVE views = 8 mean_abs_feat_delta = 0.283172\n"}
,{"stream_name":"stdout","time":2143.9615515,"data":"EDGE_TTA_ACTIVE views = 8 mean_abs_feat_delta = 0.320312\n"}
,{"stream_name":"stdout","time":2144.395472987,"data":"SECONDARY_EDGE_TTA_ACTIVE views = 8 weight = 0.75 mean_abs_feat_delta = 0.226702\n"}
,{"stream_name":"stdout","time":2144.969831886,"data":"SECONDARY_EDGE_TTA_ACTIVE views = 8 weight = 0.75 mean_abs_feat_delta = 0.231556\n"}
,{"stream_name":"stdout","time":2145.648678351,"data":"EDGE_TTA_ACTIVE views = 8 mean_abs_feat_delta = 0.281577\n"}
,{"stream_name":"stdout","time":2146.042702592,"data":"EDGE_TTA_ACTIVE views = 8 mean_abs_feat_delta = 0.324015\n"}
,{"stream_name":"stdout","time":2146.722588727,"data":"SECONDARY_EDGE_TTA_ACTIVE views = 8 weight = 0.75 mean_abs_feat_delta = 0.212977\n"}
,{"stream_name":"stdout","time":2147.05326064,"data":"SECONDARY_EDGE_TTA_ACTIVE views = 8 weight = 0.75 mean_abs_feat_delta = 0.231264\n"}
,{"stream_name":"stdout","time":2147.889328124,"data":"EDGE_TTA_ACTIVE views = 8 mean_abs_feat_delta = 0.286587\n"}
,{"stream_name":"stdout","time":2148.145980617,"data":"EDGE_TTA_ACTIVE views = 8 mean_abs_feat_delta = 0.326506\n"}
,{"stream_name":"stdout","time":2148.965409635,"data":"SECONDARY_EDGE_TTA_ACTIVE views = 8 weight = 0.75 mean_abs_feat_delta = 0.21183\n"}
,{"stream_name":"stdout","time":2149.153912072,"data":"SECONDARY_EDGE_TTA_ACTIVE views = 8 weight = 0.75 mean_abs_feat_delta = 0.229436\n"}
,{"stream_name":"stdout","time":2150.18905894,"data":"EDGE_TTA_ACTIVE views = 8 mean_abs_feat_delta = 0.290972\n"}
,{"stream_name":"stdout","time":2150.311906543,"data":"EDGE_TTA_ACTIVE views = 8 mean_abs_feat_delta = 0.326088\n"}
,{"stream_name":"stdout","time":2151.263218935,"data":"SECONDARY_EDGE_TTA_ACTIVE views = 8 weight = 0.75 mean_abs_feat_delta = 0.224569\n"}
,{"stream_name":"stdout","time":2151.322789954,"data":"SECONDARY_EDGE_TTA_ACTIVE views = 8 weight = 0.75 mean_abs_feat_delta = 0.229138\n"}
,{"stream_name":"stdout","time":2152.392516167,"data":"EDGE_TTA_ACTIVE views = 8 mean_abs_feat_delta = 0.325667\n"}
,{"stream_name":"stdout","time":2152.434914436,"data":"EDGE_TTA_ACTIVE views = 8 mean_abs_feat_delta = 0.288332\n"}
,{"stream_name":"stdout","time":2153.400826577,"data":"SECONDARY_EDGE_TTA_ACTIVE views = 8 weight = 0.75 mean_abs_feat_delta = 0.22983\n"}
,{"stream_name":"stdout","time":2153.51081569,"data":"SECONDARY_EDGE_TTA_ACTIVE views = 8 weight = 0.75 mean_abs_feat_delta = 0.225751\n"}
,{"stream_name":"stdout","time":2154.501311752,"data":"EDGE_TTA_ACTIVE views = 8 mean_abs_feat_delta = 0.328685\n"}
,{"stream_name":"stdout","time":2154.768604266,"data":"EDGE_TTA_ACTIVE views = 8 mean_abs_feat_delta = 0.29016\n"}
,{"stream_name":"stdout","time":2155.505205602,"data":"SECONDARY_EDGE_TTA_ACTIVE views = 8 weight = 0.75 mean_abs_feat_delta = 0.230204\n"}
,{"stream_name":"stdout","time":2155.844064105,"data":"SECONDARY_EDGE_TTA_ACTIVE views = 8 weight = 0.75 mean_abs_feat_delta = 0.228961\n"}
,{"stream_name":"stdout","time":2156.637211015,"data":"EDGE_TTA_ACTIVE views = 8 mean_abs_feat_delta = 0.327838\n"}
,{"stream_name":"stdout","time":2157.112977337,"data":"EDGE_TTA_ACTIVE views = 8 mean_abs_feat_delta = 0.292393\n"}
,{"stream_name":"stdout","time":2157.643193319,"data":"SECONDARY_EDGE_TTA_ACTIVE views = 8 weight = 0.75 mean_abs_feat_delta = 0.230942\n"}
,{"stream_name":"stdout","time":2158.191333967,"data":"SECONDARY_EDGE_TTA_ACTIVE views = 8 weight = 0.75 mean_abs_feat_delta = 0.223144\n"}
,{"stream_name":"stdout","time":2158.774405226,"data":"EDGE_TTA_ACTIVE views = 8 mean_abs_feat_delta = 0.330718\n"}
,{"stream_name":"stdout","time":2159.463620454,"data":"EDGE_TTA_ACTIVE views = 8 mean_abs_feat_delta = 0.284525\n"}
,{"stream_name":"stdout","time":2159.782131212,"data":"SECONDARY_EDGE_TTA_ACTIVE views = 8 weight = 0.75 mean_abs_feat_delta = 0.226047\n"}
,{"stream_name":"stdout","time":2160.543644972,"data":"SECONDARY_EDGE_TTA_ACTIVE views = 8 weight = 0.75 mean_abs_feat_delta = 0.24042\n"}
,{"stream_name":"stdout","time":2168.168416716,"data":"Saved 4 predictions to /kaggle/working/tracking_repo/predictions/unknown/unet_transformer_val_gpu0/split_0\n"}
,{"stream_name":"stdout","time":2189.290209034,"data":"Saved 4 predictions to /kaggle/working/tracking_repo/predictions/unknown/unet_transformer_val_gpu1/split_0\n"}
,{"stream_name":"stdout","time":2191.273190523,"data":"VALIDATOR prediction minutes: 16.25\n"}
,{"stream_name":"stdout","time":2195.876502772,"data":"[44b6_12dfb391] after edge-filter+motion-relink: 45351 nodes, 42870 edges\n"}
,{"stream_name":"stdout","time":2208.924031511,"data":"[44b6_12dfb391] after gap-closing (single-frame + gap2): 46068 nodes, 44229 edges\n"}
,{"stream_name":"stdout","time":2235.613727417,"data":"[44b6_12dfb391] after safe-division repair: 46068 nodes, 44261 edges (geometric_candidates = 175, deepcenter_rejected = 143, post_veto_candidates = 32, added = 32, cap_skipped = 0, mutual_nn_rejected = 67, divergence_rejected = 1699)\n"}
,{"stream_name":"stdout","time":2235.613763874,"data":"[44b6_12dfb391] after division-geometry-filter+prune-isolated: 46068 nodes, 44261 edges\n"}
,{"stream_name":"stdout","time":2235.613770538,"data":"[44b6_12dfb391] after short-track filtering: 44814 nodes, 43289 edges (components_removed = 282)\n"}
,{"stream_name":"stdout","time":2244.067349298,"data":"[44b6_12dfb391] FINAL: 44814 nodes, 43289 edges\n"}
,{"stream_name":"stdout","time":2244.401767466,"data":"[44b6_267148e4] after edge-filter+motion-relink: 22829 nodes, 21426 edges\n"}
,{"stream_name":"stdout","time":2258.671439683,"data":"[44b6_267148e4] after gap-closing (single-frame + gap2): 23106 nodes, 21927 edges\n"}
,{"stream_name":"stdout","time":2284.454318624,"data":"[44b6_267148e4] after safe-division repair: 23106 nodes, 21957 edges (geometric_candidates = 224, deepcenter_rejected = 185, post_veto_candidates = 39, added = 30, cap_skipped = 0, mutual_nn_rejected = 127, divergence_rejected = 1038)\n"}
,{"stream_name":"stdout","time":2284.454356205,"data":"[44b6_267148e4] after division-geometry-filter+prune-isolated: 23105 nodes, 21957 edges\n"}
,{"stream_name":"stdout","time":2284.454363565,"data":"[44b6_267148e4] after short-track filtering: 22305 nodes, 21335 edges (components_removed = 178)\n"}
,{"stream_name":"stdout","time":2288.558144398,"data":"[44b6_267148e4] FINAL: 22305 nodes, 21335 edges\n"}
,{"stream_name":"stdout","time":2288.934268246,"data":"[44b6_2a2eff9f] after edge-filter+motion-relink: 40928 nodes, 38160 edges\n"}
,{"stream_name":"stdout","time":2304.50210071,"data":"[44b6_2a2eff9f] after gap-closing (single-frame + gap2): 41547 nodes, 39318 edges\n"}
,{"stream_name":"stdout","time":2335.579030434,"data":"[44b6_2a2eff9f] after safe-division repair: 41547 nodes, 39362 edges (geometric_candidates = 345, deepcenter_rejected = 301, post_veto_candidates = 44, added = 44, cap_skipped = 0, mutual_nn_rejected = 84, divergence_rejected = 1869)\n"}
,{"stream_name":"stdout","time":2335.579067293,"data":"[44b6_2a2eff9f] after division-geometry-filter+prune-isolated: 41547 nodes, 39362 edges\n"}
,{"stream_name":"stdout","time":2335.579073648,"data":"[44b6_2a2eff9f] after short-track filtering: 39951 nodes, 38122 edges (components_removed = 356)\n"}
,{"stream_name":"stdout","time":2343.098469242,"data":"[44b6_2a2eff9f] FINAL: 39951 nodes, 38122 edges\n"}
,{"stream_name":"stdout","time":2343.299068101,"data":"[44b6_341df25f] after edge-filter+motion-relink: 8523 nodes, 8186 edges\n"}
,{"stream_name":"stdout","time":2345.420309827,"data":"[44b6_341df25f] after gap-closing (single-frame + gap2): 8576 nodes, 8277 edges\n"}
,{"stream_name":"stdout","time":2356.290868265,"data":"[44b6_341df25f] after safe-division repair: 8576 nodes, 8289 edges (geometric_candidates = 41, deepcenter_rejected = 27, post_veto_candidates = 14, added = 12, cap_skipped = 0, mutual_nn_rejected = 4, divergence_rejected = 155)\n"}
,{"stream_name":"stdout","time":2356.290920729,"data":"[44b6_341df25f] after division-geometry-filter+prune-isolated: 8576 nodes, 8289 edges\n"}
,{"stream_name":"stdout","time":2356.290929994,"data":"[44b6_341df25f] after short-track filtering: 8382 nodes, 8138 edges (components_removed = 43)\n"}
,{"stream_name":"stdout","time":2358.015386853,"data":"[44b6_341df25f] FINAL: 8382 nodes, 8138 edges\n"}
,{"stream_name":"stdout","time":2358.015427747,"data":"[6bba_062c8d37] after edge-filter+motion-relink: 5997 nodes, 5657 edges\n"}
,{"stream_name":"stdout","time":2359.191260946,"data":"[6bba_062c8d37] after gap-closing (single-frame + gap2): 6050 nodes, 5755 edges\n"}
,{"stream_name":"stdout","time":2363.894460703,"data":"[6bba_062c8d37] after safe-division repair: 6050 nodes, 5761 edges (geometric_candidates = 19, deepcenter_rejected = 12, post_veto_candidates = 7, added = 6, cap_skipped = 0, mutual_nn_rejected = 2, divergence_rejected = 53)\n"}
,{"stream_name":"stdout","time":2363.894505266,"data":"[6bba_062c8d37] after division-geometry-filter+prune-isolated: 6029 nodes, 5761 edges\n"}
,{"stream_name":"stdout","time":2363.894513069,"data":"[6bba_062c8d37] after short-track filtering: 5901 nodes, 5663 edges (components_removed = 30)\n"}
,{"stream_name":"stdout","time":2365.003866874,"data":"[6bba_062c8d37] FINAL: 5901 nodes, 5663 edges\n"}
,{"stream_name":"stdout","time":2365.25067964,"data":"[6bba_07e24132] after edge-filter+motion-relink: 29751 nodes, 27967 edges\n"}
,{"stream_name":"stdout","time":2380.492682805,"data":"[6bba_07e24132] after gap-closing (single-frame + gap2): 30150 nodes, 28702 edges\n"}
,{"stream_name":"stdout","time":2400.247675708,"data":"[6bba_07e24132] after safe-division repair: 30150 nodes, 28712 edges (geometric_candidates = 130, deepcenter_rejected = 120, post_veto_candidates = 10, added = 10, cap_skipped = 0, mutual_nn_rejected = 98, divergence_rejected = 1196)\n"}
,{"stream_name":"stdout","time":2400.247725534,"data":"[6bba_07e24132] after division-geometry-filter+prune-isolated: 30150 nodes, 28712 edges\n"}
,{"stream_name":"stdout","time":2400.247732588,"data":"[6bba_07e24132] after short-track filtering: 29061 nodes, 27866 edges (components_removed = 243)\n"}
,{"stream_name":"stdout","time":2405.783410813,"data":"[6bba_07e24132] FINAL: 29061 nodes, 27866 edges\n"}
,{"stream_name":"stdout","time":2406.085968509,"data":"[6bba_085bf656] after edge-filter+motion-relink: 8417 nodes, 8082 edges\n"}
,{"stream_name":"stdout","time":2407.036709924,"data":"[6bba_085bf656] after gap-closing (single-frame + gap2): 8437 nodes, 8119 edges\n"}
,{"stream_name":"stdout","time":2413.137137901,"data":"[6bba_085bf656] after safe-division repair: 8437 nodes, 8123 edges (geometric_candidates = 22, deepcenter_rejected = 18, post_veto_candidates = 4, added = 4, cap_skipped = 0, mutual_nn_rejected = 4, divergence_rejected = 106)\n"}
,{"stream_name":"stdout","time":2413.137182027,"data":"[6bba_085bf656] after division-geometry-filter+prune-isolated: 8434 nodes, 8123 edges\n"}
,{"stream_name":"stdout","time":2413.137189753,"data":"[6bba_085bf656] after short-track filtering: 8271 nodes, 7995 edges (components_removed = 35)\n"}
,{"stream_name":"stdout","time":2414.594347278,"data":"[6bba_085bf656] FINAL: 8271 nodes, 7995 edges\n"}
,{"stream_name":"stdout","time":2414.83145112,"data":"[6bba_09961292] after edge-filter+motion-relink: 29955 nodes, 28653 edges\n"}
,{"stream_name":"stdout","time":2425.098188344,"data":"[6bba_09961292] after gap-closing (single-frame + gap2): 30229 nodes, 29156 edges\n"}
,{"stream_name":"stdout","time":2441.009781144,"data":"[6bba_09961292] after safe-division repair: 30229 nodes, 29186 edges (geometric_candidates = 125, deepcenter_rejected = 89, post_veto_candidates = 36, added = 30, cap_skipped = 0, mutual_nn_rejected = 95, divergence_rejected = 1112)\n"}
,{"stream_name":"stdout","time":2441.009827885,"data":"[6bba_09961292] after division-geometry-filter+prune-isolated: 30229 nodes, 29186 edges\n"}
,{"stream_name":"stdout","time":2441.009833771,"data":"[6bba_09961292] after short-track filtering: 29659 nodes, 28746 edges (components_removed = 130)\n"}
,{"stream_name":"stdout","time":2446.721323301,"data":"[6bba_09961292] FINAL: 29659 nodes, 28746 edges\n"}
,{"stream_name":"stdout","time":2446.721361341,"data":"VALIDATOR base proxy: 0.971506\n"}
,{"stream_name":"stdout","time":2446.721368867,"data":"VALIDATOR base adjusted edge: 0.940737\n"}
,{"stream_name":"stdout","time":2447.146936504,"data":"[44b6_12dfb391] after edge-filter+motion-relink: 45351 nodes, 42870 edges\n"}
,{"stream_name":"stdout","time":2456.423981567,"data":"[44b6_12dfb391] after gap-closing (single-frame + gap2): 46059 nodes, 44211 edges\n"}
,{"stream_name":"stdout","time":2483.046936885,"data":"[44b6_12dfb391] after safe-division repair: 46059 nodes, 44243 edges (geometric_candidates = 176, deepcenter_rejected = 144, post_veto_candidates = 32, added = 32, cap_skipped = 0, mutual_nn_rejected = 68, divergence_rejected = 1712)\n"}
,{"stream_name":"stdout","time":2483.046970895,"data":"[44b6_12dfb391] after division-geometry-filter+prune-isolated: 46059 nodes, 44243 edges\n"}
,{"stream_name":"stdout","time":2483.0469763,"data":"[44b6_12dfb391] after short-track filtering: 44791 nodes, 43260 edges (components_removed = 285)\n"}
,{"stream_name":"stdout","time":2491.37671701,"data":"[44b6_12dfb391] FINAL: 44791 nodes, 43260 edges\n"}
,{"stream_name":"stdout","time":2491.689314978,"data":"[44b6_267148e4] after edge-filter+motion-relink: 22829 nodes, 21426 edges\n"}
,{"stream_name":"stdout","time":2499.257467932,"data":"[44b6_267148e4] after gap-closing (single-frame + gap2): 23097 nodes, 21909 edges\n"}
,{"stream_name":"stdout","time":2525.16610191,"data":"[44b6_267148e4] after safe-division repair: 23097 nodes, 21939 edges (geometric_candidates = 223, deepcenter_rejected = 185, post_veto_candidates = 38, added = 30, cap_skipped = 0, mutual_nn_rejected = 129, divergence_rejected = 1049)\n"}
,{"stream_name":"stdout","time":2525.166136304,"data":"[44b6_267148e4] after division-geometry-filter+prune-isolated: 23096 nodes, 21939 edges\n"}
,{"stream_name":"stdout","time":2525.166142427,"data":"[44b6_267148e4] after short-track filtering: 22283 nodes, 21307 edges (components_removed = 181)\n"}
,{"stream_name":"stdout","time":2529.298422548,"data":"[44b6_267148e4] FINAL: 22283 nodes, 21307 edges\n"}
,{"stream_name":"stdout","time":2529.692339871,"data":"[44b6_2a2eff9f] after edge-filter+motion-relink: 40928 nodes, 38160 edges\n"}
,{"stream_name":"stdout","time":2540.036256734,"data":"[44b6_2a2eff9f] after gap-closing (single-frame + gap2): 41534 nodes, 39292 edges\n"}
,{"stream_name":"stdout","time":2570.950271188,"data":"[44b6_2a2eff9f] after safe-division repair: 41534 nodes, 39337 edges (geometric_candidates = 348, deepcenter_rejected = 303, post_veto_candidates = 45, added = 45, cap_skipped = 0, mutual_nn_rejected = 84, divergence_rejected = 1887)\n"}
,{"stream_name":"stdout","time":2570.950310517,"data":"[44b6_2a2eff9f] after division-geometry-filter+prune-isolated: 41534 nodes, 39337 edges\n"}
,{"stream_name":"stdout","time":2570.950317966,"data":"[44b6_2a2eff9f] after short-track filtering: 39909 nodes, 38075 edges (components_removed = 363)\n"}
,{"stream_name":"stdout","time":2578.562959242,"data":"[44b6_2a2eff9f] FINAL: 39909 nodes, 38075 edges\n"}
,{"stream_name":"stdout","time":2578.853994908,"data":"[44b6_341df25f] after edge-filter+motion-relink: 8523 nodes, 8186 edges\n"}
,{"stream_name":"stdout","time":2579.952873265,"data":"[44b6_341df25f] after gap-closing (single-frame + gap2): 8575 nodes, 8275 edges\n"}
,{"stream_name":"stdout","time":2591.223843925,"data":"[44b6_341df25f] after safe-division repair: 8575 nodes, 8287 edges (geometric_candidates = 41, deepcenter_rejected = 27, post_veto_candidates = 14, added = 12, cap_skipped = 0, mutual_nn_rejected = 4, divergence_rejected = 156)\n"}
,{"stream_name":"stdout","time":2591.223906175,"data":"[44b6_341df25f] after division-geometry-filter+prune-isolated: 8575 nodes, 8287 edges\n"}
,{"stream_name":"stdout","time":2591.223913942,"data":"[44b6_341df25f] after short-track filtering: 8378 nodes, 8134 edges (components_removed = 44)\n"}
,{"stream_name":"stdout","time":2592.832234863,"data":"[44b6_341df25f] FINAL: 8378 nodes, 8134 edges\n"}
,{"stream_name":"stdout","time":2592.832273789,"data":"[6bba_062c8d37] after edge-filter+motion-relink: 5997 nodes, 5657 edges\n"}
,{"stream_name":"stdout","time":2594.001310107,"data":"[6bba_062c8d37] after gap-closing (single-frame + gap2): 6050 nodes, 5755 edges\n"}
,{"stream_name":"stdout","time":2598.688324192,"data":"[6bba_062c8d37] after safe-division repair: 6050 nodes, 5761 edges (geometric_candidates = 19, deepcenter_rejected = 12, post_veto_candidates = 7, added = 6, cap_skipped = 0, mutual_nn_rejected = 2, divergence_rejected = 53)\n"}
,{"stream_name":"stdout","time":2598.688367745,"data":"[6bba_062c8d37] after division-geometry-filter+prune-isolated: 6029 nodes, 5761 edges\n"}
,{"stream_name":"stdout","time":2598.688379213,"data":"[6bba_062c8d37] after short-track filtering: 5901 nodes, 5663 edges (components_removed = 30)\n"}
,{"stream_name":"stdout","time":2599.797054667,"data":"[6bba_062c8d37] FINAL: 5901 nodes, 5663 edges\n"}
,{"stream_name":"stdout","time":2600.051304676,"data":"[6bba_07e24132] after edge-filter+motion-relink: 29751 nodes, 27967 edges\n"}
,{"stream_name":"stdout","time":2609.401519361,"data":"[6bba_07e24132] after gap-closing (single-frame + gap2): 30151 nodes, 28704 edges\n"}
,{"stream_name":"stdout","time":2629.524871457,"data":"[6bba_07e24132] after safe-division repair: 30151 nodes, 28715 edges (geometric_candidates = 131, deepcenter_rejected = 119, post_veto_candidates = 12, added = 11, cap_skipped = 0, mutual_nn_rejected = 96, divergence_rejected = 1195)\n"}
,{"stream_name":"stdout","time":2629.524919037,"data":"[6bba_07e24132] after division-geometry-filter+prune-isolated: 30151 nodes, 28715 edges\n"}
,{"stream_name":"stdout","time":2629.524924921,"data":"[6bba_07e24132] after short-track filtering: 29062 nodes, 27869 edges (components_removed = 243)\n"}
,{"stream_name":"stdout","time":2635.007172472,"data":"[6bba_07e24132] FINAL: 29062 nodes, 27869 edges\n"}
,{"stream_name":"stdout","time":2635.007236697,"data":"[6bba_085bf656] after edge-filter+motion-relink: 8417 nodes, 8082 edges\n"}
,{"stream_name":"stdout","time":2635.856159368,"data":"[6bba_085bf656] after gap-closing (single-frame + gap2): 8437 nodes, 8119 edges\n"}
,{"stream_name":"stdout","time":2642.105335704,"data":"[6bba_085bf656] after safe-division repair: 8437 nodes, 8123 edges (geometric_candidates = 22, deepcenter_rejected = 18, post_veto_candidates = 4, added = 4, cap_skipped = 0, mutual_nn_rejected = 4, divergence_rejected = 106)\n"}
,{"stream_name":"stdout","time":2642.105372499,"data":"[6bba_085bf656] after division-geometry-filter+prune-isolated: 8434 nodes, 8123 edges\n"}
,{"stream_name":"stdout","time":2642.105389621,"data":"[6bba_085bf656] after short-track filtering: 8271 nodes, 7995 edges (components_removed = 35)\n"}
,{"stream_name":"stdout","time":2643.59380468,"data":"[6bba_085bf656] FINAL: 8271 nodes, 7995 edges\n"}
,{"stream_name":"stdout","time":2643.826894531,"data":"[6bba_09961292] after edge-filter+motion-relink: 29955 nodes, 28653 edges\n"}
,{"stream_name":"stdout","time":2648.548132239,"data":"[6bba_09961292] after gap-closing (single-frame + gap2): 30225 nodes, 29147 edges\n"}
,{"stream_name":"stdout","time":2664.235588277,"data":"[6bba_09961292] after safe-division repair: 30225 nodes, 29177 edges (geometric_candidates = 127, deepcenter_rejected = 90, post_veto_candidates = 37, added = 30, cap_skipped = 0, mutual_nn_rejected = 96, divergence_rejected = 1121)\n"}
,{"stream_name":"stdout","time":2664.235637471,"data":"[6bba_09961292] after division-geometry-filter+prune-isolated: 30225 nodes, 29177 edges\n"}
,{"stream_name":"stdout","time":2664.235645398,"data":"[6bba_09961292] after short-track filtering: 29655 nodes, 28737 edges (components_removed = 130)\n"}
,{"stream_name":"stdout","time":2669.861704301,"data":"[6bba_09961292] FINAL: 29655 nodes, 28737 edges\n"}
,{"stream_name":"stdout","time":2669.861770393,"data":"VALIDATOR candidate: gap45 proxy = 0.971517 adjusted edge = 0.940747\n"}
,{"stream_name":"stdout","time":2670.355744236,"data":"[44b6_12dfb391] after edge-filter+motion-relink: 45351 nodes, 42870 edges\n"}
,{"stream_name":"stdout","time":2684.273417756,"data":"[44b6_12dfb391] after gap-closing (single-frame + gap2): 46068 nodes, 44229 edges\n"}
,{"stream_name":"stdout","time":2710.501145991,"data":"[44b6_12dfb391] after safe-division repair: 46068 nodes, 44261 edges (geometric_candidates = 175, deepcenter_rejected = 143, post_veto_candidates = 32, added = 32, cap_skipped = 0, mutual_nn_rejected = 67, divergence_rejected = 1699)\n"}
,{"stream_name":"stdout","time":2710.501193768,"data":"[44b6_12dfb391] after division-geometry-filter+prune-isolated: 46068 nodes, 44261 edges\n"}
,{"stream_name":"stdout","time":2710.501199886,"data":"[44b6_12dfb391] after short-track filtering: 44814 nodes, 43289 edges (components_removed = 282)\n"}
,{"stream_name":"stdout","time":2719.040421545,"data":"[44b6_12dfb391] FINAL: 44814 nodes, 43289 edges\n"}
,{"stream_name":"stdout","time":2719.380089025,"data":"[44b6_267148e4] after edge-filter+motion-relink: 22829 nodes, 21426 edges\n"}
,{"stream_name":"stdout","time":2733.252446226,"data":"[44b6_267148e4] after gap-closing (single-frame + gap2): 23106 nodes, 21927 edges\n"}
,{"stream_name":"stdout","time":2758.785833801,"data":"[44b6_267148e4] after safe-division repair: 23106 nodes, 21957 edges (geometric_candidates = 224, deepcenter_rejected = 185, post_veto_candidates = 39, added = 30, cap_skipped = 0, mutual_nn_rejected = 127, divergence_rejected = 1038)\n"}
,{"stream_name":"stdout","time":2758.785868402,"data":"[44b6_267148e4] after division-geometry-filter+prune-isolated: 23105 nodes, 21957 edges\n"}
,{"stream_name":"stdout","time":2758.785880391,"data":"[44b6_267148e4] after short-track filtering: 22305 nodes, 21335 edges (components_removed = 178)\n"}
,{"stream_name":"stdout","time":2762.932451011,"data":"[44b6_267148e4] FINAL: 22305 nodes, 21335 edges\n"}
,{"stream_name":"stdout","time":2763.317191191,"data":"[44b6_2a2eff9f] after edge-filter+motion-relink: 40928 nodes, 38160 edges\n"}
,{"stream_name":"stdout","time":2779.222860888,"data":"[44b6_2a2eff9f] after gap-closing (single-frame + gap2): 41547 nodes, 39318 edges\n"}
,{"stream_name":"stdout","time":2810.368118882,"data":"[44b6_2a2eff9f] after safe-division repair: 41547 nodes, 39362 edges (geometric_candidates = 345, deepcenter_rejected = 301, post_veto_candidates = 44, added = 44, cap_skipped = 0, mutual_nn_rejected = 84, divergence_rejected = 1869)\n"}
,{"stream_name":"stdout","time":2810.368153686,"data":"[44b6_2a2eff9f] after division-geometry-filter+prune-isolated: 41547 nodes, 39362 edges\n"}
,{"stream_name":"stdout","time":2810.368171452,"data":"[44b6_2a2eff9f] after short-track filtering: 39951 nodes, 38122 edges (components_removed = 356)\n"}
,{"stream_name":"stdout","time":2817.802784813,"data":"[44b6_2a2eff9f] FINAL: 39951 nodes, 38122 edges\n"}
,{"stream_name":"stdout","time":2817.802827841,"data":"[44b6_341df25f] after edge-filter+motion-relink: 8523 nodes, 8186 edges\n"}
,{"stream_name":"stdout","time":2820.0793594,"data":"[44b6_341df25f] after gap-closing (single-frame + gap2): 8576 nodes, 8277 edges\n"}
,{"stream_name":"stdout","time":2830.907953256,"data":"[44b6_341df25f] after safe-division repair: 8576 nodes, 8289 edges (geometric_candidates = 41, deepcenter_rejected = 27, post_veto_candidates = 14, added = 12, cap_skipped = 0, mutual_nn_rejected = 4, divergence_rejected = 155)\n"}
,{"stream_name":"stdout","time":2830.908000821,"data":"[44b6_341df25f] after division-geometry-filter+prune-isolated: 8576 nodes, 8289 edges\n"}
,{"stream_name":"stdout","time":2830.90801687,"data":"[44b6_341df25f] after short-track filtering: 8382 nodes, 8138 edges (components_removed = 43)\n"}
,{"stream_name":"stdout","time":2832.473055094,"data":"[44b6_341df25f] FINAL: 8382 nodes, 8138 edges\n"}
,{"stream_name":"stdout","time":2832.47309372,"data":"[6bba_062c8d37] after edge-filter+motion-relink: 5997 nodes, 5657 edges\n"}
,{"stream_name":"stdout","time":2833.608541069,"data":"[6bba_062c8d37] after gap-closing (single-frame + gap2): 6050 nodes, 5755 edges\n"}
,{"stream_name":"stdout","time":2838.298312515,"data":"[6bba_062c8d37] after safe-division repair: 6050 nodes, 5761 edges (geometric_candidates = 19, deepcenter_rejected = 12, post_veto_candidates = 7, added = 6, cap_skipped = 0, mutual_nn_rejected = 2, divergence_rejected = 53)\n"}
,{"stream_name":"stdout","time":2838.298360667,"data":"[6bba_062c8d37] after division-geometry-filter+prune-isolated: 6029 nodes, 5761 edges\n"}
,{"stream_name":"stdout","time":2838.298365871,"data":"[6bba_062c8d37] after short-track filtering: 5901 nodes, 5663 edges (components_removed = 30)\n"}
,{"stream_name":"stdout","time":2839.388690327,"data":"[6bba_062c8d37] FINAL: 5901 nodes, 5663 edges\n"}
,{"stream_name":"stdout","time":2839.604431638,"data":"[6bba_07e24132] after edge-filter+motion-relink: 29751 nodes, 27967 edges\n"}
,{"stream_name":"stdout","time":2854.85348981,"data":"[6bba_07e24132] after gap-closing (single-frame + gap2): 30150 nodes, 28702 edges\n"}
,{"stream_name":"stdout","time":2874.841641973,"data":"[6bba_07e24132] after safe-division repair: 30150 nodes, 28712 edges (geometric_candidates = 130, deepcenter_rejected = 120, post_veto_candidates = 10, added = 10, cap_skipped = 0, mutual_nn_rejected = 98, divergence_rejected = 1196)\n"}
,{"stream_name":"stdout","time":2874.841702386,"data":"[6bba_07e24132] after division-geometry-filter+prune-isolated: 30150 nodes, 28712 edges\n"}
,{"stream_name":"stdout","time":2874.841707513,"data":"[6bba_07e24132] after short-track filtering: 29061 nodes, 27866 edges (components_removed = 243)\n"}
,{"stream_name":"stdout","time":2880.175178759,"data":"[6bba_07e24132] FINAL: 29061 nodes, 27866 edges\n"}
,{"stream_name":"stdout","time":2880.175309561,"data":"[6bba_085bf656] after edge-filter+motion-relink: 8417 nodes, 8082 edges\n"}
,{"stream_name":"stdout","time":2881.316791216,"data":"[6bba_085bf656] after gap-closing (single-frame + gap2): 8437 nodes, 8119 edges\n"}
,{"stream_name":"stdout","time":2887.39924829,"data":"[6bba_085bf656] after safe-division repair: 8437 nodes, 8123 edges (geometric_candidates = 22, deepcenter_rejected = 18, post_veto_candidates = 4, added = 4, cap_skipped = 0, mutual_nn_rejected = 4, divergence_rejected = 106)\n"}
,{"stream_name":"stdout","time":2887.399281607,"data":"[6bba_085bf656] after division-geometry-filter+prune-isolated: 8434 nodes, 8123 edges\n"}
,{"stream_name":"stdout","time":2887.399296709,"data":"[6bba_085bf656] after short-track filtering: 8271 nodes, 7995 edges (components_removed = 35)\n"}
,{"stream_name":"stdout","time":2888.819655958,"data":"[6bba_085bf656] FINAL: 8271 nodes, 7995 edges\n"}
,{"stream_name":"stdout","time":2889.054774605,"data":"[6bba_09961292] after edge-filter+motion-relink: 29955 nodes, 28653 edges\n"}
,{"stream_name":"stdout","time":2899.434162964,"data":"[6bba_09961292] after gap-closing (single-frame + gap2): 30229 nodes, 29156 edges\n"}
,{"stream_name":"stdout","time":2915.169870956,"data":"[6bba_09961292] after safe-division repair: 30229 nodes, 29186 edges (geometric_candidates = 125, deepcenter_rejected = 89, post_veto_candidates = 36, added = 30, cap_skipped = 0, mutual_nn_rejected = 95, divergence_rejected = 1112)\n"}
,{"stream_name":"stdout","time":2915.169914928,"data":"[6bba_09961292] after division-geometry-filter+prune-isolated: 30229 nodes, 29186 edges\n"}
,{"stream_name":"stdout","time":2915.169919805,"data":"[6bba_09961292] after short-track filtering: 29659 nodes, 28746 edges (components_removed = 130)\n"}
,{"stream_name":"stdout","time":2920.871486771,"data":"[6bba_09961292] FINAL: 29659 nodes, 28746 edges\n"}
,{"stream_name":"stdout","time":2920.871523641,"data":"VALIDATOR candidate: gap2step40 proxy = 0.971506 adjusted edge = 0.940737\n"}
,{"stream_name":"stdout","time":2921.241686514,"data":"[44b6_12dfb391] after edge-filter+motion-relink: 45351 nodes, 42870 edges\n"}
,{"stream_name":"stdout","time":2934.742854102,"data":"[44b6_12dfb391] after gap-closing (single-frame + gap2): 46068 nodes, 44229 edges\n"}
,{"stream_name":"stdout","time":2961.310435589,"data":"[44b6_12dfb391] after safe-division repair: 46068 nodes, 44261 edges (geometric_candidates = 175, deepcenter_rejected = 143, post_veto_candidates = 32, added = 32, cap_skipped = 0, mutual_nn_rejected = 67, divergence_rejected = 1699)\n"}
,{"stream_name":"stdout","time":2961.310479681,"data":"[44b6_12dfb391] after division-geometry-filter+prune-isolated: 46068 nodes, 44261 edges\n"}
,{"stream_name":"stdout","time":2961.310488234,"data":"[44b6_12dfb391] after short-track filtering: 44814 nodes, 43289 edges (components_removed = 282)\n"}
,{"stream_name":"stdout","time":2969.718299906,"data":"[44b6_12dfb391] FINAL: 44814 nodes, 43289 edges\n"}
,{"stream_name":"stdout","time":2970.027745817,"data":"[44b6_267148e4] after edge-filter+motion-relink: 22829 nodes, 21426 edges\n"}
,{"stream_name":"stdout","time":2983.967271497,"data":"[44b6_267148e4] after gap-closing (single-frame + gap2): 23106 nodes, 21927 edges\n"}
,{"stream_name":"stdout","time":3009.53157551,"data":"[44b6_267148e4] after safe-division repair: 23106 nodes, 21957 edges (geometric_candidates = 224, deepcenter_rejected = 185, post_veto_candidates = 39, added = 30, cap_skipped = 0, mutual_nn_rejected = 127, divergence_rejected = 1038)\n"}
,{"stream_name":"stdout","time":3009.531618833,"data":"[44b6_267148e4] after division-geometry-filter+prune-isolated: 23105 nodes, 21957 edges\n"}
,{"stream_name":"stdout","time":3009.53162671,"data":"[44b6_267148e4] after short-track filtering: 22305 nodes, 21335 edges (components_removed = 178)\n"}
,{"stream_name":"stdout","time":3013.748143111,"data":"[44b6_267148e4] FINAL: 22305 nodes, 21335 edges\n"}
,{"stream_name":"stdout","time":3014.251363492,"data":"[44b6_2a2eff9f] after edge-filter+motion-relink: 40928 nodes, 38160 edges\n"}
,{"stream_name":"stdout","time":3029.7988204,"data":"[44b6_2a2eff9f] after gap-closing (single-frame + gap2): 41547 nodes, 39318 edges\n"}
,{"stream_name":"stdout","time":3060.685693371,"data":"[44b6_2a2eff9f] after safe-division repair: 41547 nodes, 39362 edges (geometric_candidates = 345, deepcenter_rejected = 301, post_veto_candidates = 44, added = 44, cap_skipped = 0, mutual_nn_rejected = 84, divergence_rejected = 1869)\n"}
,{"stream_name":"stdout","time":3060.685746735,"data":"[44b6_2a2eff9f] after division-geometry-filter+prune-isolated: 41547 nodes, 39362 edges\n"}
,{"stream_name":"stdout","time":3060.685753373,"data":"[44b6_2a2eff9f] after short-track filtering: 39951 nodes, 38122 edges (components_removed = 356)\n"}
,{"stream_name":"stdout","time":3068.145869158,"data":"[44b6_2a2eff9f] FINAL: 39951 nodes, 38122 edges\n"}
,{"stream_name":"stdout","time":3068.346479991,"data":"[44b6_341df25f] after edge-filter+motion-relink: 8523 nodes, 8186 edges\n"}
,{"stream_name":"stdout","time":3070.414871181,"data":"[44b6_341df25f] after gap-closing (single-frame + gap2): 8576 nodes, 8277 edges\n"}
,{"stream_name":"stdout","time":3081.220156888,"data":"[44b6_341df25f] after safe-division repair: 8576 nodes, 8289 edges (geometric_candidates = 41, deepcenter_rejected = 27, post_veto_candidates = 14, added = 12, cap_skipped = 0, mutual_nn_rejected = 4, divergence_rejected = 155)\n"}
,{"stream_name":"stdout","time":3081.220201895,"data":"[44b6_341df25f] after division-geometry-filter+prune-isolated: 8576 nodes, 8289 edges\n"}
,{"stream_name":"stdout","time":3081.220210632,"data":"[44b6_341df25f] after short-track filtering: 8382 nodes, 8138 edges (components_removed = 43)\n"}
,{"stream_name":"stdout","time":3082.83900972,"data":"[44b6_341df25f] FINAL: 8382 nodes, 8138 edges\n"}
,{"stream_name":"stdout","time":3082.839052612,"data":"[6bba_062c8d37] after edge-filter+motion-relink: 5997 nodes, 5657 edges\n"}
,{"stream_name":"stdout","time":3084.077748362,"data":"[6bba_062c8d37] after gap-closing (single-frame + gap2): 6050 nodes, 5755 edges\n"}
,{"stream_name":"stdout","time":3088.811931948,"data":"[6bba_062c8d37] after safe-division repair: 6050 nodes, 5761 edges (geometric_candidates = 19, deepcenter_rejected = 12, post_veto_candidates = 7, added = 6, cap_skipped = 0, mutual_nn_rejected = 2, divergence_rejected = 53)\n"}
,{"stream_name":"stdout","time":3088.811979838,"data":"[6bba_062c8d37] after division-geometry-filter+prune-isolated: 6029 nodes, 5761 edges\n"}
,{"stream_name":"stdout","time":3088.811988586,"data":"[6bba_062c8d37] after short-track filtering: 5901 nodes, 5663 edges (components_removed = 30)\n"}
,{"stream_name":"stdout","time":3089.913494197,"data":"[6bba_062c8d37] FINAL: 5901 nodes, 5663 edges\n"}
,{"stream_name":"stdout","time":3090.138377981,"data":"[6bba_07e24132] after edge-filter+motion-relink: 29751 nodes, 27967 edges\n"}
,{"stream_name":"stdout","time":3105.53800171,"data":"[6bba_07e24132] after gap-closing (single-frame + gap2): 30150 nodes, 28702 edges\n"}
,{"stream_name":"stdout","time":3125.326088376,"data":"[6bba_07e24132] after safe-division repair: 30150 nodes, 28712 edges (geometric_candidates = 130, deepcenter_rejected = 120, post_veto_candidates = 10, added = 10, cap_skipped = 0, mutual_nn_rejected = 98, divergence_rejected = 1196)\n"}
,{"stream_name":"stdout","time":3125.326135102,"data":"[6bba_07e24132] after division-geometry-filter+prune-isolated: 30150 nodes, 28712 edges\n"}
,{"stream_name":"stdout","time":3125.326143238,"data":"[6bba_07e24132] after short-track filtering: 29061 nodes, 27866 edges (components_removed = 243)\n"}
,{"stream_name":"stdout","time":3130.718408669,"data":"[6bba_07e24132] FINAL: 29061 nodes, 27866 edges\n"}
,{"stream_name":"stdout","time":3130.718571661,"data":"[6bba_085bf656] after edge-filter+motion-relink: 8417 nodes, 8082 edges\n"}
,{"stream_name":"stdout","time":3131.863447099,"data":"[6bba_085bf656] after gap-closing (single-frame + gap2): 8437 nodes, 8119 edges\n"}
,{"stream_name":"stdout","time":3138.100632424,"data":"[6bba_085bf656] after safe-division repair: 8437 nodes, 8123 edges (geometric_candidates = 22, deepcenter_rejected = 18, post_veto_candidates = 4, added = 4, cap_skipped = 0, mutual_nn_rejected = 4, divergence_rejected = 106)\n"}
,{"stream_name":"stdout","time":3138.100692153,"data":"[6bba_085bf656] after division-geometry-filter+prune-isolated: 8434 nodes, 8123 edges\n"}
,{"stream_name":"stdout","time":3138.100698689,"data":"[6bba_085bf656] after short-track filtering: 8271 nodes, 7995 edges (components_removed = 35)\n"}
,{"stream_name":"stdout","time":3139.658516658,"data":"[6bba_085bf656] FINAL: 8271 nodes, 7995 edges\n"}
,{"stream_name":"stdout","time":3139.904764027,"data":"[6bba_09961292] after edge-filter+motion-relink: 29955 nodes, 28653 edges\n"}
,{"stream_name":"stdout","time":3150.192379622,"data":"[6bba_09961292] after gap-closing (single-frame + gap2): 30229 nodes, 29156 edges\n"}
,{"stream_name":"stdout","time":3166.008018561,"data":"[6bba_09961292] after safe-division repair: 30229 nodes, 29186 edges (geometric_candidates = 125, deepcenter_rejected = 89, post_veto_candidates = 36, added = 30, cap_skipped = 0, mutual_nn_rejected = 95, divergence_rejected = 1112)\n"}
,{"stream_name":"stdout","time":3166.008072592,"data":"[6bba_09961292] after division-geometry-filter+prune-isolated: 30229 nodes, 29186 edges\n"}
,{"stream_name":"stdout","time":3166.008079391,"data":"[6bba_09961292] after short-track filtering: 29659 nodes, 28746 edges (components_removed = 130)\n"}
,{"stream_name":"stdout","time":3171.795502069,"data":"[6bba_09961292] FINAL: 29659 nodes, 28746 edges\n"}
,{"stream_name":"stdout","time":3171.969250265,"data":"VALIDATOR candidate: reuse28 proxy = 0.971506 adjusted edge = 0.940737\n"}
,{"stream_name":"stdout","time":3172.30027063,"data":"[44b6_12dfb391] after edge-filter+motion-relink: 45351 nodes, 42870 edges\n"}
,{"stream_name":"stdout","time":3185.602955383,"data":"[44b6_12dfb391] after gap-closing (single-frame + gap2): 46054 nodes, 44201 edges\n"}
,{"stream_name":"stdout","time":3212.614535953,"data":"[44b6_12dfb391] after safe-division repair: 46054 nodes, 44234 edges (geometric_candidates = 177, deepcenter_rejected = 144, post_veto_candidates = 33, added = 33, cap_skipped = 0, mutual_nn_rejected = 68, divergence_rejected = 1712)\n"}
,{"stream_name":"stdout","time":3212.61459419,"data":"[44b6_12dfb391] after division-geometry-filter+prune-isolated: 46054 nodes, 44234 edges\n"}
,{"stream_name":"stdout","time":3212.614603657,"data":"[44b6_12dfb391] after short-track filtering: 44782 nodes, 43248 edges (components_removed = 286)\n"}
,{"stream_name":"stdout","time":3221.004471026,"data":"[44b6_12dfb391] FINAL: 44782 nodes, 43248 edges\n"}
,{"stream_name":"stdout","time":3221.339065071,"data":"[44b6_267148e4] after edge-filter+motion-relink: 22829 nodes, 21426 edges\n"}
,{"stream_name":"stdout","time":3235.450056994,"data":"[44b6_267148e4] after gap-closing (single-frame + gap2): 23094 nodes, 21903 edges\n"}
,{"stream_name":"stdout","time":3261.451575335,"data":"[44b6_267148e4] after safe-division repair: 23094 nodes, 21932 edges (geometric_candidates = 221, deepcenter_rejected = 186, post_veto_candidates = 35, added = 29, cap_skipped = 0, mutual_nn_rejected = 129, divergence_rejected = 1051)\n"}
,{"stream_name":"stdout","time":3261.451608235,"data":"[44b6_267148e4] after division-geometry-filter+prune-isolated: 23093 nodes, 21932 edges\n"}
,{"stream_name":"stdout","time":3261.451617215,"data":"[44b6_267148e4] after short-track filtering: 22285 nodes, 21304 edges (components_removed = 180)\n"}
,{"stream_name":"stdout","time":3265.52090807,"data":"[44b6_267148e4] FINAL: 22285 nodes, 21304 edges\n"}
,{"stream_name":"stdout","time":3265.922671768,"data":"[44b6_2a2eff9f] after edge-filter+motion-relink: 40928 nodes, 38160 edges\n"}
,{"stream_name":"stdout","time":3281.706806822,"data":"[44b6_2a2eff9f] after gap-closing (single-frame + gap2): 41529 nodes, 39282 edges\n"}
,{"stream_name":"stdout","time":3312.45459407,"data":"[44b6_2a2eff9f] after safe-division repair: 41529 nodes, 39327 edges (geometric_candidates = 349, deepcenter_rejected = 304, post_veto_candidates = 45, added = 45, cap_skipped = 0, mutual_nn_rejected = 84, divergence_rejected = 1892)\n"}
,{"stream_name":"stdout","time":3312.454632378,"data":"[44b6_2a2eff9f] after division-geometry-filter+prune-isolated: 41529 nodes, 39327 edges\n"}
,{"stream_name":"stdout","time":3312.454638108,"data":"[44b6_2a2eff9f] after short-track filtering: 39898 nodes, 38060 edges (components_removed = 364)\n"}
,{"stream_name":"stdout","time":3319.896915843,"data":"[44b6_2a2eff9f] FINAL: 39898 nodes, 38060 edges\n"}
,{"stream_name":"stdout","time":3320.206232113,"data":"[44b6_341df25f] after edge-filter+motion-relink: 8523 nodes, 8186 edges\n"}
,{"stream_name":"stdout","time":3322.323008296,"data":"[44b6_341df25f] after gap-closing (single-frame + gap2): 8576 nodes, 8277 edges\n"}
,{"stream_name":"stdout","time":3333.169506609,"data":"[44b6_341df25f] after safe-division repair: 8576 nodes, 8289 edges (geometric_candidates = 41, deepcenter_rejected = 27, post_veto_candidates = 14, added = 12, cap_skipped = 0, mutual_nn_rejected = 4, divergence_rejected = 155)\n"}
,{"stream_name":"stdout","time":3333.169581075,"data":"[44b6_341df25f] after division-geometry-filter+prune-isolated: 8576 nodes, 8289 edges\n"}
,{"stream_name":"stdout","time":3333.169590929,"data":"[44b6_341df25f] after short-track filtering: 8382 nodes, 8138 edges (components_removed = 43)\n"}
,{"stream_name":"stdout","time":3334.671494469,"data":"[44b6_341df25f] FINAL: 8382 nodes, 8138 edges\n"}
,{"stream_name":"stdout","time":3334.671528395,"data":"[6bba_062c8d37] after edge-filter+motion-relink: 5997 nodes, 5657 edges\n"}
,{"stream_name":"stdout","time":3335.764248775,"data":"[6bba_062c8d37] after gap-closing (single-frame + gap2): 6050 nodes, 5755 edges\n"}
,{"stream_name":"stdout","time":3340.475868275,"data":"[6bba_062c8d37] after safe-division repair: 6050 nodes, 5761 edges (geometric_candidates = 19, deepcenter_rejected = 12, post_veto_candidates = 7, added = 6, cap_skipped = 0, mutual_nn_rejected = 2, divergence_rejected = 53)\n"}
,{"stream_name":"stdout","time":3340.475915252,"data":"[6bba_062c8d37] after division-geometry-filter+prune-isolated: 6029 nodes, 5761 edges\n"}
,{"stream_name":"stdout","time":3340.475919985,"data":"[6bba_062c8d37] after short-track filtering: 5901 nodes, 5663 edges (components_removed = 30)\n"}
,{"stream_name":"stdout","time":3341.560310613,"data":"[6bba_062c8d37] FINAL: 5901 nodes, 5663 edges\n"}
,{"stream_name":"stdout","time":3341.816122135,"data":"[6bba_07e24132] after edge-filter+motion-relink: 29751 nodes, 27967 edges\n"}
,{"stream_name":"stdout","time":3356.979240496,"data":"[6bba_07e24132] after gap-closing (single-frame + gap2): 30148 nodes, 28698 edges\n"}
,{"stream_name":"stdout","time":3377.024676403,"data":"[6bba_07e24132] after safe-division repair: 30148 nodes, 28708 edges (geometric_candidates = 130, deepcenter_rejected = 120, post_veto_candidates = 10, added = 10, cap_skipped = 0, mutual_nn_rejected = 98, divergence_rejected = 1199)\n"}
,{"stream_name":"stdout","time":3377.024725736,"data":"[6bba_07e24132] after division-geometry-filter+prune-isolated: 30148 nodes, 28708 edges\n"}
,{"stream_name":"stdout","time":3377.024731864,"data":"[6bba_07e24132] after short-track filtering: 29049 nodes, 27854 edges (components_removed = 245)\n"}
,{"stream_name":"stdout","time":3382.598542902,"data":"[6bba_07e24132] FINAL: 29049 nodes, 27854 edges\n"}
,{"stream_name":"stdout","time":3382.598602126,"data":"[6bba_085bf656] after edge-filter+motion-relink: 8417 nodes, 8082 edges\n"}
,{"stream_name":"stdout","time":3383.748002077,"data":"[6bba_085bf656] after gap-closing (single-frame + gap2): 8437 nodes, 8119 edges\n"}
,{"stream_name":"stdout","time":3389.843248304,"data":"[6bba_085bf656] after safe-division repair: 8437 nodes, 8123 edges (geometric_candidates = 22, deepcenter_rejected = 18, post_veto_candidates = 4, added = 4, cap_skipped = 0, mutual_nn_rejected = 4, divergence_rejected = 106)\n"}
,{"stream_name":"stdout","time":3389.843287112,"data":"[6bba_085bf656] after division-geometry-filter+prune-isolated: 8434 nodes, 8123 edges\n"}
,{"stream_name":"stdout","time":3389.843295842,"data":"[6bba_085bf656] after short-track filtering: 8271 nodes, 7995 edges (components_removed = 35)\n"}
,{"stream_name":"stdout","time":3391.3329561,"data":"[6bba_085bf656] FINAL: 8271 nodes, 7995 edges\n"}
,{"stream_name":"stdout","time":3391.582070013,"data":"[6bba_09961292] after edge-filter+motion-relink: 29955 nodes, 28653 edges\n"}
,{"stream_name":"stdout","time":3401.986164022,"data":"[6bba_09961292] after gap-closing (single-frame + gap2): 30226 nodes, 29149 edges\n"}
,{"stream_name":"stdout","time":3417.965606436,"data":"[6bba_09961292] after safe-division repair: 30226 nodes, 29178 edges (geometric_candidates = 123, deepcenter_rejected = 88, post_veto_candidates = 35, added = 29, cap_skipped = 0, mutual_nn_rejected = 96, divergence_rejected = 1121)\n"}
,{"stream_name":"stdout","time":3417.965651025,"data":"[6bba_09961292] after division-geometry-filter+prune-isolated: 30226 nodes, 29178 edges\n"}
,{"stream_name":"stdout","time":3417.965659152,"data":"[6bba_09961292] after short-track filtering: 29654 nodes, 28737 edges (components_removed = 131)\n"}
,{"stream_name":"stdout","time":3423.559752837,"data":"[6bba_09961292] FINAL: 29654 nodes, 28737 edges\n"}
,{"stream_name":"stdout","time":3423.560177001,"data":"VALIDATOR candidate: dcgap035 proxy = 0.971521 adjusted edge = 0.940752\n"}
,{"stream_name":"stdout","time":3423.560486972,"data":"VALIDATOR selected config: base {}\n"}
,{"stream_name":"stdout","time":3423.914402882,"data":"VALIDATOR final submission rows: 239116\n"}
,{"stream_name":"stdout","time":3423.914448234,"data":"VALIDATOR final config: base\n"}
,{"stream_name":"stdout","time":3424.500092161,"data":"{\n"}
,{"stream_name":"stdout","time":3424.500123941,"data":"  \"configuration\": {\n"}
,{"stream_name":"stdout","time":3424.500142692,"data":"    \"bidirectional_primary_weight\": 0.15,\n"}
,{"stream_name":"stdout","time":3424.500148706,"data":"    \"deepcenter_gap_confirm_min_span_um\": 8.5,\n"}
,{"stream_name":"stdout","time":3424.500153882,"data":"    \"deepcenter_gap_threshold\": 0.25,\n"}
,{"stream_name":"stdout","time":3424.500159303,"data":"    \"deepcenter_safe_div_threshold\": 0.2,\n"}
,{"stream_name":"stdout","time":3424.500164221,"data":"    \"deepcenter_tta\": true,\n"}
,{"stream_name":"stdout","time":3424.500168763,"data":"    \"detector_threshold\": 0.965,\n"}
,{"stream_name":"stdout","time":3424.500173231,"data":"    \"edge_candidate_threshold\": 0.48,\n"}
,{"stream_name":"stdout","time":3424.500177679,"data":"    \"fallback_scope\": \"individual_frame\",\n"}
,{"stream_name":"stdout","time":3424.500182185,"data":"    \"gap_close_um\": 5.0,\n"}
,{"stream_name":"stdout","time":3424.500189291,"data":"    \"ilp_appearance_weight\": 0.0,\n"}
,{"stream_name":"stdout","time":3424.500193827,"data":"    \"ilp_disappearance_weight\": 2.0,\n"}
,{"stream_name":"stdout","time":3424.500198207,"data":"    \"minimum_candidate_retention\": 0.9,\n"}
,{"stream_name":"stdout","time":3424.500202656,"data":"    \"safe_div_max_um\": 9.0,\n"}
,{"stream_name":"stdout","time":3424.500206969,"data":"    \"safe_div_sister_max_um\": 14.0,\n"}
,{"stream_name":"stdout","time":3424.500216329,"data":"    \"safe_div_sister_symmetry_tau\": 0.6,\n"}
,{"stream_name":"stdout","time":3424.500219698,"data":"    \"secondary_detection_weight\": 0.8,\n"}
,{"stream_name":"stdout","time":3424.500248951,"data":"    \"secondary_edge_feature_tta\": true,\n"}
,{"stream_name":"stdout","time":3424.500253956,"data":"    \"secondary_edge_feature_tta_weight\": 0.75,\n"}
,{"stream_name":"stdout","time":3424.500257942,"data":"    \"secondary_edge_weight\": 0.15,\n"}
,{"stream_name":"stdout","time":3424.500261335,"data":"    \"secondary_link_mode\": \"low_margin_consensus\",\n"}
,{"stream_name":"stdout","time":3424.500264724,"data":"    \"secondary_low_margin_max\": 0.35\n"}
,{"stream_name":"stdout","time":3424.500268059,"data":"  },\n"}
,{"stream_name":"stdout","time":3424.500271316,"data":"  \"diagnostics\": {\n"}
,{"stream_name":"stdout","time":3424.500274734,"data":"    \"by_movie\": {\n"}
,{"stream_name":"stdout","time":3424.500278142,"data":"      \"44b6_0113de3b\": {\n"}
,{"stream_name":"stdout","time":3424.500281451,"data":"        \"fallback_frames\": 0,\n"}
,{"stream_name":"stdout","time":3424.500284943,"data":"        \"frames\": 100,\n"}
,{"stream_name":"stdout","time":3424.500288366,"data":"        \"median_retention\": 1.0118578927634045,\n"}
,{"stream_name":"stdout","time":3424.500291862,"data":"        \"minimum_retention\": 0.9926739926739927\n"}
,{"stream_name":"stdout","time":3424.500295257,"data":"      },\n"}
,{"stream_name":"stdout","time":3424.50029842,"data":"      \"44b6_0b24845f\": {\n"}
,{"stream_name":"stdout","time":3424.500301737,"data":"        \"fallback_frames\": 64,\n"}
,{"stream_name":"stdout","time":3424.500305092,"data":"        \"frames\": 100,\n"}
,{"stream_name":"stdout","time":3424.500308394,"data":"        \"median_retention\": 0.8618514846811123,\n"}
,{"stream_name":"stdout","time":3424.500313501,"data":"        \"minimum_retention\": 0.45307443365695793\n"}
,{"stream_name":"stdout","time":3424.500320129,"data":"      },\n"}
,{"stream_name":"stdout","time":3424.500322997,"data":"      \"6bba_05b6850b\": {\n"}
,{"stream_name":"stdout","time":3424.500337177,"data":"        \"fallback_frames\": 1,\n"}
,{"stream_name":"stdout","time":3424.500341219,"data":"        \"frames\": 100,\n"}
,{"stream_name":"stdout","time":3424.500345321,"data":"        \"median_retention\": 1.0137012012012012,\n"}
,{"stream_name":"stdout","time":3424.500349342,"data":"        \"minimum_retention\": 0.8918918918918919\n"}
,{"stream_name":"stdout","time":3424.500353353,"data":"      },\n"}
,{"stream_name":"stdout","time":3424.500356582,"data":"      \"6bba_05db0fb1\": {\n"}
,{"stream_name":"stdout","time":3424.500359838,"data":"        \"fallback_frames\": 0,\n"}
,{"stream_name":"stdout","time":3424.500363209,"data":"        \"frames\": 100,\n"}
,{"stream_name":"stdout","time":3424.500366498,"data":"        \"median_retention\": 1.0110725229826354,\n"}
,{"stream_name":"stdout","time":3424.500369864,"data":"        \"minimum_retention\": 0.9715142428785607\n"}
,{"stream_name":"stdout","time":3424.500374071,"data":"      }\n"}
,{"stream_name":"stdout","time":3424.500377357,"data":"    },\n"}
,{"stream_name":"stdout","time":3424.500380784,"data":"    \"fallback_frames\": 65,\n"}
,{"stream_name":"stdout","time":3424.500384134,"data":"    \"rows\": 400\n"}
,{"stream_name":"stdout","time":3424.500387506,"data":"  },\n"}
,{"stream_name":"stdout","time":3424.500390716,"data":"  \"experiment\": \"secondary_deepcenter_tta_0947_v1\",\n"}
,{"stream_name":"stdout","time":3424.500394294,"data":"  \"hardware\": {\n"}
,{"stream_name":"stdout","time":3424.500397715,"data":"    \"visible_gpu_count\": 2\n"}
,{"stream_name":"stdout","time":3424.500401178,"data":"  },\n"}
,{"stream_name":"stdout","time":3424.500404484,"data":"  \"leaderboard_feedback_used_for_configuration\": true,\n"}
,{"stream_name":"stdout","time":3424.500435109,"data":"  \"method_attribution\": \"0.933 fixed-90 dual-seed baseline -\u003e 0.934 harmonic mutual-support fusion -\u003e 0.939 wider divisions and calmer fusion -\u003e 0.941 repair-threshold adaptation -\u003e 0.946 primary edge-feature TTA + held-out post-process selection -\u003e 0.947 secondary feature TTA + DeepCenter TTA\",\n"}
,{"stream_name":"stdout","time":3424.500441942,"data":"  \"metric_hack_used\": false,\n"}
,{"stream_name":"stdout","time":3424.500446258,"data":"  \"organizer_labels_used_for_configuration\": false,\n"}
,{"stream_name":"stdout","time":3424.500450976,"data":"  \"parent_experiment\": \"edge_feature_tta_0946_v1\",\n"}
,{"stream_name":"stdout","time":3424.500454504,"data":"  \"public_output_used\": false,\n"}
,{"stream_name":"stdout","time":3424.500457921,"data":"  \"quality_promotion\": {\n"}
,{"stream_name":"stdout","time":3424.500461392,"data":"    \"required_condition\": \"none\",\n"}
,{"stream_name":"stdout","time":3424.500464929,"data":"    \"status\": \"verified_public_lb_0947\",\n"}
,{"stream_name":"stdout","time":3424.500468441,"data":"    \"validated_receipt_sha256\": null\n"}
,{"stream_name":"stdout","time":3424.500471822,"data":"  },\n"}
,{"stream_name":"stdout","time":3424.500475059,"data":"  \"source_kernel\": \"raykkretzschmar/biohub-bidirectional-primary-union13-diagnostic-v1\",\n"}
,{"stream_name":"stdout","time":3424.500478742,"data":"  \"source_notebook_sha256\": \"3e65ca691941949196bf417030ea84fccafe16baaec174b2a63540451bb937e8\",\n"}
,{"stream_name":"stdout","time":3424.500482372,"data":"  \"status\": \"verified_public_lb_0947\",\n"}
,{"stream_name":"stdout","time":3424.50048585,"data":"  \"submission\": {\n"}
,{"stream_name":"stdout","time":3424.500489184,"data":"    \"datasets\": [\n"}
,{"stream_name":"stdout","time":3424.500492459,"data":"      \"44b6_0113de3b\",\n"}
,{"stream_name":"stdout","time":3424.500495687,"data":"      \"44b6_0b24845f\",\n"}
,{"stream_name":"stdout","time":3424.500499043,"data":"      \"6bba_05b6850b\",\n"}
,{"stream_name":"stdout","time":3424.500504089,"data":"      \"6bba_05db0fb1\"\n"}
,{"stream_name":"stdout","time":3424.50051095,"data":"    ],\n"}
,{"stream_name":"stdout","time":3424.5005133,"data":"    \"rows\": 239116,\n"}
,{"stream_name":"stdout","time":3424.500528248,"data":"    \"sha256\": \"61b31ca459a2ab4f7d3f04c257b73c5cbe75b5943534f959c5b9f234f61348ae\"\n"}
,{"stream_name":"stdout","time":3424.500533119,"data":"  },\n"}
,{"stream_name":"stdout","time":3424.500536744,"data":"  \"topology\": {\n"}
,{"stream_name":"stdout","time":3424.500540759,"data":"    \"44b6_0113de3b\": {\n"}
,{"stream_name":"stdout","time":3424.500544221,"data":"      \"division_parents\": 49,\n"}
,{"stream_name":"stdout","time":3424.500547747,"data":"      \"edges\": 24979,\n"}
,{"stream_name":"stdout","time":3424.500570548,"data":"      \"max_indegree\": 1,\n"}
,{"stream_name":"stdout","time":3424.500574321,"data":"      \"max_outdegree\": 2,\n"}
,{"stream_name":"stdout","time":3424.500577645,"data":"      \"nodes\": 25648\n"}
,{"stream_name":"stdout","time":3424.500580985,"data":"    },\n"}
,{"stream_name":"stdout","time":3424.500584171,"data":"    \"44b6_0b24845f\": {\n"}
,{"stream_name":"stdout","time":3424.500587574,"data":"      \"division_parents\": 29,\n"}
,{"stream_name":"stdout","time":3424.50059095,"data":"      \"edges\": 19080,\n"}
,{"stream_name":"stdout","time":3424.500594428,"data":"      \"max_indegree\": 1,\n"}
,{"stream_name":"stdout","time":3424.500597785,"data":"      \"max_outdegree\": 2,\n"}
,{"stream_name":"stdout","time":3424.500616854,"data":"      \"nodes\": 20501\n"}
,{"stream_name":"stdout","time":3424.500622157,"data":"    },\n"}
,{"stream_name":"stdout","time":3424.50062586,"data":"    \"6bba_05b6850b\": {\n"}
,{"stream_name":"stdout","time":3424.500629691,"data":"      \"division_parents\": 10,\n"}
,{"stream_name":"stdout","time":3424.500633652,"data":"      \"edges\": 5902,\n"}
,{"stream_name":"stdout","time":3424.500637697,"data":"      \"max_indegree\": 1,\n"}
,{"stream_name":"stdout","time":3424.500641732,"data":"      \"max_outdegree\": 2,\n"}
,{"stream_name":"stdout","time":3424.500645702,"data":"      \"nodes\": 6106\n"}
,{"stream_name":"stdout","time":3424.500649637,"data":"    },\n"}
,{"stream_name":"stdout","time":3424.500653511,"data":"    \"6bba_05db0fb1\": {\n"}
,{"stream_name":"stdout","time":3424.500657134,"data":"      \"division_parents\": 46,\n"}
,{"stream_name":"stdout","time":3424.500660486,"data":"      \"edges\": 67147,\n"}
,{"stream_name":"stdout","time":3424.500663781,"data":"      \"max_indegree\": 1,\n"}
,{"stream_name":"stdout","time":3424.500667114,"data":"      \"max_outdegree\": 2,\n"}
,{"stream_name":"stdout","time":3424.500670446,"data":"      \"nodes\": 69753\n"}
,{"stream_name":"stdout","time":3424.500673694,"data":"    }\n"}
,{"stream_name":"stdout","time":3424.500676944,"data":"  }\n"}
,{"stream_name":"stdout","time":3424.500680102,"data":"}\n"}
,{"stream_name":"stdout","time":3424.500683413,"data":"PRODUCTION SUBMISSION PIPELINE: COMPLETE\n"}
,{"stream_name":"stdout","time":3424.500686796,"data":"Submission path: /kaggle/working/submission.csv\n"}
,{"stream_name":"stdout","time":3424.500690198,"data":"Verified progression preserved: 0.933 -\u003e 0.934 -\u003e 0.939 -\u003e 0.941 -\u003e 0.946 -\u003e 0.947\n"}
,{"stream_name":"stderr","time":3429.429258774,"data":"/usr/local/lib/python3.12/dist-packages/mistune.py:435: SyntaxWarning: invalid escape sequence '\\|'\n"}
,{"stream_name":"stderr","time":3429.429292323,"data":"  cells[i][c] = re.sub('\\\\\\\\\\|', '|', cell)\n"}
,{"stream_name":"stderr","time":3429.551900316,"data":"/usr/local/lib/python3.12/dist-packages/nbconvert/filters/filter_links.py:36: SyntaxWarning: invalid escape sequence '\\_'\n"}
,{"stream_name":"stderr","time":3429.551924296,"data":"  text = re.sub(r'_', '\\_', text) # Escape underscores in display text\n"}
,{"stream_name":"stderr","time":3430.197457185,"data":"[NbConvertApp] Converting notebook __notebook__.ipynb to notebook\n"}
,{"stream_name":"stderr","time":3430.798530116,"data":"[NbConvertApp] Writing 564038 bytes to __notebook__.ipynb\n"}
,{"stream_name":"stderr","time":3433.241950967,"data":"[NbConvertApp] Converting notebook __notebook__.ipynb to html\n"}
,{"stream_name":"stderr","time":3434.761498851,"data":"[NbConvertApp] Writing 1500302 bytes to __results__.html\n"}
]