stem,t,source_id,candidate_id,existing_child_id,parent_dist,sister_dist,existing_child_dist,mutual_nn,c1_succ,q_succ,divergence,deepcenter,existing_edge_prob,symmetry,candidate_track_len_fwd,neighbors_7um,label,parent_annotated,gt_parent_divides,existing_child_is_gt_daughter,orphan,taken_by,taken_by_prob,taken_by_dist,taken_by_out_degree,taken_by_has_parent,taken_by_dist_to_source,taken_by_back_len,source_back_len
6bba_05b6850b,0,2,100,91,7.621925609713073,6.700046641628698,1.625,-1,1,1,,,0.6210191249847412,1.2970636647955371,4,1,0,0,0,0,0,18,0.8344037532806396,1.625,1,0,8.75089281159357,0,0
6bba_05b6850b,0,9,100,93,8.75089281159357,10.65583760199075,2.2980970388562794,-1,1,1,,,0.9262638688087463,1.1680336139460876,4,1,0,0,0,0,0,18,0.8344037532806396,1.625,1,0,9.475296829123613,0,0
6bba_05b6850b,0,12,90,96,8.75089281159357,10.900831390311474,2.2980970388562794,-1,1,1,,,0.9074942469596863,1.1680336139460876,10,0,0,0,0,0,0,8,0.8864675760269165,1.625,1,0,8.285906709588275,0,0
6bba_05b6850b,0,18,91,100,7.960841664045329,6.700046641628698,1.625,-1,1,1,,,0.8344037532806396,1.3219166112058511,3,1,0,0,0,0,0,2,0.6210191249847412,1.625,1,0,8.75089281159357,0,0
6bba_05b6850b,0,60,145,137,7.960841664045329,11.941262496067994,5.138701197773616,-1,1,1,,,0.9700345993041992,0.4308761757629522,23,0,0,0,0,0,0,64,0.7794287204742432,2.2980970388562794,1,0,10.017172754824587,0,0
6bba_05b6850b,0,64,147,145,8.900491559458949,11.02128622257856,2.2980970388562794,-1,1,1,,,0.7794287204742432,1.1791476153693095,77,0,0,0,0,0,0,67,0.9536861181259155,2.2980970388562794,1,0,10.779030568655049,0,0
6bba_05b6850b,0,76,159,157,8.285906709588275,9.613629647536875,1.625,-1,1,1,,,0.9812723398208618,1.3441568778251545,98,0,0,0,0,0,0,77,0.962548553943634,2.2980970388562794,1,0,10.531203634912773,0,0
6bba_05b6850b,1,91,185,176,7.621925609713073,9.475296829123613,4.596194077712559,-1,1,1,,,0.6837934255599976,0.4952859538795431,3,0,0,0,0,0,0,100,0.8142195343971252,1.625,1,1,6.700046641628698,1,1
6bba_05b6850b,1,93,176,177,8.285906709588275,8.285906709588275,0.0,-1,1,1,,,0.8516483902931213,2.0,2,0,0,0,0,0,0,91,0.6837934255599976,4.596194077712559,1,1,11.490485194281398,1,1
6bba_05b6850b,1,97,194,186,8.285906709588275,6.700046641628698,2.8145825622994254,-1,1,1,,,0.9426764249801636,0.985780718899505,5,1,0,0,0,0,0,107,0.7059914469718933,3.9804208320226646,1,1,11.941262496067994,1,1
6bba_05b6850b,1,100,193,185,7.960841664045329,8.75089281159357,1.625,-1,1,1,,,0.8142195343971252,1.3219166112058511,44,0,0,0,0,0,0,110,0.8840207457542419,5.859020822628983,1,1,13.498263777241872,1,1
6bba_05b6850b,1,100,176,185,8.125,9.475296829123613,1.625,-1,1,1,,,0.8142195343971252,1.3333333333333333,2,0,0,0,0,0,0,91,0.6837934255599976,4.596194077712559,1,1,6.700046641628698,1,1
6bba_05b6850b,1,124,213,211,8.75089281159357,11.941262496067994,3.6336104634371584,-1,1,1,,,0.887374997138977,0.8264009035346175,6,0,0,0,0,0,0,127,0.967819333076477,3.25,1,1,10.900831390311474,1,1
6bba_05b6850b,1,157,244,240,8.125,11.375,4.596194077712559,-1,1,1,,,0.9340713620185852,0.5547916179456588,97,0,0,0,0,0,0,159,0.9590810537338257,2.2980970388562794,1,1,9.613629647536875,1,1
6bba_05b6850b,2,177,260,261,8.285906709588275,9.884489111734608,1.625,-1,1,1,,,0.8347930312156677,1.3441568778251545,1,0,0,0,0,0,0,176,0.6808629631996155,0.0,1,1,8.285906709588275,2,2
6bba_05b6850b,2,185,273,267,8.75089281159357,11.490485194281398,2.8145825622994254,-1,1,1,,,0.8501130938529968,1.0265570687555672,43,0,0,0,0,0,0,193,0.8882928490638733,0.0,1,1,8.75089281159357,2,2
6bba_05b6850b,2,186,276,270,8.75089281159357,8.75089281159357,0.0,-1,1,1,,,0.9561193585395813,2.0,4,0,0,0,0,0,0,194,0.6193056702613831,2.2980970388562794,1,1,6.700046641628698,2,2
6bba_05b6850b,2,194,270,276,6.700046641628698,8.75089281159357,2.2980970388562794,-1,1,1,,,0.6193056702613831,0.9784128280412532,74,0,0,0,0,0,0,186,0.9561193585395813,0.0,1,1,6.700046641628698,2,2
6bba_05b6850b,2,214,299,297,8.125,9.613629647536875,2.2980970388562794,-1,1,1,,,0.9698408246040344,1.1180751631538304,23,0,0,0,0,0,0,215,0.8805631995201111,2.2980970388562794,1,1,10.405076885828379,2,2
6bba_05b6850b,2,254,331,338,7.083210783253595,7.083210783253595,0.0,1,1,1,3.447992851659178,0.367603063583374,0.6518464684486389,2.0,25,0,0,0,0,0,1,,,,,,,,
6bba_05b6850b,3,260,347,346,8.285906709588275,8.285906709588275,0.0,-1,0,1,,,0.5831300616264343,2.0,4,0,0,0,0,0,0,261,0.7627735137939453,1.625,1,1,9.884489111734608,3,3
6bba_05b6850b,3,267,356,350,8.75089281159357,10.405076885828379,2.2980970388562794,-1,1,1,,,0.8243090510368347,1.1680336139460876,42,0,0,0,0,0,0,273,0.9408007860183716,2.8145825622994254,1,1,11.490485194281398,3,3
6bba_05b6850b,3,270,358,353,6.080193253507654,6.700046641628698,1.625,-1,1,1,,,0.9746881723403931,1.1564131117618641,3,1,0,0,0,0,0,276,0.5278366208076477,3.6336104634371584,1,1,8.75089281159357,3,3
6bba_05b6850b,3,276,353,358,8.900491559458949,6.700046641628698,3.6336104634371584,-1,1,1,,,0.5278366208076477,0.8404082057734575,73,1,0,0,0,0,0,270,0.9746881723403931,1.625,1,1,8.75089281159357,3,3
6bba_05b6850b,3,331,418,410,7.083210783253595,10.531203634912773,3.6336104634371584,-1,1,1,,,0.5306652784347534,0.643773044340296,81,0,0,0,0,0,0,338,0.5410498380661011,0.0,1,1,7.083210783253595,3,0
6bba_05b6850b,5,429,505,506,7.44668550430324,9.475296829123613,2.8145825622994254,-1,1,1,,,0.8676294684410095,0.902832459290273,2,0,0,0,0,0,0,425,0.5782032608985901,5.3895152843275245,1,1,12.795262795269194,5,5
6bba_05b6850b,5,436,510,511,6.700046641628698,9.613629647536875,6.080193253507654,-1,1,1,,,0.7503091096878052,0.09700183927798336,71,0,0,0,0,0,0,431,0.9611851572990417,0.0,1,1,6.700046641628698,5,5
6bba_05b6850b,5,448,526,522,8.125,13.101168840985142,5.629165124598851,-1,1,1,,,0.8398873805999756,0.3629205920957623,10,0,0,0,0,0,0,450,0.9332914352416992,3.9804208320226646,1,1,11.830178570080843,5,5
6bba_05b6850b,5,449,530,523,6.080193253507654,9.613629647536875,3.6336104634371584,-1,1,1,,,0.9686776399612427,0.5037332154041085,13,0,0,0,0,0,0,455,0.594702422618866,6.894291116568838,1,1,12.375631297028852,5,5
6bba_05b6850b,5,458,541,537,7.960841664045329,10.017172754824587,2.2980970388562794,-1,1,1,,,0.9845800399780273,1.1039630490408165,20,0,0,0,0,0,0,461,0.855442464351654,2.8145825622994254,1,1,9.613629647536875,5,5
6bba_05b6850b,5,458,546,537,6.894291116568838,8.285906709588275,2.2980970388562794,-1,1,0,,,0.9845800399780273,1.0,0,0,0,0,0,0,0,470,0.558728039264679,5.3895152843275245,1,1,11.830178570080843,3,5
6bba_05b6850b,5,470,550,546,8.75089281159357,11.490485194281398,5.3895152843275245,-1,0,1,,,0.558728039264679,0.47542864455738865,6,0,0,0,0,0,0,472,0.7879630327224731,2.2980970388562794,1,1,10.405076885828379,5,3
6bba_05b6850b,5,487,564,563,8.900491559458949,11.02128622257856,2.2980970388562794,-1,1,1,,,0.9892143607139587,1.1791476153693095,22,0,0,0,0,0,0,488,0.6942103505134583,2.2980970388562794,1,1,11.02128622257856,2,5
6bba_05b6850b,6,506,590,582,7.621925609713073,7.083210783253595,1.625,-1,1,0,,,0.9091423153877258,1.2970636647955371,0,0,0,0,0,0,0,511,0.7799212336540222,1.625,1,1,8.75089281159357,6,6
6bba_05b6850b,6,511,587,590,8.285906709588275,9.613629647536875,1.625,-1,0,1,,,0.7799212336540222,1.3441568778251545,70,0,0,0,0,0,0,510,0.9493732452392578,1.625,1,1,9.613629647536875,6,6
6bba_05b6850b,6,511,582,590,8.285906709588275,7.083210783253595,1.625,-1,0,1,,,0.7799212336540222,1.3441568778251545,6,0,0,0,0,0,0,506,0.9091423153877258,1.625,1,1,8.75089281159357,6,6
6bba_05b6850b,6,553,628,627,8.285906709588275,9.475296829123613,2.2980970388562794,-1,1,1,,,0.8440865278244019,1.1314829081786701,71,0,0,0,0,0,0,551,0.6924315690994263,3.6336104634371584,1,1,11.830178570080843,6,6
6bba_05b6850b,7,598,671,670,8.285906709588275,10.405076885828379,2.8145825622994254,-1,1,0,,,0.9514116644859314,0.985780718899505,0,0,0,0,0,0,0,596,0.916638195514679,1.625,1,1,9.613629647536875,7,7
6bba_05b6850b,7,641,7372,718,7.8123849717456135,9.228322207375493,1.625,-1,1,1,,,0.9836964011192322,1.3112498833670332,20,0,0,0,0,0,0,642,,1.696020066924156,1,1,9.475296829123613,4,7
6bba_05b6850b,8,655,739,7373,6.894291116568838,8.131093702764204,2.0565437411103993,-1,1,1,,,,1.0809600338694585,49,0,0,0,0,0,0,668,0.7960762977600098,5.3895152843275245,1,1,11.830178570080843,8,8
6bba_05b6850b,8,664,740,735,7.083210783253595,8.75089281159357,2.2980970388562794,1,1,1,1.904944790397181,0.5503895878791809,0.7071320414543152,1.0201378816543585,90,0,0,0,0,0,1,,,,,,,,
6bba_05b6850b,8,674,745,748,5.138701197773616,6.894291116568838,3.25,1,1,1,4.006540273742636,0.2063775360584259,0.0,0.4502964531088275,11,1,0,0,0,0,1,,,,,,,,
6bba_05b6850b,8,681,748,752,8.900491559458949,10.017172754824587,7.621925609713073,-1,1,1,,,0.0,0.15476742133487095,54,1,0,0,0,0,0,674,0.0,3.25,1,0,10.531203634912773,0,8
6bba_05b6850b,8,688,772,762,8.75089281159357,11.490485194281398,5.3895152843275245,-1,1,1,,,0.706714391708374,0.47542864455738865,47,1,0,0,0,0,0,700,0.6166208386421204,8.285906709588275,1,1,14.625,8,2
6bba_05b6850b,8,694,772,771,7.44668550430324,5.859020822628983,2.2980970388562794,-1,1,1,,,0.8241717219352722,1.0566861687562399,47,1,0,0,0,0,0,700,0.6166208386421204,8.285906709588275,1,1,10.405076885828379,8,8
6bba_05b6850b,8,700,784,772,6.080193253507654,13.201562407533435,8.285906709588275,-1,1,1,,,0.6166208386421204,0.30707199055369566,90,0,0,0,0,0,0,705,0.9794535040855408,6.894291116568838,1,1,11.718041645257966,8,8
6bba_05b6850b,8,711,795,788,6.894291116568838,11.830178570080843,5.3895152843275245,-1,1,1,,,0.7496659755706787,0.24500155458840647,62,0,0,0,0,0,0,721,0.5198501944541931,8.443747686898277,1,1,15.33021933959198,8,8
6bba_05b6850b,8,718,799,794,7.267220926874317,9.75,6.5,-1,1,1,,,0.9633761048316956,0.11145618000168249,19,0,0,1,0,1,0,7372,,1.9745167255101945,1,1,9.228322207375493,5,8
6bba_05b6850b,9,727,813,825,5.859020822628983,8.75089281159357,3.9804208320226646,1,1,1,0.9991071884064304,0.4724050462245941,0.7681072354316711,0.38185093352694466,89,0,0,0,0,0,1,,,,,,,,
6bba_05b6850b,9,735,823,822,8.75089281159357,10.900831390311474,2.2980970388562794,-1,1,1,,,0.8599042296409607,1.1680336139460876,67,0,0,0,0,0,0,730,0.7314899563789368,3.9804208320226646,1,1,12.481861840286488,9,9
6bba_05b6850b,9,740,822,830,6.700046641628698,10.65583760199075,5.138701197773616,-1,1,1,,,0.9425586462020874,0.26376867976840146,3,0,0,0,0,0,0,735,0.8599042296409607,2.2980970388562794,1,1,8.75089281159357,9,0
6bba_05b6850b,9,744,830,829,8.285906709588275,9.475296829123613,2.2980970388562794,-1,1,1,,,0.8591686487197876,1.1314829081786701,89,0,0,0,0,0,0,740,0.9425586462020874,5.138701197773616,1,0,11.490485194281398,0,9
6bba_05b6850b,9,748,833,840,6.894291116568838,10.900831390311474,4.875,-1,1,1,,,0.9795778393745422,0.3431457505076198,10,0,0,0,0,0,0,745,0.7829644083976746,0.0,1,0,6.894291116568838,0,1
6bba_05b6850b,9,771,858,851,6.080193253507654,9.475296829123613,3.9804208320226646,-1,1,1,,,0.5847394466400146,0.41742430504415995,46,0,0,0,0,0,0,772,0.5675424933433533,5.3895152843275245,1,1,5.859020822628983,9,9
6bba_05b6850b,9,775,848,862,8.900491559458949,13.201562407533435,5.138701197773616,-1,1,1,,,0.5166664719581604,0.5358983848622454,89,0,0,0,0,0,0,760,0.9198284149169922,5.138701197773616,1,0,13.201562407533435,0,9
6bba_05b6850b,9,782,861,865,8.900491559458949,10.900831390311474,4.875,-1,1,1,,,0.8695747256278992,0.5844425285419079,14,0,0,0,0,0,0,785,0.0,7.44668550430324,1,1,8.443747686898277,9,9
6bba_05b6850b,9,785,865,861,6.894291116568838,10.900831390311474,7.44668550430324,-1,1,1,,,0.0,0.07703720636855907,68,0,0,0,0,0,0,782,0.8695747256278992,4.875,1,1,8.443747686898277,9,9
6bba_05b6850b,9,789,868,872,8.125,11.02128622257856,3.6336104634371584,1,1,1,0.8088923475022831,0.2316216230392456,0.9398210644721985,0.7639320225002104,54,0,0,0,0,0,1,,,,,,,,
6bba_05b6850b,9,795,873,883,7.267220926874317,13.884006086140989,6.700046641628698,-1,1,1,,,0.5526532530784607,0.0812147805523006,54,0,0,0,0,0,0,788,0.8211504817008972,4.875,1,1,11.830178570080843,9,9
6bba_05b6850b,9,799,880,879,8.125,9.334914300624297,2.2980970388562794,-1,1,1,,,0.7106389999389648,1.1180751631538304,89,0,0,0,0,0,0,794,0.9298847317695618,6.700046641628698,1,1,9.75,9,6
6bba_05b6850b,9,806,880,890,8.285906709588275,10.900831390311474,3.6336104634371584,-1,1,1,,,0.5872651934623718,0.7806182379064038,89,0,0,0,0,0,0,794,0.9298847317695618,6.700046641628698,1,1,14.625,9,9
6bba_05b6850b,10,813,895,894,8.125,7.267220926874317,1.625,-1,1,1,,,0.9223388433456421,1.3333333333333333,5,0,0,0,0,0,0,814,0.6010070443153381,0.0,1,1,8.125,10,0
6bba_05b6850b,10,813,903,894,8.75089281159357,9.75,1.625,-1,1,1,,,0.9223388433456421,1.3735478846950708,3,0,0,0,0,0,0,825,0.8881442546844482,0.0,1,1,8.75089281159357,10,0
6bba_05b6850b,10,814,894,895,7.267220926874317,7.267220926874317,0.0,-1,1,1,,,0.6010070443153381,2.0,88,0,0,0,0,0,0,813,0.9223388433456421,1.625,1,0,8.125,0,10
6bba_05b6850b,10,829,907,910,8.900491559458949,9.613629647536875,1.625,-1,1,1,,,0.840616762638092,1.3824516448204605,88,0,0,0,0,0,0,830,0.9048786759376526,2.2980970388562794,1,1,9.475296829123613,1,10
6bba_05b6850b,10,840,920,917,8.125,7.44668550430324,2.2980970388562794,-1,1,1,,,0.9602336883544922,1.1180751631538304,22,0,0,0,0,0,0,841,0.6506484150886536,2.2980970388562794,1,1,9.613629647536875,10,2
6bba_05b6850b,10,871,948,947,8.125,9.475296829123613,1.625,-1,1,1,,,0.7769423723220825,1.3333333333333333,42,0,0,0,0,0,0,869,0.7064689993858337,3.9804208320226646,1,1,11.830178570080843,10,10
6bba_05b6850b,10,880,956,955,8.125,9.475296829123613,1.625,-1,1,1,,,0.9785038828849792,1.3333333333333333,17,0,0,1,0,1,0,879,0.8350346088409424,2.2980970388562794,1,1,9.334914300624297,7,10
6bba_05b6850b,10,883,959,954,8.900491559458949,9.613629647536875,1.625,-1,1,1,,,0.7342454195022583,1.3824516448204605,3,0,0,0,0,0,0,885,0.6833311319351196,2.2980970388562794,1,0,9.475296829123613,0,10
6bba_05b6850b,11,894,969,975,7.267220926874317,7.44668550430324,1.625,-1,1,1,,,0.9655895233154297,1.2690240094737728,4,0,0,0,0,0,0,895,0.8143699169158936,0.0,1,1,7.267220926874317,11,1
6bba_05b6850b,11,895,975,969,7.44668550430324,7.44668550430324,0.0,-1,1,1,,,0.8143699169158936,2.0,87,0,0,0,0,0,0,894,0.9655895233154297,1.625,1,1,7.267220926874317,1,11
6bba_05b6850b,11,910,983,981,8.285906709588275,9.613629647536875,3.6336104634371584,-1,1,1,,,0.9028490781784058,0.7806182379064038,87,0,0,0,0,0,0,907,0.9486948251724243,1.625,1,1,9.613629647536875,2,11
6bba_05b6850b,11,920,991,994,8.285906709588275,10.017172754824587,2.2980970388562794,-1,1,1,,,0.5083394646644592,1.1314829081786701,51,0,0,0,0,0,0,917,0.9418207406997681,1.625,1,1,7.44668550430324,3,11
6bba_05b6850b,11,940,1020,1015,8.443747686898277,10.017172754824587,1.625,-1,1,1,,,0.5498952269554138,1.3544380888143643,52,0,0,0,0,0,0,945,0.5561196804046631,2.8145825622994254,1,1,10.277402395547233,1,11
6bba_05b6850b,11,949,1027,1026,6.080193253507654,8.125,2.8145825622994254,1,1,1,0.0,0.23027639091014862,0.9051793217658997,0.734276109669869,14,0,0,0,0,0,1,,,,,,,,
6bba_05b6850b,11,955,1033,1035,8.285906709588275,8.285906709588275,0.0,-1,1,1,,,0.9861330389976501,2.0,16,0,0,1,0,1,0,956,0.8676681518554688,2.2980970388562794,1,1,9.475296829123613,8,11
6bba_05b6850b,14,1132,1216,1210,8.75089281159357,8.75089281159357,0.0,-1,1,1,,,0.9233726859092712,2.0,84,0,0,0,0,0,0,1138,0.7464737892150879,0.0,1,1,8.75089281159357,14,14
6bba_05b6850b,14,1137,1208,1215,6.700046641628698,7.960841664045329,1.625,-1,1,1,,,0.9403989911079407,1.2192235935955846,1,0,0,0,0,0,0,1130,0.8637968897819519,1.625,1,1,7.960841664045329,14,4
6bba_05b6850b,14,1138,1210,1216,8.75089281159357,8.75089281159357,0.0,-1,1,1,,,0.7464737892150879,2.0,31,0,0,0,0,0,0,1132,0.9233726859092712,0.0,1,1,8.75089281159357,14,14
6bba_05b6850b,14,1151,1231,1229,7.44668550430324,8.900491559458949,1.625,-1,1,1,,,0.9540146589279175,1.2834848610088319,18,0,0,0,0,0,0,1152,0.8528487086296082,2.2980970388562794,1,1,9.613629647536875,14,6
6bba_05b6850b,14,1194,1270,1272,8.75089281159357,10.900831390311474,2.2980970388562794,-1,1,1,,,0.995631217956543,1.1680336139460876,13,0,0,1,0,1,0,1192,0.8424805998802185,2.2980970388562794,1,1,10.900831390311474,11,14
6bba_05b6850b,16,1289,1370,1373,8.75089281159357,10.405076885828379,2.2980970388562794,-1,1,1,,,0.9597824215888977,1.1680336139460876,82,0,0,0,0,0,0,1293,0.7692958116531372,3.25,1,1,9.334914300624297,16,16
6bba_05b6850b,16,1290,1379,1374,8.75089281159357,7.44668550430324,2.2980970388562794,-1,1,1,,,0.9339257478713989,1.1680336139460876,3,0,0,0,0,0,0,1301,0.7696494460105896,8.443747686898277,1,1,13.978778558944269,7,16
6bba_05b6850b,16,1291,1376,1371,8.900491559458949,10.779030568655049,2.2980970388562794,-1,1,1,,,0.8670328855514526,1.1791476153693095,39,0,0,0,0,0,0,1296,0.9489014744758606,2.2980970388562794,1,1,10.017172754824587,16,5
6bba_05b6850b,16,1306,1387,1389,6.080193253507654,7.44668550430324,1.625,-1,1,1,,,0.9057310819625854,1.1564131117618641,16,0,0,0,0,0,0,1308,0.6923442482948303,4.875,1,1,9.613629647536875,16,8
6bba_05b6850b,16,1319,7400,1399,7.807660290324399,9.175186928273733,1.625,-1,1,1,,,0.8205008506774902,1.3109048985186702,9,0,0,0,0,0,0,1321,,3.1501365509887256,1,1,10.017172754824587,16,16
6bba_05b6850b,16,1323,7376,1402,7.353996367217072,9.206119015460152,2.2980970388562794,-1,1,1,,,0.9700127243995667,1.0476275178148375,7,0,0,0,0,0,0,1324,,3.020960321688153,1,1,8.900491559458949,16,16
6bba_05b6850b,16,1325,1403,1407,8.75089281159357,10.65583760199075,2.2980970388562794,1,1,1,-1.180540772867138,0.25574207305908203,0.8386984467506409,1.1680336139460876,4,0,0,0,0,0,1,,,,,,,,
6bba_05b6850b,16,1330,1410,1411,8.285906709588275,8.285906709588275,0.0,-1,1,1,,,0.880608320236206,2.0,47,0,0,0,0,0,0,1336,0.0,7.267220926874317,1,1,10.531203634912773,6,16
6bba_05b6850b,21,1683,1747,1755,7.44668550430324,8.285906709588275,1.625,1,1,1,1.3277229379486002,0.17977654933929443,0.9870840907096863,1.2834848610088319,6,0,0,0,0,0,1,,,,,,,,
6bba_05b6850b,21,1694,1764,1763,7.267220926874317,7.267220926874317,0.0,-1,1,1,,,0.8946830034255981,2.0,11,0,0,0,0,0,0,1693,0.772691011428833,3.9804208320226646,1,1,11.02128622257856,21,13
6bba_05b6850b,21,1710,1783,1780,8.75089281159357,9.334914300624297,2.2980970388562794,1,1,1,1.1962893342884762,0.17175821959972382,0.9722588062286377,1.1680336139460876,42,0,0,0,0,0,1,,,,,,,,
6bba_05b6850b,21,1712,1783,1782,8.75089281159357,8.75089281159357,0.0,1,1,1,1.6541840742348093,0.17175821959972382,0.9866973757743835,2.0,42,0,0,1,0,1,1,,,,,,,,
6bba_05b6850b,21,1715,1787,1786,4.875,4.875,0.0,-1,1,1,,,0.4837118983268738,2.0,1,1,0,0,0,0,0,1716,0.6538773775100708,1.625,1,1,5.138701197773616,21,11
6bba_05b6850b,21,1716,1786,1787,5.138701197773616,4.875,1.625,-1,1,1,,,0.6538773775100708,1.0389877065918314,42,1,0,0,0,0,0,1715,0.4837118983268738,0.0,1,1,5.138701197773616,11,21
6bba_05b6850b,22,1755,1817,1825,8.125,9.613629647536875,2.2980970388562794,-1,1,1,,,0.9906320571899414,1.1180751631538304,5,0,0,0,0,0,0,1747,0.48156052827835083,1.625,1,0,8.285906709588275,0,22
6bba_05b6850b,22,1763,1834,1836,7.267220926874317,7.44668550430324,1.625,-1,1,1,,,0.8028489351272583,1.2690240094737728,10,0,0,0,0,0,0,1764,0.7545722723007202,0.0,1,1,7.267220926874317,22,14
6bba_05b6850b,22,1764,1836,1834,7.44668550430324,7.44668550430324,0.0,-1,1,1,,,0.7545722723007202,2.0,40,0,0,0,0,0,0,1763,0.8028489351272583,1.625,1,1,7.267220926874317,14,22
6bba_05b6850b,22,1783,1853,1854,8.900491559458949,10.405076885828379,1.625,-1,1,1,,,0.553529679775238,1.3824516448204605,76,0,0,0,0,0,0,1782,0.9879209995269775,1.625,1,1,8.75089281159357,12,0
6bba_05b6850b,22,1786,1858,1856,4.875,6.894291116568838,2.8145825622994254,-1,1,0,,,0.5012551546096802,0.5358983848622455,0,1,0,0,0,0,0,1787,0.7087072730064392,0.0,1,1,4.875,22,12
6bba_05b6850b,22,1787,1856,1858,6.894291116568838,6.894291116568838,0.0,-1,0,1,,,0.7087072730064392,2.0,41,1,0,0,0,0,0,1786,0.5012551546096802,2.8145825622994254,1,1,4.875,12,22
6bba_05b6850b,22,1805,1875,1876,8.75089281159357,9.475296829123613,1.625,-1,1,1,,,0.9966412782669067,1.3735478846950708,5,0,0,1,0,1,0,1803,0.8662741184234619,2.8145825622994254,1,1,11.490485194281398,19,22
6bba_05b6850b,23,1817,1884,1883,8.285906709588275,12.375631297028852,4.596194077712559,-1,1,1,,,0.600516140460968,0.5728433106986762,75,0,0,0,0,0,0,1818,0.9757307767868042,3.6336104634371584,1,1,11.830178570080843,23,1
6bba_05b6850b,23,1823,1897,1891,7.621925609713073,11.490485194281398,4.596194077712559,-1,1,1,,,0.8719013929367065,0.4952859538795431,34,0,0,0,0,0,0,1828,0.48487168550491333,3.9804208320226646,1,1,11.258330249197702,23,13
6bba_05b6850b,23,1825,1883,1895,7.083210783253595,8.125,2.2980970388562794,-1,1,1,,,0.9915116429328918,1.0201378816543585,4,0,0,0,0,0,0,1817,0.600516140460968,4.596194077712559,1,1,9.613629647536875,1,23
6bba_05b6850b,23,1836,1904,1908,6.080193253507654,12.160386507015309,6.080193253507654,-1,1,1,,,0.8618695139884949,0.0,9,0,0,0,0,0,0,1834,0.8236406445503235,1.625,1,1,7.44668550430324,23,15
6bba_05b6850b,23,1842,1906,1911,8.75089281159357,7.267220926874317,3.6336104634371584,-1,1,0,,,0.5938394665718079,0.8264009035346175,0,0,0,0,0,0,0,1835,0.5379995107650757,2.2980970388562794,1,1,10.900831390311474,23,8
6bba_05b6850b,23,1851,1924,1922,7.267220926874317,8.285906709588275,3.9804208320226646,-1,1,1,,,0.9865015149116516,0.5844425285419079,40,0,0,0,0,0,0,1854,0.5388163924217224,8.285906709588275,1,1,10.531203634912773,1,16
6bba_05b6850b,23,1854,1922,1924,8.285906709588275,8.285906709588275,8.285906709588275,-1,1,1,,,0.5388163924217224,0.0,36,0,0,0,0,0,0,1851,0.9865015149116516,3.9804208320226646,1,1,10.531203634912773,16,1
6bba_05b6850b,24,1895,1952,1963,7.083210783253595,8.285906709588275,1.625,-1,1,1,,,0.986741840839386,1.253578012546517,3,0,0,0,0,0,0,1883,0.7830722332000732,2.2980970388562794,1,1,8.125,2,24
6bba_05b6850b,24,1922,1993,1991,8.285906709588275,8.75089281159357,1.625,-1,1,1,,,0.972681999206543,1.3441568778251545,39,0,0,0,0,0,0,1924,0.8490151166915894,0.0,1,1,8.285906709588275,2,17
6bba_05b6850b,24,1924,1991,1993,8.75089281159357,8.75089281159357,0.0,-1,1,1,,,0.8490151166915894,2.0,35,0,0,0,0,0,0,1922,0.972681999206543,1.625,1,1,8.285906709588275,17,2
6bba_05b6850b,25,1952,2031,2019,8.285906709588275,8.285906709588275,0.0,-1,1,1,,,0.7563784718513489,2.0,20,0,0,0,0,0,0,1963,0.9866363406181335,0.0,1,1,8.285906709588275,25,3
6bba_05b6850b,25,1963,2019,2031,8.285906709588275,8.285906709588275,0.0,-1,1,1,,,0.9866363406181335,2.0,2,0,0,0,0,0,0,1952,0.7563784718513489,0.0,1,1,8.285906709588275,3,25
6bba_05b6850b,25,1981,2041,2046,8.75089281159357,11.490485194281398,2.8145825622994254,1,1,1,0.45077730178659614,0.22238460183143616,0.9486144185066223,1.0265570687555672,7,0,0,0,0,0,1,,,,,,,,
6bba_05b6850b,25,1993,2056,2058,7.960841664045329,8.75089281159357,1.625,-1,1,1,,,0.8173988461494446,1.3219166112058511,34,0,0,0,0,0,0,1991,0.9482988715171814,1.625,1,1,8.75089281159357,18,3
6bba_05b6850b,25,2000,2064,2065,8.75089281159357,8.75089281159357,0.0,1,1,1,1.6541840742348093,0.2841585576534271,0.992062509059906,2.0,17,0,0,0,0,0,1,,,,,,,,
6bba_05b6850b,25,2015,2081,2082,6.894291116568838,6.894291116568838,0.0,1,1,1,0.0,0.4084263741970062,0.0,2.0,3,1,0,0,0,0,1,,,,,,,,
6bba_05b6850b,26,2031,2087,2097,8.285906709588275,9.192388155425117,2.2980970388562794,-1,1,1,,,0.9919812679290771,1.1314829081786701,1,0,0,0,0,0,0,2019,0.5121921896934509,0.0,1,1,8.285906709588275,4,26
6bba_05b6850b,26,2056,2121,2119,8.75089281159357,8.75089281159357,0.0,-1,1,1,,,0.9865900278091431,2.0,37,0,0,0,0,0,0,2058,0.604133129119873,0.0,1,1,8.75089281159357,4,19
6bba_05b6850b,26,2058,2119,2121,8.75089281159357,8.75089281159357,0.0,-1,1,1,,,0.604133129119873,2.0,33,0,0,0,0,0,0,2056,0.9865900278091431,0.0,1,1,8.75089281159357,19,4
6bba_05b6850b,26,2081,2146,2145,6.894291116568838,6.894291116568838,0.0,-1,1,1,,,0.7228988409042358,2.0,25,1,0,0,0,0,0,2082,0.7396389842033386,0.0,1,1,6.894291116568838,26,0
6bba_05b6850b,26,2082,2145,2146,6.894291116568838,6.894291116568838,0.0,-1,1,1,,,0.7396389842033386,2.0,2,1,0,0,0,0,0,2081,0.7228988409042358,0.0,1,0,6.894291116568838,0,26
6bba_05b6850b,28,2168,2232,2229,7.960841664045329,13.978778558944269,6.080193253507654,1,1,1,-1.81839205192896,0.2725674510002136,0.9722651243209839,0.2678788880706561,4,0,0,1,0,1,1,,,,,,,,
6bba_05b6850b,28,2173,2231,2235,7.083210783253595,8.75089281159357,2.2980970388562794,-1,1,1,,,0.8692206740379333,1.0201378816543585,4,0,0,0,0,0,0,2170,0.8305990099906921,3.9804208320226646,1,1,10.900831390311474,28,20
6bba_05b6850b,28,2182,2249,2244,7.44668550430324,10.277402395547233,3.6336104634371584,-1,1,1,,,0.9874076843261719,0.6882623085101004,35,0,0,0,0,0,0,2184,0.7611547112464905,3.9804208320226646,1,1,8.75089281159357,6,21
6bba_05b6850b,28,2187,2254,2250,6.894291116568838,9.334914300624297,2.8145825622994254,-1,1,1,,,0.9228419065475464,0.8404082057734575,70,0,0,0,0,0,0,2190,0.9655882716178894,3.9804208320226646,1,1,10.531203634912773,28,28
6bba_05b6850b,28,2190,2255,2254,7.083210783253595,10.405076885828379,3.9804208320226646,-1,1,1,,,0.9655882716178894,0.5608989993749811,14,0,0,0,0,0,0,2191,0.9322209358215332,3.9804208320226646,1,1,10.405076885828379,2,28
6bba_05b6850b,28,2207,2272,2271,4.596194077712559,4.596194077712559,0.0,-1,0,1,,,0.6340389251708984,2.0,23,1,0,0,0,0,0,2208,0.5702779293060303,3.6336104634371584,1,1,8.125,28,2
6bba_05b6850b,28,2208,2271,2272,8.125,4.596194077712559,3.6336104634371584,-1,1,0,,,0.5702779293060303,0.7639320225002104,0,1,0,0,0,0,0,2207,0.6340389251708984,0.0,1,1,8.125,2,28
6bba_05b6850b,29,2231,2299,2297,8.75089281159357,8.75089281159357,0.0,-1,1,1,,,0.82547527551651,2.0,33,0,0,0,0,0,0,2235,0.9236697554588318,0.0,1,1,8.75089281159357,21,29
6bba_05b6850b,29,2235,2297,2299,8.75089281159357,8.75089281159357,0.0,-1,1,1,,,0.9236697554588318,2.0,3,0,0,0,0,0,0,2231,0.82547527551651,0.0,1,1,8.75089281159357,29,21
6bba_05b6850b,29,2239,2305,2303,8.285906709588275,8.285906709588275,0.0,-1,1,1,,,0.9167366623878479,2.0,69,0,0,1,0,1,0,2240,0.8731040954589844,2.2980970388562794,1,1,9.475296829123613,20,20
6bba_05b6850b,29,2244,2311,2308,8.75089281159357,8.285906709588275,1.625,-1,1,1,,,0.9807645678520203,1.3735478846950708,34,0,0,0,0,0,0,2249,0.5294713973999023,1.625,1,1,10.277402395547233,7,22
6bba_05b6850b,32,2402,2470,2465,7.960841664045329,7.960841664045329,0.0,-1,1,1,,,0.8464483022689819,2.0,13,0,0,0,0,0,0,2408,0.9461727738380432,0.0,1,1,7.960841664045329,32,32
6bba_05b6850b,32,2408,2465,2470,7.960841664045329,7.960841664045329,0.0,-1,1,1,,,0.9461727738380432,2.0,66,0,0,0,0,0,0,2402,0.8464483022689819,0.0,1,1,7.960841664045329,32,32
6bba_05b6850b,32,2422,2488,2485,8.75089281159357,6.080193253507654,2.8145825622994254,-1,0,1,,,0.7271451950073242,1.0265570687555672,30,1,0,0,0,0,0,2424,0.8727415204048157,0.0,1,1,8.75089281159357,24,32
6bba_05b6850b,32,2424,2485,2488,6.080193253507654,6.080193253507654,0.0,-1,1,0,,,0.8727415204048157,2.0,0,1,0,0,0,0,0,2422,0.7271451950073242,2.8145825622994254,1,1,8.75089281159357,32,24
6bba_05b6850b,32,2428,2496,2494,7.621925609713073,7.621925609713073,0.0,-1,1,1,,,0.9083095192909241,2.0,66,0,0,1,0,1,0,2430,0.8780422210693359,1.625,1,1,7.083210783253595,23,23
6bba_05b6850b,32,2429,2491,2495,8.75089281159357,10.65583760199075,2.2980970388562794,-1,0,1,,,0.8549115061759949,1.1680336139460876,30,0,0,0,0,0,0,2427,0.8590742945671082,2.2980970388562794,1,1,10.900831390311474,32,2
6bba_05b6850b,32,2430,2494,2496,7.083210783253595,7.621925609713073,1.625,-1,1,1,,,0.8780422210693359,1.253578012546517,66,0,0,0,0,0,0,2428,0.9083095192909241,0.0,1,1,7.083210783253595,23,23
6bba_05b6850b,32,2442,2507,2508,8.285906709588275,10.531203634912773,3.9804208320226646,-1,1,1,,,0.9514276385307312,0.7020008006406406,10,0,0,0,0,0,0,2443,0.9093341827392578,2.2980970388562794,1,1,10.017172754824587,6,32
6bba_05b6850b,33,2466,2531,2532,5.859020822628983,5.859020822628983,0.0,-1,1,1,,,0.9336447715759277,2.0,65,1,0,0,0,0,0,2465,0.0,8.75089281159357,1,1,14.534441853748634,33,9
6bba_05b6850b,33,2478,2544,2542,8.285906709588275,8.285906709588275,0.0,-1,1,0,,,0.9706746339797974,2.0,0,0,0,0,0,0,0,2479,0.8609182238578796,2.8145825622994254,1,1,10.405076885828379,3,24
6bba_05b6850b,33,2494,2554,2551,7.083210783253595,7.621925609713073,1.625,-1,1,1,,,0.929347574710846,1.253578012546517,65,0,0,1,0,1,0,2496,0.636122465133667,1.625,1,1,7.621925609713073,24,24
6bba_05b6850b,33,2496,2551,2554,8.443747686898277,7.621925609713073,1.625,-1,1,1,,,0.636122465133667,1.3544380888143643,65,0,0,0,0,0,0,2494,0.929347574710846,1.625,1,1,7.621925609713073,24,24
6bba_05b6850b,33,2508,2568,2567,8.285906709588275,8.125,1.625,-1,1,1,,,0.9694424867630005,1.3441568778251545,9,0,0,0,0,0,0,2507,0.8353500962257385,2.2980970388562794,1,1,10.531203634912773,7,33
6bba_05b6850b,33,2521,2587,2581,8.75089281159357,8.75089281159357,0.0,-1,1,1,,,0.8660841584205627,2.0,9,0,0,0,0,0,0,2527,0.7123485803604126,1.625,1,0,9.75,0,9
6bba_05b6850b,36,2658,2717,2716,8.900491559458949,7.960841664045329,2.2980970388562794,-1,1,1,,,0.9171676635742188,1.1791476153693095,21,0,0,1,0,1,0,2660,0.8234559893608093,1.625,1,1,10.405076885828379,36,36
6bba_05b6850b,36,2670,2728,2726,7.083210783253595,7.083210783253595,0.0,-1,1,1,,,0.9457380175590515,2.0,62,0,0,1,0,1,0,2672,0.8969524502754211,0.0,1,1,7.083210783253595,27,27
6bba_05b6850b,36,2672,2726,2728,7.083210783253595,7.083210783253595,0.0,-1,1,1,,,0.8969524502754211,2.0,62,0,0,0,0,0,0,2670,0.9457380175590515,0.0,1,1,7.083210783253595,27,27
6bba_05b6850b,36,2696,2753,2750,6.080193253507654,8.75089281159357,2.8145825622994254,1,1,1,6.66521078172728,0.5342046022415161,0.9178096055984497,0.734276109669869,30,1,0,0,0,0,1,,,,,,,,
6bba_05b6850b,36,2696,2755,2750,6.700046641628698,8.900491559458949,2.8145825622994254,0,1,1,3.0407709366090447,0.2531811594963074,0.9178096055984497,0.8167347347020429,62,1,0,0,0,0,1,,,,,,,,
6bba_05b6850b,36,2701,2753,2756,5.3895152843275245,7.621925609713073,3.6336104634371584,1,1,1,0.33891605433225624,0.5342046022415161,0.7944489121437073,0.3892010086028913,30,1,0,0,0,0,1,,,,,,,,
6bba_05b6850b,36,2701,2755,2756,6.894291116568838,10.405076885828379,3.6336104634371584,0,1,1,4.129364967920255,0.2531811594963074,0.7944489121437073,0.619436005998419,62,1,0,0,0,0,1,,,,,,,,
6bba_05b6850b,37,2711,2761,2768,7.083210783253595,7.960841664045329,2.8145825622994254,1,1,1,0.3250650455429458,0.08693353831768036,0.9865877032279968,0.8625413911823128,61,0,0,0,0,0,1,,,,,,,,
6bba_05b6850b,37,2712,2769,2772,6.080193253507654,10.405076885828379,5.859020822628983,-1,1,1,,,0.844535231590271,0.03704974707183404,20,0,0,0,0,0,0,2710,0.0,6.080193253507654,1,1,11.490485194281398,37,37
6bba_05b6850b,37,2713,2771,2770,8.75089281159357,9.475296829123613,3.6336104634371584,1,1,1,2.3548817409572305,0.29281505942344666,0.9915736317634583,0.8264009035346175,18,0,0,0,0,0,1,,,,,,,,
6bba_05b6850b,37,2717,2774,2776,8.75089281159357,10.017172754824587,1.625,-1,1,1,,,0.8599311709403992,1.3735478846950708,61,0,0,0,0,0,0,2716,0.8424105644226074,1.625,1,1,7.960841664045329,37,37
6bba_05b6850b,37,2726,2789,2790,8.125,8.285906709588275,2.8145825622994254,-1,1,1,,,0.927560031414032,0.9708629022101117,61,0,0,1,0,1,0,2728,0.9102973937988281,2.2980970388562794,1,1,7.083210783253595,28,28
6bba_05b6850b,37,2728,2790,2789,7.267220926874317,8.285906709588275,2.2980970388562794,-1,1,1,,,0.9102973937988281,1.0389877065918314,61,0,0,0,0,0,0,2726,0.927560031414032,2.8145825622994254,1,1,7.083210783253595,28,28
6bba_05b6850b,37,2740,2802,2804,8.75089281159357,13.101168840985142,4.596194077712559,-1,1,1,,,0.9453179836273193,0.6225626263375589,5,0,0,0,0,0,0,2739,0.9581145644187927,2.2980970388562794,1,1,10.405076885828379,11,37
6bba_05b6850b,37,2750,2824,2817,8.443747686898277,11.941262496067994,4.875,-1,1,1,,,0.9494192600250244,0.5358983848622454,61,0,0,0,0,0,0,2755,0.5251774787902832,1.625,1,0,8.900491559458949,0,37
6bba_05b6850b,37,2751,2818,2819,4.875,9.613629647536875,5.138701197773616,1,1,1,2.1044119977210904,0.3484169542789459,0.9964290261268616,0.052668077979447996,3,0,0,1,0,1,1,,,,,,,,
6bba_05b6850b,37,2752,2828,2821,8.285906709588275,10.405076885828379,3.6336104634371584,-1,1,1,,,0.8456798791885376,0.7806182379064038,5,0,0,0,0,0,0,2760,0.799269437789917,1.625,1,1,9.334914300624297,4,13
6bba_05b6850b,37,2753,2824,2822,7.621925609713073,7.960841664045329,2.2980970388562794,-1,1,1,,,0.8621354103088379,1.07335008385784,61,0,0,0,0,0,0,2755,0.5251774787902832,1.625,1,0,6.700046641628698,0,0
6bba_05b6850b,37,2755,2822,2824,6.700046641628698,7.960841664045329,1.625,-1,1,1,,,0.5251774787902832,1.2192235935955846,29,0,0,0,0,0,0,2753,0.8621354103088379,2.2980970388562794,1,0,6.700046641628698,0,0
6bba_05b6850b,37,2756,2822,2825,5.629165124598851,7.960841664045329,3.25,-1,1,1,,,0.5786400437355042,0.5358983848622454,29,0,0,0,0,0,0,2753,0.8621354103088379,2.2980970388562794,1,0,7.621925609713073,0,37
6bba_05b6850b,37,2757,2827,2826,7.267220926874317,9.192388155425117,3.25,-1,1,1,,,0.4865131676197052,0.7639320225002104,35,0,0,0,0,0,0,2758,0.705258309841156,3.6336104634371584,1,1,10.405076885828379,37,37
6bba_05b6850b,38,2766,2839,2832,8.285906709588275,10.531203634912773,3.25,-1,1,1,,,0.7921515107154846,0.8730838132389873,38,0,0,0,0,0,0,2770,0.9710118174552917,2.2980970388562794,1,1,9.75,38,14
6bba_05b6850b,38,2768,2834,2836,4.875,8.285906709588275,3.6336104634371584,-1,1,1,,,0.9577509164810181,0.29179606750063086,60,0,0,0,0,0,0,2761,0.5763779282569885,3.6336104634371584,1,0,7.960841664045329,0,38
6bba_05b6850b,38,2772,2837,2840,7.621925609713073,9.75,2.2980970388562794,-1,1,1,,,0.8452207446098328,1.07335008385784,19,0,0,0,0,0,0,2769,0.9628388285636902,2.8145825622994254,1,1,10.405076885828379,38,38
6bba_05b6850b,38,2774,2842,2843,6.894291116568838,10.900831390311474,4.875,1,1,1,1.7908243330368396,0.13033582270145416,0.861126720905304,0.3431457505076198,3,0,0,1,0,1,1,,,,,,,,
6bba_05b6850b,38,2789,2857,2855,8.285906709588275,8.285906709588275,0.0,-1,1,1,,,0.8323904871940613,2.0,60,0,0,0,0,0,0,2790,0.9120020866394043,0.0,1,1,8.285906709588275,29,29
6bba_05b6850b,38,2790,2855,2857,8.285906709588275,8.285906709588275,0.0,-1,1,1,,,0.9120020866394043,2.0,60,0,0,1,0,1,0,2789,0.8323904871940613,0.0,1,1,8.285906709588275,29,29
6bba_05b6850b,38,2801,2864,2867,8.285906709588275,9.334914300624297,1.625,-1,1,1,,,0.7237964868545532,1.3441568778251545,60,0,0,0,0,0,0,2797,0.9659134745597839,0.0,1,1,8.285906709588275,28,16
6bba_05b6850b,38,2822,2888,2886,7.960841664045329,8.75089281159357,1.625,-1,1,1,,,0.9474291801452637,1.3219166112058511,60,0,0,0,0,0,0,2824,0.9118977785110474,0.0,1,1,7.960841664045329,1,1
6bba_05b6850b,38,2822,2889,2886,8.75089281159357,7.960841664045329,1.625,-1,1,1,,,0.9474291801452637,1.3735478846950708,13,0,0,0,0,0,0,2825,0.5211142301559448,1.625,1,1,7.960841664045329,38,1
6bba_05b6850b,38,2824,2886,2888,8.75089281159357,8.75089281159357,0.0,-1,1,1,,,0.9118977785110474,2.0,28,0,0,0,0,0,0,2822,0.9474291801452637,1.625,1,1,7.960841664045329,1,1
6bba_05b6850b,38,2825,2886,2889,7.44668550430324,7.960841664045329,1.625,-1,1,1,,,0.5211142301559448,1.2834848610088319,28,0,0,0,0,0,0,2822,0.9474291801452637,1.625,1,1,7.960841664045329,1,38
6bba_05b6850b,39,2830,7379,2894,8.257011006766312,10.539556306856502,2.2980970388562794,-1,1,1,,,0.9851410388946533,1.1291052525760379,59,0,0,0,0,0,0,2831,,4.511755511543851,1,1,12.691655723348314,39,39
6bba_05b6850b,39,2831,2895,7379,5.859020822628983,10.256514989485998,4.511755511543851,-1,1,1,,,,0.2598195675372434,14,0,0,0,0,0,0,2832,0.6995620727539062,2.2980970388562794,1,1,8.125,15,39
6bba_05b6850b,39,2834,2897,2899,8.125,9.613629647536875,2.2980970388562794,-1,1,1,,,0.8313050866127014,1.1180751631538304,20,0,0,0,0,0,0,2836,0.9433571100234985,1.625,1,1,8.285906709588275,39,1
6bba_05b6850b,39,2855,2919,2918,8.125,8.285906709588275,1.625,-1,1,1,,,0.9281887412071228,1.3333333333333333,59,0,0,0,0,0,0,2857,0.9486873149871826,1.625,1,1,8.285906709588275,30,30
6bba_05b6850b,39,2857,2918,2919,8.75089281159357,8.285906709588275,1.625,-1,1,1,,,0.9486873149871826,1.3735478846950708,59,0,0,1,0,1,0,2855,0.9281887412071228,1.625,1,1,8.285906709588275,30,30
6bba_05b6850b,39,2886,2954,2951,7.960841664045329,8.75089281159357,1.625,-1,1,1,,,0.9817360639572144,1.3219166112058511,12,0,0,0,0,0,0,2889,0.7459772229194641,0.0,1,1,7.960841664045329,39,2
6bba_05b6850b,39,2888,2951,2953,7.960841664045329,8.75089281159357,1.625,-1,1,1,,,0.9376960396766663,1.3219166112058511,27,0,0,0,0,0,0,2886,0.9817360639572144,1.625,1,1,8.75089281159357,2,2
6bba_05b6850b,39,2889,2951,2954,8.75089281159357,8.75089281159357,0.0,-1,1,1,,,0.7459772229194641,2.0,27,0,0,0,0,0,0,2886,0.9817360639572144,1.625,1,1,7.960841664045329,2,39
6bba_05b6850b,40,2894,2961,2960,6.894291116568838,6.894291116568838,0.0,-1,1,1,,,0.949943482875824,2.0,58,1,0,0,0,0,0,7379,,3.74935967956967,1,1,10.539556306856502,40,40
6bba_05b6850b,40,2918,2984,2983,8.285906709588275,9.613629647536875,3.6336104634371584,-1,1,1,,,0.9015332460403442,0.7806182379064038,58,0,0,0,0,0,0,2919,0.9185298681259155,0.0,1,1,8.285906709588275,31,31
6bba_05b6850b,40,2921,2988,2986,7.44668550430324,6.894291116568838,1.625,1,1,1,2.006200442890111,0.3187563717365265,0.9600064158439636,1.2834848610088319,26,1,0,0,0,0,1,,,,,,,,
6bba_05b6850b,40,2951,3022,3018,8.75089281159357,7.960841664045329,1.625,-1,1,1,,,0.9793165326118469,1.3735478846950708,11,0,0,0,0,0,0,2954,0.6865664124488831,0.0,1,1,8.75089281159357,40,3
6bba_05b6850b,40,2954,3018,3022,7.960841664045329,7.960841664045329,0.0,-1,1,1,,,0.6865664124488831,2.0,26,0,0,0,0,0,0,2951,0.9793165326118469,1.625,1,1,8.75089281159357,3,40
6bba_05b6850b,41,2960,3029,3028,6.894291116568838,6.894291116568838,0.0,-1,1,1,,,0.8471319675445557,2.0,57,1,0,0,0,0,0,2961,0.821464478969574,0.0,1,1,6.894291116568838,41,41
6bba_05b6850b,41,2961,3028,3029,6.894291116568838,6.894291116568838,0.0,-1,1,1,,,0.821464478969574,2.0,4,1,0,0,0,0,0,2960,0.8471319675445557,0.0,1,1,6.894291116568838,41,41
6bba_05b6850b,41,2968,3037,3035,7.44668550430324,7.44668550430324,0.0,-1,1,1,,,0.927628219127655,2.0,14,0,0,0,0,0,0,2970,0.8323457837104797,2.2980970388562794,1,1,9.613629647536875,3,41
6bba_05b6850b,41,2971,3038,3040,8.900491559458949,8.900491559458949,2.2980970388562794,0,1,0,,0.12371010333299637,0.9498757123947144,1.1791476153693095,0,0,0,1,0,1,1,,,,,,,,
6bba_05b6850b,41,2973,3044,3042,8.75089281159357,6.080193253507654,2.8145825622994254,-1,1,1,,,0.8058805465698242,1.0265570687555672,16,1,0,1,0,1,0,2974,0.8976170420646667,3.9804208320226646,1,1,9.613629647536875,41,41
6bba_05b6850b,41,2974,3042,3044,7.267220926874317,6.080193253507654,3.9804208320226646,-1,1,1,,,0.8976170420646667,0.5844425285419079,57,1,0,0,0,0,0,2973,0.8058805465698242,2.8145825622994254,1,1,9.613629647536875,41,41
6bba_05b6850b,41,2983,3054,3053,8.125,8.285906709588275,1.625,-1,1,1,,,0.7321155071258545,1.3333333333333333,57,0,0,0,0,0,0,2984,0.7607367038726807,2.2980970388562794,1,1,9.613629647536875,32,32
6bba_05b6850b,41,2986,3057,3055,8.443747686898277,8.900491559458949,1.625,-1,1,1,,,0.9656401872634888,1.3544380888143643,25,0,0,0,0,0,0,2988,0.6096264123916626,1.625,1,0,6.894291116568838,0,34
6bba_05b6850b,41,2988,3055,3057,7.44668550430324,8.900491559458949,1.625,-1,1,1,,,0.6096264123916626,1.2834848610088319,18,0,0,0,0,0,0,2986,0.9656401872634888,1.625,1,1,6.894291116568838,34,0
6bba_05b6850b,41,3018,3090,3086,6.080193253507654,7.44668550430324,1.625,-1,1,1,,,0.9757591485977173,1.1564131117618641,10,0,0,0,0,0,0,3022,0.6544417142868042,2.2980970388562794,1,1,7.960841664045329,41,4
6bba_05b6850b,42,3028,3095,3094,6.894291116568838,9.192388155425117,2.2980970388562794,-1,1,1,,,0.9266879558563232,1.0,56,0,0,0,0,0,0,3029,0.8821367621421814,0.0,1,1,6.894291116568838,42,42
6bba_05b6850b,42,3035,3107,3104,3.9804208320226646,3.9804208320226646,0.0,-1,1,1,,,0.8223025798797607,2.0,13,1,0,0,0,0,0,3037,0.6744754910469055,3.6336104634371584,1,1,7.44668550430324,4,42
6bba_05b6850b,42,3037,3104,3107,7.44668550430324,3.9804208320226646,3.6336104634371584,-1,1,1,,,0.6744754910469055,0.6882623085101004,34,1,0,0,0,0,0,3035,0.8223025798797607,0.0,1,1,7.44668550430324,42,4
6bba_05b6850b,42,3037,3099,3107,8.285906709588275,10.405076885828379,3.6336104634371584,1,1,1,-1.6541840742348093,0.2663138508796692,0.6744754910469055,0.7806182379064038,3,0,0,0,0,0,1,,,,,,,,
6bba_05b6850b,42,3040,3112,3108,8.285906709588275,7.44668550430324,1.625,-1,1,1,,,0.9595116376876831,1.3441568778251545,17,0,0,1,0,1,0,3043,0.8863162994384766,1.625,1,0,7.44668550430324,0,42
6bba_05b6850b,42,3042,3115,3111,6.700046641628698,6.080193253507654,1.625,-1,1,1,,,0.8605906367301941,1.2192235935955846,15,1,0,1,0,1,0,3044,0.8944387435913086,1.625,1,1,6.080193253507654,42,42
6bba_05b6850b,42,3043,3108,3112,6.894291116568838,7.44668550430324,1.625,-1,1,1,,,0.8863162994384766,1.2370257206778155,56,0,0,0,0,0,0,3040,0.9595116376876831,1.625,1,1,7.44668550430324,42,0
6bba_05b6850b,42,3044,3111,3115,5.859020822628983,6.080193253507654,1.625,-1,1,1,,,0.8944387435913086,1.1314829081786704,56,1,0,0,0,0,0,3042,0.8605906367301941,1.625,1,1,6.080193253507654,42,42
6bba_05b6850b,42,3053,3124,3122,8.75089281159357,8.75089281159357,2.2980970388562794,-1,1,1,,,0.7418530583381653,1.1680336139460876,56,0,0,0,0,0,0,3054,0.9268389344215393,1.625,1,1,8.285906709588275,33,33
6bba_05b6850b,42,3054,3122,3124,8.285906709588275,8.75089281159357,1.625,-1,1,1,,,0.9268389344215393,1.3441568778251545,56,0,0,1,0,1,0,3053,0.7418530583381653,2.2980970388562794,1,1,8.285906709588275,33,33
6bba_05b6850b,42,3055,3128,3125,7.44668550430324,7.44668550430324,0.0,-1,1,1,,,0.9642359614372253,2.0,24,0,0,0,0,0,0,3057,0.8561505675315857,1.625,1,1,8.900491559458949,1,35
6bba_05b6850b,42,3057,3125,3128,8.900491559458949,7.44668550430324,1.625,-1,1,1,,,0.8561505675315857,1.3824516448204605,17,0,0,0,0,0,0,3055,0.9642359614372253,0.0,1,1,8.900491559458949,35,1
6bba_05b6850b,42,3086,3163,3160,8.900491559458949,8.900491559458949,0.0,-1,1,1,,,0.968090832233429,2.0,9,0,0,0,0,0,0,3090,0.7854774594306946,1.625,1,1,7.44668550430324,42,5
6bba_05b6850b,42,3090,3160,3163,7.44668550430324,8.900491559458949,1.625,-1,1,1,,,0.7854774594306946,1.2834848610088319,24,0,0,0,0,0,0,3086,0.968090832233429,0.0,1,1,7.44668550430324,5,42
6bba_05b6850b,42,3092,3159,3165,8.285906709588275,8.285906709588275,0.0,1,0,1,,0.04804117605090141,0.8063833713531494,2.0,56,0,0,0,0,0,1,,,,,,,,
6bba_05b6850b,43,3094,3168,3172,6.894291116568838,10.531203634912773,3.9804208320226646,-1,1,1,,,0.8746654987335205,0.5358983848622453,55,0,0,0,0,0,0,3095,0.9044365882873535,2.2980970388562794,1,1,9.192388155425117,43,43
6bba_05b6850b,43,3099,3175,3171,4.875,8.75089281159357,3.9804208320226646,-1,1,1,,,0.6093548536300659,0.20204102886728756,12,0,0,0,0,0,0,3107,0.0,6.080193253507654,1,1,10.405076885828379,5,0
6bba_05b6850b,43,3100,3174,3173,7.267220926874317,10.900831390311474,3.6336104634371584,-1,1,1,,,0.894171953201294,0.6666666666666666,55,0,0,0,0,0,0,3101,0.877892255783081,3.9804208320226646,1,1,11.02128622257856,5,43
6bba_05b6850b,43,3104,3175,3177,7.621925609713073,9.75,2.2980970388562794,-1,1,1,,,0.7052445411682129,1.07335008385784,12,0,0,0,0,0,0,3107,0.0,6.080193253507654,1,1,3.9804208320226646,5,43
6bba_05b6850b,43,3106,3176,3178,8.75089281159357,8.75089281159357,0.0,-1,1,1,,,0.6354483962059021,2.0,14,0,0,0,0,0,0,3102,0.9346964359283447,1.625,1,1,9.75,43,43
6bba_05b6850b,43,3107,3177,3175,6.080193253507654,9.75,6.080193253507654,-1,1,1,,,0.0,0.0,33,0,0,0,0,0,0,3104,0.7052445411682129,2.2980970388562794,1,1,3.9804208320226646,43,5
6bba_05b6850b,43,3108,3182,3180,8.285906709588275,8.285906709588275,2.2980970388562794,-1,1,1,,,0.9014096260070801,1.1314829081786701,16,0,0,1,0,1,0,3112,0.8685006499290466,4.875,1,1,7.44668550430324,1,43
6bba_05b6850b,43,3111,3183,3185,6.080193253507654,8.285906709588275,2.2980970388562794,-1,1,1,,,0.8647410273551941,0.9028324592902729,14,0,0,1,0,1,0,3115,0.9046809673309326,3.25,1,1,6.080193253507654,43,43
6bba_05b6850b,43,3112,3180,3182,8.75089281159357,8.285906709588275,4.875,-1,1,1,,,0.8685006499290466,0.5689011157192977,55,0,0,0,0,0,0,3108,0.9014096260070801,2.2980970388562794,1,1,7.44668550430324,43,1
6bba_05b6850b,43,3113,3184,3186,4.875,7.621925609713073,2.8145825622994254,1,1,1,0.0,0.34919512271881104,0.968946635723114,0.5358983848622455,19,0,0,0,0,0,1,,,,,,,,
6bba_05b6850b,43,3115,3185,3183,8.285906709588275,8.285906709588275,3.25,-1,1,1,,,0.9046809673309326,0.8730838132389873,55,0,0,0,0,0,0,3111,0.8647410273551941,2.2980970388562794,1,1,6.080193253507654,43,43
6bba_05b6850b,43,3122,3195,3196,7.083210783253595,8.75089281159357,3.9804208320226646,-1,1,1,,,0.5186435580253601,0.5608989993749811,55,0,0,0,0,0,0,3124,0.8058204650878906,2.2980970388562794,1,1,8.75089281159357,34,34
6bba_05b6850b,43,3125,3198,3193,5.859020822628983,10.531203634912773,4.875,-1,1,1,,,0.9474711418151855,0.18334617360803215,23,0,0,0,0,0,0,3128,0.8645254373550415,2.2980970388562794,1,1,7.44668550430324,2,36
6bba_05b6850b,43,3151,3228,3225,6.894291116568838,8.900491559458949,2.2980970388562794,1,1,1,-0.14959874786537952,0.30485105514526367,0.8769633769989014,1.0,33,0,0,0,0,0,1,,,,,,,,
6bba_05b6850b,45,3251,3321,3325,6.080193253507654,7.621925609713073,2.2980970388562794,-1,1,0,,,0.7345149517059326,0.9028324592902729,0,0,0,0,0,0,0,3248,0.7666575312614441,2.2980970388562794,1,1,8.285906709588275,2,7
6bba_05b6850b,45,3253,3327,3326,8.285906709588275,7.083210783253595,1.625,-1,1,1,,,0.8641321659088135,1.3441568778251545,12,0,0,0,0,0,0,3254,0.8098162412643433,1.625,1,1,9.334914300624297,45,45
6bba_05b6850b,45,3254,3326,3327,8.285906709588275,7.083210783253595,1.625,-1,1,1,,,0.8098162412643433,1.3441568778251545,12,0,0,0,0,0,0,3253,0.8641321659088135,1.625,1,1,9.334914300624297,45,45
6bba_05b6850b,45,3255,3325,3328,8.75089281159357,8.75089281159357,0.0,-1,1,1,,,0.9397009611129761,2.0,10,0,0,0,0,0,0,3251,0.7345149517059326,2.2980970388562794,1,1,10.405076885828379,7,45
6bba_05b6850b,45,3257,3331,3330,8.285906709588275,8.285906709588275,0.0,-1,1,1,,,0.9460580945014954,2.0,14,0,0,1,0,1,0,3260,0.9078297019004822,1.625,1,1,8.443747686898277,3,45
6bba_05b6850b,45,3259,3339,3334,7.267220926874317,7.621925609713073,3.9804208320226646,1,1,1,2.783151276115306,0.5438199639320374,0.0,0.5844425285419079,7,0,0,0,0,0,1,,,,,,,,
6bba_05b6850b,45,3260,3330,3331,8.443747686898277,8.285906709588275,1.625,-1,1,1,,,0.9078297019004822,1.3544380888143643,53,0,0,0,0,0,0,3257,0.9460580945014954,0.0,1,1,8.443747686898277,45,3
6bba_05b6850b,45,3264,3339,3338,7.44668550430324,8.285906709588275,1.625,1,1,1,1.1893901195353376,0.5438199639320374,0.9211061596870422,1.2834848610088319,7,0,0,1,0,1,1,,,,,,,,
6bba_05b6850b,45,3265,3335,3336,8.75089281159357,10.531203634912773,2.8145825622994254,-1,1,1,,,0.9281664490699768,1.0265570687555672,17,0,0,0,0,0,0,3262,0.8656160235404968,1.625,1,1,7.621925609713073,1,36
6bba_05b6850b,45,3271,3349,3347,8.900491559458949,10.405076885828379,2.8145825622994254,-1,1,1,,,0.9678329825401306,1.0389877065918316,21,0,0,0,0,0,0,7381,,1.8301840822211721,1,1,10.051371438034414,4,38
6bba_05b6850b,45,3295,3372,3369,3.9804208320226646,3.9804208320226646,0.0,-1,1,1,,,0.5790877938270569,2.0,25,1,0,0,0,0,0,3298,0.5554172396659851,2.8145825622994254,1,1,6.700046641628698,45,45
6bba_05b6850b,45,3298,3369,3372,6.700046641628698,3.9804208320226646,2.8145825622994254,-1,1,1,,,0.5554172396659851,0.8167347347020429,18,1,0,0,0,0,0,3295,0.5790877938270569,0.0,1,1,6.700046641628698,45,45
6bba_05b6850b,45,3298,3373,3372,8.75089281159357,11.02128622257856,2.8145825622994254,-1,1,1,,,0.5554172396659851,1.0265570687555672,31,0,0,0,0,0,0,3299,0.9071754813194275,0.0,1,1,8.75089281159357,1,45
6bba_05b6850b,45,3305,3382,3377,7.44668550430324,8.75089281159357,2.2980970388562794,1,1,1,0.9991071884064304,0.18841038644313812,0.9794033169746399,1.0566861687562399,10,1,0,0,0,0,1,,,,,,,,
6bba_05b6850b,45,3309,3382,3386,3.9804208320226646,6.080193253507654,2.2980970388562794,1,1,1,1.0030175297459403,0.18841038644313812,0.7197202444076538,0.5358983848622455,10,1,0,0,0,0,1,,,,,,,,
6bba_05b6850b,46,3326,3401,3398,8.285906709588275,10.900831390311474,2.8145825622994254,-1,1,1,,,0.9195683598518372,0.985780718899505,11,0,0,0,0,0,0,3327,0.8463761210441589,1.625,1,1,7.083210783253595,46,46
6bba_05b6850b,46,3328,3399,3400,8.75089281159357,10.531203634912773,2.8145825622994254,-1,1,1,,,0.9510821104049683,1.0265570687555672,9,0,0,0,0,0,0,3325,0.8418223261833191,0.0,1,1,8.75089281159357,8,46
6bba_05b6850b,46,3330,3403,3407,8.443747686898277,8.443747686898277,0.0,-1,1,1,,,0.9365788698196411,2.0,13,0,0,1,0,1,0,3331,0.8917787075042725,1.625,1,1,8.285906709588275,4,46
6bba_05b6850b,46,3331,3407,3403,8.285906709588275,8.443747686898277,1.625,-1,1,1,,,0.8917787075042725,1.3441568778251545,52,0,0,0,0,0,0,3330,0.9365788698196411,0.0,1,1,8.285906709588275,46,4
6bba_05b6850b,46,3334,3416,3409,8.75089281159357,10.405076885828379,2.2980970388562794,-1,1,1,,,0.8041980862617493,1.1680336139460876,6,0,0,0,0,0,0,3339,0.9325551986694336,1.625,1,0,7.621925609713073,0,46
6bba_05b6850b,46,3338,3416,3412,8.75089281159357,9.475296829123613,1.625,-1,1,1,,,0.8845723867416382,1.3735478846950708,6,0,0,1,0,1,0,3339,0.9325551986694336,1.625,1,0,8.285906709588275,0,46
6bba_05b6850b,46,3339,3412,3416,8.75089281159357,9.475296829123613,1.625,-1,1,1,,,0.9325551986694336,1.3735478846950708,52,0,0,0,0,0,0,3338,0.8845723867416382,1.625,1,1,8.285906709588275,46,0
6bba_05b6850b,46,3369,3449,3445,3.9804208320226646,8.285906709588275,5.138701197773616,-1,1,1,,,0.5939562320709229,0.2540333075851662,24,0,0,0,0,0,0,3372,0.5308043956756592,4.596194077712559,1,1,3.9804208320226646,46,46
6bba_05b6850b,46,3372,3445,3449,8.900491559458949,8.285906709588275,4.596194077712559,-1,1,1,,,0.5308043956756592,0.6378302936673332,17,0,0,0,0,0,0,3369,0.5939562320709229,5.138701197773616,1,1,3.9804208320226646,46,46
6bba_05b6850b,46,3377,3459,3455,8.75089281159357,9.75,1.625,-1,1,1,,,0.9814159870147705,1.3735478846950708,9,0,0,0,0,0,0,3382,0.7525675892829895,0.0,1,0,8.75089281159357,0,9
6bba_05b6850b,46,3382,3464,3459,7.083210783253595,7.083210783253595,0.0,-1,1,1,,,0.7525675892829895,2.0,5,0,0,0,0,0,0,3386,0.6620827913284302,1.625,1,1,6.080193253507654,46,0
6bba_05b6850b,46,3386,3459,3464,6.080193253507654,7.083210783253595,1.625,-1,1,1,,,0.6620827913284302,1.1564131117618641,9,0,0,0,0,0,0,3382,0.7525675892829895,0.0,1,0,6.080193253507654,0,46
6bba_05b6850b,47,3403,3482,3479,8.900491559458949,9.613629647536875,1.625,-1,1,1,,,0.890116274356842,1.3824516448204605,51,0,0,0,0,0,0,3407,0.9268597364425659,1.625,1,1,8.443747686898277,47,5
6bba_05b6850b,47,3407,3479,3482,8.900491559458949,9.613629647536875,1.625,-1,1,1,,,0.9268597364425659,1.3824516448204605,12,0,0,1,0,1,0,3403,0.890116274356842,1.625,1,1,8.443747686898277,5,47
6bba_05b6850b,47,3412,3489,3487,7.960841664045329,6.080193253507654,2.2980970388562794,-1,1,1,,,0.9041378498077393,1.1039630490408165,5,1,0,1,0,1,0,3416,0.8469521403312683,2.2980970388562794,1,1,9.475296829123613,1,47
6bba_05b6850b,47,3413,3481,3485,7.621925609713073,7.960841664045329,2.2980970388562794,1,1,1,1.5144551650782834,0.37543725967407227,0.9149565696716309,1.07335008385784,51,0,0,0,0,0,1,,,,,,,,
6bba_05b6850b,47,3416,3487,3489,7.621925609713073,6.080193253507654,2.2980970388562794,-1,1,1,,,0.8469521403312683,1.07335008385784,51,1,0,0,0,0,0,3412,0.9041378498077393,2.2980970388562794,1,1,9.475296829123613,47,1
6bba_05b6850b,47,3449,3519,3525,8.75089281159357,10.531203634912773,3.6336104634371584,-1,1,1,,,0.9382468461990356,0.8264009035346175,16,0,0,0,0,0,0,3445,0.8926246762275696,1.625,1,1,8.285906709588275,47,47
6bba_05b6850b,47,3450,3531,3526,8.285906709588275,8.285906709588275,0.0,1,1,1,2.3699308924024756,0.23828494548797607,0.9878036975860596,2.0,40,0,0,1,0,1,1,,,,,,,,
6bba_05b6850b,47,3455,3535,3529,7.083210783253595,9.334914300624297,2.2980970388562794,-1,1,1,,,0.9557847380638123,1.0201378816543585,8,0,0,0,0,0,0,3459,0.8332718014717102,2.8145825622994254,1,1,9.75,1,10
6bba_05b6850b,47,3459,3541,3535,7.083210783253595,7.960841664045329,2.8145825622994254,-1,1,1,,,0.8332718014717102,0.8625413911823128,4,0,0,0,0,0,0,3464,0.6747316718101501,0.0,1,1,7.083210783253595,47,1
6bba_05b6850b,47,3461,3534,3537,8.75089281159357,11.02128622257856,3.6336104634371584,-1,1,1,,,0.9655848145484924,0.8264009035346175,51,0,0,0,0,0,0,3457,0.9306817650794983,1.625,1,1,10.017172754824587,47,20
6bba_05b6850b,47,3464,3535,3541,7.960841664045329,7.960841664045329,0.0,-1,1,1,,,0.6747316718101501,2.0,8,0,0,0,0,0,0,3459,0.8332718014717102,2.8145825622994254,1,1,7.083210783253595,1,47
6bba_05b6850b,48,3467,3548,3545,8.285906709588275,8.443747686898277,1.625,1,1,1,-0.15784097731000202,0.39631137251853943,0.7556241750717163,1.3441568778251545,50,1,0,0,0,0,1,,,,,,,,
6bba_05b6850b,48,3471,3545,3549,8.900491559458949,9.613629647536875,1.625,-1,1,1,,,0.9651679992675781,1.3824516448204605,2,0,0,0,0,0,0,3467,0.7556241750717163,1.625,1,0,10.405076885828379,0,48
6bba_05b6850b,48,3475,3548,3553,2.8145825622994254,3.9804208320226646,1.625,1,1,1,-0.3468103685855062,0.39631137251853943,0.7690917253494263,0.5358983848622454,50,1,0,1,0,1,1,,,,,,,,
6bba_05b6850b,48,3479,3558,3557,7.44668550430324,8.900491559458949,1.625,-1,1,1,,,0.8995527029037476,1.2834848610088319,50,0,0,0,0,0,0,3482,0.9350149035453796,2.2980970388562794,1,1,9.613629647536875,48,6
6bba_05b6850b,48,3481,3565,3560,8.75089281159357,9.475296829123613,1.625,-1,1,1,,,0.768679141998291,1.3735478846950708,14,0,0,0,0,0,0,3485,0.9046460390090942,1.625,1,1,7.960841664045329,10,0
6bba_05b6850b,48,3485,3560,3565,8.75089281159357,9.475296829123613,1.625,-1,1,1,,,0.9046460390090942,1.3735478846950708,50,0,0,0,0,0,0,3481,0.768679141998291,1.625,1,0,7.960841664045329,0,10
6bba_05b6850b,48,3487,3567,3564,8.285906709588275,7.960841664045329,2.2980970388562794,-1,1,1,,,0.8559378981590271,1.1314829081786701,4,0,0,1,0,1,0,3489,0.8417397141456604,2.2980970388562794,1,1,6.080193253507654,2,48
6bba_05b6850b,48,3489,3564,3567,6.080193253507654,7.960841664045329,2.2980970388562794,-1,1,1,,,0.8417397141456604,0.9028324592902729,50,0,0,0,0,0,0,3487,0.8559378981590271,2.2980970388562794,1,1,6.080193253507654,48,2
6bba_05b6850b,48,3493,3569,3571,8.75089281159357,8.75089281159357,0.0,-1,0,1,,,0.7016605138778687,2.0,50,0,0,0,0,0,0,3491,0.8875342607498169,2.2980970388562794,1,1,10.405076885828379,48,6
6bba_05b6850b,48,3510,3581,3589,8.285906709588275,9.613629647536875,1.625,-1,1,1,,,0.7481318712234497,1.3441568778251545,1,0,0,0,0,0,0,3502,0.7298982739448547,1.625,1,1,9.613629647536875,4,4
6bba_05b6850b,48,3522,3604,3601,8.285906709588275,7.44668550430324,1.625,-1,1,1,,,0.890748143196106,1.3441568778251545,28,0,0,0,0,0,0,3527,0.0,2.2980970388562794,1,1,9.75,4,48
6bba_05b6850b,48,3526,3608,3602,7.960841664045329,10.65583760199075,2.8145825622994254,-1,1,1,,,0.9624256491661072,0.9551845001450344,39,0,0,1,0,1,0,3531,0.7514227628707886,2.2980970388562794,1,0,8.285906709588275,0,48
6bba_05b6850b,48,3527,3601,3604,8.75089281159357,7.44668550430324,2.2980970388562794,-1,1,1,,,0.0,1.1680336139460876,19,0,0,0,0,0,0,3522,0.890748143196106,1.625,1,1,9.75,48,4
6bba_05b6850b,48,3535,3617,3613,7.960841664045329,7.960841664045329,0.0,-1,1,1,,,0.8970664143562317,2.0,3,0,0,0,0,0,0,3541,0.496379554271698,0.0,1,1,7.960841664045329,48,2
6bba_05b6850b,48,3541,3613,3617,7.960841664045329,7.960841664045329,0.0,-1,1,1,,,0.496379554271698,2.0,7,0,0,0,0,0,0,3535,0.8970664143562317,0.0,1,1,7.960841664045329,2,48
6bba_05b6850b,49,3545,3626,3627,8.443747686898277,8.285906709588275,1.625,-1,1,1,,,0.6843718886375427,1.3544380888143643,49,1,0,0,0,0,0,3548,0.5506708025932312,0.0,1,0,8.443747686898277,0,1
6bba_05b6850b,49,3548,3625,3626,3.6336104634371584,3.6336104634371584,0.0,-1,1,1,,,0.5506708025932312,2.0,6,1,0,0,0,0,0,3553,0.5766089558601379,1.625,1,1,3.9804208320226646,49,0
6bba_05b6850b,49,3548,3627,3626,8.285906709588275,8.285906709588275,0.0,-1,1,1,,,0.5506708025932312,2.0,1,0,0,0,0,0,0,3545,0.6843718886375427,1.625,1,1,8.443747686898277,1,0
6bba_05b6850b,49,3553,3626,3625,3.9804208320226646,3.6336104634371584,1.625,-1,1,1,,,0.5766089558601379,0.8404082057734575,49,1,0,1,0,1,0,3548,0.5506708025932312,0.0,1,0,3.9804208320226646,0,49
6bba_05b6850b,49,3564,7382,3642,8.684567513863099,8.929218423550145,2.2980970388562794,-1,1,1,,,0.899823009967804,1.163009294210937,8,0,0,1,0,1,0,3561,,1.2955839366938584,1,1,9.334914300624297,49,49
6bba_05b6850b,49,3566,3644,3639,7.44668550430324,10.531203634912773,3.6336104634371584,0,1,1,1.0736175614693586,0.15570104122161865,0.8499213457107544,0.6882623085101004,6,0,0,0,0,0,1,,,,,,,,
6bba_05b6850b,49,3566,3645,3639,6.080193253507654,8.443747686898277,3.6336104634371584,1,1,1,3.497514809169717,0.3889182209968567,0.8499213457107544,0.5037332154041085,18,0,0,0,0,0,1,,,,,,,,
6bba_05b6850b,49,3567,3642,3643,6.080193253507654,7.44668550430324,1.625,-1,1,1,,,0.6350933909416199,1.1564131117618641,49,0,0,0,0,0,0,3564,0.899823009967804,2.2980970388562794,1,1,7.960841664045329,49,3
6bba_05b6850b,49,3567,7382,3643,8.27485509590465,9.171591227487788,1.625,-1,1,1,,,0.6350933909416199,1.3434247332883786,8,0,0,0,0,0,0,3561,,1.2955839366938584,1,1,8.75089281159357,49,3
6bba_05b6850b,49,3587,3666,3665,8.900491559458949,10.779030568655049,2.2980970388562794,-1,1,1,,,0.8501625061035156,1.1791476153693095,6,0,0,0,0,0,0,3588,0.7430112957954407,1.625,1,1,10.405076885828379,2,11
6bba_05b6850b,49,3590,3669,3668,7.44668550430324,11.02128622257856,3.6336104634371584,1,1,1,2.1802761849548755,0.3890458047389984,0.9153935313224792,0.6882623085101004,8,0,0,0,0,0,1,,,,,,,,
6bba_05b6850b,49,3601,3681,3678,7.44668550430324,9.613629647536875,2.2980970388562794,-1,1,1,,,0.9768820405006409,1.0566861687562399,27,0,0,0,0,0,0,3604,0.7413067817687988,0.0,1,1,7.44668550430324,5,49
6bba_05b6850b,49,3606,3693,3686,8.285906709588275,9.334914300624297,1.625,-1,1,1,,,0.9429835081100464,1.3441568778251545,6,0,0,0,0,0,0,3613,0.8651185035705566,2.2980970388562794,1,1,10.531203634912773,3,12
6bba_05b6850b,49,3609,3685,3688,5.859020822628983,5.138701197773616,1.625,1,1,1,-1.505090734336458,0.18460707366466522,0.6284278631210327,1.1314829081786704,10,1,0,1,0,1,1,,,,,,,,
6bba_05b6850b,49,3613,3698,3693,6.700046641628698,8.75089281159357,2.2980970388562794,-1,1,1,,,0.8651185035705566,0.9784128280412532,2,0,0,0,0,0,0,3617,0.7334557175636292,1.625,1,1,7.960841664045329,49,3
6bba_05b6850b,49,3613,3697,3693,8.75089281159357,8.443747686898277,2.2980970388562794,1,1,1,1.9613291989301018,0.15258201956748962,0.8651185035705566,1.1680336139460876,14,0,0,0,0,0,1,,,,,,,,
6bba_05b6850b,49,3616,3697,3696,8.75089281159357,8.75089281159357,0.0,1,1,1,2.1499385787179044,0.15258201956748962,0.8784006834030151,2.0,14,0,0,0,0,0,1,,,,,,,,
6bba_05b6850b,50,3625,3709,3708,3.6336104634371584,3.6336104634371584,0.0,-1,1,1,,,0.5825545787811279,2.0,48,1,0,1,0,1,0,3626,0.5463124513626099,0.0,1,1,3.6336104634371584,1,50
6bba_05b6850b,50,3626,3708,3709,3.6336104634371584,3.6336104634371584,0.0,-1,1,1,,,0.5463124513626099,2.0,5,1,0,0,0,0,0,3625,0.5825545787811279,0.0,1,1,3.6336104634371584,50,1
6bba_05b6850b,50,3626,3710,3709,8.285906709588275,8.285906709588275,0.0,-1,1,0,,,0.5463124513626099,2.0,0,0,0,0,0,0,0,3627,0.6544690728187561,0.0,1,1,8.285906709588275,2,1
6bba_05b6850b,50,3627,3709,3710,8.285906709588275,8.285906709588275,0.0,-1,0,1,,,0.6544690728187561,2.0,48,1,0,0,0,0,0,3626,0.5463124513626099,0.0,1,1,8.285906709588275,1,2
6bba_05b6850b,50,3630,3707,3713,5.629165124598851,6.080193253507654,2.2980970388562794,1,1,1,0.6198533881210437,0.3369491696357727,0.7866572141647339,0.8404082057734575,9,1,0,0,0,0,1,,,,,,,,
6bba_05b6850b,50,3641,3722,3725,8.75089281159357,9.613629647536875,2.2980970388562794,-1,1,1,,,0.8605959415435791,1.1680336139460876,48,0,0,0,0,0,0,3635,0.9627411365509033,2.2980970388562794,1,1,10.65583760199075,2,12
6bba_05b6850b,50,3642,3729,3727,7.44668550430324,7.44668550430324,0.0,-1,1,1,,,0.9210261702537537,2.0,2,0,0,1,0,1,0,3643,0.7031006217002869,0.0,1,1,7.44668550430324,4,50
6bba_05b6850b,50,3643,3727,3729,7.44668550430324,7.44668550430324,0.0,-1,1,1,,,0.7031006217002869,2.0,48,0,0,0,0,0,0,3642,0.9210261702537537,0.0,1,1,7.44668550430324,50,4
6bba_05b6850b,50,3661,3748,3743,8.900491559458949,8.75089281159357,1.625,-1,1,1,,,0.9858814477920532,1.3824516448204605,2,0,0,0,0,0,0,3659,0.5074010491371155,7.083210783253595,1,1,11.830178570080843,16,50
6bba_05b6850b,50,3682,3769,3763,7.621925609713073,9.475296829123613,2.2980970388562794,-1,1,1,,,0.9759155511856079,1.07335008385784,37,0,0,1,0,1,0,3687,0.8726117610931396,2.2980970388562794,1,1,9.475296829123613,2,50
6bba_05b6850b,50,3685,3770,3768,5.138701197773616,3.6336104634371584,1.625,-1,1,1,,,0.5747073888778687,1.0389877065918314,2,1,0,0,0,0,0,3688,0.5708529949188232,0.0,1,1,5.138701197773616,46,0
6bba_05b6850b,50,3688,3768,3770,3.6336104634371584,3.6336104634371584,0.0,-1,1,1,,,0.5708529949188232,2.0,9,1,0,1,0,1,0,3685,0.5747073888778687,1.625,1,0,5.138701197773616,0,46
6bba_05b6850b,50,3689,3775,3771,8.125,6.894291116568838,1.625,1,1,1,0.0,0.07266487926244736,0.9375706911087036,1.3333333333333333,9,1,0,0,0,0,1,,,,,,,,
6bba_05b6850b,50,3693,3778,3774,8.443747686898277,10.405076885828379,2.2980970388562794,-1,1,1,,,0.9108011722564697,1.1442449234640744,13,0,0,0,0,0,0,3697,0.8236444592475891,0.0,1,0,8.443747686898277,0,4
6bba_05b6850b,50,3693,3780,3774,8.75089281159357,7.083210783253595,2.2980970388562794,-1,1,1,,,0.9108011722564697,1.1680336139460876,1,0,0,0,0,0,0,3698,0.812297523021698,0.0,1,1,8.75089281159357,50,4
6bba_05b6850b,50,3696,3778,3777,8.75089281159357,10.900831390311474,2.2980970388562794,-1,1,1,,,0.9217386841773987,1.1680336139460876,13,0,0,0,0,0,0,3697,0.8236444592475891,0.0,1,0,8.75089281159357,0,13
6bba_05b6850b,50,3698,3774,3780,7.083210783253595,7.083210783253595,0.0,-1,1,1,,,0.812297523021698,2.0,5,0,0,0,0,0,0,3693,0.9108011722564697,2.2980970388562794,1,1,8.75089281159357,4,50
6bba_05b6850b,50,7382,3727,3719,8.929218423550145,9.475296829123613,1.3701930342500495,-1,1,1,,,,1.4678557935609642,48,0,0,0,0,0,0,3642,0.9210261702537537,0.0,1,1,8.929218423550145,50,50
6bba_05b6850b,53,3870,3960,3959,7.960841664045329,11.830178570080843,5.859020822628983,1,1,1,-0.8088923475022831,0.5765514373779297,0.0,0.3041739153979296,6,0,0,0,0,0,1,,,,,,,,
6bba_05b6850b,53,3871,3956,3955,8.285906709588275,10.900831390311474,5.3895152843275245,1,1,1,0.9293471797693691,0.5007575750350952,0.9640539288520813,0.4235907932565966,37,0,0,0,0,0,1,,,,,,,,
6bba_05b6850b,53,3873,3951,7394,6.700046641628698,6.174200661702376,1.033143349105293,-1,1,1,,,,1.4656056037194385,2,1,0,0,0,0,0,3878,0.0,3.9804208320226646,1,1,6.700046641628698,15,2
6bba_05b6850b,53,3873,3957,7394,6.700046641628698,7.561891522487879,1.033143349105293,-1,1,1,,,,1.4656056037194385,2,1,0,0,0,0,0,3874,0.5851989388465881,5.138701197773616,1,1,11.375,53,2
6bba_05b6850b,53,3874,3953,3957,1.625,5.3895152843275245,5.138701197773616,-1,1,1,,,0.5851989388465881,1.0389877065918314,45,1,0,1,0,1,0,3875,0.5228397250175476,3.25,1,1,3.6336104634371584,4,53
6bba_05b6850b,53,3875,3957,3953,8.443747686898277,5.3895152843275245,3.25,-1,1,1,,,0.5228397250175476,0.8882948094933455,2,1,0,0,0,0,0,3874,0.5851989388465881,5.138701197773616,1,1,3.6336104634371584,53,4
6bba_05b6850b,53,3876,3954,3962,6.700046641628698,9.613629647536875,5.138701197773616,-1,1,1,,,0.8946081399917603,0.26376867976840146,45,0,0,0,0,0,0,3877,0.9372679591178894,2.2980970388562794,1,1,8.75089281159357,15,53
6bba_05b6850b,53,3878,7394,3951,6.774655873874367,6.174200661702376,3.9804208320226646,-1,1,1,,,0.0,0.5196122944096934,6,1,0,0,0,0,0,3873,,1.033143349105293,1,1,6.700046641628698,2,15
6bba_05b6850b,53,3878,3961,3951,5.859020822628983,7.44668550430324,3.9804208320226646,1,1,1,1.4538060551557095,0.41091081500053406,0.0,0.38185093352694466,2,0,0,0,0,0,1,,,,,,,,
6bba_05b6850b,53,3880,3950,3964,8.75089281159357,9.613629647536875,2.2980970388562794,-1,1,0,,,0.8860874176025391,1.1680336139460876,0,0,0,0,0,0,0,3872,0.6764292120933533,3.25,1,1,8.125,29,53
6bba_05b6850b,53,3880,3961,3964,7.44668550430324,8.125,2.2980970388562794,1,1,1,0.0,0.41091081500053406,0.8860874176025391,1.0566861687562399,2,0,0,0,0,0,1,,,,,,,,
6bba_05b6850b,53,3882,3959,3967,8.900491559458949,10.900831390311474,7.44668550430324,-1,1,1,,,0.9770346879959106,0.1778663128789927,4,0,0,0,0,0,0,3870,0.0,5.859020822628983,1,1,11.604821196382131,53,11
6bba_05b6850b,53,3886,3975,3973,6.894291116568838,8.285906709588275,4.596194077712559,-1,1,1,,,0.6719391942024231,0.39999999999999997,2,0,0,0,0,0,0,3893,0.7143079042434692,3.9804208320226646,1,1,10.531203634912773,3,45
6bba_05b6850b,53,3887,3974,7383,8.900491559458949,8.602327858995162,1.0908666626575616,-1,1,1,,,,1.5632759276940513,9,0,0,0,0,0,0,3889,0.8091498017311096,2.8145825622994254,1,1,7.44668550430324,15,5
6bba_05b6850b,53,3889,7383,3974,6.899384702592118,8.602327858995162,2.8145825622994254,-1,1,1,,,0.8091498017311096,0.841016245763167,45,0,0,0,0,0,0,3887,,1.0908666626575616,1,1,7.44668550430324,5,15
6bba_05b6850b,53,3894,3973,3980,6.700046641628698,10.405076885828379,4.596194077712559,-1,1,1,,,0.8382164835929871,0.37248720458195517,9,0,0,0,0,0,0,3886,0.6719391942024231,4.596194077712559,1,1,10.405076885828379,45,3
6bba_05b6850b,53,3903,3996,3987,8.900491559458949,13.498263777241872,5.3895152843275245,-1,1,1,,,0.7695426344871521,0.49138902640316845,2,0,0,0,0,0,0,3906,0.6661362648010254,5.138701197773616,1,1,11.490485194281398,53,53
6bba_05b6850b,53,3908,3997,4002,8.443747686898277,13.101168840985142,6.080193253507654,-1,1,1,,,0.9447893500328064,0.32547012454659063,45,0,0,0,0,0,0,3907,0.9472174644470215,3.6336104634371584,1,1,11.02128622257856,43,31
6bba_05b6850b,53,3910,3992,3999,8.900491559458949,10.017172754824587,5.138701197773616,1,1,1,1.587648441557544,0.1434241682291031,0.7912383079528809,0.5358983848622454,11,0,0,0,0,0,1,,,,,,,,
6bba_05b6850b,53,3911,3995,4004,8.285906709588275,12.691655723348314,5.3895152843275245,1,1,1,0.40951311763682874,0.3616209626197815,0.9830204844474792,0.4235907932565966,4,0,0,0,0,0,1,,,,,,,,
6bba_05b6850b,53,3919,4015,4012,8.75089281159357,12.160386507015309,6.700046641628698,-1,1,1,,,0.9521207809448242,0.26546556294182755,45,0,0,0,0,0,0,3927,0.9678473472595215,4.875,1,1,12.795262795269194,53,43
6bba_05b6850b,53,3922,4016,4010,7.267220926874317,11.02128622257856,3.9804208320226646,-1,1,1,,,0.9711506366729736,0.5844425285419079,23,0,0,0,0,0,0,3926,0.621036171913147,8.285906709588275,1,1,14.715000849473302,9,53
6bba_05b6850b,53,3923,4007,4019,8.125,12.795262795269194,4.875,1,1,1,1.088743290871795,0.3196832835674286,0.9580153226852417,0.5,4,0,0,0,0,0,1,,,,,,,,
6bba_05b6850b,53,3924,4011,4006,8.900491559458949,10.405076885828379,7.44668550430324,1,1,1,0.0,0.32226765155792236,0.8957482576370239,0.1778663128789927,4,0,0,0,0,0,1,,,,,,,,
6bba_05b6850b,53,3925,4014,4023,6.894291116568838,11.490485194281398,6.080193253507654,0,1,1,0.0,0.3409450650215149,0.6166961193084717,0.12549213361245648,6,0,0,0,0,0,1,,,,,,,,
6bba_05b6850b,53,3925,4022,4023,7.621925609713073,7.267220926874317,6.080193253507654,1,1,1,3.3886166751164337,0.46373674273490906,0.6166961193084717,0.225035612607878,6,0,0,0,0,0,1,,,,,,,,
6bba_05b6850b,53,3927,4017,4015,5.3895152843275245,8.900491559458949,4.875,-1,1,1,,,0.9678473472595215,0.10025125786760085,34,0,0,1,0,0,0,3931,0.8834861516952515,6.894291116568838,1,1,8.75089281159357,5,53
6bba_05b6850b,53,3930,4025,4024,8.125,9.884489111734608,2.2980970388562794,-1,1,1,,,0.9453141093254089,1.1180751631538304,2,0,0,0,0,0,0,3936,0.8082581758499146,5.3895152843275245,1,1,11.02128622257856,7,16
6bba_05b6850b,53,3933,4034,4031,8.285906709588275,4.596194077712559,3.9804208320226646,-1,1,1,,,0.7074119448661804,0.7020008006406406,6,1,0,1,0,1,0,3938,0.5654320120811462,2.2980970388562794,1,1,6.894291116568838,2,10
6bba_05b6850b,53,3933,4022,4031,6.894291116568838,8.900491559458949,3.9804208320226646,1,1,1,-3.7617903616853328,0.46373674273490906,0.7074119448661804,0.5358983848622453,6,0,0,1,0,1,1,,,,,,,,
6bba_05b6850b,53,3935,4026,4029,8.285906709588275,8.285906709588275,7.267220926874317,-1,1,1,,,0.5677857995033264,0.13099433201149352,6,0,0,0,0,0,0,3932,0.5212101936340332,3.9804208320226646,1,1,11.941262496067994,3,29
6bba_05b6850b,53,3938,4031,4034,3.9804208320226646,4.596194077712559,2.2980970388562794,-1,1,1,,,0.5654320120811462,0.5358983848622455,45,1,0,0,0,0,0,3933,0.7074119448661804,3.9804208320226646,1,1,6.894291116568838,10,2
6bba_05b6850b,53,3940,4032,4035,7.44668550430324,10.405076885828379,3.25,-1,1,1,,,0.9655265808105469,0.7846702611972517,45,0,0,0,0,0,0,3937,0.9801098108291626,3.25,1,1,10.405076885828379,53,26
6bba_05b6850b,53,3945,4038,4033,7.267220926874317,8.285906709588275,3.9804208320226646,-1,1,1,,,0.9722805619239807,0.5844425285419079,19,0,0,0,0,0,0,3946,0.487797349691391,6.5,1,1,11.718041645257966,53,53
6bba_05b6850b,55,4044,4146,4138,7.44668550430324,7.44668550430324,0.0,-1,0,0,,,0.6168768405914307,2.0,0,0,0,0,0,0,0,4052,0.7426674365997314,1.625,1,1,8.900491559458949,1,17
6bba_05b6850b,55,4044,4140,4138,3.6336104634371584,3.6336104634371584,0.0,-1,0,1,,,0.6168768405914307,2.0,4,1,0,0,0,0,0,7395,,1.7902274593547771,1,1,4.96203030815871,4,17
6bba_05b6850b,55,4046,4139,4141,6.700046641628698,5.138701197773616,1.625,-1,1,0,,,0.567182183265686,1.2192235935955846,0,1,0,1,0,1,0,4050,0.4956967234611511,1.625,1,1,6.894291116568838,55,6
6bba_05b6850b,55,4048,4136,4144,8.900491559458949,10.779030568655049,2.2980970388562794,-1,1,1,,,0.9174620509147644,1.1791476153693095,2,0,0,0,0,0,0,4041,0.8378089070320129,2.2980970388562794,1,1,11.02128622257856,55,1
6bba_05b6850b,55,4050,4140,4139,8.443747686898277,8.285906709588275,1.625,-1,0,1,,,0.4956967234611511,1.3544380888143643,4,1,0,0,0,0,0,7395,,1.7902274593547771,1,1,7.088608699644014,4,55
6bba_05b6850b,55,4050,4141,4139,5.3895152843275245,5.138701197773616,1.625,-1,0,1,,,0.4956967234611511,1.07335008385784,43,1,0,0,0,0,0,4046,0.567182183265686,1.625,1,1,6.894291116568838,6,55
6bba_05b6850b,55,4052,4138,4146,8.900491559458949,7.44668550430324,1.625,-1,0,0,,,0.7426674365997314,1.3824516448204605,0,1,0,0,0,0,0,4044,0.6168768405914307,0.0,1,1,8.900491559458949,17,1
6bba_05b6850b,55,4057,4146,4150,8.285906709588275,9.192388155425117,2.2980970388562794,-1,1,0,,,0.8624661564826965,1.1314829081786701,0,0,0,0,0,0,0,4052,0.7426674365997314,1.625,1,1,8.125,1,55
6bba_05b6850b,55,4066,4156,4160,8.75089281159357,8.75089281159357,0.0,-1,1,1,,,0.8776107430458069,2.0,43,0,0,0,0,0,0,4064,0.7981115579605103,1.625,1,1,10.277402395547233,7,17
6bba_05b6850b,55,4069,4162,4158,8.443747686898277,8.900491559458949,1.625,-1,1,0,,,0.80942702293396,1.3544380888143643,0,0,0,0,0,0,0,4068,0.5417634844779968,2.2980970388562794,1,1,9.884489111734608,5,47
6bba_05b6850b,55,4077,4168,4172,8.900491559458949,10.017172754824587,2.2980970388562794,-1,1,1,,,0.8750088810920715,1.1791476153693095,43,0,0,0,0,0,0,4074,0.9140278100967407,2.2980970388562794,1,1,8.285906709588275,1,22
6bba_05b6850b,55,4090,4187,4182,7.083210783253595,7.083210783253595,0.0,-1,0,1,,,0.6778581142425537,2.0,43,0,0,0,0,0,0,4095,0.8564334511756897,1.625,1,1,8.285906709588275,55,55
6bba_05b6850b,55,4095,4182,4187,8.285906709588275,7.083210783253595,1.625,-1,1,0,,,0.8564334511756897,1.3441568778251545,0,0,0,0,0,0,0,4090,0.6778581142425537,0.0,1,1,8.285906709588275,55,55
6bba_05b6850b,55,4104,4199,4196,8.900491559458949,7.960841664045329,2.2980970388562794,-1,1,1,,,0.9646276235580444,1.1791476153693095,2,0,0,0,0,0,0,4106,0.84501051902771,1.625,1,1,10.405076885828379,1,55
6bba_05b6850b,55,4109,4202,4203,6.700046641628698,7.267220926874317,1.625,-1,1,1,,,0.9625980854034424,1.2192235935955846,32,0,0,0,0,0,0,4112,0.9176045060157776,2.8145825622994254,1,1,8.900491559458949,7,55
6bba_05b6850b,55,4117,4211,4212,8.443747686898277,8.285906709588275,1.625,-1,1,0,,,0.9280049800872803,1.3544380888143643,0,0,0,0,0,0,0,4118,0.6828712224960327,2.8145825622994254,1,1,9.75,9,18
6bba_05b6850b,55,4120,4219,4208,7.267220926874317,11.02128622257856,3.9804208320226646,-1,1,1,,,0.6571115851402283,0.5844425285419079,43,1,0,0,0,0,0,4123,0.8393996357917786,2.2980970388562794,1,1,5.138701197773616,12,1
6bba_05b6850b,55,4123,4208,4219,8.900491559458949,11.02128622257856,2.2980970388562794,-1,1,1,,,0.8393996357917786,1.1791476153693095,4,0,0,1,0,1,0,4120,0.6571115851402283,3.9804208320226646,1,1,5.138701197773616,1,12
6bba_05b6850b,55,4123,4226,4219,6.700046641628698,5.859020822628983,2.2980970388562794,-1,1,1,,,0.8393996357917786,0.9784128280412532,4,1,0,1,0,1,0,4133,0.8164994716644287,0.0,1,1,6.700046641628698,4,12
6bba_05b6850b,55,4126,4215,4216,8.285906709588275,9.192388155425117,2.2980970388562794,-1,1,1,,,0.8086187839508057,1.1314829081786701,4,0,0,0,0,0,0,4119,0.6805071830749512,5.138701197773616,1,1,9.475296829123613,5,31
6bba_05b6850b,55,4133,4219,4226,5.859020822628983,5.859020822628983,0.0,-1,1,1,,,0.8164994716644287,2.0,43,1,0,0,0,0,0,4123,0.8393996357917786,2.2980970388562794,1,1,6.700046641628698,12,4
6bba_05b6850b,55,7395,4139,4140,6.72136739191563,8.285906709588275,1.7902274593547771,-1,1,0,,,,1.1586876534248691,0,1,0,0,0,0,0,4050,0.4956967234611511,1.625,1,1,7.088608699644014,55,4
6bba_05b6850b,55,7395,4138,4140,4.96203030815871,3.6336104634371584,1.7902274593547771,-1,1,0,,,,0.9394791958518331,0,1,0,0,0,0,0,4044,0.6168768405914307,0.0,1,1,4.96203030815871,17,4
6bba_05b6850b,56,4143,4229,4237,7.960841664045329,6.080193253507654,2.2980970388562794,-1,1,1,,,0.745223343372345,1.1039630490408165,42,1,0,0,0,0,0,4135,0.5863977074623108,5.138701197773616,1,1,12.795262795269194,46,56
6bba_05b6850b,56,4144,4230,4236,6.700046641628698,6.080193253507654,1.625,-1,1,1,,,0.9407705068588257,1.2192235935955846,1,1,0,0,0,0,0,4136,0.8093887567520142,4.875,1,1,10.779030568655049,56,2
6bba_05b6850b,56,4147,4235,4239,8.125,6.894291116568838,1.625,-1,1,1,,,0.9428378939628601,1.3333333333333333,42,1,0,0,0,0,0,4142,0.8776988983154297,3.25,1,1,10.900831390311474,18,56
6bba_05b6850b,56,4156,4250,4247,8.285906709588275,13.788582233137676,6.080193253507654,-1,1,1,,,0.5683610439300537,0.30707199055369566,6,0,0,0,0,0,0,4160,0.7551310658454895,1.625,1,1,8.75089281159357,18,8
6bba_05b6850b,56,4156,4244,4247,8.75089281159357,10.900831390311474,6.080193253507654,-1,1,1,,,0.5683610439300537,0.36014888543736423,3,0,0,0,0,0,0,4148,0.9202789068222046,3.25,1,1,11.375,2,8
6bba_05b6850b,56,4166,4260,4257,8.125,6.700046641628698,2.2980970388562794,-1,1,1,,,0.7512069940567017,1.1180751631538304,6,1,0,0,0,0,0,4173,0.6309792399406433,2.2980970388562794,1,1,9.884489111734608,56,56
6bba_05b6850b,56,4173,4257,4260,8.75089281159357,6.700046641628698,2.2980970388562794,-1,1,1,,,0.6309792399406433,1.1680336139460876,42,1,0,0,0,0,0,4166,0.7512069940567017,2.2980970388562794,1,1,9.884489111734608,56,56
6bba_05b6850b,56,4191,4273,4279,6.080193253507654,8.285906709588275,2.2980970388562794,1,1,1,1.7312660452363122,0.5538038015365601,0.707787811756134,0.9028324592902729,42,0,0,0,0,0,1,,,,,,,,
6bba_05b6850b,56,4196,4286,4281,8.75089281159357,10.017172754824587,1.625,-1,1,1,,,0.9784590005874634,1.3735478846950708,1,0,0,0,0,0,0,4199,0.8916965126991272,1.625,1,1,7.960841664045329,2,56
6bba_05b6850b,56,4202,4287,4291,7.44668550430324,7.960841664045329,1.625,-1,1,1,,,0.9008065462112427,1.2834848610088319,42,0,0,0,0,0,0,4203,0.9361847639083862,1.625,1,1,7.267220926874317,56,8
6bba_05b6850b,56,4203,4291,4287,7.44668550430324,7.960841664045329,1.625,-1,1,1,,,0.9361847639083862,1.2834848610088319,31,0,0,0,0,0,0,4202,0.9008065462112427,1.625,1,1,7.267220926874317,8,56
6bba_05b6850b,56,4208,4302,4296,8.900491559458949,5.138701197773616,3.9804208320226646,-1,1,1,,,0.6425463557243347,0.7639320225002102,42,2,0,0,0,0,0,4219,0.8049563765525818,2.2980970388562794,1,1,11.02128622257856,13,2
6bba_05b6850b,56,4216,4299,4305,8.75089281159357,9.475296829123613,1.625,-1,1,1,,,0.7723323106765747,1.3735478846950708,3,0,0,0,0,0,0,4215,0.5179140567779541,3.6336104634371584,1,1,9.192388155425117,6,32
6bba_05b6850b,56,4219,4313,4302,6.080193253507654,6.894291116568838,2.2980970388562794,-1,1,1,,,0.8049563765525818,0.9028324592902729,3,1,0,1,0,1,0,4226,0.8328320384025574,1.625,1,1,5.859020822628983,5,13
6bba_05b6850b,56,4219,4296,4302,7.267220926874317,5.138701197773616,2.2980970388562794,-1,1,1,,,0.8049563765525818,1.0389877065918314,3,1,0,1,0,1,0,4208,0.6425463557243347,3.9804208320226646,1,1,11.02128622257856,2,13
6bba_05b6850b,56,4221,4312,4306,8.285906709588275,9.884489111734608,1.625,-1,1,1,,,0.9890987873077393,1.3441568778251545,16,0,0,0,0,0,0,4225,0.8657763004302979,1.625,1,1,9.884489111734608,56,56
6bba_05b6850b,56,4226,4302,4313,6.700046641628698,6.894291116568838,1.625,-1,1,1,,,0.8328320384025574,1.2192235935955846,42,2,0,0,0,0,0,4219,0.8049563765525818,2.2980970388562794,1,1,5.859020822628983,13,5
6bba_05b6850b,58,4318,4398,4399,8.125,7.267220926874317,1.625,1,1,1,0.0,0.3235120475292206,0.9873812198638916,1.3333333333333333,8,1,0,0,0,0,1,,,,,,,,
6bba_05b6850b,58,4324,4398,4404,6.080193253507654,6.700046641628698,1.625,1,1,1,-0.6198533881210437,0.3235120475292206,0.8974786996841431,1.1564131117618641,8,1,0,0,0,0,1,,,,,,,,
6bba_05b6850b,58,4325,4405,4407,3.6336104634371584,6.894291116568838,3.6336104634371584,-1,1,1,,,0.9650054574012756,0.0,40,1,0,0,0,0,0,4321,0.7221390604972839,3.6336104634371584,1,1,6.894291116568838,20,58
6bba_05b6850b,58,4331,4412,4410,8.125,10.531203634912773,2.8145825622994254,1,1,1,0.0,0.3552330434322357,0.900718092918396,0.9708629022101117,8,0,0,0,0,0,1,,,,,,,,
6bba_05b6850b,58,4332,4417,4419,7.083210783253595,8.75089281159357,8.900491559458949,-1,1,1,,,0.8340518474578857,0.22739171904485672,4,0,0,0,0,0,0,4337,0.7025392651557922,3.9804208320226646,1,1,8.75089281159357,20,58
6bba_05b6850b,58,4334,4413,4416,7.44668550430324,9.334914300624297,2.2980970388562794,-1,1,1,,,0.9806541800498962,1.0566861687562399,40,0,0,1,0,1,0,4335,0.8113121390342712,2.8145825622994254,1,1,8.285906709588275,49,58
6bba_05b6850b,58,4337,4411,4417,8.285906709588275,10.779030568655049,3.9804208320226646,-1,1,1,,,0.7025392651557922,0.7020008006406406,1,0,0,0,0,0,0,4330,0.9165977239608765,3.6336104634371584,1,1,9.334914300624297,4,20
6bba_05b6850b,58,4343,4427,4421,6.700046641628698,8.285906709588275,1.625,-1,1,1,,,0.6933814287185669,1.2192235935955846,4,0,0,0,0,0,0,4346,0.6307998299598694,0.0,1,1,6.700046641628698,58,58
6bba_05b6850b,58,4346,4421,4427,8.285906709588275,8.285906709588275,0.0,-1,1,1,,,0.6307998299598694,2.0,40,0,0,0,0,0,0,4343,0.6933814287185669,1.625,1,1,6.700046641628698,58,58
6bba_05b6850b,58,4351,4430,4431,8.443747686898277,12.481861840286488,4.596194077712559,-1,1,1,,,0.9705625176429749,0.5901182196423014,8,0,0,0,0,0,0,4348,0.8029722571372986,8.75089281159357,1,1,16.730398979103875,17,51
6bba_05b6850b,58,4352,4429,4432,8.285906709588275,9.884489111734608,1.625,-1,1,1,,,0.5791900157928467,1.3441568778251545,40,0,0,0,0,0,0,4347,0.8377975225448608,1.625,1,1,9.884489111734608,49,4
6bba_05b6850b,58,4358,4443,4436,7.267220926874317,9.613629647536875,2.8145825622994254,-1,1,1,,,0.9539090991020203,0.8833019547259215,19,0,0,0,0,0,0,4365,0.8844261765480042,3.9804208320226646,1,1,10.017172754824587,58,1
6bba_05b6850b,58,4363,4439,4440,8.75089281159357,10.405076885828379,2.2980970388562794,-1,1,1,,,0.9532968401908875,1.1680336139460876,5,0,0,0,0,0,0,4360,0.7163496613502502,4.596194077712559,1,1,13.101168840985142,36,58
6bba_05b6850b,58,4366,4446,4444,6.080193253507654,9.475296829123613,3.9804208320226646,-1,1,1,,,0.9135422110557556,0.41742430504415995,2,0,0,0,0,0,0,4369,0.8021589517593384,6.080193253507654,1,1,11.941262496067994,48,58
6bba_05b6850b,58,4373,4451,4449,4.875,8.900491559458949,4.875,-1,1,1,,,0.9707703590393066,0.0,29,0,0,0,0,0,0,4375,0.8303873538970947,3.9804208320226646,1,1,7.44668550430324,10,58
6bba_05b6850b,58,4377,4462,4453,8.285906709588275,10.900831390311474,5.859020822628983,-1,1,1,,,0.49900996685028076,0.34314575050761975,40,0,0,0,0,0,0,4383,0.8597074747085571,3.9804208320226646,1,1,11.490485194281398,21,14
6bba_05b6850b,58,4379,4464,4457,5.138701197773616,7.267220926874317,2.2980970388562794,-1,1,1,,,0.560562789440155,0.7639320225002103,40,1,0,0,0,0,0,4384,0.6701417565345764,0.0,1,1,5.138701197773616,15,4
6bba_05b6850b,58,4384,4457,4464,7.267220926874317,7.267220926874317,0.0,-1,1,1,,,0.6701417565345764,2.0,1,0,0,1,0,1,0,4379,0.560562789440155,2.2980970388562794,1,1,5.138701197773616,4,15
6bba_05b6850b,58,4384,4474,4464,6.894291116568838,6.894291116568838,0.0,-1,1,1,,,0.6701417565345764,2.0,1,1,0,1,0,1,0,4395,0.8371711373329163,0.0,1,1,6.894291116568838,7,15
6bba_05b6850b,58,4388,4473,4467,6.700046641628698,8.900491559458949,2.8145825622994254,-1,1,1,,,0.99601149559021,0.8167347347020429,14,0,0,0,0,0,0,4394,0.8547559380531311,3.25,1,1,9.884489111734608,58,58
6bba_05b6850b,58,4395,4464,4474,6.894291116568838,6.894291116568838,0.0,-1,1,1,,,0.8371711373329163,2.0,40,1,0,0,0,0,0,4384,0.6701417565345764,0.0,1,1,6.894291116568838,15,7
6bba_05b6850b,60,4476,4550,4554,8.125,9.613629647536875,2.2980970388562794,-1,1,1,,,0.5724729895591736,1.1180751631538304,30,0,0,0,0,0,0,4477,0.864628255367279,1.625,1,1,7.267220926874317,6,1
6bba_05b6850b,60,4477,4554,4550,8.900491559458949,9.613629647536875,1.625,-1,1,1,,,0.864628255367279,1.3824516448204605,6,0,0,0,0,0,0,4476,0.5724729895591736,2.2980970388562794,1,1,7.267220926874317,1,6
6bba_05b6850b,60,4481,4554,4553,4.596194077712559,10.405076885828379,5.859020822628983,-1,1,1,,,0.6316535472869873,0.24156877825154435,6,0,0,0,0,0,0,4476,0.5724729895591736,2.2980970388562794,1,1,6.080193253507654,1,60
6bba_05b6850b,60,4486,4564,4560,8.125,6.894291116568838,2.8145825622994254,-1,1,1,,,0.0,0.9708629022101117,2,1,0,0,0,0,0,4491,0.759794294834137,7.960841664045329,1,1,13.498263777241872,52,60
6bba_05b6850b,60,4486,4559,4560,8.900491559458949,10.900831390311474,2.8145825622994254,1,1,1,1.8944314049577198,0.470344603061676,0.0,1.0389877065918316,29,0,0,0,0,0,1,,,,,,,,
6bba_05b6850b,60,4490,4567,4563,7.960841664045329,10.017172754824587,2.2980970388562794,-1,1,1,,,0.9427372217178345,1.1039630490408165,38,0,0,0,0,0,0,4493,0.9498996138572693,1.625,1,1,9.334914300624297,60,51
6bba_05b6850b,60,4494,4569,4570,8.75089281159357,13.978778558944269,5.3895152843275245,-1,1,1,,,0.7980399131774902,0.47542864455738865,38,0,0,0,0,0,0,7403,,2.915965405637657,1,1,11.341117217248982,12,22
6bba_05b6850b,60,4496,4570,4572,5.138701197773616,10.65583760199075,6.700046641628698,-1,1,1,,,0.9380455017089844,0.26376867976840146,2,0,0,0,0,0,0,4494,0.7980399131774902,5.3895152843275245,1,1,8.75089281159357,22,60
6bba_05b6850b,60,4508,4582,4589,8.125,13.201562407533435,5.3895152843275245,-1,1,1,,,0.49669161438941956,0.4048217280637145,38,0,0,0,0,0,0,4505,0.8098151683807373,2.2980970388562794,1,1,9.884489111734608,51,6
6bba_05b6850b,60,4514,4589,4592,5.3895152843275245,11.490485194281398,6.700046641628698,-1,1,1,,,0.7782803177833557,0.21680377921510458,4,0,0,0,0,0,0,4508,0.49669161438941956,5.3895152843275245,1,1,10.277402395547233,6,50
6bba_05b6850b,60,4518,4592,4598,7.083210783253595,9.884489111734608,7.621925609713073,-1,1,1,,,0.0,0.07326893298550304,3,0,0,0,0,0,0,4514,0.7782803177833557,6.700046641628698,1,1,13.201562407533435,50,60
6bba_05b6850b,60,4519,4599,4597,6.700046641628698,7.44668550430324,2.2980970388562794,-1,1,0,,,0.7650086283683777,0.9784128280412532,0,0,0,0,0,0,0,4522,0.8193708062171936,2.8145825622994254,1,1,9.475296829123613,50,60
6bba_05b6850b,60,4525,4610,4603,7.267220926874317,11.941262496067994,6.080193253507654,1,1,1,2.8631920700414923,0.5102525353431702,0.0,0.1778663128789928,38,0,0,0,0,0,1,,,,,,,,
6bba_05b6850b,60,4540,4616,4615,6.894291116568838,10.900831390311474,4.875,1,1,1,0.12045483226708598,0.4708332419395447,0.0,0.3431457505076198,28,0,0,0,0,0,1,,,,,,,,
6bba_05b6850b,60,4541,4620,4618,5.859020822628983,10.405076885828379,5.138701197773616,-1,1,1,,,0.9930129647254944,0.13099433201149369,12,0,0,0,0,0,0,4546,0.8683053851127625,4.875,1,1,8.900491559458949,60,60
6bba_05b6850b,63,4706,4773,4774,6.700046641628698,8.125,2.2980970388562794,1,1,1,0.31874768689827704,0.4505522549152374,0.913815438747406,0.9784128280412532,5,0,0,1,0,1,1,,,,,,,,
6bba_05b6850b,63,4709,4778,4784,4.875,8.900491559458949,4.875,-1,1,1,,,0.0,0.0,27,0,0,0,0,0,0,4701,0.0,4.875,1,1,7.960841664045329,9,2
6bba_05b6850b,63,4714,4789,4785,7.267220926874317,8.285906709588275,5.138701197773616,-1,1,1,,,0.789047122001648,0.34314575050761986,35,0,0,0,0,0,0,4718,0.881354808807373,3.9804208320226646,1,1,8.900491559458949,63,54
6bba_05b6850b,63,4721,4797,4791,7.960841664045329,12.160386507015309,6.5,1,1,1,5.34139911617183,0.4426468312740326,0.7129952311515808,0.20204102886728767,5,0,0,0,0,0,1,,,,,,,,
6bba_05b6850b,63,4741,4819,4814,5.3895152843275245,9.334914300624297,5.138701197773616,-1,0,1,,,0.6496163606643677,0.047646073193938085,26,0,0,0,0,0,0,4743,0.6574162840843201,7.621925609713073,1,1,12.691655723348314,25,41
6bba_05b6850b,63,4746,4827,4820,7.44668550430324,12.375631297028852,8.443747686898277,-1,0,1,,,0.6998615860939026,0.12549213361245654,7,0,0,0,0,0,0,4754,0.0,6.894291116568838,1,1,13.101168840985142,63,63
6bba_05b6850b,63,4748,4834,4825,6.700046641628698,10.531203634912773,4.875,-1,1,1,,,0.8350390195846558,0.3153415615735091,24,0,0,0,0,0,0,4752,0.705905020236969,0.0,1,1,6.700046641628698,15,63
6bba_05b6850b,63,4753,4838,4829,7.621925609713073,13.101168840985142,5.859020822628983,-1,1,1,,,0.9485974907875061,0.26154021098321645,35,0,0,0,0,0,0,4757,0.0,9.334914300624297,1,1,16.331047884321446,2,23
6bba_05b6850b,63,4754,4835,4827,6.5,8.285906709588275,6.894291116568838,-1,1,1,,,0.0,0.05887450304571879,13,0,0,0,0,0,0,4755,0.7874540686607361,2.8145825622994254,1,1,8.443747686898277,19,63
6bba_05b6850b,63,4755,4839,4835,8.75089281159357,11.02128622257856,2.8145825622994254,-1,1,1,,,0.7874540686607361,1.0265570687555672,35,0,0,0,0,0,0,4760,0.8418991565704346,6.700046641628698,1,1,11.718041645257966,26,19
6bba_05b6850b,64,4773,4863,4859,8.285906709588275,8.443747686898277,1.625,-1,1,1,,,0.6662001609802246,1.3441568778251545,34,0,0,0,0,0,0,4774,0.8205306529998779,1.625,1,1,8.125,15,0
6bba_05b6850b,64,4774,4859,4863,8.285906709588275,8.443747686898277,1.625,-1,1,1,,,0.8205306529998779,1.3441568778251545,4,0,0,1,0,1,0,4773,0.6662001609802246,1.625,1,0,8.125,0,15
6bba_05b6850b,64,4776,4862,4864,8.125,10.531203634912773,2.8145825622994254,-1,1,1,,,0.9632421135902405,0.9708629022101117,2,0,0,0,0,0,0,4777,0.9609981775283813,2.2980970388562794,1,1,10.405076885828379,5,64
6bba_05b6850b,64,4784,4867,4873,4.875,11.941262496067994,8.125,-1,1,1,,,0.7570910453796387,0.5,26,0,0,0,0,0,0,4778,0.687391996383667,4.875,1,1,8.900491559458949,10,3
6bba_05b6850b,64,4785,4864,4872,8.75089281159357,13.201562407533435,5.3895152843275245,-1,1,1,,,0.8405826687812805,0.47542864455738865,34,0,0,0,0,0,0,4776,0.9632421135902405,2.8145825622994254,1,1,10.017172754824587,64,55
6bba_05b6850b,64,4789,4872,4876,5.859020822628983,8.75089281159357,5.138701197773616,-1,1,1,,,0.9795548319816589,0.13099433201149369,34,0,0,1,0,1,0,4785,0.8405826687812805,5.3895152843275245,1,1,8.285906709588275,55,64
6bba_05b6850b,64,4794,4876,4882,8.285906709588275,12.795262795269194,6.894291116568838,-1,1,1,,,0.8908730745315552,0.18334617360803213,34,0,0,0,0,0,0,4789,0.9795548319816589,5.138701197773616,1,1,11.02128622257856,64,0
6bba_05b6850b,64,4812,4895,4894,6.700046641628698,9.475296829123613,4.875,-1,0,1,,,0.5927157402038574,0.3153415615735091,26,0,0,0,0,0,0,4807,0.9462552666664124,6.700046641628698,1,1,7.960841664045329,3,10
6bba_05b6850b,64,4819,4903,4901,6.5,8.75089281159357,5.859020822628983,1,1,1,-0.7900511475482404,0.4720630645751953,0.0,0.10372653085872373,34,0,0,0,0,0,1,,,,,,,,
6bba_05b6850b,64,4826,4905,4912,6.700046641628698,11.375,6.5,-1,1,1,,,0.8652006983757019,0.03030999011743116,34,0,0,0,0,0,0,4821,0.9219919443130493,6.894291116568838,1,0,11.830178570080843,0,64
6bba_05b6850b,64,4827,4910,4904,4.875,11.02128622257856,7.083210783253595,-1,1,1,,,0.0,0.36932126775119173,12,0,0,0,0,0,0,4835,0.0,5.3895152843275245,1,1,8.285906709588275,20,64
6bba_05b6850b,64,4831,4908,4915,8.900491559458949,13.884006086140989,6.700046641628698,-1,1,1,,,0.8107224702835083,0.2820985903777139,34,0,0,0,0,0,0,4822,0.9460853934288025,9.75,1,1,15.41610359332085,3,0
6bba_05b6850b,67,5009,5082,5079,8.285906709588275,11.604821196382131,3.6336104634371584,-1,1,1,,,0.7547631859779358,0.7806182379064038,31,0,0,0,0,0,0,5010,0.9278450608253479,1.625,1,1,9.884489111734608,18,3
6bba_05b6850b,67,5014,5084,5087,8.75089281159357,9.75,1.625,-1,1,1,,,0.8377153277397156,1.3735478846950708,9,0,0,0,0,0,0,5012,0.8387831449508667,5.859020822628983,1,1,14.16642156650719,67,13
6bba_05b6850b,67,5031,5106,5107,5.859020822628983,10.405076885828379,5.138701197773616,1,1,1,3.946534521954373,0.3405517339706421,0.0,0.13099433201149369,7,0,0,0,0,0,1,,,,,,,,
6bba_05b6850b,67,5033,5105,5108,6.080193253507654,4.875,1.625,1,0,1,,0.3275366425514221,0.532804548740387,1.1564131117618641,31,1,0,0,0,0,1,,,,,,,,
6bba_05b6850b,67,5048,7398,5122,6.406993041089999,3.478151948422343,3.9804208320226646,-1,1,1,,,0.0,0.46721392614352325,31,1,0,0,0,0,0,5051,,3.347450686836889,1,1,7.960841664045329,2,29
6bba_05b6850b,67,5051,5122,7398,6.080193253507654,3.478151948422343,3.347450686836889,-1,1,1,,,,0.5797296936462143,22,1,0,0,0,0,0,5048,0.0,3.9804208320226646,1,1,7.960841664045329,29,2
6bba_05b6850b,67,5053,5126,5123,4.875,8.285906709588275,4.875,1,1,1,0.46498610200529455,0.33017146587371826,0.7177882790565491,0.0,20,0,0,0,0,0,1,,,,,,,,
6bba_05b6850b,67,5054,5125,5128,7.960841664045329,10.405076885828379,3.6336104634371584,1,1,1,-2.4442352217830496,0.15337015688419342,0.9719517230987549,0.7464313368203533,2,0,0,0,0,0,1,,,,,,,,
6bba_05b6850b,67,5057,5131,5130,8.125,11.941262496067994,4.875,-1,1,0,,,0.9688757658004761,0.5,0,0,0,0,0,0,0,5061,0.7647694945335388,2.2980970388562794,1,1,9.613629647536875,67,6
6bba_05b6850b,67,5067,5147,5142,7.44668550430324,6.700046641628698,2.2980970388562794,-1,1,1,,,0.8822786808013916,1.0566861687562399,1,1,0,1,0,1,0,5073,0.8638659119606018,4.596194077712559,1,1,10.405076885828379,64,43
6bba_05b6850b,67,5068,5147,5143,8.443747686898277,10.017172754824587,1.625,-1,1,1,,,0.9328068494796753,1.3544380888143643,1,1,0,0,0,0,0,5073,0.8638659119606018,4.596194077712559,1,1,12.481861840286488,64,6
6bba_05b6850b,67,5071,5149,5145,8.75089281159357,7.960841664045329,1.625,1,1,1,0.3250650455429458,0.12211288511753082,0.9811325669288635,1.3735478846950708,14,0,0,1,0,1,1,,,,,,,,
6bba_05b6850b,67,5072,5141,5146,8.75089281159357,9.334914300624297,2.2980970388562794,1,1,1,0.6822584542002907,0.2031385451555252,0.9674578309059143,1.1680336139460876,20,0,0,0,0,0,1,,,,,,,,
6bba_05b6850b,68,5079,5154,5155,7.267220926874317,5.859020822628983,1.625,1,0,1,,0.37683966755867004,0.8844742774963379,1.2690240094737728,13,1,0,0,0,0,1,,,,,,,,
6bba_05b6850b,68,5084,5154,5160,7.621925609713073,7.621925609713073,0.0,1,1,1,0.8218220771852041,0.37683966755867004,0.8299577832221985,2.0,13,1,0,0,0,0,1,,,,,,,,
6bba_05b6850b,68,5122,7399,5196,3.798515079754433,3.798515079754433,0.0,-1,1,1,,,0.8554788827896118,2.0,30,1,0,0,0,0,0,7398,,3.0109359694719053,1,1,3.478151948422343,3,30
6bba_05b6850b,68,5123,5199,5197,8.285906709588275,8.75089281159357,1.625,-1,1,1,,,0.8813459873199463,1.3441568778251545,19,0,0,0,0,0,0,5126,0.7140807509422302,0.0,1,0,8.285906709588275,0,68
6bba_05b6850b,68,5126,5197,5199,8.75089281159357,8.75089281159357,0.0,-1,1,1,,,0.7140807509422302,2.0,2,0,0,0,0,0,0,5123,0.8813459873199463,1.625,1,1,8.285906709588275,68,0
6bba_05b6850b,68,5128,5200,5202,7.621925609713073,7.960841664045329,2.2980970388562794,-1,1,1,,,0.979223906993866,1.07335008385784,1,0,0,0,0,0,0,5125,0.6529714465141296,2.8145825622994254,1,0,10.405076885828379,0,7
6bba_05b6850b,68,5141,5211,5214,8.285906709588275,8.125,1.625,-1,1,1,,,0.8443954586982727,1.3441568778251545,30,0,0,0,0,0,0,5139,0.9488104581832886,1.625,1,1,9.613629647536875,7,0
6bba_05b6850b,68,5142,5220,5218,6.894291116568838,5.3895152843275245,1.625,-1,1,0,,,0.8789011836051941,1.2370257206778155,0,1,0,1,0,1,0,5147,0.8629388809204102,1.625,1,1,6.700046641628698,65,44
6bba_05b6850b,68,5143,5220,5215,8.443747686898277,10.779030568655049,2.8145825622994254,-1,1,0,,,0.7332823872566223,1.0000000000000002,0,1,0,0,0,0,0,5147,0.8629388809204102,1.625,1,1,10.017172754824587,65,7
6bba_05b6850b,68,5144,5213,5216,7.44668550430324,6.700046641628698,2.2980970388562794,1,1,1,0.0,0.3051208257675171,0.9692995548248291,1.0566861687562399,5,1,0,0,0,0,1,,,,,,,,
6bba_05b6850b,68,5145,5222,5217,7.960841664045329,8.285906709588275,2.2980970388562794,-1,1,1,,,0.9818632006645203,1.1039630490408165,13,0,0,1,0,1,0,5149,0.5572453141212463,0.0,1,0,7.960841664045329,0,68
6bba_05b6850b,68,5146,5214,5219,7.960841664045329,10.017172754824587,2.2980970388562794,-1,1,1,,,0.9753724932670593,1.1039630490408165,19,0,0,0,0,0,0,5141,0.8443954586982727,1.625,1,0,9.334914300624297,0,68
6bba_05b6850b,68,5147,5218,5220,5.138701197773616,5.3895152843275245,1.625,-1,0,1,,,0.8629388809204102,1.0389877065918314,30,1,0,0,0,0,0,5142,0.8789011836051941,1.625,1,1,6.700046641628698,44,65
6bba_05b6850b,68,5149,5217,5222,8.285906709588275,8.285906709588275,0.0,-1,1,1,,,0.5572453141212463,2.0,30,0,0,0,0,0,0,5145,0.9818632006645203,2.2980970388562794,1,1,7.960841664045329,68,0
6bba_05b6850b,68,7398,5196,7399,3.478151948422343,3.798515079754433,3.0109359694719053,-1,1,1,,,,0.14400050819531882,21,1,0,0,0,0,0,5122,0.8554788827896118,0.0,1,1,3.478151948422343,30,3
6bba_05b6850b,69,5154,5236,5227,8.443747686898277,8.443747686898277,0.0,-1,1,1,,,0.6504663228988647,2.0,7,0,0,0,0,0,0,5160,0.7567842602729797,1.625,1,1,7.621925609713073,69,0
6bba_05b6850b,69,5160,5227,5236,7.621925609713073,8.443747686898277,1.625,-1,1,1,,,0.7567842602729797,1.2970636647955371,12,0,0,0,0,0,0,5154,0.6504663228988647,0.0,1,0,7.621925609713073,0,69
6bba_05b6850b,69,5180,5257,5250,8.75089281159357,10.900831390311474,3.25,1,1,1,-0.4957545044830951,0.18097630143165588,0.7377161979675293,0.9167472617169588,29,0,0,0,0,0,1,,,,,,,,
6bba_05b6850b,69,5181,5259,5254,8.443747686898277,8.443747686898277,0.0,-1,1,1,,,0.7001007199287415,2.0,29,0,0,0,0,0,0,5185,0.8836672306060791,3.9804208320226646,1,1,12.268480957314969,12,1
6bba_05b6850b,69,5184,5257,5260,7.621925609713073,8.75089281159357,1.625,1,1,1,5.964108037879733,0.18097630143165588,0.9181907176971436,1.2970636647955371,29,0,0,1,0,1,1,,,,,,,,
6bba_05b6850b,69,5186,5265,5261,7.621925609713073,7.621925609713073,0.0,-1,1,1,,,0.7238957285881042,2.0,21,0,0,0,0,0,0,5190,0.8321599960327148,2.2980970388562794,1,1,9.475296829123613,8,1
6bba_05b6850b,69,5191,5272,5266,8.285906709588275,8.285906709588275,0.0,1,1,1,3.089093290411725,0.2673863470554352,0.9035074710845947,2.0,7,0,0,1,0,1,1,,,,,,,,
6bba_05b6850b,69,5193,5269,5268,7.083210783253595,6.894291116568838,1.625,1,1,1,7.36502601294336,0.3384556472301483,0.7275470495223999,1.253578012546517,4,1,0,0,0,0,1,,,,,,,,
6bba_05b6850b,69,5196,5275,5271,5.629165124598851,7.44668550430324,3.6336104634371584,-1,1,1,,,0.767647922039032,0.430876175762952,29,0,0,0,0,0,0,7399,,3.203216618714978,1,1,3.798515079754433,4,31
6bba_05b6850b,69,5197,5277,5273,8.75089281159357,11.258330249197702,3.6336104634371584,-1,1,1,,,0.8641843199729919,0.8264009035346175,18,0,0,0,0,0,0,5199,0.742323637008667,0.0,1,1,8.75089281159357,1,69
6bba_05b6850b,69,5200,5278,5276,7.960841664045329,10.65583760199075,2.8145825622994254,-1,0,1,,,0.6912506818771362,0.9551845001450344,29,0,0,0,0,0,0,5202,0.9667589664459229,0.0,1,1,7.960841664045329,8,1
6bba_05b6850b,69,5213,5290,5289,6.894291116568838,6.700046641628698,1.625,-1,1,1,,,0.7099873423576355,1.2370257206778155,29,1,0,0,0,0,0,5216,0.9606512784957886,1.625,1,1,6.700046641628698,8,0
6bba_05b6850b,69,5214,5300,5292,8.75089281159357,7.621925609713073,1.625,-1,1,1,,,0.9154453277587891,1.3735478846950708,3,0,0,0,0,0,0,5224,0.9643308520317078,2.2980970388562794,1,1,10.405076885828379,69,1
6bba_05b6850b,69,5216,5289,5290,6.5,6.700046641628698,1.625,-1,1,1,,,0.9606512784957886,1.2,4,1,0,0,0,0,0,5213,0.7099873423576355,1.625,1,0,6.700046641628698,0,8
6bba_05b6850b,69,5222,5291,5298,8.285906709588275,9.613629647536875,1.625,-1,1,1,,,0.5845358371734619,1.3441568778251545,29,0,0,0,0,0,0,5217,0.9769291281700134,0.0,1,1,8.285906709588275,69,1
6bba_05b6850b,69,7399,5271,5275,6.9381086244647125,7.44668550430324,3.203216618714978,-1,1,1,,,,0.7365688243282698,20,0,0,0,0,0,0,5196,0.767647922039032,3.6336104634371584,1,1,3.798515079754433,31,4
6bba_05b6850b,70,5236,5303,5309,8.443747686898277,10.017172754824587,3.6336104634371584,-1,1,1,,,0.5811612606048584,0.7965545384323182,11,0,0,0,0,0,0,5227,0.7524681687355042,0.0,1,1,8.443747686898277,1,70
6bba_05b6850b,70,5236,5308,5309,8.285906709588275,10.65583760199075,3.6336104634371584,-1,1,1,,,0.5811612606048584,0.7806182379064038,20,0,0,0,0,0,0,5233,0.8000541925430298,1.625,1,1,9.334914300624297,16,70
6bba_05b6850b,70,5271,5353,5345,8.75089281159357,9.613629647536875,2.2980970388562794,-1,1,1,,,0.7900530099868774,1.1680336139460876,28,0,0,0,0,0,0,5275,0.8281543254852295,2.2980970388562794,1,1,7.44668550430324,5,32
6bba_05b6850b,70,5272,5342,5352,8.125,11.375,3.25,-1,1,1,,,0.6391713619232178,0.8571428571428571,28,0,0,0,0,0,0,5266,0.8693814873695374,1.625,1,1,8.285906709588275,60,0
6bba_05b6850b,70,5275,5345,5353,8.75089281159357,9.613629647536875,2.2980970388562794,-1,1,1,,,0.8281543254852295,1.1680336139460876,19,0,0,0,0,0,0,5271,0.7900530099868774,2.2980970388562794,1,1,7.44668550430324,32,5
6bba_05b6850b,70,5283,5356,5365,8.900491559458949,8.900491559458949,0.0,-1,1,1,,,0.9514385461807251,2.0,17,0,0,0,0,0,0,5277,0.570925772190094,7.44668550430324,1,1,14.804454566109486,2,26
6bba_05b6850b,70,5285,5361,5369,8.75089281159357,9.613629647536875,2.2980970388562794,1,1,1,3.884634129704997,0.3432772159576416,0.9834119081497192,1.1680336139460876,14,0,0,0,0,0,1,,,,,,,,
6bba_05b6850b,70,5288,5377,5368,3.9804208320226646,9.613629647536875,5.859020822628983,1,1,1,-0.8627368359433056,0.43103736639022827,0.0,0.38185093352694466,28,0,0,0,0,0,1,,,,,,,,
6bba_05b6850b,70,5289,5375,5372,6.080193253507654,6.080193253507654,5.138701197773616,-1,1,1,,,0.6391487121582031,0.16784043380076788,28,1,0,0,0,0,0,5290,0.8770049810409546,2.8145825622994254,1,1,6.700046641628698,9,1
6bba_05b6850b,70,5290,5372,5375,8.125,6.080193253507654,2.8145825622994254,-1,1,1,,,0.8770049810409546,0.9708629022101117,3,1,0,0,0,0,0,5289,0.6391487121582031,5.138701197773616,1,1,6.700046641628698,1,9
6bba_05b6850b,70,5291,5382,5376,8.900491559458949,9.613629647536875,1.625,-1,1,1,,,0.9732971787452698,1.3824516448204605,11,0,0,1,0,1,0,5298,0.8726305365562439,1.625,1,1,9.613629647536875,2,70
6bba_05b6850b,70,5292,5386,5374,7.621925609713073,12.691655723348314,5.3895152843275245,-1,1,1,,,0.8068400025367737,0.34314575050761986,2,0,0,0,0,0,0,5300,0.9749005436897278,0.0,1,1,7.621925609713073,70,2
6bba_05b6850b,71,5311,5395,5396,6.894291116568838,6.894291116568838,0.0,-1,1,1,,,0.8912571668624878,2.0,27,1,0,0,0,0,0,5304,0.6730436682701111,3.9804208320226646,1,1,10.277402395547233,71,62
6bba_05b6850b,71,5327,5409,5407,3.6336104634371584,4.875,2.2980970388562794,1,1,1,3.8758928115935696,0.31536564230918884,0.7526882886886597,0.4502964531088276,27,1,0,0,0,0,1,,,,,,,,
6bba_05b6850b,71,5342,5426,5420,8.443747686898277,10.779030568655049,2.8145825622994254,-1,1,1,,,0.9291261434555054,1.0000000000000002,5,0,0,1,0,0,0,5352,0.750437319278717,3.9804208320226646,1,1,11.375,1,61
6bba_05b6850b,71,5353,5425,5428,8.285906709588275,11.375,3.6336104634371584,-1,1,1,,,0.8052167296409607,0.7806182379064038,18,0,0,0,0,0,0,5345,0.8833325505256653,1.625,1,1,9.613629647536875,33,6
6bba_05b6850b,71,5358,5429,5430,8.900491559458949,10.405076885828379,1.625,-1,1,1,,,0.9521461129188538,1.3824516448204605,13,0,0,0,0,0,0,5361,0.5535326600074768,8.285906709588275,1,0,15.754959536603069,0,10
6bba_05b6850b,71,5361,5439,5429,8.75089281159357,13.498263777241872,8.285906709588275,-1,1,1,,,0.5535326600074768,0.05458608601071786,27,0,0,0,0,0,0,5369,0.8299521207809448,2.2980970388562794,1,1,9.613629647536875,7,0
6bba_05b6850b,71,5365,7387,5438,6.222251158285067,8.365972609439149,2.2980970388562794,-1,1,1,,,0.8916114568710327,0.9211252940919427,16,0,0,0,0,0,0,5356,,3.86086753372004,1,1,8.900491559458949,3,27
6bba_05b6850b,71,5371,5442,5441,8.443747686898277,8.285906709588275,1.625,-1,1,1,,,0.85921710729599,1.3544380888143643,17,0,0,0,0,0,0,5368,0.6157054901123047,3.6336104634371584,1,1,10.017172754824587,10,10
6bba_05b6850b,71,5372,5444,5447,7.960841664045329,9.334914300624297,6.700046641628698,-1,1,1,,,0.7652608156204224,0.1719943561576253,27,0,0,0,0,0,0,5375,0.8562994003295898,2.2980970388562794,1,1,6.080193253507654,10,2
6bba_05b6850b,71,5374,5440,5449,8.285906709588275,11.490485194281398,6.5,-1,1,1,,,0.7185787558555603,0.24156877825154424,16,0,0,0,0,0,0,5370,0.9652296304702759,1.625,1,1,8.75089281159357,23,3
6bba_05b6850b,71,5375,5447,5444,7.44668550430324,9.334914300624297,2.2980970388562794,-1,1,1,,,0.8562994003295898,1.0566861687562399,2,0,0,0,0,0,0,5372,0.7652608156204224,6.700046641628698,1,1,6.080193253507654,2,10
6bba_05b6850b,71,5377,5442,5446,7.621925609713073,8.75089281159357,1.625,-1,1,1,,,0.8751554489135742,1.2970636647955371,17,0,0,0,0,0,0,5368,0.6157054901123047,3.6336104634371584,1,1,9.613629647536875,10,0
6bba_05b6850b,71,5382,5445,5453,7.44668550430324,7.621925609713073,2.8145825622994254,-1,1,1,,,0.744810938835144,0.902832459290273,27,0,0,0,0,0,0,5376,0.9530854225158691,2.2980970388562794,1,1,9.613629647536875,71,3
6bba_05b6850b,71,5386,5449,5455,8.75089281159357,6.700046641628698,2.2980970388562794,-1,1,1,,,0.8980037569999695,1.1680336139460876,16,1,0,0,0,0,0,5374,0.7185787558555603,6.5,1,1,12.691655723348314,3,71
6bba_05b6850b,72,5388,5464,5457,8.443747686898277,8.443747686898277,0.0,-1,1,1,,,0.8950566649436951,2.0,26,0,0,0,0,0,0,5395,0.7623884081840515,0.0,1,1,8.443747686898277,72,0
6bba_05b6850b,72,5395,5457,5464,8.443747686898277,8.443747686898277,0.0,-1,1,1,,,0.7623884081840515,2.0,2,0,0,0,0,0,0,5388,0.8950566649436951,0.0,1,0,8.443747686898277,0,72
6bba_05b6850b,72,5395,5466,5464,8.285906709588275,8.285906709588275,0.0,-1,1,1,,,0.7623884081840515,2.0,26,0,0,0,0,0,0,5396,0.85825115442276,2.2980970388562794,1,1,6.894291116568838,63,72
6bba_05b6850b,72,5396,5464,5466,6.894291116568838,8.285906709588275,2.2980970388562794,-1,1,1,,,0.85825115442276,1.0,26,0,0,0,0,0,0,5395,0.7623884081840515,0.0,1,1,6.894291116568838,72,63
6bba_05b6850b,72,5401,5474,5471,7.44668550430324,8.75089281159357,2.2980970388562794,-1,1,1,,,0.9324092268943787,1.0566861687562399,3,0,0,0,0,0,0,5407,0.4928681552410126,5.138701197773616,1,1,12.268480957314969,43,72
6bba_05b6850b,72,5407,5478,5474,4.875,8.75089281159357,5.138701197773616,-1,1,1,,,0.4928681552410126,0.052668077979447996,26,0,0,0,0,0,0,5409,0.6841446757316589,0.0,1,0,4.875,0,43
6bba_05b6850b,72,5409,5474,5478,8.75089281159357,8.75089281159357,0.0,-1,1,1,,,0.6841446757316589,2.0,3,0,0,0,0,0,0,5407,0.4928681552410126,5.138701197773616,1,1,4.875,43,0
6bba_05b6850b,72,5410,5484,5480,7.44668550430324,7.44668550430324,0.0,1,1,1,-2.906092878321637,0.36992743611335754,0.8966625332832336,2.0,12,0,0,0,0,0,1,,,,,,,,
6bba_05b6850b,72,5424,5494,5496,7.44668550430324,7.44668550430324,0.0,-1,1,1,,,0.9033167958259583,2.0,1,0,0,0,0,0,0,5422,0.6823927164077759,2.8145825622994254,1,1,10.017172754824587,2,8
6bba_05b6850b,72,5438,5508,5511,7.960841664045329,7.960841664045329,0.0,-1,1,1,,,0.9728319048881531,2.0,15,0,0,0,0,0,0,7387,,3.1246026293908202,1,1,8.365972609439149,4,28
6bba_05b6850b,72,5441,5514,5513,6.700046641628698,6.700046641628698,0.0,-1,1,1,,,0.8242387175559998,2.0,16,1,0,0,0,0,0,5442,0.6439961194992065,1.625,1,1,8.285906709588275,11,11
6bba_05b6850b,72,5442,5513,5514,8.285906709588275,6.700046641628698,1.625,-1,1,1,,,0.6439961194992065,1.3441568778251545,26,1,0,0,0,0,0,5441,0.8242387175559998,0.0,1,1,8.285906709588275,11,11
6bba_05b6850b,72,5442,5519,5514,8.75089281159357,9.475296829123613,1.625,-1,1,1,,,0.6439961194992065,1.3735478846950708,26,0,0,0,0,0,0,5446,0.9188228249549866,0.0,1,1,8.75089281159357,1,11
6bba_05b6850b,72,5445,5526,5518,7.083210783253595,8.125,2.2980970388562794,-1,1,1,,,0.9855988025665283,1.0201378816543585,9,0,0,1,0,1,0,5453,0.7996324896812439,1.625,1,1,7.621925609713073,4,72
6bba_05b6850b,72,5447,5517,5523,6.894291116568838,7.44668550430324,1.625,-1,1,1,,,0.9136397242546082,1.2370257206778155,26,0,0,0,0,0,0,5444,0.9158895611763,2.8145825622994254,1,1,9.334914300624297,11,3
6bba_05b6850b,72,5449,5528,5521,6.700046641628698,6.700046641628698,0.0,-1,1,0,,,0.8889003992080688,2.0,0,1,0,0,0,0,0,5455,0.8294975757598877,0.0,1,1,6.700046641628698,72,4
6bba_05b6850b,72,5451,5529,5524,8.75089281159357,8.75089281159357,0.0,-1,1,1,,,0.9703176021575928,2.0,26,0,0,1,0,1,0,5456,0.8513297438621521,0.0,1,0,8.75089281159357,0,29
6bba_05b6850b,72,5453,5518,5526,8.285906709588275,8.125,1.625,-1,1,1,,,0.7996324896812439,1.3441568778251545,26,0,0,0,0,0,0,5445,0.9855988025665283,2.2980970388562794,1,1,7.621925609713073,72,4
6bba_05b6850b,72,5455,5521,5528,6.700046641628698,6.700046641628698,0.0,-1,0,1,,,0.8294975757598877,2.0,15,1,0,0,0,0,0,5449,0.8889003992080688,0.0,1,1,6.700046641628698,4,72
6bba_05b6850b,72,5456,5524,5529,8.75089281159357,8.75089281159357,0.0,-1,1,1,,,0.8513297438621521,2.0,26,0,0,0,0,0,0,5451,0.9703176021575928,0.0,1,1,8.75089281159357,29,0
6bba_05b6850b,72,7387,5511,5508,8.365972609439149,7.960841664045329,3.1246026293908202,-1,1,1,,,,0.9122902676510447,4,0,0,0,0,0,0,5438,0.9728319048881531,0.0,1,1,8.365972609439149,28,4
6bba_05b6850b,73,5457,5535,5530,7.621925609713073,7.621925609713073,0.0,-1,1,1,,,0.9030217528343201,2.0,25,0,0,0,0,0,0,5464,0.8680711388587952,1.625,1,1,8.443747686898277,73,1
6bba_05b6850b,73,5464,5530,5535,8.443747686898277,7.621925609713073,1.625,-1,1,1,,,0.8680711388587952,1.3544380888143643,1,0,0,0,0,0,0,5457,0.9030217528343201,0.0,1,1,8.443747686898277,1,73
6bba_05b6850b,73,5471,5545,5542,6.080193253507654,7.44668550430324,1.625,-1,1,1,,,0.8908694982528687,1.1564131117618641,2,0,0,0,0,0,0,5474,0.5227746963500977,2.8145825622994254,1,1,8.75089281159357,44,73
6bba_05b6850b,73,5474,5549,5545,7.44668550430324,10.017172754824587,2.8145825622994254,-1,1,1,,,0.5227746963500977,0.902832459290273,25,0,0,0,0,0,0,5478,0.5249739289283752,2.2980970388562794,1,1,8.75089281159357,1,44
6bba_05b6850b,73,5480,5553,7388,6.080193253507654,4.540592625981603,2.0713198876564958,-1,1,1,,,,0.9835899903312025,11,1,0,0,0,0,0,5484,0.4958209991455078,1.625,1,0,7.44668550430324,0,25
6bba_05b6850b,73,5484,7388,5553,5.693024791549655,4.540592625981603,1.625,-1,1,1,,,0.4958209991455078,1.1117821836971982,25,1,0,1,0,1,0,5480,,2.0713198876564958,1,1,7.44668550430324,25,0
6bba_05b6850b,73,5494,5567,5565,5.3895152843275245,7.960841664045329,2.8145825622994254,-1,0,1,,,0.6473663449287415,0.6277186767309856,25,0,0,0,0,0,0,5496,0.8326237201690674,2.2980970388562794,1,1,7.44668550430324,9,3
6bba_05b6850b,73,5495,5560,5566,8.900491559458949,8.75089281159357,1.625,-1,1,1,,,0.7771990895271301,1.3824516448204605,25,0,0,0,0,0,0,5487,0.7614327669143677,3.9804208320226646,1,1,12.375631297028852,64,73
6bba_05b6850b,73,5508,5584,5581,8.75089281159357,8.285906709588275,1.625,-1,1,1,,,0.67735356092453,1.3735478846950708,3,0,0,0,0,0,0,5511,0.906976580619812,1.625,1,1,7.960841664045329,29,5
6bba_05b6850b,73,5510,5575,5583,8.285906709588275,10.900831390311474,2.8145825622994254,-1,1,1,,,0.9325757026672363,0.985780718899505,25,0,0,0,0,0,0,5504,0.9425941109657288,2.2980970388562794,1,1,10.017172754824587,12,1
6bba_05b6850b,73,5511,5581,5584,7.44668550430324,8.285906709588275,1.625,-1,1,1,,,0.906976580619812,1.2834848610088319,14,0,0,0,0,0,0,5508,0.67735356092453,1.625,1,1,7.960841664045329,5,29
6bba_05b6850b,73,5513,5586,5587,6.700046641628698,7.44668550430324,2.2980970388562794,-1,1,1,,,0.7675151824951172,0.9784128280412532,15,0,0,0,0,0,0,5514,0.6619361042976379,0.0,1,1,6.700046641628698,12,12
6bba_05b6850b,73,5514,5587,5586,7.44668550430324,7.44668550430324,0.0,-1,1,1,,,0.6619361042976379,2.0,25,0,0,0,0,0,0,5513,0.7675151824951172,2.2980970388562794,1,1,6.700046641628698,12,12
6bba_05b6850b,73,5517,5594,5590,8.75089281159357,7.44668550430324,2.2980970388562794,-1,1,0,,,0.924452543258667,1.1680336139460876,0,0,0,0,0,0,0,5523,0.842593252658844,2.2980970388562794,1,1,7.44668550430324,4,12
6bba_05b6850b,73,5520,5589,5596,7.960841664045329,10.65583760199075,2.8145825622994254,-1,1,1,,,0.9964272379875183,0.9551845001450344,14,0,0,0,0,0,0,5515,0.9668165445327759,3.6336104634371584,1,1,10.900831390311474,25,73
6bba_05b6850b,73,5521,5589,5593,8.75089281159357,8.75089281159357,0.0,-1,1,1,,,0.8542596697807312,2.0,14,0,0,0,0,0,0,5515,0.9668165445327759,3.6336104634371584,1,1,10.531203634912773,25,5
6bba_05b6850b,73,5523,5590,5594,6.700046641628698,7.44668550430324,2.2980970388562794,-1,0,1,,,0.842593252658844,0.9784128280412532,25,0,0,0,0,0,0,5517,0.924452543258667,2.2980970388562794,1,1,7.44668550430324,12,4
6bba_05b6850b,73,5526,5591,7389,8.125,10.294790970449897,2.708056104766086,-1,1,1,,,,1.0000767729524982,25,0,0,0,0,0,0,5518,0.9734401702880859,0.0,1,1,8.125,73,5
6bba_05b6850b,73,5529,5595,5598,8.75089281159357,10.017172754824587,2.8145825622994254,-1,1,1,,,0.8572685718536377,1.0265570687555672,25,0,0,0,0,0,0,5524,0.9825677275657654,0.0,1,1,8.75089281159357,30,1
6bba_05b6850b,77,5754,5827,5830,8.900491559458949,9.192388155425117,3.9804208320226646,-1,1,1,,,0.7746988534927368,0.7639320225002102,21,0,0,0,0,0,0,5752,0.9052388072013855,0.0,1,1,8.900491559458949,28,13
6bba_05b6850b,77,5760,5841,5838,7.44668550430324,8.125,3.9804208320226646,-1,0,1,,,0.8331021666526794,0.6066740905808468,21,0,0,0,0,0,0,5771,0.8037205934524536,8.125,1,1,13.201562407533435,23,13
6bba_05b6850b,77,5770,5847,5845,7.960841664045329,7.960841664045329,0.0,-1,1,1,,,0.8280438780784607,2.0,7,0,0,0,0,0,0,5772,0.8112374544143677,2.8145825622994254,1,1,8.443747686898277,4,29
6bba_05b6850b,77,5772,5845,5847,8.443747686898277,7.960841664045329,2.8145825622994254,-1,1,1,,,0.8112374544143677,1.0000000000000002,21,0,0,1,0,1,0,5770,0.8280438780784607,0.0,1,1,8.443747686898277,29,4
6bba_05b6850b,77,5777,5850,5853,4.875,7.960841664045329,3.6336104634371584,-1,1,1,,,0.0,0.29179606750063086,21,0,0,0,0,0,0,5773,0.0,8.285906709588275,1,1,11.830178570080843,7,16
6bba_05b6850b,77,5780,5856,5855,5.859020822628983,3.6336104634371584,2.2980970388562794,-1,1,0,,,0.5961558818817139,0.8730838132389875,0,1,0,0,0,0,0,5784,0.5662522315979004,2.2980970388562794,1,1,7.44668550430324,77,68
6bba_05b6850b,77,5784,5855,5856,5.3895152843275245,3.6336104634371584,2.2980970388562794,-1,0,1,,,0.5662522315979004,0.804259662300698,21,1,0,1,0,1,0,5780,0.5961558818817139,2.2980970388562794,1,1,7.44668550430324,68,77
6bba_05b6850b,77,5793,5868,5864,8.285906709588275,11.375,5.859020822628983,-1,1,1,,,0.9094967842102051,0.34314575050761975,3,0,0,0,0,0,0,5799,0.0,6.894291116568838,1,1,12.795262795269194,5,37
6bba_05b6850b,77,5797,5875,5867,8.443747686898277,11.941262496067994,3.6336104634371584,-1,1,1,,,0.8211917281150818,0.7965545384323182,21,0,0,0,0,0,0,5806,0.7619773149490356,6.080193253507654,1,1,10.405076885828379,16,77
6bba_05b6850b,77,5799,5866,5868,8.125,7.083210783253595,6.894291116568838,-1,1,1,,,0.0,0.16388375108775677,21,0,0,0,0,0,0,5792,0.8982160687446594,3.9804208320226646,1,1,8.75089281159357,16,5
6bba_05b6850b,77,5803,5882,5873,8.285906709588275,11.490485194281398,3.25,-1,1,1,,,0.5627799034118652,0.8730838132389873,21,0,0,0,0,0,0,5811,0.9255285859107971,3.6336104634371584,1,1,9.334914300624297,6,16
6bba_05b6850b,77,5806,5873,5875,8.75089281159357,13.498263777241872,6.080193253507654,-1,1,1,,,0.7619773149490356,0.36014888543736423,11,0,0,0,0,0,0,5803,0.5627799034118652,3.25,1,1,7.44668550430324,16,16
6bba_05b6850b,77,5813,5881,5890,7.960841664045329,10.65583760199075,2.8145825622994254,-1,1,1,,,0.9502561092376709,0.9551845001450344,10,0,0,0,0,0,0,5808,0.9703502655029297,4.875,1,1,12.691655723348314,29,77
6bba_05b6850b,77,5817,5885,5884,8.285906709588275,11.375,3.6336104634371584,-1,1,1,,,0.9683191776275635,0.7806182379064038,21,0,0,0,0,0,0,5812,0.9818066358566284,1.625,1,1,9.884489111734608,34,5
6bba_05b6850b,78,5842,5914,5910,8.75089281159357,11.490485194281398,2.8145825622994254,1,1,1,-3.5296435302360685,0.5034844279289246,0.9647189974784851,1.0265570687555672,7,0,0,1,0,1,1,,,,,,,,
6bba_05b6850b,78,5845,5915,5913,7.960841664045329,8.75089281159357,1.625,-1,1,1,,,0.8366574645042419,1.3219166112058511,6,0,0,0,0,0,0,5847,0.8779640793800354,0.0,1,1,7.960841664045329,5,30
6bba_05b6850b,78,5847,5913,5915,8.75089281159357,8.75089281159357,0.0,-1,1,1,,,0.8779640793800354,2.0,20,0,0,1,0,1,0,5845,0.8366574645042419,1.625,1,1,7.960841664045329,30,5
6bba_05b6850b,78,5850,5921,5917,8.75089281159357,11.490485194281398,2.8145825622994254,-1,1,1,,,0.9344584941864014,1.0265570687555672,12,0,0,0,0,0,0,5853,0.860481858253479,1.625,1,1,7.960841664045329,17,8
6bba_05b6850b,78,5868,5933,5937,7.083210783253595,9.75,2.8145825622994254,-1,1,1,,,0.6860417723655701,0.8625413911823128,20,0,0,0,0,0,0,5866,0.9184189438819885,0.0,1,1,7.083210783253595,17,6
6bba_05b6850b,78,5871,5929,5938,8.900491559458949,11.02128622257856,2.2980970388562794,-1,1,1,,,0.6147652864456177,1.1791476153693095,20,0,0,0,0,0,0,5862,0.9545968770980835,1.625,1,1,9.334914300624297,78,10
6bba_05b6850b,78,5882,5957,5947,7.083210783253595,8.285906709588275,1.625,-1,1,1,,,0.8916094899177551,1.253578012546517,9,0,0,0,0,0,0,5891,0.8694042563438416,1.625,1,1,8.285906709588275,10,7
6bba_05b6850b,78,5883,5958,5950,7.267220926874317,9.475296829123613,2.2980970388562794,1,1,1,1.5459893934549473,0.25584307312965393,0.9753237962722778,1.0389877065918314,6,0,0,0,0,0,1,,,,,,,,
6bba_05b6850b,79,5913,5985,5984,7.960841664045329,6.080193253507654,2.2980970388562794,-1,1,1,,,0.752122163772583,1.1039630490408165,5,1,0,0,0,0,0,5915,0.8233463168144226,1.625,1,1,8.75089281159357,6,31
6bba_05b6850b,79,5914,5980,5983,8.75089281159357,7.960841664045329,1.625,-1,1,1,,,0.8626782894134521,1.3735478846950708,19,0,0,0,0,0,0,5910,0.9673579335212708,2.8145825622994254,1,1,11.490485194281398,79,0
6bba_05b6850b,79,5915,5984,5985,6.700046641628698,6.080193253507654,1.625,-1,1,1,,,0.8233463168144226,1.2192235935955846,19,1,0,1,0,1,0,5913,0.752122163772583,2.2980970388562794,1,1,8.75089281159357,31,6
6bba_05b6850b,79,5937,6005,6007,8.75089281159357,8.75089281159357,0.0,-1,1,1,,,0.754015326499939,2.0,19,0,0,0,0,0,0,5933,0.9383472800254822,1.625,1,1,9.75,18,7
6bba_05b6850b,79,5939,6010,6012,7.621925609713073,9.75,2.2980970388562794,1,1,1,-0.2747031708763874,0.333717942237854,0.9653908014297485,1.07335008385784,19,0,0,0,0,0,1,,,,,,,,
6bba_05b6850b,79,5950,6021,6025,7.44668550430324,8.285906709588275,1.625,-1,1,1,,,0.9751281142234802,1.2834848610088319,19,0,0,0,0,0,0,5945,0.9527755975723267,2.8145825622994254,1,1,10.017172754824587,18,1
6bba_05b6850b,79,5951,6028,6026,8.285906709588275,11.830178570080843,3.6336104634371584,-1,1,1,,,0.9898576736450195,0.7806182379064038,19,0,0,0,0,0,0,5952,0.9854802489280701,2.2980970388562794,1,1,9.75,36,7
6bba_05b6850b,79,5953,6023,6030,6.700046641628698,7.621925609713073,2.8145825622994254,1,1,1,0.8218220771852041,0.12156470119953156,0.9197883009910583,0.8167347347020429,8,0,0,0,0,0,1,,,,,,,,
6bba_05b6850b,79,5957,6020,6032,8.75089281159357,9.334914300624297,2.2980970388562794,-1,1,1,,,0.8222101330757141,1.1680336139460876,19,0,0,0,0,0,0,5947,0.8564684987068176,1.625,1,1,8.285906709588275,8,11
6bba_05b6850b,80,5965,6043,6039,6.700046641628698,8.900491559458949,2.8145825622994254,-1,1,1,,,0.736791729927063,0.8167347347020429,18,0,0,0,0,0,0,5969,0.8208614587783813,2.2980970388562794,1,1,8.443747686898277,71,80
6bba_05b6850b,80,5983,6054,6057,7.960841664045329,10.017172754824587,2.2980970388562794,-1,1,1,,,0.8906122446060181,1.1039630490408165,18,0,0,0,0,0,0,5980,0.9583051800727844,0.0,1,1,7.960841664045329,80,1
6bba_05b6850b,80,5984,6058,7390,6.080193253507654,5.042765328893715,1.1167086783994122,-1,1,1,,,,1.379339227370296,4,1,0,0,0,0,0,5985,0.6601097583770752,0.0,1,1,6.080193253507654,7,32
6bba_05b6850b,80,5985,7390,6058,5.042765328893715,5.042765328893715,0.0,-1,1,1,,,0.6601097583770752,2.0,18,1,0,1,0,1,0,5984,,1.1167086783994122,1,1,6.080193253507654,32,7
6bba_05b6850b,80,6002,7391,6076,8.495638084764275,10.757101334313566,2.2980970388562794,-1,1,1,,,0.9038493037223816,1.1483589276423058,8,0,0,0,0,0,0,6013,,4.5202162939994395,1,1,12.375631297028852,19,15
6bba_05b6850b,80,6005,6082,6081,8.75089281159357,8.285906709588275,1.625,-1,1,0,,,0.9614212512969971,1.3735478846950708,0,0,0,0,0,0,0,6007,0.7842589020729065,0.0,1,1,8.75089281159357,8,19
6bba_05b6850b,80,6007,6081,6082,8.285906709588275,8.285906709588275,0.0,-1,0,1,,,0.7842589020729065,2.0,18,0,0,0,0,0,0,6005,0.9614212512969971,1.625,1,1,8.75089281159357,19,8
6bba_05b6850b,80,6009,6088,6084,8.75089281159357,9.75,1.625,-1,1,1,,,0.7409343719482422,1.3735478846950708,18,0,0,0,0,0,0,6016,0.793708324432373,2.2980970388562794,1,1,10.900831390311474,19,6
6bba_05b6850b,80,6018,6089,6092,7.44668550430324,9.334914300624297,2.2980970388562794,1,1,1,0.6822584542002907,0.2802472710609436,0.980719268321991,1.0566861687562399,10,0,0,0,0,0,1,,,,,,,,
6bba_05b6850b,80,6021,6101,6095,8.75089281159357,10.017172754824587,1.625,-1,1,1,,,0.97207111120224,1.3735478846950708,18,0,0,0,0,0,0,6025,0.9746198058128357,1.625,1,1,8.285906709588275,2,19
6bba_05b6850b,80,6023,6104,6096,8.443747686898277,8.443747686898277,0.0,-1,1,1,,,0.7884011268615723,2.0,1,0,0,0,0,0,0,6030,0.8090367913246155,1.625,1,1,7.621925609713073,12,0
6bba_05b6850b,80,6030,6096,6104,7.621925609713073,8.443747686898277,1.625,-1,1,1,,,0.8090367913246155,1.2970636647955371,7,0,0,0,0,0,0,6023,0.7884011268615723,0.0,1,0,7.621925609713073,0,12
6bba_05b6850b,81,6035,6111,6115,5.859020822628983,7.44668550430324,2.2980970388562794,1,1,1,-0.17946457742892274,0.2511003911495209,0.9513040781021118,0.8730838132389875,17,0,0,0,0,0,1,,,,,,,,
6bba_05b6850b,81,6039,6119,6116,8.75089281159357,7.267220926874317,1.625,-1,1,1,,,0.6395967602729797,1.3735478846950708,17,0,0,0,0,0,0,6043,0.8380812406539917,1.625,1,1,8.900491559458949,72,81
6bba_05b6850b,81,6043,6116,6119,7.44668550430324,7.267220926874317,1.625,-1,1,1,,,0.8380812406539917,1.2834848610088319,17,0,0,0,0,0,0,6039,0.6395967602729797,1.625,1,1,8.900491559458949,81,72
6bba_05b6850b,81,6058,6135,6136,3.9804208320226646,6.080193253507654,2.2980970388562794,-1,1,1,,,0.8444916009902954,0.5358983848622455,17,1,0,1,0,1,0,7390,,1.46368941341068,1,1,5.042765328893715,33,8
6bba_05b6850b,81,6080,6159,6158,8.900491559458949,11.02128622257856,2.2980970388562794,-1,1,1,,,0.7752135396003723,1.1791476153693095,7,0,0,0,0,0,0,7391,,2.204450674939394,1,1,10.190053540389645,20,81
6bba_05b6850b,81,6096,6181,6174,8.75089281159357,8.75089281159357,0.0,-1,1,0,,,0.7155311703681946,2.0,0,0,0,0,0,0,0,6104,0.49430203437805176,2.2980970388562794,1,1,8.443747686898277,13,1
6bba_05b6850b,81,6098,6180,6177,8.900491559458949,8.900491559458949,0.0,-1,1,1,,,0.9802984595298767,2.0,4,0,0,1,0,1,0,6103,0.5924890637397766,2.2980970388562794,1,1,10.779030568655049,11,81
6bba_05b6850b,81,6101,6173,6175,8.75089281159357,8.285906709588275,1.625,-1,1,1,,,0.9776665568351746,1.3735478846950708,17,0,0,0,0,0,0,6095,0.9707030653953552,1.625,1,1,10.017172754824587,20,3
6bba_05b6850b,81,6104,6174,6181,8.443747686898277,8.75089281159357,2.2980970388562794,-1,0,1,,,0.49430203437805176,1.1442449234640744,6,0,0,0,0,0,0,6096,0.7155311703681946,0.0,1,1,8.443747686898277,1,13
6bba_05b6850b,81,6106,6172,6184,8.285906709588275,9.192388155425117,2.2980970388562794,-1,1,1,,,0.6401118040084839,1.1314829081786701,17,0,0,0,0,0,0,6094,0.9367751479148865,1.625,1,1,9.334914300624297,10,13
6bba_05b6850b,81,7390,6136,6135,7.2616169403797715,6.080193253507654,1.46368941341068,-1,1,1,,,,1.3289911647515629,3,1,0,0,0,0,0,6058,0.8444916009902954,2.2980970388562794,1,1,5.042765328893715,8,33
6bba_05b6850b,82,6111,6189,6188,7.267220926874317,7.267220926874317,0.0,-1,1,1,,,0.8935837149620056,2.0,8,0,0,0,0,0,0,6115,0.904459536075592,1.625,1,1,7.44668550430324,28,0
6bba_05b6850b,82,6115,6188,6189,7.44668550430324,7.267220926874317,1.625,-1,1,1,,,0.904459536075592,1.2834848610088319,16,0,0,0,0,0,0,6111,0.8935837149620056,0.0,1,0,7.44668550430324,0,28
6bba_05b6850b,82,6116,6196,6192,8.75089281159357,10.277402395547233,1.625,-1,1,1,,,0.7138171792030334,1.3735478846950708,16,0,0,0,0,0,0,6119,0.8459601998329163,1.625,1,1,7.267220926874317,73,82
6bba_05b6850b,82,6119,6192,6196,8.75089281159357,10.277402395547233,1.625,-1,1,1,,,0.8459601998329163,1.3735478846950708,16,0,0,0,0,0,0,6116,0.7138171792030334,1.625,1,1,7.267220926874317,82,73
6bba_05b6850b,82,6135,6209,6210,7.267220926874317,3.6336104634371584,3.6336104634371584,-1,1,1,,,0.5159328579902649,0.6666666666666666,2,1,0,0,0,0,0,6136,0.6838070750236511,2.2980970388562794,1,1,6.080193253507654,9,34
6bba_05b6850b,82,6136,6210,6209,2.8145825622994254,3.6336104634371584,2.2980970388562794,-1,1,1,,,0.6838070750236511,0.20204102886728756,16,1,0,1,0,1,0,6135,0.5159328579902649,3.6336104634371584,1,1,6.080193253507654,34,9
6bba_05b6850b,82,6164,6238,6242,8.443747686898277,8.443747686898277,0.0,-1,1,1,,,0.9137689471244812,2.0,16,0,0,0,0,0,0,6162,0.950925886631012,2.2980970388562794,1,1,10.405076885828379,2,82
6bba_05b6850b,82,6172,6259,6248,8.125,8.125,0.0,-1,1,1,,,0.9252574443817139,2.0,5,0,0,0,0,0,0,6184,0.665985107421875,1.625,1,1,9.192388155425117,14,11
6bba_05b6850b,82,6173,6254,6249,8.75089281159357,10.017172754824587,1.625,-1,1,1,,,0.9626929759979248,1.3735478846950708,16,0,0,0,0,0,0,6175,0.969375729560852,1.625,1,1,8.285906709588275,4,21
6bba_05b6850b,82,6177,6256,6252,8.900491559458949,8.900491559458949,0.0,-1,1,1,,,0.978348433971405,2.0,3,0,0,1,0,1,0,6180,0.6001627445220947,0.0,1,1,8.900491559458949,12,82
6bba_05b6850b,82,6180,6252,6256,8.900491559458949,8.900491559458949,0.0,-1,1,1,,,0.6001627445220947,2.0,16,0,0,0,0,0,0,6177,0.978348433971405,0.0,1,1,8.900491559458949,82,12
6bba_05b6850b,83,6188,6263,6262,7.267220926874317,5.859020822628983,1.625,-1,1,1,,,0.635692834854126,1.2690240094737728,7,1,0,0,0,0,0,6189,0.8167359828948975,0.0,1,1,7.267220926874317,29,1
6bba_05b6850b,83,6189,6262,6263,5.859020822628983,5.859020822628983,0.0,-1,1,1,,,0.8167359828948975,2.0,15,1,0,0,0,0,0,6188,0.635692834854126,1.625,1,1,7.267220926874317,1,29
6bba_05b6850b,83,6192,6267,6266,4.596194077712559,4.596194077712559,0.0,1,1,1,-2.4550900063526817,0.3300619423389435,0.7820379137992859,2.0,7,1,0,0,0,0,1,,,,,,,,
6bba_05b6850b,83,6204,6277,6279,6.894291116568838,6.894291116568838,0.0,1,1,1,3.7615464854219125,0.3615209460258484,0.9417383670806885,2.0,3,1,0,1,0,1,1,,,,,,,,
6bba_05b6850b,83,6209,6287,6285,7.44668550430324,9.613629647536875,2.2980970388562794,-1,1,1,,,0.7009977102279663,1.0566861687562399,15,0,0,1,0,1,0,6210,0.7290450930595398,3.9804208320226646,1,1,3.6336104634371584,35,10
6bba_05b6850b,83,6210,6285,6287,5.859020822628983,9.613629647536875,3.9804208320226646,-1,1,1,,,0.7290450930595398,0.38185093352694466,1,0,0,0,0,0,0,6209,0.7009977102279663,2.2980970388562794,1,1,3.6336104634371584,10,35
6bba_05b6850b,83,6234,6311,6309,8.900491559458949,11.02128622257856,2.2980970388562794,-1,1,1,,,0.8570489287376404,1.1791476153693095,5,0,0,0,0,0,0,6239,0.7719666957855225,1.625,1,1,9.334914300624297,22,83
6bba_05b6850b,83,6242,6313,6318,8.443747686898277,11.258330249197702,2.8145825622994254,-1,1,1,,,0.9002485871315002,1.0000000000000002,15,0,0,0,0,0,0,6238,0.9690432548522949,0.0,1,1,8.443747686898277,3,83
6bba_05b6850b,83,6248,6334,6326,8.125,7.083210783253595,2.2980970388562794,-1,1,1,,,0.9130946397781372,1.1180751631538304,4,0,0,0,0,0,0,6259,0.772247314453125,0.0,1,1,8.125,15,12
6bba_05b6850b,83,6252,6332,6328,8.900491559458949,8.900491559458949,0.0,-1,1,1,,,0.9687370657920837,2.0,2,0,0,1,0,1,0,6256,0.5554267764091492,0.0,1,1,8.900491559458949,13,83
6bba_05b6850b,83,6254,6324,6330,7.960841664045329,8.75089281159357,1.625,-1,1,1,,,0.9864168167114258,1.3219166112058511,15,0,0,0,0,0,0,6249,0.9602780938148499,2.2980970388562794,1,1,10.017172754824587,22,5
6bba_05b6850b,83,6256,6328,6332,8.900491559458949,8.900491559458949,0.0,-1,1,1,,,0.5554267764091492,2.0,15,0,0,0,0,0,0,6252,0.9687370657920837,0.0,1,1,8.900491559458949,83,13
6bba_05b6850b,83,6259,6326,6334,7.083210783253595,7.083210783253595,0.0,-1,1,1,,,0.772247314453125,2.0,15,0,0,0,0,0,0,6248,0.9130946397781372,2.2980970388562794,1,1,8.125,12,15
6bba_05b6850b,84,6263,6337,6338,8.125,12.691655723348314,5.138701197773616,-1,1,1,,,0.0,0.45029645310882754,14,0,0,0,0,0,0,6262,0.6330925822257996,2.2980970388562794,1,1,5.859020822628983,2,30
6bba_05b6850b,84,6266,6341,7392,2.2980970388562794,2.141104071359877,0.4011379971660073,-1,1,1,,,,1.4055530669798326,6,1,0,0,0,0,0,6267,0.5119941830635071,2.2980970388562794,1,0,4.596194077712559,0,84
6bba_05b6850b,84,6267,7392,6341,4.423826578429282,2.141104071359877,2.2980970388562794,-1,1,1,,,0.5119941830635071,0.632476553023199,14,1,0,0,0,0,0,6266,,0.4011379971660073,1,1,4.596194077712559,84,0
6bba_05b6850b,84,6277,6349,6348,7.960841664045329,10.65583760199075,2.8145825622994254,-1,1,1,,,0.8358903527259827,0.9551845001450344,14,0,0,0,0,0,0,6279,0.8232002258300781,2.2980970388562794,1,1,6.894291116568838,30,0
6bba_05b6850b,84,6279,6352,6349,8.900491559458949,11.02128622257856,2.2980970388562794,-1,1,0,,,0.8232002258300781,1.1791476153693095,0,0,0,1,0,1,0,6285,0.6585756540298462,6.080193253507654,1,1,13.978778558944269,11,30
6bba_05b6850b,84,6292,6358,6362,8.443747686898277,8.443747686898277,0.0,-1,1,1,,,0.9479005336761475,2.0,13,0,0,0,0,0,0,6288,0.8972694277763367,3.9804208320226646,1,1,12.268480957314969,10,27
6bba_05b6850b,84,6310,6378,6380,8.900491559458949,9.334914300624297,1.625,-1,1,0,,,0.8963903188705444,1.3824516448204605,0,0,0,0,0,0,0,6308,0.732329785823822,1.625,1,1,10.405076885828379,13,23
6bba_05b6850b,84,6324,6398,6395,8.75089281159357,8.285906709588275,1.625,-1,1,1,,,0.96551114320755,1.3735478846950708,14,0,0,0,0,0,0,6330,0.9714326858520508,0.0,1,1,8.75089281159357,6,23
6bba_05b6850b,84,6324,6399,6395,7.960841664045329,7.44668550430324,1.625,-1,1,0,,,0.96551114320755,1.3219166112058511,0,0,0,0,0,0,0,6336,0.9194297790527344,3.6336104634371584,1,1,10.900831390311474,5,23
6bba_05b6850b,84,6326,6404,6394,6.894291116568838,6.894291116568838,0.0,-1,1,1,,,0.98360276222229,2.0,3,1,0,0,0,0,0,6334,0.8116397261619568,1.625,1,1,7.083210783253595,16,13
6bba_05b6850b,84,6328,6402,6400,8.900491559458949,8.443747686898277,1.625,-1,1,1,,,0.9802197813987732,1.3824516448204605,1,0,0,1,0,1,0,6332,0.7011009454727173,0.0,1,1,8.900491559458949,14,84
6bba_05b6850b,84,6330,6395,6398,8.285906709588275,8.285906709588275,0.0,-1,1,1,,,0.9714326858520508,2.0,14,0,0,0,0,0,0,6324,0.96551114320755,1.625,1,1,8.75089281159357,23,6
6bba_05b6850b,84,6332,6400,6402,8.443747686898277,8.443747686898277,0.0,-1,1,1,,,0.7011009454727173,2.0,14,0,0,0,0,0,0,6328,0.9802197813987732,1.625,1,1,8.900491559458949,84,14
6bba_05b6850b,84,6334,6394,6404,7.083210783253595,6.894291116568838,1.625,-1,1,1,,,0.8116397261619568,1.253578012546517,14,1,0,0,0,0,0,6326,0.98360276222229,0.0,1,1,7.083210783253595,13,16
6bba_05b6850b,84,6334,6407,6404,6.080193253507654,7.44668550430324,1.625,1,1,1,4.3834930657776034,0.25129127502441406,0.8116397261619568,1.1564131117618641,3,0,0,0,0,0,1,,,,,,,,
6bba_05b6850b,85,6341,7393,6413,2.7689977269411794,2.7689977269411794,0.0,-1,1,1,,,0.8985199928283691,2.0,13,1,0,0,0,0,0,7392,,0.9305859646278681,1,1,2.141104071359877,85,1
6bba_05b6850b,85,6355,6423,6428,7.621925609713073,10.65583760199075,3.6336104634371584,1,1,1,0.8346475922906471,0.18476487696170807,0.9852378964424133,0.7086850631290551,4,0,0,1,0,1,1,,,,,,,,
6bba_05b6850b,85,6356,6428,6430,8.900491559458949,9.334914300624297,1.625,-1,0,1,,,0.8357141613960266,1.3824516448204605,13,0,0,0,0,0,0,6355,0.9852378964424133,3.6336104634371584,1,1,11.830178570080843,85,6
6bba_05b6850b,85,6362,6433,6436,7.621925609713073,10.65583760199075,3.6336104634371584,-1,1,1,,,0.895155131816864,0.7086850631290551,12,0,0,0,0,0,0,6358,0.869825005531311,1.625,1,1,8.443747686898277,11,28
6bba_05b6850b,85,6379,6455,6454,6.080193253507654,9.192388155425117,3.9804208320226646,1,1,1,2.2980970388562802,0.5650703310966492,0.8515547513961792,0.41742430504415995,11,0,0,0,0,0,1,,,,,,,,
6bba_05b6850b,85,6392,6460,6466,8.75089281159357,12.481861840286488,3.9804208320226646,-1,1,1,,,0.9674908518791199,0.7494076594307967,13,0,0,0,0,0,0,6386,0.8541996479034424,3.6336104634371584,1,1,12.160386507015309,24,48
6bba_05b6850b,85,6396,6463,6472,8.285906709588275,10.531203634912773,2.2980970388562794,1,1,1,1.0736175614693586,0.23484103381633759,0.9603400826454163,1.1314829081786701,5,0,0,0,0,0,1,,,,,,,,
6bba_05b6850b,85,6397,6476,6468,4.875,6.894291116568838,2.8145825622994254,1,1,1,0.0,0.18124353885650635,0.9728427529335022,0.5358983848622455,5,1,0,0,0,0,1,,,,,,,,
6bba_05b6850b,85,6398,6470,6471,7.083210783253595,9.334914300624297,2.2980970388562794,-1,1,1,,,0.9818639755249023,1.0201378816543585,13,0,0,0,0,0,0,6395,0.9644680023193359,1.625,1,1,8.285906709588275,24,7
6bba_05b6850b,85,6400,6467,6474,8.75089281159357,10.017172754824587,1.625,-1,1,1,,,0.9490655064582825,1.3735478846950708,2,0,0,1,0,1,0,6393,0.8648523688316345,1.625,1,1,9.75,5,85
6bba_05b6850b,85,6402,6474,6475,8.285906709588275,10.017172754824587,2.2980970388562794,-1,0,1,,,0.7544866800308228,1.1314829081786701,13,0,0,0,0,0,0,6400,0.9490655064582825,1.625,1,1,8.443747686898277,85,15
6bba_05b6850b,85,6402,6466,6475,6.080193253507654,6.894291116568838,2.2980970388562794,-1,0,1,,,0.7544866800308228,0.9028324592902729,13,1,0,0,0,0,0,6392,0.9674908518791199,3.9804208320226646,1,1,9.192388155425117,48,15
6bba_05b6850b,85,6404,6480,6477,7.44668550430324,11.830178570080843,4.596194077712559,-1,1,1,,,0.914800763130188,0.47339033944131675,2,0,0,0,0,0,0,6407,0.7532732486724854,0.0,1,0,7.44668550430324,0,17
6bba_05b6850b,85,6404,6469,6477,5.859020822628983,8.75089281159357,4.596194077712559,-1,1,1,,,0.914800763130188,0.24156877825154435,13,0,0,0,0,0,0,6394,0.9570879340171814,1.625,1,1,6.894291116568838,14,17
6bba_05b6850b,85,6405,6480,6478,8.285906709588275,8.443747686898277,1.625,-1,1,1,,,0.9824575781822205,1.3441568778251545,2,0,0,1,0,1,0,6407,0.7532732486724854,0.0,1,0,8.285906709588275,0,61
6bba_05b6850b,85,6407,6478,6480,8.443747686898277,8.443747686898277,0.0,-1,1,1,,,0.7532732486724854,2.0,13,0,0,0,0,0,0,6405,0.9824575781822205,1.625,1,1,8.285906709588275,61,0
6bba_05b6850b,85,7392,6413,7393,2.141104071359877,2.7689977269411794,0.9305859646278681,-1,1,1,,,,0.7881772526196641,5,1,0,0,0,0,0,6341,0.8985199928283691,0.0,1,1,2.141104071359877,1,85
6bba_05b6850b,87,6483,6555,6554,3.6336104634371584,4.596194077712559,1.625,-1,1,1,,,0.6812124848365784,0.7639320225002104,3,1,0,0,0,0,0,6484,0.5341217517852783,2.2980970388562794,1,1,5.859020822628983,3,87
6bba_05b6850b,87,6484,6554,6555,6.894291116568838,4.596194077712559,2.2980970388562794,-1,1,1,,,0.5341217517852783,1.0,11,1,0,0,0,0,0,6483,0.6812124848365784,1.625,1,1,5.859020822628983,87,3
6bba_05b6850b,87,6485,6551,6556,7.44668550430324,6.080193253507654,1.625,1,1,1,0.0,0.4277787208557129,0.9353154897689819,1.2834848610088319,3,1,0,0,0,0,1,,,,,,,,
6bba_05b6850b,87,6504,6577,6576,8.285906709588275,9.613629647536875,1.625,-1,1,1,,,0.8794777989387512,1.3441568778251545,11,0,0,0,0,0,0,6507,0.8714324235916138,1.625,1,1,8.75089281159357,30,13
6bba_05b6850b,87,6517,6590,6588,6.700046641628698,6.080193253507654,1.625,1,1,1,3.6698067464923456,0.357117235660553,0.8142550587654114,1.2192235935955846,3,1,0,0,0,0,1,,,,,,,,
6bba_05b6850b,87,6532,6611,6603,8.125,8.125,0.0,1,1,1,6.409441853748634,0.3498486578464508,0.8395543694496155,2.0,11,0,0,0,0,0,1,,,,,,,,
6bba_05b6850b,87,6536,6610,6606,8.75089281159357,9.75,1.625,-1,1,0,,,0.8388519883155823,1.3735478846950708,0,1,0,0,0,0,0,6539,0.9118084907531738,1.625,1,1,9.75,39,87
6bba_05b6850b,87,6539,6618,6610,6.080193253507654,6.700046641628698,1.625,-1,0,1,,,0.9118084907531738,1.1564131117618641,3,1,0,0,0,0,0,6547,0.7743764519691467,4.596194077712559,1,1,6.894291116568838,1,39
6bba_05b6850b,87,6541,6613,6607,8.125,9.334914300624297,2.2980970388562794,-1,1,1,,,0.9749414920806885,1.1180751631538304,11,0,0,0,0,0,0,6542,0.9731242060661316,1.625,1,1,9.192388155425117,26,9
6bba_05b6850b,87,6542,6604,6613,8.443747686898277,9.475296829123613,1.625,-1,1,1,,,0.9731242060661316,1.3544380888143643,3,0,0,0,0,0,0,6534,0.6802011728286743,2.8145825622994254,1,1,11.258330249197702,1,26
6bba_05b6850b,87,6547,6610,6618,8.125,6.700046641628698,4.596194077712559,-1,1,0,,,0.7743764519691467,0.5547916179456588,0,1,0,0,0,0,0,6539,0.9118084907531738,1.625,1,1,6.894291116568838,39,1
6bba_05b6850b,87,6547,6611,6618,8.75089281159357,12.691655723348314,4.596194077712559,1,1,1,-2.160452088435541,0.3498486578464508,0.7743764519691467,0.6225626263375589,11,0,0,0,0,0,1,,,,,,,,
6bba_05b6850b,87,6548,6611,6619,8.443747686898277,7.621925609713073,1.625,1,0,1,,0.3498486578464508,0.9699309468269348,1.3544380888143643,11,0,0,0,0,0,1,,,,,,,,
6bba_05b6850b,87,6549,6621,6620,8.443747686898277,8.443747686898277,0.0,-1,1,0,,,0.9858492612838745,2.0,0,0,0,1,0,1,0,6550,0.6871095299720764,0.0,1,1,8.443747686898277,2,63
6bba_05b6850b,87,6550,6620,6621,8.443747686898277,8.443747686898277,0.0,-1,0,1,,,0.6871095299720764,2.0,11,0,0,0,0,0,0,6549,0.9858492612838745,0.0,1,1,8.443747686898277,63,2
6bba_05b6850b,88,6551,6626,6622,7.44668550430324,6.080193253507654,1.625,-1,1,1,,,0.6663209795951843,1.2834848610088319,10,1,0,0,0,0,0,6556,0.835627019405365,1.625,1,1,6.080193253507654,78,0
6bba_05b6850b,88,6554,6623,6627,4.875,8.75089281159357,3.9804208320226646,-1,1,1,,,0.6694114804267883,0.20204102886728756,2,0,0,0,0,0,0,6555,0.5127105712890625,1.625,1,1,4.596194077712559,4,88
6bba_05b6850b,88,6555,6627,6623,8.285906709588275,8.75089281159357,1.625,-1,1,1,,,0.5127105712890625,1.3441568778251545,10,0,0,0,0,0,0,6554,0.6694114804267883,3.9804208320226646,1,1,4.596194077712559,88,4
6bba_05b6850b,88,6556,6622,6626,4.875,6.080193253507654,1.625,-1,1,1,,,0.835627019405365,1.0,2,1,0,0,0,0,0,6551,0.6663209795951843,1.625,1,0,6.080193253507654,0,78
6bba_05b6850b,88,6562,6629,6634,8.443747686898277,8.125,2.2980970388562794,-1,1,1,,,0.7566453814506531,1.1442449234640744,10,0,0,0,0,0,0,6557,0.8161630034446716,2.8145825622994254,1,1,10.779030568655049,6,27
6bba_05b6850b,88,6583,6659,6658,5.138701197773616,7.267220926874317,2.2980970388562794,1,1,1,0.17946457742892274,0.39451923966407776,0.9000512361526489,0.7639320225002103,10,0,0,1,0,1,1,,,,,,,,
6bba_05b6850b,88,6588,6667,6664,8.285906709588275,9.75,2.2980970388562794,-1,1,1,,,0.7853860855102539,1.1314829081786701,2,0,0,0,0,0,0,6590,0.8500853180885315,2.2980970388562794,1,0,6.080193253507654,0,24
6bba_05b6850b,88,6590,6664,6667,7.621925609713073,9.75,2.2980970388562794,-1,1,1,,,0.8500853180885315,1.07335008385784,10,0,0,0,0,0,0,6588,0.7853860855102539,2.2980970388562794,1,1,6.080193253507654,24,0
6bba_05b6850b,88,6593,6668,6669,8.285906709588275,7.960841664045329,2.2980970388562794,-1,0,1,,,0.8722602725028992,1.1314829081786701,10,0,0,0,0,0,0,6592,0.9378781318664551,2.8145825622994254,1,1,10.405076885828379,88,27
6bba_05b6850b,88,6607,6685,6681,8.285906709588275,8.75089281159357,1.625,-1,1,1,,,0.9222491979598999,1.3441568778251545,10,0,0,0,0,0,0,6613,0.9810320734977722,1.625,1,1,9.334914300624297,27,10
6bba_05b6850b,89,6622,6698,6694,6.080193253507654,6.080193253507654,0.0,-1,1,1,,,0.6822170615196228,2.0,9,1,0,0,0,0,0,6626,0.7761650681495667,0.0,1,1,6.080193253507654,79,1
6bba_05b6850b,89,6623,6699,6695,8.75089281159357,8.75089281159357,0.0,-1,1,1,,,0.8806930780410767,2.0,9,0,0,0,0,0,0,6627,0.8572723269462585,0.0,1,1,8.75089281159357,89,5
6bba_05b6850b,89,6623,6701,6695,8.75089281159357,8.75089281159357,0.0,1,1,1,-0.30714512469529254,0.31909701228141785,0.8806930780410767,2.0,6,0,0,0,0,0,1,,,,,,,,
6bba_05b6850b,89,6626,6694,6698,6.080193253507654,6.080193253507654,0.0,-1,1,1,,,0.7761650681495667,2.0,1,1,0,0,0,0,0,6622,0.6822170615196228,0.0,1,1,6.080193253507654,1,79
6bba_05b6850b,89,6627,6695,6699,8.75089281159357,8.75089281159357,0.0,-1,1,1,,,0.8572723269462585,2.0,1,0,0,0,0,0,0,6623,0.8806930780410767,0.0,1,1,8.75089281159357,5,89
6bba_05b6850b,89,6629,6705,6700,6.5,8.443747686898277,2.8145825622994254,-1,1,0,,,0.7774955630302429,0.7913220829921511,0,0,0,0,0,0,0,6634,0.715251624584198,1.625,1,1,8.125,28,7
6bba_05b6850b,89,6658,6729,6731,7.267220926874317,7.44668550430324,1.625,-1,1,1,,,0.8872054219245911,1.2690240094737728,9,0,0,1,0,1,0,6659,0.8129212260246277,0.0,1,0,7.267220926874317,0,80
6bba_05b6850b,89,6659,6731,6729,7.44668550430324,7.44668550430324,0.0,-1,1,1,,,0.8129212260246277,2.0,9,0,0,0,0,0,0,6658,0.8872054219245911,1.625,1,1,7.267220926874317,80,0
6bba_05b6850b,89,6666,6738,6737,7.267220926874317,7.267220926874317,0.0,-1,1,1,,,0.7858282923698425,2.0,1,0,0,0,0,0,0,6667,0.9219075441360474,2.2980970388562794,1,1,9.475296829123613,1,89
6bba_05b6850b,89,6681,6755,6752,8.285906709588275,10.531203634912773,2.2980970388562794,-1,1,1,,,0.9531680345535278,1.1314829081786701,9,0,0,0,0,0,0,6685,0.9885440468788147,1.625,1,1,8.75089281159357,28,11
6bba_05b6850b,90,6694,6768,6765,7.44668550430324,7.960841664045329,1.625,-1,0,1,,,0.8083489537239075,1.2834848610088319,8,0,0,0,0,0,0,6698,0.8698822855949402,1.625,1,1,6.080193253507654,80,2
6bba_05b6850b,90,6695,6772,6766,7.621925609713073,8.443747686898277,1.625,-1,0,1,,,0.8500165939331055,1.2970636647955371,5,0,0,0,0,0,0,6701,0.5489355325698853,1.625,1,0,8.75089281159357,0,6
6bba_05b6850b,90,6698,6765,6768,6.700046641628698,7.960841664045329,1.625,-1,1,0,,,0.8698822855949402,1.2192235935955846,0,0,0,0,0,0,0,6694,0.8083489537239075,1.625,1,1,6.080193253507654,2,80
6bba_05b6850b,90,6699,6766,6769,7.621925609713073,8.75089281159357,1.625,-1,1,0,,,0.8453519344329834,1.2970636647955371,0,0,0,0,0,0,0,6695,0.8500165939331055,1.625,1,1,8.75089281159357,6,90
6bba_05b6850b,90,6729,6801,6800,7.44668550430324,6.894291116568838,1.625,-1,1,1,,,0.7315712571144104,1.2834848610088319,8,1,0,0,0,0,0,6731,0.812580406665802,0.0,1,1,7.44668550430324,81,1
6bba_05b6850b,90,6731,6800,6801,6.894291116568838,6.894291116568838,0.0,-1,1,1,,,0.812580406665802,2.0,8,1,0,1,0,1,0,6729,0.7315712571144104,1.625,1,1,7.44668550430324,1,81
6bba_05b6850b,90,6737,6807,6808,8.285906709588275,9.613629647536875,1.625,-1,1,0,,,0.7817918062210083,1.3441568778251545,0,0,0,0,0,0,0,6738,0.6658912301063538,6.894291116568838,1,1,7.267220926874317,2,90
6bba_05b6850b,90,6738,6808,6807,7.44668550430324,9.613629647536875,6.894291116568838,-1,0,1,,,0.6658912301063538,0.07703720636855907,8,0,0,0,0,0,0,6737,0.7817918062210083,1.625,1,1,7.267220926874317,90,2
6bba_05b6850b,90,6750,6826,6817,8.75089281159357,12.160386507015309,6.700046641628698,-1,0,1,,,0.649068295955658,0.26546556294182755,8,0,0,0,0,0,0,6755,0.9712684750556946,1.625,1,1,9.75,29,4
6bba_05b6850b,90,6752,6816,6825,8.285906709588275,10.017172754824587,2.2980970388562794,-1,1,1,,,0.9724327921867371,1.1314829081786701,8,0,0,0,0,0,0,6744,0.9345316886901855,2.2980970388562794,1,1,10.277402395547233,50,12
6bba_05b6850b,90,6763,6827,6833,8.75089281159357,9.613629647536875,2.2980970388562794,-1,0,1,,,0.9031060338020325,1.1680336139460876,8,0,0,0,0,0,0,6756,0.9250645041465759,0.0,1,1,8.75089281159357,90,4
6bba_05b6850b,91,6772,6836,6843,6.080193253507654,10.779030568655049,5.138701197773616,1,1,1,0.0,0.23095640540122986,0.5136870741844177,0.16784043380076788,2,0,0,0,0,0,1,,,,,,,,
6bba_05b6850b,91,6784,6850,6855,8.443747686898277,10.405076885828379,2.2980970388562794,-1,1,1,,,0.8885442018508911,1.1442449234640744,7,0,0,1,0,1,0,6780,0.9274662137031555,2.2980970388562794,1,0,9.884489111734608,0,37
6bba_05b6850b,91,6794,6862,6861,8.285906709588275,10.405076885828379,2.8145825622994254,-1,1,1,,,0.9249498844146729,0.985780718899505,6,0,0,0,0,0,0,6793,0.889715313911438,6.080193253507654,1,1,12.160386507015309,17,34
6bba_05b6850b,91,6800,6866,6867,8.443747686898277,7.267220926874317,2.8145825622994254,-1,1,1,,,0.706309974193573,1.0000000000000002,7,0,0,0,0,0,0,6801,0.8216399550437927,1.625,1,1,6.894291116568838,82,2
6bba_05b6850b,91,6801,6867,6866,5.859020822628983,7.267220926874317,1.625,-1,1,1,,,0.8216399550437927,1.1314829081786704,7,0,0,1,0,1,0,6800,0.706309974193573,2.8145825622994254,1,1,6.894291116568838,2,82
6bba_05b6850b,91,6810,6877,6876,5.629165124598851,8.285906709588275,3.9804208320226646,1,1,1,1.7312660452363122,0.39925873279571533,0.6284888982772827,0.3431457505076197,5,0,0,0,0,0,1,,,,,,,,
6bba_05b6850b,91,6824,6888,6892,8.125,8.285906709588275,1.625,-1,1,1,,,0.979496955871582,1.3333333333333333,7,0,0,0,0,0,0,6825,0.9866987466812134,2.2980970388562794,1,1,10.405076885828379,13,20
6bba_05b6850b,92,6842,6902,6908,8.125,8.285906709588275,1.625,1,1,1,2.2452969253244976,0.18547920882701874,0.9768869280815125,1.3333333333333333,6,0,0,1,0,1,1,,,,,,,,
6bba_05b6850b,92,6866,6932,6936,7.267220926874317,7.44668550430324,1.625,-1,1,1,,,0.89896160364151,1.2690240094737728,6,0,0,1,0,1,0,6867,0.8511275053024292,0.0,1,1,7.267220926874317,3,83
6bba_05b6850b,92,6867,6936,6932,7.44668550430324,7.44668550430324,0.0,-1,1,1,,,0.8511275053024292,2.0,6,0,0,0,0,0,0,6866,0.89896160364151,1.625,1,1,7.267220926874317,83,3
6bba_05b6850b,92,6876,6944,6942,8.75089281159357,10.017172754824587,1.625,-1,1,1,,,0.9284648299217224,1.3735478846950708,4,0,0,0,0,0,0,6877,0.9519487023353577,1.625,1,0,8.285906709588275,0,6
6bba_05b6850b,92,6886,6956,6951,8.75089281159357,10.65583760199075,2.2980970388562794,-1,1,1,,,0.8669986128807068,1.1680336139460876,6,0,0,0,0,0,0,6891,0.9219064116477966,1.625,1,1,9.475296829123613,92,12
6bba_05b6850b,92,6888,6957,6953,8.285906709588275,8.285906709588275,0.0,-1,1,1,,,0.9555118680000305,2.0,6,0,0,0,0,0,0,6892,0.9460996985435486,0.0,1,1,8.285906709588275,21,14
6bba_05b6850b,92,6892,6953,6957,8.285906709588275,8.285906709588275,0.0,-1,1,1,,,0.9460996985435486,2.0,6,0,0,0,0,0,0,6888,0.9555118680000305,0.0,1,1,8.285906709588275,14,21
6bba_05b6850b,92,6895,6964,6959,7.44668550430324,8.900491559458949,1.625,1,1,1,0.4344227411653474,0.2848914563655853,0.9918603301048279,1.2834848610088319,5,0,0,1,0,1,1,,,,,,,,
6bba_05b6850b,93,6908,6968,6974,7.960841664045329,10.531203634912773,3.9804208320226646,-1,1,1,,,0.6444221138954163,0.6666666666666666,5,0,0,1,0,1,0,6902,0.6713958382606506,2.2980970388562794,1,0,8.285906709588275,0,44
6bba_05b6850b,93,6923,6994,6992,7.083210783253595,8.75089281159357,2.2980970388562794,-1,1,1,,,0.9564578533172607,1.0201378816543585,5,0,0,1,0,1,0,6926,0.680683434009552,3.6336104634371584,1,0,10.017172754824587,0,93
6bba_05b6850b,93,6932,7003,6999,8.900491559458949,8.900491559458949,2.2980970388562794,-1,1,1,,,0.779666006565094,1.1791476153693095,5,0,0,0,0,0,0,6936,0.9636604189872742,1.625,1,1,7.44668550430324,84,4
6bba_05b6850b,93,6936,6999,7003,7.44668550430324,8.900491559458949,1.625,-1,1,1,,,0.9636604189872742,1.2834848610088319,5,0,0,1,0,1,0,6932,0.779666006565094,2.2980970388562794,1,1,7.44668550430324,4,84
6bba_05b6850b,93,6938,7002,7008,6.080193253507654,10.017172754824587,3.9804208320226646,1,1,1,3.284025499468145,0.3956768810749054,0.7862856388092041,0.41742430504415995,5,0,0,0,0,0,1,,,,,,,,
6bba_05b6850b,93,6948,7016,7020,8.443747686898277,11.490485194281398,3.6336104634371584,-1,1,1,,,0.7115047574043274,0.7965545384323182,3,0,0,0,0,0,0,6944,0.9269112348556519,2.2980970388562794,1,1,10.405076885828379,1,53
6bba_05b6850b,93,6950,7023,7019,8.75089281159357,11.490485194281398,3.6336104634371584,-1,1,1,,,0.9151052832603455,0.8264009035346175,5,0,0,0,0,0,0,6955,0.9514667987823486,1.625,1,1,9.475296829123613,56,32
6bba_05b6850b,93,6953,7020,7027,6.700046641628698,8.443747686898277,2.2980970388562794,-1,1,1,,,0.9370687007904053,0.9784128280412532,5,0,0,0,0,0,0,6948,0.7115047574043274,3.6336104634371584,1,1,10.277402395547233,53,15
6bba_05b6850b,93,6953,7026,7027,8.285906709588275,9.475296829123613,2.2980970388562794,-1,1,1,,,0.9370687007904053,1.1314829081786701,5,0,0,0,0,0,0,6957,0.9412376284599304,0.0,1,1,8.285906709588275,22,15
6bba_05b6850b,93,6964,7029,7036,8.900491559458949,9.334914300624297,1.625,-1,1,1,,,0.7703372836112976,1.3824516448204605,5,0,0,0,0,0,0,6959,0.9801340699195862,0.0,1,1,8.900491559458949,50,0
6bba_05b6850b,94,6981,7054,7051,5.3895152843275245,7.267220926874317,2.8145825622994254,1,1,1,1.0186857827139582,0.2829246520996094,0.9360832571983337,0.6277186767309856,4,0,0,0,0,0,1,,,,,,,,
6bba_05b6850b,94,6988,7054,7060,8.900491559458949,11.02128622257856,2.2980970388562794,1,1,1,-0.6162093367501811,0.2829246520996094,0.9486280679702759,1.1791476153693095,4,0,0,0,0,0,1,,,,,,,,
6bba_05b6850b,94,6994,7061,7064,8.75089281159357,10.65583760199075,2.2980970388562794,-1,1,1,,,0.8131260871887207,1.1680336139460876,4,0,0,0,0,0,0,6992,0.945692777633667,0.0,1,1,8.75089281159357,94,1
6bba_05b6850b,94,6999,7074,7069,8.900491559458949,8.900491559458949,0.0,-1,1,1,,,0.7900079488754272,2.0,4,0,0,0,0,0,0,7003,0.8018958568572998,0.0,1,1,8.900491559458949,85,5
6bba_05b6850b,94,7003,7069,7074,8.900491559458949,8.900491559458949,0.0,-1,1,1,,,0.8018958568572998,2.0,4,0,0,1,0,1,0,6999,0.7900079488754272,0.0,1,1,8.900491559458949,5,85
6bba_05b6850b,94,7020,7093,7087,6.894291116568838,8.900491559458949,2.2980970388562794,-1,1,1,,,0.8137688636779785,1.0,4,0,0,0,0,0,0,7027,0.9551646113395691,1.625,1,1,8.443747686898277,16,54
6bba_05b6850b,94,7029,7098,7097,8.75089281159357,8.75089281159357,0.0,-1,1,1,,,0.9780842661857605,2.0,4,0,0,1,0,1,0,7030,0.8899114727973938,2.2980970388562794,1,1,10.900831390311474,9,51
6bba_05b6850b,95,7042,7109,7108,8.75089281159357,8.75089281159357,0.0,-1,1,1,,,0.866977334022522,2.0,3,0,0,0,0,0,0,7043,0.9036423563957214,0.0,1,1,8.75089281159357,13,0
6bba_05b6850b,95,7043,7108,7109,8.75089281159357,8.75089281159357,0.0,-1,1,1,,,0.9036423563957214,2.0,3,0,0,0,0,0,0,7042,0.866977334022522,0.0,1,0,8.75089281159357,0,13
6bba_05b6850b,95,7047,7117,7112,7.44668550430324,7.44668550430324,0.0,-1,0,1,,,0.6551080942153931,2.0,3,0,0,0,0,0,0,7052,0.7736144065856934,1.625,1,1,8.900491559458949,86,5
6bba_05b6850b,95,7048,7111,7115,8.285906709588275,10.900831390311474,2.8145825622994254,1,1,1,0.47416860968852603,0.3887580931186676,0.8183658123016357,0.985780718899505,3,0,0,0,0,0,1,,,,,,,,
6bba_05b6850b,95,7052,7112,7117,8.900491559458949,7.44668550430324,1.625,-1,1,0,,,0.7736144065856934,1.3824516448204605,0,0,0,0,0,0,0,7047,0.6551080942153931,0.0,1,1,8.900491559458949,5,86
6bba_05b6850b,95,7054,7116,7120,6.080193253507654,8.285906709588275,2.2980970388562794,-1,1,1,,,0.8533285856246948,0.9028324592902729,3,0,0,0,0,0,0,7051,0.8874079585075378,2.2980970388562794,1,1,7.267220926874317,4,0
6bba_05b6850b,95,7074,7133,7139,8.900491559458949,9.613629647536875,1.625,-1,1,1,,,0.9605491161346436,1.3824516448204605,3,0,0,1,0,1,0,7069,0.8715572953224182,0.0,1,1,8.900491559458949,6,86
6bba_05b6850b,95,7087,7149,7152,8.443747686898277,8.443747686898277,0.0,-1,1,1,,,0.8839389681816101,2.0,1,0,0,0,0,0,0,7084,0.6657400131225586,1.625,1,1,9.475296829123613,3,55
6bba_05b6850b,95,7087,7157,7152,8.75089281159357,8.75089281159357,0.0,-1,1,1,,,0.8839389681816101,2.0,3,0,0,0,0,0,0,7093,0.9123877286911011,1.625,1,1,8.900491559458949,17,55
6bba_05b6850b,95,7090,7150,7156,8.75089281159357,10.900831390311474,2.2980970388562794,-1,1,1,,,0.9682751297950745,1.1680336139460876,3,0,0,0,0,0,0,7085,0.9495542049407959,2.8145825622994254,1,1,11.490485194281398,34,31
6bba_05b6850b,95,7093,7152,7157,8.900491559458949,8.75089281159357,1.625,-1,1,1,,,0.9123877286911011,1.3824516448204605,3,0,0,0,0,0,0,7087,0.8839389681816101,0.0,1,1,8.900491559458949,55,17
6bba_05b6850b,95,7094,7164,7160,8.285906709588275,8.285906709588275,0.0,-1,1,1,,,0.9457564353942871,2.0,3,0,0,0,0,0,0,7100,0.8182896375656128,1.625,1,1,9.613629647536875,1,95
6bba_05b6850b,95,7097,7168,7167,8.900491559458949,8.75089281159357,1.625,-1,1,1,,,0.9867247343063354,1.3824516448204605,3,0,0,1,0,1,0,7098,0.9253190159797668,1.625,1,1,8.75089281159357,10,52
6bba_05b6850b,95,7098,7167,7168,8.900491559458949,8.75089281159357,1.625,-1,1,1,,,0.9253190159797668,1.3824516448204605,3,0,0,0,0,0,0,7097,0.9867247343063354,1.625,1,1,8.75089281159357,52,10
