[{"stream_name":"stderr","time":6.092154726,"data":"0.00s - Debugger warning: It seems that frozen modules are being used, which may\n"}
,{"stream_name":"stderr","time":6.092207586,"data":"0.00s - make the debugger miss breakpoints. Please pass -Xfrozen_modules=off\n"}
,{"stream_name":"stderr","time":6.092229353,"data":"0.00s - to python to disable frozen modules.\n"}
,{"stream_name":"stderr","time":6.092234241,"data":"0.00s - Note: Debugging will proceed. Set PYDEVD_DISABLE_FILE_VALIDATION=1 to disable this validation.\n"}
,{"stream_name":"stderr","time":6.659913348,"data":"0.00s - Debugger warning: It seems that frozen modules are being used, which may\n"}
,{"stream_name":"stderr","time":6.659945422,"data":"0.00s - make the debugger miss breakpoints. Please pass -Xfrozen_modules=off\n"}
,{"stream_name":"stderr","time":6.659956019,"data":"0.00s - to python to disable frozen modules.\n"}
,{"stream_name":"stderr","time":6.659961371,"data":"0.00s - Note: Debugging will proceed. Set PYDEVD_DISABLE_FILE_VALIDATION=1 to disable this validation.\n"}
,{"stream_name":"stdout","time":8.351037501,"data":"model193: commit run -\u003e validator sweep disabled (dummy test data only)\n"}
,{"stream_name":"stdout","time":8.35109026,"data":"BIOHUB_PRESET: harmonic_v3_division_wide\n"}
,{"stream_name":"stdout","time":8.351096362,"data":"BIOHUB_SCORE_AXIS: 0.933 baseline -\u003e 0.934 harmonic fusion -\u003e 0.939 wider divisions/calmer fusion -\u003e 0.941 repair adaptation -\u003e 0.946 primary edge-feature TTA -\u003e 0.947 secondary feature TTA + DeepCenter TTA\n"}
,{"stream_name":"stdout","time":8.35110501,"data":"Configuration guard: PASS\n"}
,{"stream_name":"stdout","time":8.351112405,"data":"Verified score progression: 0.933 -\u003e 0.934 -\u003e 0.939 -\u003e 0.941 -\u003e 0.946 -\u003e 0.947\n"}
,{"stream_name":"stdout","time":8.351116036,"data":"Previous verified configuration: public LB 0.946\n"}
,{"stream_name":"stdout","time":8.351119177,"data":"Current verified configuration: public LB 0.947\n"}
,{"stream_name":"stdout","time":8.35112227,"data":"0.946 primary edge-feature TTA retained with eight aligned D4 views\n"}
,{"stream_name":"stdout","time":8.351125550999999,"data":"0.947 change: secondary feature TTA blend 0.75 + DeepCenter TTA + safe-div threshold 0.20\n"}
,{"stream_name":"stdout","time":8.351128765,"data":"Reverse-time association weight retained at 0.150\n"}
,{"stream_name":"stdout","time":9.057124698,"data":"Biohub learned UNet + node-transformer + ILP submission\n"}
,{"stream_name":"stdout","time":9.057149231,"data":"COMP_DIR: /kaggle/input/competitions/biohub-cell-tracking-during-development exists: True\n"}
,{"stream_name":"stdout","time":9.057155452,"data":"TEST_DIR: /kaggle/input/competitions/biohub-cell-tracking-during-development/test exists: True\n"}
,{"stream_name":"stdout","time":9.0571615,"data":"{\n"}
,{"stream_name":"stdout","time":9.057167049,"data":"  \"adaptive_short_track_rescue\": true,\n"}
,{"stream_name":"stdout","time":9.057172148,"data":"  \"allow_artifact_fallback\": true,\n"}
,{"stream_name":"stdout","time":9.05717687,"data":"  \"allow_pip_install\": false,\n"}
,{"stream_name":"stdout","time":9.057181288,"data":"  \"deepcenter_checkpoint_default\": \"/kaggle/input/biohub-deepcenter-unet3d-center-prior-v1/weights/full_frame_center/best.pt\",\n"}
,{"stream_name":"stdout","time":9.057186122,"data":"  \"deepcenter_expected_epoch\": 2,\n"}
,{"stream_name":"stdout","time":9.057207235,"data":"  \"deepcenter_gap_add_gate\": true,\n"}
,{"stream_name":"stdout","time":9.057217579,"data":"  \"deepcenter_gap_confirm_min_span_um\": 8.5,\n"}
,{"stream_name":"stdout","time":9.057221719,"data":"  \"deepcenter_gap_threshold\": 0.25,\n"}
,{"stream_name":"stdout","time":9.057231581,"data":"  \"deepcenter_safe_div_add_gate\": true,\n"}
,{"stream_name":"stdout","time":9.057234254,"data":"  \"deepcenter_safe_div_threshold\": 0.2,\n"}
,{"stream_name":"stdout","time":9.057237701,"data":"  \"deepcenter_tta\": true,\n"}
,{"stream_name":"stdout","time":9.057254993,"data":"  \"det_threshold\": 0.965,\n"}
,{"stream_name":"stdout","time":9.057259355,"data":"  \"div_drop_to_single_if_bad\": true,\n"}
,{"stream_name":"stdout","time":9.057263689,"data":"  \"div_parent_max_um\": 10.5,\n"}
,{"stream_name":"stdout","time":9.057268189,"data":"  \"div_sister_max_um\": 8.0,\n"}
,{"stream_name":"stdout","time":9.057272443,"data":"  \"experiment_tag\": \"secondary_deepcenter_tta_0947\",\n"}
,{"stream_name":"stdout","time":9.057276311,"data":"  \"gap2_frame_frac_cap\": 0.006,\n"}
,{"stream_name":"stdout","time":9.057279937,"data":"  \"gap2_max_links_abs\": 180,\n"}
,{"stream_name":"stdout","time":9.05728361,"data":"  \"gap2_max_links_frac\": 0.0045,\n"}
,{"stream_name":"stdout","time":9.057287295,"data":"  \"gap2_max_step_um\": 4.4,\n"}
,{"stream_name":"stdout","time":9.057290909,"data":"  \"gap2_max_total_um\": 10.2,\n"}
,{"stream_name":"stdout","time":9.057294556,"data":"  \"gap2_require_context\": true,\n"}
,{"stream_name":"stdout","time":9.057298304,"data":"  \"gap_close_effective_max_gap\": 1,\n"}
,{"stream_name":"stdout","time":9.057301943,"data":"  \"gap_close_max_added_abs\": 2000,\n"}
,{"stream_name":"stdout","time":9.057305609,"data":"  \"gap_close_max_added_frac\": 0.05,\n"}
,{"stream_name":"stdout","time":9.057309218,"data":"  \"gap_close_max_gap\": 2,\n"}
,{"stream_name":"stdout","time":9.057312885,"data":"  \"gap_close_reuse_existing\": true,\n"}
,{"stream_name":"stdout","time":9.057318371,"data":"  \"gap_close_reuse_um\": 3.2,\n"}
,{"stream_name":"stdout","time":9.057325092,"data":"  \"gap_close_um\": 5.0,\n"}
,{"stream_name":"stdout","time":9.057327527,"data":"  \"gap_density_adaptive\": true,\n"}
,{"stream_name":"stdout","time":9.057329859,"data":"  \"gap_density_gain\": 0.04,\n"}
,{"stream_name":"stdout","time":9.057332221,"data":"  \"gap_density_max_step_delta_um\": 0.125,\n"}
,{"stream_name":"stdout","time":9.057334616,"data":"  \"gap_density_neighbors\": 3,\n"}
,{"stream_name":"stdout","time":9.057337991,"data":"  \"gap_density_reference_um\": 6.5,\n"}
,{"stream_name":"stdout","time":9.057353268,"data":"  \"gap_refine_max_shift_um\": 3.2,\n"}
,{"stream_name":"stdout","time":9.057357587,"data":"  \"gap_refine_synthetic\": true,\n"}
,{"stream_name":"stdout","time":9.057361687,"data":"  \"gap_refine_win_yx\": 3,\n"}
,{"stream_name":"stdout","time":9.057365967,"data":"  \"gap_refine_win_z\": 1,\n"}
,{"stream_name":"stdout","time":9.057369919,"data":"  \"ilp_appearance_weight\": 0.0,\n"}
,{"stream_name":"stdout","time":9.057373577,"data":"  \"ilp_disappearance_weight\": 2.0,\n"}
,{"stream_name":"stdout","time":9.057377189,"data":"  \"ilp_division_weight\": 1.2,\n"}
,{"stream_name":"stdout","time":9.057380808,"data":"  \"ilp_edge_weight\": -1.0,\n"}
,{"stream_name":"stdout","time":9.057384435,"data":"  \"method\": \"unet_transformer\",\n"}
,{"stream_name":"stdout","time":9.057388215,"data":"  \"motion_relink_learned_bonus\": 1.0,\n"}
,{"stream_name":"stdout","time":9.057391896,"data":"  \"motion_relink_max_frame_nodes\": 2600,\n"}
,{"stream_name":"stdout","time":9.057395555,"data":"  \"motion_relink_relaxed_um\": 10.0,\n"}
,{"stream_name":"stdout","time":9.057399192,"data":"  \"motion_relink_tight_um\": 6.0,\n"}
,{"stream_name":"stdout","time":9.057406851,"data":"  \"motion_relink_velocity_weight\": 0.5,\n"}
,{"stream_name":"stdout","time":9.057410975,"data":"  \"output_division_geometry_filter\": false,\n"}
,{"stream_name":"stdout","time":9.057414599,"data":"  \"output_edge_max_um\": 14.0,\n"}
,{"stream_name":"stdout","time":9.057418257,"data":"  \"output_enforce_next_frame\": true,\n"}
,{"stream_name":"stdout","time":9.057425438,"data":"  \"output_filter_short_tracks\": true,\n"}
,{"stream_name":"stdout","time":9.057431843,"data":"  \"output_gap2_recovery\": true,\n"}
,{"stream_name":"stdout","time":9.057446762,"data":"  \"output_gap_close\": true,\n"}
,{"stream_name":"stdout","time":9.057451108,"data":"  \"output_keep_division_components\": true,\n"}
,{"stream_name":"stdout","time":9.057455681,"data":"  \"output_linefit_smooth\": true,\n"}
,{"stream_name":"stdout","time":9.057459641,"data":"  \"output_linefit_weight\": 0.8,\n"}
,{"stream_name":"stdout","time":9.057463693,"data":"  \"output_linefit_window\": 2,\n"}
,{"stream_name":"stdout","time":9.057467455,"data":"  \"output_min_track_len\": 6,\n"}
,{"stream_name":"stdout","time":9.057471049,"data":"  \"output_motion_relink\": true,\n"}
,{"stream_name":"stdout","time":9.057474723,"data":"  \"output_prune_isolated\": true,\n"}
,{"stream_name":"stdout","time":9.057478379,"data":"  \"output_safe_divisions\": true,\n"}
,{"stream_name":"stdout","time":9.057481942,"data":"  \"output_single_child_repair\": false,\n"}
,{"stream_name":"stdout","time":9.057485599,"data":"  \"output_single_parent_repair\": true,\n"}
,{"stream_name":"stdout","time":9.057489297,"data":"  \"primary_artifact_manifest\": \"/kaggle/input/datasets/pilkwang/biohub-tracking-support-pack-50ep-v1/ARTIFACT_MANIFEST.json\",\n"}
,{"stream_name":"stdout","time":9.057493283,"data":"  \"safe_div_existing_child_max_um\": 10.0,\n"}
,{"stream_name":"stdout","time":9.057496957,"data":"  \"safe_div_frame_frac_cap\": 0.0076,\n"}
,{"stream_name":"stdout","time":9.057500627,"data":"  \"safe_div_global_frac_cap\": 0.00375,\n"}
,{"stream_name":"stdout","time":9.057504394,"data":"  \"safe_div_max_um\": 9.0,\n"}
,{"stream_name":"stdout","time":9.057507924,"data":"  \"safe_div_sister_max_um\": 14.0,\n"}
,{"stream_name":"stdout","time":9.057511641,"data":"  \"secondary_edge_feature_tta\": true,\n"}
,{"stream_name":"stdout","time":9.057537061,"data":"  \"secondary_edge_feature_tta_weight\": 0.75,\n"}
,{"stream_name":"stdout","time":9.057543919,"data":"  \"short_track_rescue_max_mean_edge_dist_um\": 3.0,\n"}
,{"stream_name":"stdout","time":9.057547633,"data":"  \"short_track_rescue_max_nodes_abs\": 120,\n"}
,{"stream_name":"stdout","time":9.057551791,"data":"  \"short_track_rescue_max_nodes_frac\": 0.012,\n"}
,{"stream_name":"stdout","time":9.057555898,"data":"  \"short_track_rescue_min_len\": 4,\n"}
,{"stream_name":"stdout","time":9.057559948,"data":"  \"short_track_rescue_min_mean_edge_prob\": 0.88,\n"}
,{"stream_name":"stdout","time":9.057564209,"data":"  \"short_track_rescue_trigger_removed_frac\": 0.1,\n"}
,{"stream_name":"stdout","time":9.057568027,"data":"  \"slice\": \"\",\n"}
,{"stream_name":"stdout","time":9.057571637,"data":"  \"target_artifact_slug\": \"biohub-tracking-support-pack\",\n"}
,{"stream_name":"stdout","time":9.057575489,"data":"  \"unet_batch_size\": 4,\n"}
,{"stream_name":"stdout","time":9.057579112,"data":"  \"use_deepcenter_add_only_gate\": true,\n"}
,{"stream_name":"stdout","time":9.057582857,"data":"  \"use_ilp\": true,\n"}
,{"stream_name":"stdout","time":9.057586406,"data":"  \"weights\": \"weights/unet_transformer/split_0/edge_predictor_best.pth\"\n"}
,{"stream_name":"stdout","time":9.057595331,"data":"}\n"}
,{"stream_name":"stdout","time":9.05759881,"data":"ARTIFACTS: /kaggle/input/datasets/pilkwang/biohub-tracking-support-pack-50ep-v1\n"}
,{"stream_name":"stdout","time":9.057603159,"data":"Has offline wheels: True\n"}
,{"stream_name":"stdout","time":9.057607113,"data":"Artifact name: biohub-tracking-support-pack-400ep-snapshot-v1\n"}
,{"stream_name":"stdout","time":9.057612051,"data":"Weight sha256: 12f6881ee3620a831697ca098ff8f48e687a24225f4e048b538deec3562fe771\n"}
,{"stream_name":"stdout","time":9.05761659,"data":"Weight path: weights/unet_transformer/split_0/edge_predictor_best.pth\n"}
,{"stream_name":"stdout","time":9.612080654,"data":"Installing missing packages from offline package dirs: ['polars']\n"}
,{"stream_name":"stdout","time":9.612100967,"data":"Dependency resolver is disabled with --no-deps to avoid replacing Kaggle numpy/scipy in a live kernel.\n"}
,{"stream_name":"stdout","time":9.612104215,"data":"Offline package dirs: ['/kaggle/input/datasets/pilkwang/biohub-tracking-support-pack-50ep-v1/wheels']\n"}
,{"stream_name":"stdout","time":15.224852015,"data":"Offline dependency install succeeded.\n"}
,{"stream_name":"stdout","time":15.224889634,"data":"Installing missing packages from offline package dirs: ['tracksdata', 'zarr', 'pyscipopt', 'geff', 'geff_spec', 'ilpy', 'imagecodecs', 'rustworkx', 'numcodecs', 'donfig', 'bidict']\n"}
,{"stream_name":"stdout","time":15.224896783,"data":"Dependency resolver is disabled with --no-deps to avoid replacing Kaggle numpy/scipy in a live kernel.\n"}
,{"stream_name":"stdout","time":15.224901915,"data":"Offline package dirs: ['/kaggle/input/datasets/pilkwang/biohub-tracking-support-pack-50ep-v1/wheels']\n"}
,{"stream_name":"stdout","time":36.703581712,"data":"Offline dependency install succeeded.\n"}
,{"stream_name":"stderr","time":43.497342257,"data":"/usr/local/lib/python3.12/dist-packages/dask/array/image.py:7: FutureWarning: `find_available_plugins` is deprecated since version 0.25 and will be removed in version 0.27. The plugin infrastructure of `skimage.io` is deprecated. Instead, use `imageio` or other I/O packages directly.\n"}
,{"stream_name":"stderr","time":43.497373912,"data":"  from skimage.io import imread as sk_imread\n"}
,{"stream_name":"stderr","time":43.497379345,"data":"/usr/lib/python3.12/importlib/__init__.py:90: FutureWarning: `reset_plugins` is deprecated since version 0.25 and will be removed in version 0.27. The plugin infrastructure of `skimage.io` is deprecated. Instead, use `imageio` or other I/O packages directly.\n"}
,{"stream_name":"stderr","time":43.497384697,"data":"  return _bootstrap._gcd_import(name[level:], package, level)\n"}
,{"stream_name":"stderr","time":43.49738918,"data":"\n"}
,{"stream_name":"stderr","time":43.49739345,"data":"/usr/local/lib/python3.12/dist-packages/dask/array/image.py:7: FutureWarning: `find_available_plugins` is deprecated since version 0.25 and will be removed in version 0.27. The plugin infrastructure of `skimage.io` is deprecated. Instead, use `imageio` or other I/O packages directly.\n"}
,{"stream_name":"stderr","time":43.497402432,"data":"  from skimage.io import imread as sk_imread\n"}
,{"stream_name":"stderr","time":43.497405995,"data":"/usr/lib/python3.12/importlib/__init__.py:90: FutureWarning: `reset_plugins` is deprecated since version 0.25 and will be removed in version 0.27. The plugin infrastructure of `skimage.io` is deprecated. Instead, use `imageio` or other I/O packages directly.\n"}
,{"stream_name":"stderr","time":43.497409402,"data":"  return _bootstrap._gcd_import(name[level:], package, level)\n"}
,{"stream_name":"stdout","time":43.6791831,"data":"Required graph/Zarr/ILP packages import successfully.\n"}
,{"stream_name":"stdout","time":43.679234051,"data":"Inference repo: /kaggle/working/tracking_repo\n"}
,{"stream_name":"stdout","time":43.679239052,"data":"Weights: /kaggle/working/tracking_repo/weights/unet_transformer/split_0/edge_predictor_best.pth\n"}
,{"stream_name":"stdout","time":44.813493808,"data":"Support repo Python manifest SHA256: 978b626d1fd1e7397435a437dfe68691defe1572fc3c20e61012d7c9b52ed029\n"}
,{"stream_name":"stdout","time":44.813541806,"data":"Primary materialized SHA256: 12f6881ee3620a831697ca098ff8f48e687a24225f4e048b538deec3562fe771\n"}
,{"stream_name":"stdout","time":44.81354968,"data":"DeepCenter materialized SHA256: 8040999a92f6b7bbd98fa8cf458141e045c0f9ad7c936bdb3b18e1f7edafe2a0\n"}
,{"stream_name":"stdout","time":208.598402714,"data":"Secondary artifact: /kaggle/input/datasets/pilkwang/biohub-temporal-unet3d-seed314159-v1\n"}
,{"stream_name":"stdout","time":208.598465376,"data":"Secondary weight: /kaggle/working/secondary_seed_weights/unet_transformer/split_0/edge_predictor_best.pth\n"}
,{"stream_name":"stdout","time":208.5984725,"data":"Secondary SHA256: 9bac2fa0dadc4a6fc1899e0caf187f4b553e0a7cd90ba1261a68b35ffe9e305f\n"}
,{"stream_name":"stdout","time":208.598477572,"data":"Secondary edge-logit weight: 0.15\n"}
,{"stream_name":"stdout","time":208.598483348,"data":"Secondary edge-feature TTA blend: 0.75\n"}
,{"stream_name":"stdout","time":208.598487809,"data":"Runtime integrity receipt: /kaggle/working/bidirectional_production_runtime_integrity.json\n"}
,{"stream_name":"stdout","time":212.012405256,"data":"CUDA device: Tesla T4\n"}
,{"stream_name":"stdout","time":212.012452498,"data":"Eight-view D4 detection TTA patch applied\n"}
,{"stream_name":"stdout","time":212.012459595,"data":"Calibrated dual-seed runtime patch applied\n"}
,{"stream_name":"stdout","time":212.01246486,"data":"Frozen frame retention guard applied at 0.90\n"}
,{"stream_name":"stdout","time":212.012469518,"data":"Bidirectional harmonic-probability association fusion applied | weight: 0.15\n"}
,{"stream_name":"stdout","time":212.012474129,"data":"Pre-ILP detector-coordinate manifest hook applied\n"}
,{"stream_name":"stdout","time":212.012478487,"data":"Edge-feature TTA patch installed and enabled\n"}
,{"stream_name":"stdout","time":279.55076594,"data":"model193: materialized writable copy of /kaggle/working/tracking_repo/weights\n"}
,{"stream_name":"stdout","time":279.550801558,"data":"model193: PRIMARY weights replaced by /kaggle/input/datasets/krittanutsomtuas/biohub-model193-ft-primary-weights/edge_predictor_best.pth\n"}
,{"stream_name":"stdout","time":279.550819014,"data":"Found 4 test videos\n"}
,{"stream_name":"stdout","time":279.55082449,"data":"['44b6_0113de3b', '44b6_0b24845f', '6bba_05b6850b', '6bba_05db0fb1']\n"}
,{"stream_name":"stdout","time":279.550829936,"data":"Launching 2 independent video shards on CUDA devices ['0', '1']\n"}
,{"stream_name":"stdout","time":279.550835966,"data":"GPU shard 0: CUDA_VISIBLE_DEVICES = 0 | /usr/bin/python3 scripts/predict_unet_transformer.py --data-dir /kaggle/input/competitions/biohub-cell-tracking-during-development/test --splits kaggle_test_splits_50ep.json --split 0 --weights weights/unet_transformer/split_0/edge_predictor_best.pth --unet-batch-size 4 --det-threshold 0.965 --ilp-edge-weight -1.0 --ilp-appearance-weight 0.0 --ilp-disappearance-weight 2.0 --ilp-division-weight 1.2 --use-ilp --method unet_transformer_gpu0 --slice 0::2\n"}
,{"stream_name":"stdout","time":279.551727888,"data":"GPU shard 1: CUDA_VISIBLE_DEVICES = 1 | /usr/bin/python3 scripts/predict_unet_transformer.py --data-dir /kaggle/input/competitions/biohub-cell-tracking-during-development/test --splits kaggle_test_splits_50ep.json --split 0 --weights weights/unet_transformer/split_0/edge_predictor_best.pth --unet-batch-size 4 --det-threshold 0.965 --ilp-edge-weight -1.0 --ilp-appearance-weight 0.0 --ilp-disappearance-weight 2.0 --ilp-division-weight 1.2 --use-ilp --method unet_transformer_gpu1 --slice 1::2\n"}
,{"stream_name":"stdout","time":284.832626266,"data":"/usr/local/lib/python3.12/dist-packages/dask/array/image.py:7: FutureWarning: `find_available_plugins` is deprecated since version 0.25 and will be removed in version 0.27. The plugin infrastructure of `skimage.io` is deprecated. Instead, use `imageio` or other I/O packages directly.\n"}
,{"stream_name":"stdout","time":284.833193724,"data":"  from skimage.io import imread as sk_imread\n"}
,{"stream_name":"stdout","time":284.837796285,"data":"/usr/lib/python3.12/importlib/__init__.py:90: FutureWarning: `reset_plugins` is deprecated since version 0.25 and will be removed in version 0.27. The plugin infrastructure of `skimage.io` is deprecated. Instead, use `imageio` or other I/O packages directly.\n"}
,{"stream_name":"stdout","time":284.838928594,"data":"  return _bootstrap._gcd_import(name[level:], package, level)\n"}
,{"stream_name":"stdout","time":284.848967605,"data":"/usr/local/lib/python3.12/dist-packages/dask/array/image.py:7: FutureWarning: `find_available_plugins` is deprecated since version 0.25 and will be removed in version 0.27. The plugin infrastructure of `skimage.io` is deprecated. Instead, use `imageio` or other I/O packages directly.\n"}
,{"stream_name":"stdout","time":284.849957777,"data":"  from skimage.io import imread as sk_imread\n"}
,{"stream_name":"stdout","time":284.855111352,"data":"/usr/lib/python3.12/importlib/__init__.py:90: FutureWarning: `reset_plugins` is deprecated since version 0.25 and will be removed in version 0.27. The plugin infrastructure of `skimage.io` is deprecated. Instead, use `imageio` or other I/O packages directly.\n"}
,{"stream_name":"stdout","time":284.856411694,"data":"  return _bootstrap._gcd_import(name[level:], package, level)\n"}
,{"stream_name":"stdout","time":285.545593063,"data":"Secondary model: /kaggle/working/secondary_seed_weights/unet_transformer/split_0/edge_predictor_best.pth | edge weight = 0.150 | detection weight = 0.800 | link mode = low_margin_consensus | temperature = 1.000 | low-margin max = 0.350 | edge threshold = 0.480\n"}
,{"stream_name":"stdout","time":285.54758895,"data":"Fold 0: 2 datasets | weights=weights/unet_transformer/split_0/edge_predictor_best.pth | device=cuda | window_size=2 | pool_kernel_um=3.0\n"}
,{"stream_name":"stdout","time":285.548762977,"data":"Secondary model: /kaggle/working/secondary_seed_weights/unet_transformer/split_0/edge_predictor_best.pth | edge weight = 0.150 | detection weight = 0.800 | link mode = low_margin_consensus | temperature = 1.000 | low-margin max = 0.350 | edge threshold = 0.480\n"}
,{"stream_name":"stdout","time":285.551226121,"data":"Fold 0: 2 datasets | weights=weights/unet_transformer/split_0/edge_predictor_best.pth | device=cuda | window_size=2 | pool_kernel_um=3.0\n"}
,{"stream_name":"stdout","time":287.380393007,"data":"EDGE_TTA_ACTIVE views = 8 mean_abs_feat_delta = 0.345817\n"}
,{"stream_name":"stdout","time":287.382200829,"data":"EDGE_TTA_ACTIVE views = 8 mean_abs_feat_delta = 0.369495\n"}
,{"stream_name":"stdout","time":288.286334939,"data":"SECONDARY_EDGE_TTA_ACTIVE views = 8 weight = 0.75 mean_abs_feat_delta = 0.230737\n"}
,{"stream_name":"stdout","time":288.287170459,"data":"SECONDARY_EDGE_TTA_ACTIVE views = 8 weight = 0.75 mean_abs_feat_delta = 0.28166\n"}
,{"stream_name":"stdout","time":288.397150443,"data":"BIOHUB_RETENTION_GUARD {\"blended_candidates\": 323, \"dataset\": \"44b6_0b24845f\", \"frame\": 0, \"minimum_retention\": 0.9, \"primary_candidates\": 379, \"retention\": 0.8522427440633246, \"use_primary\": true}\n"}
,{"stream_name":"stdout","time":288.398821593,"data":"BIOHUB_RETENTION_GUARD {\"blended_candidates\": 338, \"dataset\": \"44b6_0b24845f\", \"frame\": 1, \"minimum_retention\": 0.9, \"primary_candidates\": 393, \"retention\": 0.8600508905852418, \"use_primary\": true}\n"}
,{"stream_name":"stdout","time":292.239868877,"data":"EDGE_TTA_ACTIVE views = 8 mean_abs_feat_delta = 0.349822\n"}
,{"stream_name":"stdout","time":292.317222666,"data":"EDGE_TTA_ACTIVE views = 8 mean_abs_feat_delta = 0.375164\n"}
,{"stream_name":"stdout","time":293.130469632,"data":"SECONDARY_EDGE_TTA_ACTIVE views = 8 weight = 0.75 mean_abs_feat_delta = 0.23209\n"}
,{"stream_name":"stdout","time":293.223220321,"data":"SECONDARY_EDGE_TTA_ACTIVE views = 8 weight = 0.75 mean_abs_feat_delta = 0.288809\n"}
,{"stream_name":"stdout","time":293.227939926,"data":"BIOHUB_RETENTION_GUARD {\"blended_candidates\": 252, \"dataset\": \"44b6_0b24845f\", \"frame\": 2, \"minimum_retention\": 0.9, \"primary_candidates\": 332, \"retention\": 0.7590361445783133, \"use_primary\": true}\n"}
,{"stream_name":"stdout","time":294.117151945,"data":"EDGE_TTA_ACTIVE views = 8 mean_abs_feat_delta = 0.344718\n"}
,{"stream_name":"stdout","time":294.415026708,"data":"EDGE_TTA_ACTIVE views = 8 mean_abs_feat_delta = 0.367076\n"}
,{"stream_name":"stdout","time":295.013503907,"data":"SECONDARY_EDGE_TTA_ACTIVE views = 8 weight = 0.75 mean_abs_feat_delta = 0.232786\n"}
,{"stream_name":"stdout","time":295.319846022,"data":"SECONDARY_EDGE_TTA_ACTIVE views = 8 weight = 0.75 mean_abs_feat_delta = 0.287127\n"}
,{"stream_name":"stdout","time":295.324012446,"data":"BIOHUB_RETENTION_GUARD {\"blended_candidates\": 278, \"dataset\": \"44b6_0b24845f\", \"frame\": 3, \"minimum_retention\": 0.9, \"primary_candidates\": 345, \"retention\": 0.8057971014492754, \"use_primary\": true}\n"}
,{"stream_name":"stdout","time":296.061730518,"data":"EDGE_TTA_ACTIVE views = 8 mean_abs_feat_delta = 0.34798\n"}
,{"stream_name":"stdout","time":296.432475026,"data":"EDGE_TTA_ACTIVE views = 8 mean_abs_feat_delta = 0.373462\n"}
,{"stream_name":"stdout","time":296.962262331,"data":"SECONDARY_EDGE_TTA_ACTIVE views = 8 weight = 0.75 mean_abs_feat_delta = 0.232764\n"}
,{"stream_name":"stdout","time":297.340299694,"data":"SECONDARY_EDGE_TTA_ACTIVE views = 8 weight = 0.75 mean_abs_feat_delta = 0.283303\n"}
,{"stream_name":"stdout","time":297.344403687,"data":"BIOHUB_RETENTION_GUARD {\"blended_candidates\": 237, \"dataset\": \"44b6_0b24845f\", \"frame\": 4, \"minimum_retention\": 0.9, \"primary_candidates\": 301, \"retention\": 0.7873754152823921, \"use_primary\": true}\n"}
,{"stream_name":"stdout","time":298.019091031,"data":"EDGE_TTA_ACTIVE views = 8 mean_abs_feat_delta = 0.351248\n"}
,{"stream_name":"stdout","time":298.426174409,"data":"EDGE_TTA_ACTIVE views = 8 mean_abs_feat_delta = 0.380382\n"}
,{"stream_name":"stdout","time":298.940352126,"data":"SECONDARY_EDGE_TTA_ACTIVE views = 8 weight = 0.75 mean_abs_feat_delta = 0.236445\n"}
,{"stream_name":"stdout","time":299.341365517,"data":"SECONDARY_EDGE_TTA_ACTIVE views = 8 weight = 0.75 mean_abs_feat_delta = 0.289665\n"}
,{"stream_name":"stdout","time":299.345114795,"data":"BIOHUB_RETENTION_GUARD {\"blended_candidates\": 246, \"dataset\": \"44b6_0b24845f\", \"frame\": 5, \"minimum_retention\": 0.9, \"primary_candidates\": 312, \"retention\": 0.7884615384615384, \"use_primary\": true}\n"}
,{"stream_name":"stdout","time":299.991933129,"data":"EDGE_TTA_ACTIVE views = 8 mean_abs_feat_delta = 0.351806\n"}
,{"stream_name":"stdout","time":300.448365079,"data":"EDGE_TTA_ACTIVE views = 8 mean_abs_feat_delta = 0.380147\n"}
,{"stream_name":"stdout","time":300.901135012,"data":"SECONDARY_EDGE_TTA_ACTIVE views = 8 weight = 0.75 mean_abs_feat_delta = 0.236059\n"}
,{"stream_name":"stdout","time":301.360302329,"data":"SECONDARY_EDGE_TTA_ACTIVE views = 8 weight = 0.75 mean_abs_feat_delta = 0.296162\n"}
,{"stream_name":"stdout","time":301.364347073,"data":"BIOHUB_RETENTION_GUARD {\"blended_candidates\": 262, \"dataset\": \"44b6_0b24845f\", \"frame\": 6, \"minimum_retention\": 0.9, \"primary_candidates\": 332, \"retention\": 0.7891566265060241, \"use_primary\": true}\n"}
,{"stream_name":"stdout","time":301.958004921,"data":"EDGE_TTA_ACTIVE views = 8 mean_abs_feat_delta = 0.354857\n"}
,{"stream_name":"stdout","time":302.476673562,"data":"EDGE_TTA_ACTIVE views = 8 mean_abs_feat_delta = 0.377595\n"}
,{"stream_name":"stdout","time":302.883959107,"data":"SECONDARY_EDGE_TTA_ACTIVE views = 8 weight = 0.75 mean_abs_feat_delta = 0.242392\n"}
,{"stream_name":"stdout","time":303.397621364,"data":"SECONDARY_EDGE_TTA_ACTIVE views = 8 weight = 0.75 mean_abs_feat_delta = 0.297976\n"}
,{"stream_name":"stdout","time":303.401161102,"data":"BIOHUB_RETENTION_GUARD {\"blended_candidates\": 213, \"dataset\": \"44b6_0b24845f\", \"frame\": 7, \"minimum_retention\": 0.9, \"primary_candidates\": 291, \"retention\": 0.7319587628865979, \"use_primary\": true}\n"}
,{"stream_name":"stdout","time":303.980004725,"data":"EDGE_TTA_ACTIVE views = 8 mean_abs_feat_delta = 0.352548\n"}
,{"stream_name":"stdout","time":304.460114313,"data":"EDGE_TTA_ACTIVE views = 8 mean_abs_feat_delta = 0.377302\n"}
,{"stream_name":"stdout","time":304.89448942,"data":"SECONDARY_EDGE_TTA_ACTIVE views = 8 weight = 0.75 mean_abs_feat_delta = 0.241164\n"}
,{"stream_name":"stdout","time":305.387528362,"data":"SECONDARY_EDGE_TTA_ACTIVE views = 8 weight = 0.75 mean_abs_feat_delta = 0.292587\n"}
,{"stream_name":"stdout","time":305.391710261,"data":"BIOHUB_RETENTION_GUARD {\"blended_candidates\": 297, \"dataset\": \"44b6_0b24845f\", \"frame\": 8, \"minimum_retention\": 0.9, \"primary_candidates\": 392, \"retention\": 0.7576530612244898, \"use_primary\": true}\n"}
,{"stream_name":"stdout","time":305.966003335,"data":"EDGE_TTA_ACTIVE views = 8 mean_abs_feat_delta = 0.351285\n"}
,{"stream_name":"stdout","time":306.470771219,"data":"EDGE_TTA_ACTIVE views = 8 mean_abs_feat_delta = 0.382151\n"}
,{"stream_name":"stdout","time":306.888973794,"data":"SECONDARY_EDGE_TTA_ACTIVE views = 8 weight = 0.75 mean_abs_feat_delta = 0.240446\n"}
,{"stream_name":"stdout","time":307.406588022,"data":"SECONDARY_EDGE_TTA_ACTIVE views = 8 weight = 0.75 mean_abs_feat_delta = 0.291168\n"}
,{"stream_name":"stdout","time":307.410339263,"data":"BIOHUB_RETENTION_GUARD {\"blended_candidates\": 270, \"dataset\": \"44b6_0b24845f\", \"frame\": 9, \"minimum_retention\": 0.9, \"primary_candidates\": 348, \"retention\": 0.7758620689655172, \"use_primary\": true}\n"}
,{"stream_name":"stdout","time":307.90195061,"data":"EDGE_TTA_ACTIVE views = 8 mean_abs_feat_delta = 0.354216\n"}
,{"stream_name":"stdout","time":308.526109441,"data":"EDGE_TTA_ACTIVE views = 8 mean_abs_feat_delta = 0.372019\n"}
,{"stream_name":"stdout","time":308.827689316,"data":"SECONDARY_EDGE_TTA_ACTIVE views = 8 weight = 0.75 mean_abs_feat_delta = 0.24216\n"}
,{"stream_name":"stdout","time":309.463095665,"data":"SECONDARY_EDGE_TTA_ACTIVE views = 8 weight = 0.75 mean_abs_feat_delta = 0.301242\n"}
,{"stream_name":"stdout","time":309.466907014,"data":"BIOHUB_RETENTION_GUARD {\"blended_candidates\": 232, \"dataset\": \"44b6_0b24845f\", \"frame\": 10, \"minimum_retention\": 0.9, \"primary_candidates\": 322, \"retention\": 0.7204968944099379, \"use_primary\": true}\n"}
,{"stream_name":"stdout","time":309.921459885,"data":"EDGE_TTA_ACTIVE views = 8 mean_abs_feat_delta = 0.358774\n"}
,{"stream_name":"stdout","time":310.603735293,"data":"EDGE_TTA_ACTIVE views = 8 mean_abs_feat_delta = 0.369579\n"}
,{"stream_name":"stdout","time":310.839507339,"data":"SECONDARY_EDGE_TTA_ACTIVE views = 8 weight = 0.75 mean_abs_feat_delta = 0.243727\n"}
,{"stream_name":"stdout","time":311.545006584,"data":"SECONDARY_EDGE_TTA_ACTIVE views = 8 weight = 0.75 mean_abs_feat_delta = 0.289865\n"}
,{"stream_name":"stdout","time":311.54940755,"data":"BIOHUB_RETENTION_GUARD {\"blended_candidates\": 268, \"dataset\": \"44b6_0b24845f\", \"frame\": 11, \"minimum_retention\": 0.9, \"primary_candidates\": 351, \"retention\": 0.7635327635327636, \"use_primary\": true}\n"}
,{"stream_name":"stdout","time":311.9238218,"data":"EDGE_TTA_ACTIVE views = 8 mean_abs_feat_delta = 0.351701\n"}
,{"stream_name":"stdout","time":312.632250396,"data":"EDGE_TTA_ACTIVE views = 8 mean_abs_feat_delta = 0.376398\n"}
,{"stream_name":"stdout","time":312.850847428,"data":"SECONDARY_EDGE_TTA_ACTIVE views = 8 weight = 0.75 mean_abs_feat_delta = 0.241899\n"}
,{"stream_name":"stdout","time":313.5759161,"data":"SECONDARY_EDGE_TTA_ACTIVE views = 8 weight = 0.75 mean_abs_feat_delta = 0.298743\n"}
,{"stream_name":"stdout","time":313.580035807,"data":"BIOHUB_RETENTION_GUARD {\"blended_candidates\": 200, \"dataset\": \"44b6_0b24845f\", \"frame\": 12, \"minimum_retention\": 0.9, \"primary_candidates\": 279, \"retention\": 0.7168458781362007, \"use_primary\": true}\n"}
,{"stream_name":"stdout","time":313.903426447,"data":"EDGE_TTA_ACTIVE views = 8 mean_abs_feat_delta = 0.347564\n"}
,{"stream_name":"stdout","time":314.627533812,"data":"EDGE_TTA_ACTIVE views = 8 mean_abs_feat_delta = 0.383672\n"}
,{"stream_name":"stdout","time":314.844707739,"data":"SECONDARY_EDGE_TTA_ACTIVE views = 8 weight = 0.75 mean_abs_feat_delta = 0.237416\n"}
,{"stream_name":"stdout","time":315.597895285,"data":"SECONDARY_EDGE_TTA_ACTIVE views = 8 weight = 0.75 mean_abs_feat_delta = 0.295579\n"}
,{"stream_name":"stdout","time":315.601785519,"data":"BIOHUB_RETENTION_GUARD {\"blended_candidates\": 216, \"dataset\": \"44b6_0b24845f\", \"frame\": 13, \"minimum_retention\": 0.9, \"primary_candidates\": 283, \"retention\": 0.7632508833922261, \"use_primary\": true}\n"}
,{"stream_name":"stdout","time":315.937883435,"data":"EDGE_TTA_ACTIVE views = 8 mean_abs_feat_delta = 0.346377\n"}
,{"stream_name":"stdout","time":316.680449015,"data":"EDGE_TTA_ACTIVE views = 8 mean_abs_feat_delta = 0.387739\n"}
,{"stream_name":"stdout","time":316.891446766,"data":"SECONDARY_EDGE_TTA_ACTIVE views = 8 weight = 0.75 mean_abs_feat_delta = 0.238386\n"}
,{"stream_name":"stdout","time":317.628417464,"data":"SECONDARY_EDGE_TTA_ACTIVE views = 8 weight = 0.75 mean_abs_feat_delta = 0.29037\n"}
,{"stream_name":"stdout","time":317.632203945,"data":"BIOHUB_RETENTION_GUARD {\"blended_candidates\": 242, \"dataset\": \"44b6_0b24845f\", \"frame\": 14, \"minimum_retention\": 0.9, \"primary_candidates\": 299, \"retention\": 0.8093645484949833, \"use_primary\": true}\n"}
,{"stream_name":"stdout","time":318.007444419,"data":"EDGE_TTA_ACTIVE views = 8 mean_abs_feat_delta = 0.355892\n"}
,{"stream_name":"stdout","time":318.714946762,"data":"EDGE_TTA_ACTIVE views = 8 mean_abs_feat_delta = 0.379863\n"}
,{"stream_name":"stdout","time":318.952262888,"data":"SECONDARY_EDGE_TTA_ACTIVE views = 8 weight = 0.75 mean_abs_feat_delta = 0.238478\n"}
,{"stream_name":"stdout","time":319.666225317,"data":"SECONDARY_EDGE_TTA_ACTIVE views = 8 weight = 0.75 mean_abs_feat_delta = 0.286822\n"}
,{"stream_name":"stdout","time":319.670475975,"data":"BIOHUB_RETENTION_GUARD {\"blended_candidates\": 256, \"dataset\": \"44b6_0b24845f\", \"frame\": 15, \"minimum_retention\": 0.9, \"primary_candidates\": 303, \"retention\": 0.8448844884488449, \"use_primary\": true}\n"}
,{"stream_name":"stdout","time":320.073118359,"data":"EDGE_TTA_ACTIVE views = 8 mean_abs_feat_delta = 0.353383\n"}
,{"stream_name":"stdout","time":320.810876943,"data":"EDGE_TTA_ACTIVE views = 8 mean_abs_feat_delta = 0.382152\n"}
,{"stream_name":"stdout","time":321.02126509,"data":"SECONDARY_EDGE_TTA_ACTIVE views = 8 weight = 0.75 mean_abs_feat_delta = 0.234529\n"}
,{"stream_name":"stdout","time":321.76977015,"data":"SECONDARY_EDGE_TTA_ACTIVE views = 8 weight = 0.75 mean_abs_feat_delta = 0.282972\n"}
,{"stream_name":"stdout","time":321.77355386,"data":"BIOHUB_RETENTION_GUARD {\"blended_candidates\": 253, \"dataset\": \"44b6_0b24845f\", \"frame\": 16, \"minimum_retention\": 0.9, \"primary_candidates\": 315, \"retention\": 0.8031746031746032, \"use_primary\": true}\n"}
,{"stream_name":"stdout","time":322.143246652,"data":"EDGE_TTA_ACTIVE views = 8 mean_abs_feat_delta = 0.356007\n"}
,{"stream_name":"stdout","time":322.922438797,"data":"EDGE_TTA_ACTIVE views = 8 mean_abs_feat_delta = 0.3915\n"}
,{"stream_name":"stdout","time":323.097211505,"data":"SECONDARY_EDGE_TTA_ACTIVE views = 8 weight = 0.75 mean_abs_feat_delta = 0.238533\n"}
,{"stream_name":"stdout","time":323.890397343,"data":"SECONDARY_EDGE_TTA_ACTIVE views = 8 weight = 0.75 mean_abs_feat_delta = 0.284899\n"}
,{"stream_name":"stdout","time":323.894040652,"data":"BIOHUB_RETENTION_GUARD {\"blended_candidates\": 242, \"dataset\": \"44b6_0b24845f\", \"frame\": 17, \"minimum_retention\": 0.9, \"primary_candidates\": 309, \"retention\": 0.7831715210355987, \"use_primary\": true}\n"}
,{"stream_name":"stdout","time":324.198212354,"data":"EDGE_TTA_ACTIVE views = 8 mean_abs_feat_delta = 0.351871\n"}
,{"stream_name":"stdout","time":325.061966146,"data":"EDGE_TTA_ACTIVE views = 8 mean_abs_feat_delta = 0.400606\n"}
,{"stream_name":"stdout","time":325.154467161,"data":"SECONDARY_EDGE_TTA_ACTIVE views = 8 weight = 0.75 mean_abs_feat_delta = 0.239819\n"}
,{"stream_name":"stdout","time":326.025656402,"data":"SECONDARY_EDGE_TTA_ACTIVE views = 8 weight = 0.75 mean_abs_feat_delta = 0.276632\n"}
,{"stream_name":"stdout","time":326.029504259,"data":"BIOHUB_RETENTION_GUARD {\"blended_candidates\": 256, \"dataset\": \"44b6_0b24845f\", \"frame\": 18, \"minimum_retention\": 0.9, \"primary_candidates\": 306, \"retention\": 0.8366013071895425, \"use_primary\": true}\n"}
,{"stream_name":"stdout","time":326.230192229,"data":"EDGE_TTA_ACTIVE views = 8 mean_abs_feat_delta = 0.351672\n"}
,{"stream_name":"stdout","time":327.10895945,"data":"EDGE_TTA_ACTIVE views = 8 mean_abs_feat_delta = 0.385419\n"}
,{"stream_name":"stdout","time":327.189248636,"data":"SECONDARY_EDGE_TTA_ACTIVE views = 8 weight = 0.75 mean_abs_feat_delta = 0.242037\n"}
,{"stream_name":"stdout","time":328.075682604,"data":"SECONDARY_EDGE_TTA_ACTIVE views = 8 weight = 0.75 mean_abs_feat_delta = 0.278285\n"}
,{"stream_name":"stdout","time":328.080153302,"data":"BIOHUB_RETENTION_GUARD {\"blended_candidates\": 208, \"dataset\": \"44b6_0b24845f\", \"frame\": 19, \"minimum_retention\": 0.9, \"primary_candidates\": 262, \"retention\": 0.7938931297709924, \"use_primary\": true}\n"}
,{"stream_name":"stdout","time":328.388623399,"data":"EDGE_TTA_ACTIVE views = 8 mean_abs_feat_delta = 0.354406\n"}
,{"stream_name":"stdout","time":329.22624348,"data":"EDGE_TTA_ACTIVE views = 8 mean_abs_feat_delta = 0.390763\n"}
,{"stream_name":"stdout","time":329.353642312,"data":"SECONDARY_EDGE_TTA_ACTIVE views = 8 weight = 0.75 mean_abs_feat_delta = 0.241724\n"}
,{"stream_name":"stdout","time":330.203311853,"data":"SECONDARY_EDGE_TTA_ACTIVE views = 8 weight = 0.75 mean_abs_feat_delta = 0.280197\n"}
,{"stream_name":"stdout","time":330.207207681,"data":"BIOHUB_RETENTION_GUARD {\"blended_candidates\": 170, \"dataset\": \"44b6_0b24845f\", \"frame\": 20, \"minimum_retention\": 0.9, \"primary_candidates\": 238, \"retention\": 0.7142857142857143, \"use_primary\": true}\n"}
,{"stream_name":"stdout","time":330.466207806,"data":"EDGE_TTA_ACTIVE views = 8 mean_abs_feat_delta = 0.355213\n"}
,{"stream_name":"stdout","time":331.336642023,"data":"EDGE_TTA_ACTIVE views = 8 mean_abs_feat_delta = 0.392806\n"}
,{"stream_name":"stdout","time":331.440873907,"data":"SECONDARY_EDGE_TTA_ACTIVE views = 8 weight = 0.75 mean_abs_feat_delta = 0.234753\n"}
,{"stream_name":"stdout","time":332.309649586,"data":"SECONDARY_EDGE_TTA_ACTIVE views = 8 weight = 0.75 mean_abs_feat_delta = 0.281334\n"}
,{"stream_name":"stdout","time":332.313202737,"data":"BIOHUB_RETENTION_GUARD {\"blended_candidates\": 176, \"dataset\": \"44b6_0b24845f\", \"frame\": 21, \"minimum_retention\": 0.9, \"primary_candidates\": 236, \"retention\": 0.7457627118644068, \"use_primary\": true}\n"}
,{"stream_name":"stdout","time":332.512613095,"data":"EDGE_TTA_ACTIVE views = 8 mean_abs_feat_delta = 0.358427\n"}
,{"stream_name":"stdout","time":333.402241687,"data":"EDGE_TTA_ACTIVE views = 8 mean_abs_feat_delta = 0.386179\n"}
,{"stream_name":"stdout","time":333.469404368,"data":"SECONDARY_EDGE_TTA_ACTIVE views = 8 weight = 0.75 mean_abs_feat_delta = 0.238746\n"}
,{"stream_name":"stdout","time":334.406630933,"data":"SECONDARY_EDGE_TTA_ACTIVE views = 8 weight = 0.75 mean_abs_feat_delta = 0.280031\n"}
,{"stream_name":"stdout","time":334.410914211,"data":"BIOHUB_RETENTION_GUARD {\"blended_candidates\": 178, \"dataset\": \"44b6_0b24845f\", \"frame\": 22, \"minimum_retention\": 0.9, \"primary_candidates\": 238, \"retention\": 0.7478991596638656, \"use_primary\": true}\n"}
,{"stream_name":"stdout","time":334.603934826,"data":"EDGE_TTA_ACTIVE views = 8 mean_abs_feat_delta = 0.35845\n"}
,{"stream_name":"stdout","time":335.472310445,"data":"EDGE_TTA_ACTIVE views = 8 mean_abs_feat_delta = 0.39083\n"}
,{"stream_name":"stdout","time":335.577827535,"data":"SECONDARY_EDGE_TTA_ACTIVE views = 8 weight = 0.75 mean_abs_feat_delta = 0.238954\n"}
,{"stream_name":"stdout","time":336.448115635,"data":"SECONDARY_EDGE_TTA_ACTIVE views = 8 weight = 0.75 mean_abs_feat_delta = 0.277655\n"}
,{"stream_name":"stdout","time":336.452067946,"data":"BIOHUB_RETENTION_GUARD {\"blended_candidates\": 228, \"dataset\": \"44b6_0b24845f\", \"frame\": 23, \"minimum_retention\": 0.9, \"primary_candidates\": 276, \"retention\": 0.8260869565217391, \"use_primary\": true}\n"}
,{"stream_name":"stdout","time":336.671367893,"data":"EDGE_TTA_ACTIVE views = 8 mean_abs_feat_delta = 0.362568\n"}
,{"stream_name":"stdout","time":337.522916494,"data":"EDGE_TTA_ACTIVE views = 8 mean_abs_feat_delta = 0.386239\n"}
,{"stream_name":"stdout","time":337.644142347,"data":"SECONDARY_EDGE_TTA_ACTIVE views = 8 weight = 0.75 mean_abs_feat_delta = 0.235145\n"}
,{"stream_name":"stdout","time":338.516121649,"data":"SECONDARY_EDGE_TTA_ACTIVE views = 8 weight = 0.75 mean_abs_feat_delta = 0.282322\n"}
,{"stream_name":"stdout","time":338.520535787,"data":"BIOHUB_RETENTION_GUARD {\"blended_candidates\": 184, \"dataset\": \"44b6_0b24845f\", \"frame\": 24, \"minimum_retention\": 0.9, \"primary_candidates\": 239, \"retention\": 0.7698744769874477, \"use_primary\": true}\n"}
,{"stream_name":"stdout","time":338.738898573,"data":"EDGE_TTA_ACTIVE views = 8 mean_abs_feat_delta = 0.357574\n"}
,{"stream_name":"stdout","time":339.714524786,"data":"EDGE_TTA_ACTIVE views = 8 mean_abs_feat_delta = 0.383409\n"}
,{"stream_name":"stdout","time":339.729550461,"data":"SECONDARY_EDGE_TTA_ACTIVE views = 8 weight = 0.75 mean_abs_feat_delta = 0.236219\n"}
,{"stream_name":"stdout","time":340.727206032,"data":"SECONDARY_EDGE_TTA_ACTIVE views = 8 weight = 0.75 mean_abs_feat_delta = 0.280181\n"}
,{"stream_name":"stdout","time":340.72874804,"data":"BIOHUB_RETENTION_GUARD {\"blended_candidates\": 164, \"dataset\": \"44b6_0b24845f\", \"frame\": 25, \"minimum_retention\": 0.9, \"primary_candidates\": 248, \"retention\": 0.6612903225806451, \"use_primary\": true}\n"}
,{"stream_name":"stdout","time":340.838742391,"data":"EDGE_TTA_ACTIVE views = 8 mean_abs_feat_delta = 0.355659\n"}
,{"stream_name":"stdout","time":341.833619722,"data":"SECONDARY_EDGE_TTA_ACTIVE views = 8 weight = 0.75 mean_abs_feat_delta = 0.234985\n"}
,{"stream_name":"stdout","time":341.917338025,"data":"EDGE_TTA_ACTIVE views = 8 mean_abs_feat_delta = 0.387271\n"}
,{"stream_name":"stdout","time":342.923064539,"data":"SECONDARY_EDGE_TTA_ACTIVE views = 8 weight = 0.75 mean_abs_feat_delta = 0.284381\n"}
,{"stream_name":"stdout","time":342.926982224,"data":"BIOHUB_RETENTION_GUARD {\"blended_candidates\": 178, \"dataset\": \"44b6_0b24845f\", \"frame\": 26, \"minimum_retention\": 0.9, \"primary_candidates\": 239, \"retention\": 0.7447698744769874, \"use_primary\": true}\n"}
,{"stream_name":"stdout","time":343.046662601,"data":"EDGE_TTA_ACTIVE views = 8 mean_abs_feat_delta = 0.354799\n"}
,{"stream_name":"stdout","time":344.041199426,"data":"SECONDARY_EDGE_TTA_ACTIVE views = 8 weight = 0.75 mean_abs_feat_delta = 0.230623\n"}
,{"stream_name":"stdout","time":344.075568247,"data":"EDGE_TTA_ACTIVE views = 8 mean_abs_feat_delta = 0.398193\n"}
,{"stream_name":"stdout","time":345.081173112,"data":"SECONDARY_EDGE_TTA_ACTIVE views = 8 weight = 0.75 mean_abs_feat_delta = 0.289602\n"}
,{"stream_name":"stdout","time":345.085041095,"data":"BIOHUB_RETENTION_GUARD {\"blended_candidates\": 169, \"dataset\": \"44b6_0b24845f\", \"frame\": 27, \"minimum_retention\": 0.9, \"primary_candidates\": 236, \"retention\": 0.7161016949152542, \"use_primary\": true}\n"}
,{"stream_name":"stdout","time":345.187875155,"data":"EDGE_TTA_ACTIVE views = 8 mean_abs_feat_delta = 0.353115\n"}
,{"stream_name":"stdout","time":346.19591738,"data":"SECONDARY_EDGE_TTA_ACTIVE views = 8 weight = 0.75 mean_abs_feat_delta = 0.233514\n"}
,{"stream_name":"stdout","time":346.243894623,"data":"EDGE_TTA_ACTIVE views = 8 mean_abs_feat_delta = 0.391304\n"}
,{"stream_name":"stdout","time":347.260866069,"data":"SECONDARY_EDGE_TTA_ACTIVE views = 8 weight = 0.75 mean_abs_feat_delta = 0.291319\n"}
,{"stream_name":"stdout","time":347.264418274,"data":"BIOHUB_RETENTION_GUARD {\"blended_candidates\": 198, \"dataset\": \"44b6_0b24845f\", \"frame\": 28, \"minimum_retention\": 0.9, \"primary_candidates\": 246, \"retention\": 0.8048780487804879, \"use_primary\": true}\n"}
,{"stream_name":"stdout","time":347.34932034,"data":"EDGE_TTA_ACTIVE views = 8 mean_abs_feat_delta = 0.357587\n"}
,{"stream_name":"stdout","time":348.360419792,"data":"SECONDARY_EDGE_TTA_ACTIVE views = 8 weight = 0.75 mean_abs_feat_delta = 0.236419\n"}
,{"stream_name":"stdout","time":348.460543033,"data":"EDGE_TTA_ACTIVE views = 8 mean_abs_feat_delta = 0.38928\n"}
,{"stream_name":"stdout","time":349.48990683,"data":"SECONDARY_EDGE_TTA_ACTIVE views = 8 weight = 0.75 mean_abs_feat_delta = 0.283865\n"}
,{"stream_name":"stdout","time":349.494439262,"data":"BIOHUB_RETENTION_GUARD {\"blended_candidates\": 209, \"dataset\": \"44b6_0b24845f\", \"frame\": 29, \"minimum_retention\": 0.9, \"primary_candidates\": 249, \"retention\": 0.8393574297188755, \"use_primary\": true}\n"}
,{"stream_name":"stdout","time":349.551335192,"data":"EDGE_TTA_ACTIVE views = 8 mean_abs_feat_delta = 0.357666\n"}
,{"stream_name":"stdout","time":350.57536712,"data":"SECONDARY_EDGE_TTA_ACTIVE views = 8 weight = 0.75 mean_abs_feat_delta = 0.240106\n"}
,{"stream_name":"stdout","time":350.70482722,"data":"EDGE_TTA_ACTIVE views = 8 mean_abs_feat_delta = 0.39364\n"}
,{"stream_name":"stdout","time":351.717370899,"data":"EDGE_TTA_ACTIVE views = 8 mean_abs_feat_delta = 0.361542\n"}
,{"stream_name":"stdout","time":351.736870165,"data":"SECONDARY_EDGE_TTA_ACTIVE views = 8 weight = 0.75 mean_abs_feat_delta = 0.282155\n"}
,{"stream_name":"stdout","time":351.740881284,"data":"BIOHUB_RETENTION_GUARD {\"blended_candidates\": 150, \"dataset\": \"44b6_0b24845f\", \"frame\": 30, \"minimum_retention\": 0.9, \"primary_candidates\": 210, \"retention\": 0.7142857142857143, \"use_primary\": true}\n"}
,{"stream_name":"stdout","time":352.747504091,"data":"SECONDARY_EDGE_TTA_ACTIVE views = 8 weight = 0.75 mean_abs_feat_delta = 0.251196\n"}
,{"stream_name":"stdout","time":352.914999479,"data":"EDGE_TTA_ACTIVE views = 8 mean_abs_feat_delta = 0.389411\n"}
,{"stream_name":"stdout","time":353.95503754,"data":"EDGE_TTA_ACTIVE views = 8 mean_abs_feat_delta = 0.365444\n"}
,{"stream_name":"stdout","time":353.956065614,"data":"SECONDARY_EDGE_TTA_ACTIVE views = 8 weight = 0.75 mean_abs_feat_delta = 0.283753\n"}
,{"stream_name":"stdout","time":353.959262601,"data":"BIOHUB_RETENTION_GUARD {\"blended_candidates\": 157, \"dataset\": \"44b6_0b24845f\", \"frame\": 31, \"minimum_retention\": 0.9, \"primary_candidates\": 217, \"retention\": 0.7235023041474654, \"use_primary\": true}\n"}
,{"stream_name":"stdout","time":354.977299883,"data":"SECONDARY_EDGE_TTA_ACTIVE views = 8 weight = 0.75 mean_abs_feat_delta = 0.251416\n"}
,{"stream_name":"stdout","time":355.111760766,"data":"EDGE_TTA_ACTIVE views = 8 mean_abs_feat_delta = 0.389381\n"}
,{"stream_name":"stdout","time":356.153590296,"data":"SECONDARY_EDGE_TTA_ACTIVE views = 8 weight = 0.75 mean_abs_feat_delta = 0.282429\n"}
,{"stream_name":"stdout","time":356.157662872,"data":"BIOHUB_RETENTION_GUARD {\"blended_candidates\": 123, \"dataset\": \"44b6_0b24845f\", \"frame\": 32, \"minimum_retention\": 0.9, \"primary_candidates\": 195, \"retention\": 0.6307692307692307, \"use_primary\": true}\n"}
,{"stream_name":"stdout","time":356.210609293,"data":"EDGE_TTA_ACTIVE views = 8 mean_abs_feat_delta = 0.363926\n"}
,{"stream_name":"stdout","time":357.243744646,"data":"SECONDARY_EDGE_TTA_ACTIVE views = 8 weight = 0.75 mean_abs_feat_delta = 0.251129\n"}
,{"stream_name":"stdout","time":357.378561947,"data":"EDGE_TTA_ACTIVE views = 8 mean_abs_feat_delta = 0.39229\n"}
,{"stream_name":"stdout","time":358.363759499,"data":"EDGE_TTA_ACTIVE views = 8 mean_abs_feat_delta = 0.36306\n"}
,{"stream_name":"stdout","time":358.436615144,"data":"SECONDARY_EDGE_TTA_ACTIVE views = 8 weight = 0.75 mean_abs_feat_delta = 0.280468\n"}
,{"stream_name":"stdout","time":358.44105228,"data":"BIOHUB_RETENTION_GUARD {\"blended_candidates\": 99, \"dataset\": \"44b6_0b24845f\", \"frame\": 33, \"minimum_retention\": 0.9, \"primary_candidates\": 162, \"retention\": 0.6111111111111112, \"use_primary\": true}\n"}
,{"stream_name":"stdout","time":359.402358897,"data":"SECONDARY_EDGE_TTA_ACTIVE views = 8 weight = 0.75 mean_abs_feat_delta = 0.248917\n"}
,{"stream_name":"stdout","time":359.66336357,"data":"EDGE_TTA_ACTIVE views = 8 mean_abs_feat_delta = 0.399488\n"}
,{"stream_name":"stdout","time":360.598173827,"data":"EDGE_TTA_ACTIVE views = 8 mean_abs_feat_delta = 0.355522\n"}
,{"stream_name":"stdout","time":360.729074839,"data":"SECONDARY_EDGE_TTA_ACTIVE views = 8 weight = 0.75 mean_abs_feat_delta = 0.273313\n"}
,{"stream_name":"stdout","time":360.733276299,"data":"BIOHUB_RETENTION_GUARD {\"blended_candidates\": 155, \"dataset\": \"44b6_0b24845f\", \"frame\": 34, \"minimum_retention\": 0.9, \"primary_candidates\": 202, \"retention\": 0.7673267326732673, \"use_primary\": true}\n"}
,{"stream_name":"stdout","time":361.650291557,"data":"SECONDARY_EDGE_TTA_ACTIVE views = 8 weight = 0.75 mean_abs_feat_delta = 0.248317\n"}
,{"stream_name":"stdout","time":361.94416681,"data":"EDGE_TTA_ACTIVE views = 8 mean_abs_feat_delta = 0.396121\n"}
,{"stream_name":"stdout","time":362.855266561,"data":"EDGE_TTA_ACTIVE views = 8 mean_abs_feat_delta = 0.346344\n"}
,{"stream_name":"stdout","time":363.016939709,"data":"SECONDARY_EDGE_TTA_ACTIVE views = 8 weight = 0.75 mean_abs_feat_delta = 0.27435\n"}
,{"stream_name":"stdout","time":363.021219698,"data":"BIOHUB_RETENTION_GUARD {\"blended_candidates\": 208, \"dataset\": \"44b6_0b24845f\", \"frame\": 35, \"minimum_retention\": 0.9, \"primary_candidates\": 237, \"retention\": 0.8776371308016878, \"use_primary\": true}\n"}
,{"stream_name":"stdout","time":363.912260203,"data":"SECONDARY_EDGE_TTA_ACTIVE views = 8 weight = 0.75 mean_abs_feat_delta = 0.247468\n"}
,{"stream_name":"stdout","time":364.238545757,"data":"EDGE_TTA_ACTIVE views = 8 mean_abs_feat_delta = 0.400552\n"}
,{"stream_name":"stdout","time":365.159403507,"data":"EDGE_TTA_ACTIVE views = 8 mean_abs_feat_delta = 0.346951\n"}
,{"stream_name":"stdout","time":365.319700786,"data":"SECONDARY_EDGE_TTA_ACTIVE views = 8 weight = 0.75 mean_abs_feat_delta = 0.28122\n"}
,{"stream_name":"stdout","time":365.32373693,"data":"BIOHUB_RETENTION_GUARD {\"blended_candidates\": 238, \"dataset\": \"44b6_0b24845f\", \"frame\": 36, \"minimum_retention\": 0.9, \"primary_candidates\": 270, \"retention\": 0.8814814814814815, \"use_primary\": true}\n"}
,{"stream_name":"stdout","time":366.227496205,"data":"SECONDARY_EDGE_TTA_ACTIVE views = 8 weight = 0.75 mean_abs_feat_delta = 0.246968\n"}
,{"stream_name":"stdout","time":366.584089581,"data":"EDGE_TTA_ACTIVE views = 8 mean_abs_feat_delta = 0.399566\n"}
,{"stream_name":"stdout","time":367.44358336,"data":"EDGE_TTA_ACTIVE views = 8 mean_abs_feat_delta = 0.346823\n"}
,{"stream_name":"stdout","time":367.674647168,"data":"SECONDARY_EDGE_TTA_ACTIVE views = 8 weight = 0.75 mean_abs_feat_delta = 0.277064\n"}
,{"stream_name":"stdout","time":368.512584085,"data":"SECONDARY_EDGE_TTA_ACTIVE views = 8 weight = 0.75 mean_abs_feat_delta = 0.250361\n"}
,{"stream_name":"stdout","time":368.928964504,"data":"EDGE_TTA_ACTIVE views = 8 mean_abs_feat_delta = 0.389882\n"}
,{"stream_name":"stdout","time":369.756545369,"data":"EDGE_TTA_ACTIVE views = 8 mean_abs_feat_delta = 0.347138\n"}
,{"stream_name":"stdout","time":370.031816126,"data":"SECONDARY_EDGE_TTA_ACTIVE views = 8 weight = 0.75 mean_abs_feat_delta = 0.274933\n"}
,{"stream_name":"stdout","time":370.861092665,"data":"SECONDARY_EDGE_TTA_ACTIVE views = 8 weight = 0.75 mean_abs_feat_delta = 0.24375\n"}
,{"stream_name":"stdout","time":371.288167117,"data":"EDGE_TTA_ACTIVE views = 8 mean_abs_feat_delta = 0.397914\n"}
,{"stream_name":"stdout","time":372.001498977,"data":"EDGE_TTA_ACTIVE views = 8 mean_abs_feat_delta = 0.351639\n"}
,{"stream_name":"stdout","time":372.406878306,"data":"SECONDARY_EDGE_TTA_ACTIVE views = 8 weight = 0.75 mean_abs_feat_delta = 0.278308\n"}
,{"stream_name":"stdout","time":372.412823787,"data":"BIOHUB_RETENTION_GUARD {\"blended_candidates\": 178, \"dataset\": \"44b6_0b24845f\", \"frame\": 39, \"minimum_retention\": 0.9, \"primary_candidates\": 208, \"retention\": 0.8557692307692307, \"use_primary\": true}\n"}
,{"stream_name":"stdout","time":373.091479589,"data":"SECONDARY_EDGE_TTA_ACTIVE views = 8 weight = 0.75 mean_abs_feat_delta = 0.239566\n"}
,{"stream_name":"stdout","time":373.685333255,"data":"EDGE_TTA_ACTIVE views = 8 mean_abs_feat_delta = 0.402185\n"}
,{"stream_name":"stdout","time":374.326232591,"data":"EDGE_TTA_ACTIVE views = 8 mean_abs_feat_delta = 0.348549\n"}
,{"stream_name":"stdout","time":374.807198044,"data":"SECONDARY_EDGE_TTA_ACTIVE views = 8 weight = 0.75 mean_abs_feat_delta = 0.285352\n"}
,{"stream_name":"stdout","time":374.811656435,"data":"BIOHUB_RETENTION_GUARD {\"blended_candidates\": 190, \"dataset\": \"44b6_0b24845f\", \"frame\": 40, \"minimum_retention\": 0.9, \"primary_candidates\": 237, \"retention\": 0.8016877637130801, \"use_primary\": true}\n"}
,{"stream_name":"stdout","time":375.40104791,"data":"SECONDARY_EDGE_TTA_ACTIVE views = 8 weight = 0.75 mean_abs_feat_delta = 0.242074\n"}
,{"stream_name":"stdout","time":376.129318452,"data":"EDGE_TTA_ACTIVE views = 8 mean_abs_feat_delta = 0.404454\n"}
,{"stream_name":"stdout","time":376.597376495,"data":"EDGE_TTA_ACTIVE views = 8 mean_abs_feat_delta = 0.352742\n"}
,{"stream_name":"stdout","time":377.244815089,"data":"SECONDARY_EDGE_TTA_ACTIVE views = 8 weight = 0.75 mean_abs_feat_delta = 0.280788\n"}
,{"stream_name":"stdout","time":377.248730776,"data":"BIOHUB_RETENTION_GUARD {\"blended_candidates\": 199, \"dataset\": \"44b6_0b24845f\", \"frame\": 41, \"minimum_retention\": 0.9, \"primary_candidates\": 235, \"retention\": 0.8468085106382979, \"use_primary\": true}\n"}
,{"stream_name":"stdout","time":377.701484235,"data":"SECONDARY_EDGE_TTA_ACTIVE views = 8 weight = 0.75 mean_abs_feat_delta = 0.24388\n"}
,{"stream_name":"stdout","time":378.565302761,"data":"EDGE_TTA_ACTIVE views = 8 mean_abs_feat_delta = 0.40292\n"}
,{"stream_name":"stdout","time":378.920500226,"data":"EDGE_TTA_ACTIVE views = 8 mean_abs_feat_delta = 0.356983\n"}
,{"stream_name":"stdout","time":379.7051096,"data":"SECONDARY_EDGE_TTA_ACTIVE views = 8 weight = 0.75 mean_abs_feat_delta = 0.282166\n"}
,{"stream_name":"stdout","time":379.709163022,"data":"BIOHUB_RETENTION_GUARD {\"blended_candidates\": 186, \"dataset\": \"44b6_0b24845f\", \"frame\": 42, \"minimum_retention\": 0.9, \"primary_candidates\": 215, \"retention\": 0.8651162790697674, \"use_primary\": true}\n"}
,{"stream_name":"stdout","time":380.035760889,"data":"SECONDARY_EDGE_TTA_ACTIVE views = 8 weight = 0.75 mean_abs_feat_delta = 0.242396\n"}
,{"stream_name":"stdout","time":381.001942868,"data":"EDGE_TTA_ACTIVE views = 8 mean_abs_feat_delta = 0.414949\n"}
,{"stream_name":"stdout","time":381.300999167,"data":"EDGE_TTA_ACTIVE views = 8 mean_abs_feat_delta = 0.356766\n"}
,{"stream_name":"stdout","time":382.156217017,"data":"SECONDARY_EDGE_TTA_ACTIVE views = 8 weight = 0.75 mean_abs_feat_delta = 0.283823\n"}
,{"stream_name":"stdout","time":382.160010839,"data":"BIOHUB_RETENTION_GUARD {\"blended_candidates\": 155, \"dataset\": \"44b6_0b24845f\", \"frame\": 43, \"minimum_retention\": 0.9, \"primary_candidates\": 196, \"retention\": 0.7908163265306123, \"use_primary\": true}\n"}
,{"stream_name":"stdout","time":382.425210189,"data":"SECONDARY_EDGE_TTA_ACTIVE views = 8 weight = 0.75 mean_abs_feat_delta = 0.24245\n"}
,{"stream_name":"stdout","time":383.433810522,"data":"EDGE_TTA_ACTIVE views = 8 mean_abs_feat_delta = 0.40891\n"}
,{"stream_name":"stdout","time":383.738929176,"data":"EDGE_TTA_ACTIVE views = 8 mean_abs_feat_delta = 0.356473\n"}
,{"stream_name":"stdout","time":384.592674325,"data":"SECONDARY_EDGE_TTA_ACTIVE views = 8 weight = 0.75 mean_abs_feat_delta = 0.281373\n"}
,{"stream_name":"stdout","time":384.596673875,"data":"BIOHUB_RETENTION_GUARD {\"blended_candidates\": 167, \"dataset\": \"44b6_0b24845f\", \"frame\": 44, \"minimum_retention\": 0.9, \"primary_candidates\": 216, \"retention\": 0.7731481481481481, \"use_primary\": true}\n"}
,{"stream_name":"stdout","time":384.865056529,"data":"SECONDARY_EDGE_TTA_ACTIVE views = 8 weight = 0.75 mean_abs_feat_delta = 0.246663\n"}
,{"stream_name":"stdout","time":385.91221406,"data":"EDGE_TTA_ACTIVE views = 8 mean_abs_feat_delta = 0.402726\n"}
,{"stream_name":"stdout","time":386.164666438,"data":"EDGE_TTA_ACTIVE views = 8 mean_abs_feat_delta = 0.354889\n"}
,{"stream_name":"stdout","time":387.081435205,"data":"SECONDARY_EDGE_TTA_ACTIVE views = 8 weight = 0.75 mean_abs_feat_delta = 0.281151\n"}
,{"stream_name":"stdout","time":387.085113314,"data":"BIOHUB_RETENTION_GUARD {\"blended_candidates\": 194, \"dataset\": \"44b6_0b24845f\", \"frame\": 45, \"minimum_retention\": 0.9, \"primary_candidates\": 244, \"retention\": 0.7950819672131147, \"use_primary\": true}\n"}
,{"stream_name":"stdout","time":387.295276327,"data":"SECONDARY_EDGE_TTA_ACTIVE views = 8 weight = 0.75 mean_abs_feat_delta = 0.248161\n"}
,{"stream_name":"stdout","time":388.387848277,"data":"EDGE_TTA_ACTIVE views = 8 mean_abs_feat_delta = 0.407986\n"}
,{"stream_name":"stdout","time":388.550893916,"data":"EDGE_TTA_ACTIVE views = 8 mean_abs_feat_delta = 0.356105\n"}
,{"stream_name":"stdout","time":389.555140332,"data":"SECONDARY_EDGE_TTA_ACTIVE views = 8 weight = 0.75 mean_abs_feat_delta = 0.288338\n"}
,{"stream_name":"stdout","time":389.559086431,"data":"BIOHUB_RETENTION_GUARD {\"blended_candidates\": 125, \"dataset\": \"44b6_0b24845f\", \"frame\": 46, \"minimum_retention\": 0.9, \"primary_candidates\": 205, \"retention\": 0.6097560975609756, \"use_primary\": true}\n"}
,{"stream_name":"stdout","time":389.677296401,"data":"SECONDARY_EDGE_TTA_ACTIVE views = 8 weight = 0.75 mean_abs_feat_delta = 0.244572\n"}
,{"stream_name":"stdout","time":390.826334778,"data":"EDGE_TTA_ACTIVE views = 8 mean_abs_feat_delta = 0.41393\n"}
,{"stream_name":"stdout","time":390.92110107,"data":"EDGE_TTA_ACTIVE views = 8 mean_abs_feat_delta = 0.347625\n"}
,{"stream_name":"stdout","time":391.97989981,"data":"SECONDARY_EDGE_TTA_ACTIVE views = 8 weight = 0.75 mean_abs_feat_delta = 0.292434\n"}
,{"stream_name":"stdout","time":391.983967658,"data":"BIOHUB_RETENTION_GUARD {\"blended_candidates\": 136, \"dataset\": \"44b6_0b24845f\", \"frame\": 47, \"minimum_retention\": 0.9, \"primary_candidates\": 196, \"retention\": 0.6938775510204082, \"use_primary\": true}\n"}
,{"stream_name":"stdout","time":392.035992492,"data":"SECONDARY_EDGE_TTA_ACTIVE views = 8 weight = 0.75 mean_abs_feat_delta = 0.244253\n"}
,{"stream_name":"stdout","time":393.288716102,"data":"EDGE_TTA_ACTIVE views = 8 mean_abs_feat_delta = 0.414779\n"}
,{"stream_name":"stdout","time":393.308910477,"data":"EDGE_TTA_ACTIVE views = 8 mean_abs_feat_delta = 0.358937\n"}
,{"stream_name":"stdout","time":394.414307931,"data":"SECONDARY_EDGE_TTA_ACTIVE views = 8 weight = 0.75 mean_abs_feat_delta = 0.251298\n"}
,{"stream_name":"stdout","time":394.422216754,"data":"SECONDARY_EDGE_TTA_ACTIVE views = 8 weight = 0.75 mean_abs_feat_delta = 0.288129\n"}
,{"stream_name":"stdout","time":394.426721165,"data":"BIOHUB_RETENTION_GUARD {\"blended_candidates\": 193, \"dataset\": \"44b6_0b24845f\", \"frame\": 48, \"minimum_retention\": 0.9, \"primary_candidates\": 253, \"retention\": 0.7628458498023716, \"use_primary\": true}\n"}
,{"stream_name":"stdout","time":395.633078999,"data":"EDGE_TTA_ACTIVE views = 8 mean_abs_feat_delta = 0.355202\n"}
,{"stream_name":"stdout","time":395.817458392,"data":"EDGE_TTA_ACTIVE views = 8 mean_abs_feat_delta = 0.418049\n"}
,{"stream_name":"stdout","time":396.729104945,"data":"SECONDARY_EDGE_TTA_ACTIVE views = 8 weight = 0.75 mean_abs_feat_delta = 0.241945\n"}
,{"stream_name":"stdout","time":396.952190046,"data":"SECONDARY_EDGE_TTA_ACTIVE views = 8 weight = 0.75 mean_abs_feat_delta = 0.299885\n"}
,{"stream_name":"stdout","time":396.956197303,"data":"BIOHUB_RETENTION_GUARD {\"blended_candidates\": 153, \"dataset\": \"44b6_0b24845f\", \"frame\": 49, \"minimum_retention\": 0.9, \"primary_candidates\": 202, \"retention\": 0.7574257425742574, \"use_primary\": true}\n"}
,{"stream_name":"stdout","time":397.940585517,"data":"EDGE_TTA_ACTIVE views = 8 mean_abs_feat_delta = 0.353856\n"}
,{"stream_name":"stdout","time":398.221961867,"data":"EDGE_TTA_ACTIVE views = 8 mean_abs_feat_delta = 0.424496\n"}
,{"stream_name":"stdout","time":399.029200599,"data":"SECONDARY_EDGE_TTA_ACTIVE views = 8 weight = 0.75 mean_abs_feat_delta = 0.241039\n"}
,{"stream_name":"stdout","time":399.337676435,"data":"SECONDARY_EDGE_TTA_ACTIVE views = 8 weight = 0.75 mean_abs_feat_delta = 0.305548\n"}
,{"stream_name":"stdout","time":399.34148819,"data":"BIOHUB_RETENTION_GUARD {\"blended_candidates\": 124, \"dataset\": \"44b6_0b24845f\", \"frame\": 50, \"minimum_retention\": 0.9, \"primary_candidates\": 189, \"retention\": 0.656084656084656, \"use_primary\": true}\n"}
,{"stream_name":"stdout","time":400.264026335,"data":"EDGE_TTA_ACTIVE views = 8 mean_abs_feat_delta = 0.357582\n"}
,{"stream_name":"stdout","time":400.620462542,"data":"EDGE_TTA_ACTIVE views = 8 mean_abs_feat_delta = 0.415376\n"}
,{"stream_name":"stdout","time":401.366887403,"data":"SECONDARY_EDGE_TTA_ACTIVE views = 8 weight = 0.75 mean_abs_feat_delta = 0.250851\n"}
,{"stream_name":"stdout","time":401.727307884,"data":"SECONDARY_EDGE_TTA_ACTIVE views = 8 weight = 0.75 mean_abs_feat_delta = 0.296505\n"}
,{"stream_name":"stdout","time":401.73143554,"data":"BIOHUB_RETENTION_GUARD {\"blended_candidates\": 191, \"dataset\": \"44b6_0b24845f\", \"frame\": 51, \"minimum_retention\": 0.9, \"primary_candidates\": 262, \"retention\": 0.7290076335877863, \"use_primary\": true}\n"}
,{"stream_name":"stdout","time":402.579275315,"data":"EDGE_TTA_ACTIVE views = 8 mean_abs_feat_delta = 0.359695\n"}
,{"stream_name":"stdout","time":402.922030105,"data":"EDGE_TTA_ACTIVE views = 8 mean_abs_feat_delta = 0.405711\n"}
,{"stream_name":"stdout","time":403.652549096,"data":"SECONDARY_EDGE_TTA_ACTIVE views = 8 weight = 0.75 mean_abs_feat_delta = 0.253217\n"}
,{"stream_name":"stdout","time":404.018941666,"data":"SECONDARY_EDGE_TTA_ACTIVE views = 8 weight = 0.75 mean_abs_feat_delta = 0.295986\n"}
,{"stream_name":"stdout","time":404.022650022,"data":"BIOHUB_RETENTION_GUARD {\"blended_candidates\": 169, \"dataset\": \"44b6_0b24845f\", \"frame\": 52, \"minimum_retention\": 0.9, \"primary_candidates\": 247, \"retention\": 0.6842105263157895, \"use_primary\": true}\n"}
,{"stream_name":"stdout","time":404.886257961,"data":"EDGE_TTA_ACTIVE views = 8 mean_abs_feat_delta = 0.363599\n"}
,{"stream_name":"stdout","time":405.320611937,"data":"EDGE_TTA_ACTIVE views = 8 mean_abs_feat_delta = 0.408922\n"}
,{"stream_name":"stdout","time":405.951991556,"data":"SECONDARY_EDGE_TTA_ACTIVE views = 8 weight = 0.75 mean_abs_feat_delta = 0.261342\n"}
,{"stream_name":"stdout","time":406.411276233,"data":"SECONDARY_EDGE_TTA_ACTIVE views = 8 weight = 0.75 mean_abs_feat_delta = 0.30285\n"}
,{"stream_name":"stdout","time":406.415488622,"data":"BIOHUB_RETENTION_GUARD {\"blended_candidates\": 162, \"dataset\": \"44b6_0b24845f\", \"frame\": 53, \"minimum_retention\": 0.9, \"primary_candidates\": 253, \"retention\": 0.6403162055335968, \"use_primary\": true}\n"}
,{"stream_name":"stdout","time":407.147069598,"data":"EDGE_TTA_ACTIVE views = 8 mean_abs_feat_delta = 0.362484\n"}
,{"stream_name":"stdout","time":407.64876329,"data":"EDGE_TTA_ACTIVE views = 8 mean_abs_feat_delta = 0.408795\n"}
,{"stream_name":"stdout","time":408.204739045,"data":"SECONDARY_EDGE_TTA_ACTIVE views = 8 weight = 0.75 mean_abs_feat_delta = 0.263655\n"}
,{"stream_name":"stdout","time":408.728606987,"data":"SECONDARY_EDGE_TTA_ACTIVE views = 8 weight = 0.75 mean_abs_feat_delta = 0.30254\n"}
,{"stream_name":"stdout","time":408.732462623,"data":"BIOHUB_RETENTION_GUARD {\"blended_candidates\": 182, \"dataset\": \"44b6_0b24845f\", \"frame\": 54, \"minimum_retention\": 0.9, \"primary_candidates\": 249, \"retention\": 0.7309236947791165, \"use_primary\": true}\n"}
,{"stream_name":"stdout","time":409.356078325,"data":"EDGE_TTA_ACTIVE views = 8 mean_abs_feat_delta = 0.362539\n"}
,{"stream_name":"stdout","time":409.934763758,"data":"EDGE_TTA_ACTIVE views = 8 mean_abs_feat_delta = 0.404073\n"}
,{"stream_name":"stdout","time":410.41124679,"data":"SECONDARY_EDGE_TTA_ACTIVE views = 8 weight = 0.75 mean_abs_feat_delta = 0.264049\n"}
,{"stream_name":"stdout","time":411.015194656,"data":"SECONDARY_EDGE_TTA_ACTIVE views = 8 weight = 0.75 mean_abs_feat_delta = 0.304896\n"}
,{"stream_name":"stdout","time":411.019483633,"data":"BIOHUB_RETENTION_GUARD {\"blended_candidates\": 218, \"dataset\": \"44b6_0b24845f\", \"frame\": 55, \"minimum_retention\": 0.9, \"primary_candidates\": 261, \"retention\": 0.8352490421455939, \"use_primary\": true}\n"}
,{"stream_name":"stdout","time":411.683778958,"data":"EDGE_TTA_ACTIVE views = 8 mean_abs_feat_delta = 0.360258\n"}
,{"stream_name":"stdout","time":412.315678236,"data":"EDGE_TTA_ACTIVE views = 8 mean_abs_feat_delta = 0.396925\n"}
,{"stream_name":"stdout","time":412.731207907,"data":"SECONDARY_EDGE_TTA_ACTIVE views = 8 weight = 0.75 mean_abs_feat_delta = 0.262185\n"}
,{"stream_name":"stdout","time":413.385477679,"data":"SECONDARY_EDGE_TTA_ACTIVE views = 8 weight = 0.75 mean_abs_feat_delta = 0.308335\n"}
,{"stream_name":"stdout","time":413.390093283,"data":"BIOHUB_RETENTION_GUARD {\"blended_candidates\": 274, \"dataset\": \"44b6_0b24845f\", \"frame\": 56, \"minimum_retention\": 0.9, \"primary_candidates\": 322, \"retention\": 0.8509316770186336, \"use_primary\": true}\n"}
,{"stream_name":"stdout","time":413.992915784,"data":"EDGE_TTA_ACTIVE views = 8 mean_abs_feat_delta = 0.358916\n"}
,{"stream_name":"stdout","time":414.582951847,"data":"EDGE_TTA_ACTIVE views = 8 mean_abs_feat_delta = 0.412262\n"}
,{"stream_name":"stdout","time":415.042488364,"data":"SECONDARY_EDGE_TTA_ACTIVE views = 8 weight = 0.75 mean_abs_feat_delta = 0.257653\n"}
,{"stream_name":"stdout","time":415.645570791,"data":"SECONDARY_EDGE_TTA_ACTIVE views = 8 weight = 0.75 mean_abs_feat_delta = 0.3079\n"}
,{"stream_name":"stdout","time":415.649588788,"data":"BIOHUB_RETENTION_GUARD {\"blended_candidates\": 110, \"dataset\": \"44b6_0b24845f\", \"frame\": 57, \"minimum_retention\": 0.9, \"primary_candidates\": 186, \"retention\": 0.5913978494623656, \"use_primary\": true}\n"}
,{"stream_name":"stdout","time":416.237597139,"data":"EDGE_TTA_ACTIVE views = 8 mean_abs_feat_delta = 0.359254\n"}
,{"stream_name":"stdout","time":416.872267589,"data":"EDGE_TTA_ACTIVE views = 8 mean_abs_feat_delta = 0.404042\n"}
,{"stream_name":"stdout","time":417.284296899,"data":"SECONDARY_EDGE_TTA_ACTIVE views = 8 weight = 0.75 mean_abs_feat_delta = 0.252778\n"}
,{"stream_name":"stdout","time":417.934059008,"data":"SECONDARY_EDGE_TTA_ACTIVE views = 8 weight = 0.75 mean_abs_feat_delta = 0.304751\n"}
,{"stream_name":"stdout","time":417.938302144,"data":"BIOHUB_RETENTION_GUARD {\"blended_candidates\": 107, \"dataset\": \"44b6_0b24845f\", \"frame\": 58, \"minimum_retention\": 0.9, \"primary_candidates\": 206, \"retention\": 0.5194174757281553, \"use_primary\": true}\n"}
,{"stream_name":"stdout","time":418.454407893,"data":"EDGE_TTA_ACTIVE views = 8 mean_abs_feat_delta = 0.358223\n"}
,{"stream_name":"stdout","time":419.161911581,"data":"EDGE_TTA_ACTIVE views = 8 mean_abs_feat_delta = 0.406497\n"}
,{"stream_name":"stdout","time":419.495916874,"data":"SECONDARY_EDGE_TTA_ACTIVE views = 8 weight = 0.75 mean_abs_feat_delta = 0.255196\n"}
,{"stream_name":"stdout","time":420.217457424,"data":"SECONDARY_EDGE_TTA_ACTIVE views = 8 weight = 0.75 mean_abs_feat_delta = 0.300835\n"}
,{"stream_name":"stdout","time":420.221164643,"data":"BIOHUB_RETENTION_GUARD {\"blended_candidates\": 140, \"dataset\": \"44b6_0b24845f\", \"frame\": 59, \"minimum_retention\": 0.9, \"primary_candidates\": 227, \"retention\": 0.6167400881057269, \"use_primary\": true}\n"}
,{"stream_name":"stdout","time":420.752706691,"data":"EDGE_TTA_ACTIVE views = 8 mean_abs_feat_delta = 0.351378\n"}
,{"stream_name":"stdout","time":421.41849989,"data":"EDGE_TTA_ACTIVE views = 8 mean_abs_feat_delta = 0.404726\n"}
,{"stream_name":"stdout","time":421.793999248,"data":"SECONDARY_EDGE_TTA_ACTIVE views = 8 weight = 0.75 mean_abs_feat_delta = 0.255652\n"}
,{"stream_name":"stdout","time":422.474436771,"data":"SECONDARY_EDGE_TTA_ACTIVE views = 8 weight = 0.75 mean_abs_feat_delta = 0.300158\n"}
,{"stream_name":"stdout","time":422.478339143,"data":"BIOHUB_RETENTION_GUARD {\"blended_candidates\": 168, \"dataset\": \"44b6_0b24845f\", \"frame\": 60, \"minimum_retention\": 0.9, \"primary_candidates\": 268, \"retention\": 0.6268656716417911, \"use_primary\": true}\n"}
,{"stream_name":"stdout","time":423.052909186,"data":"EDGE_TTA_ACTIVE views = 8 mean_abs_feat_delta = 0.351855\n"}
,{"stream_name":"stdout","time":423.739497944,"data":"EDGE_TTA_ACTIVE views = 8 mean_abs_feat_delta = 0.393277\n"}
,{"stream_name":"stdout","time":424.094014819,"data":"SECONDARY_EDGE_TTA_ACTIVE views = 8 weight = 0.75 mean_abs_feat_delta = 0.256616\n"}
,{"stream_name":"stdout","time":424.796234887,"data":"SECONDARY_EDGE_TTA_ACTIVE views = 8 weight = 0.75 mean_abs_feat_delta = 0.300168\n"}
,{"stream_name":"stdout","time":424.800328499,"data":"BIOHUB_RETENTION_GUARD {\"blended_candidates\": 100, \"dataset\": \"44b6_0b24845f\", \"frame\": 61, \"minimum_retention\": 0.9, \"primary_candidates\": 203, \"retention\": 0.49261083743842365, \"use_primary\": true}\n"}
,{"stream_name":"stdout","time":425.236471464,"data":"EDGE_TTA_ACTIVE views = 8 mean_abs_feat_delta = 0.354266\n"}
,{"stream_name":"stdout","time":426.01087987,"data":"EDGE_TTA_ACTIVE views = 8 mean_abs_feat_delta = 0.403133\n"}
,{"stream_name":"stdout","time":426.279511115,"data":"SECONDARY_EDGE_TTA_ACTIVE views = 8 weight = 0.75 mean_abs_feat_delta = 0.257121\n"}
,{"stream_name":"stdout","time":427.065000398,"data":"SECONDARY_EDGE_TTA_ACTIVE views = 8 weight = 0.75 mean_abs_feat_delta = 0.300845\n"}
,{"stream_name":"stdout","time":427.069261344,"data":"BIOHUB_RETENTION_GUARD {\"blended_candidates\": 142, \"dataset\": \"44b6_0b24845f\", \"frame\": 62, \"minimum_retention\": 0.9, \"primary_candidates\": 232, \"retention\": 0.6120689655172413, \"use_primary\": true}\n"}
,{"stream_name":"stdout","time":427.456491668,"data":"EDGE_TTA_ACTIVE views = 8 mean_abs_feat_delta = 0.353926\n"}
,{"stream_name":"stdout","time":428.268201622,"data":"EDGE_TTA_ACTIVE views = 8 mean_abs_feat_delta = 0.408595\n"}
,{"stream_name":"stdout","time":428.499084462,"data":"SECONDARY_EDGE_TTA_ACTIVE views = 8 weight = 0.75 mean_abs_feat_delta = 0.257896\n"}
,{"stream_name":"stdout","time":429.322929557,"data":"SECONDARY_EDGE_TTA_ACTIVE views = 8 weight = 0.75 mean_abs_feat_delta = 0.303221\n"}
,{"stream_name":"stdout","time":429.327079996,"data":"BIOHUB_RETENTION_GUARD {\"blended_candidates\": 150, \"dataset\": \"44b6_0b24845f\", \"frame\": 63, \"minimum_retention\": 0.9, \"primary_candidates\": 224, \"retention\": 0.6696428571428571, \"use_primary\": true}\n"}
,{"stream_name":"stdout","time":429.665268538,"data":"EDGE_TTA_ACTIVE views = 8 mean_abs_feat_delta = 0.360877\n"}
,{"stream_name":"stdout","time":430.552669892,"data":"EDGE_TTA_ACTIVE views = 8 mean_abs_feat_delta = 0.3981\n"}
,{"stream_name":"stdout","time":430.705672268,"data":"SECONDARY_EDGE_TTA_ACTIVE views = 8 weight = 0.75 mean_abs_feat_delta = 0.259858\n"}
,{"stream_name":"stdout","time":431.636272521,"data":"SECONDARY_EDGE_TTA_ACTIVE views = 8 weight = 0.75 mean_abs_feat_delta = 0.299317\n"}
,{"stream_name":"stdout","time":431.637555905,"data":"BIOHUB_RETENTION_GUARD {\"blended_candidates\": 137, \"dataset\": \"44b6_0b24845f\", \"frame\": 64, \"minimum_retention\": 0.9, \"primary_candidates\": 223, \"retention\": 0.6143497757847534, \"use_primary\": true}\n"}
,{"stream_name":"stdout","time":431.897123211,"data":"EDGE_TTA_ACTIVE views = 8 mean_abs_feat_delta = 0.358266\n"}
,{"stream_name":"stdout","time":432.763453399,"data":"EDGE_TTA_ACTIVE views = 8 mean_abs_feat_delta = 0.407186\n"}
,{"stream_name":"stdout","time":432.941566441,"data":"SECONDARY_EDGE_TTA_ACTIVE views = 8 weight = 0.75 mean_abs_feat_delta = 0.25507\n"}
,{"stream_name":"stdout","time":433.819813151,"data":"SECONDARY_EDGE_TTA_ACTIVE views = 8 weight = 0.75 mean_abs_feat_delta = 0.299955\n"}
,{"stream_name":"stdout","time":433.82369083,"data":"BIOHUB_RETENTION_GUARD {\"blended_candidates\": 157, \"dataset\": \"44b6_0b24845f\", \"frame\": 65, \"minimum_retention\": 0.9, \"primary_candidates\": 248, \"retention\": 0.6330645161290323, \"use_primary\": true}\n"}
,{"stream_name":"stdout","time":434.176030975,"data":"EDGE_TTA_ACTIVE views = 8 mean_abs_feat_delta = 0.356204\n"}
,{"stream_name":"stdout","time":435.056602643,"data":"EDGE_TTA_ACTIVE views = 8 mean_abs_feat_delta = 0.397172\n"}
,{"stream_name":"stdout","time":435.222500856,"data":"SECONDARY_EDGE_TTA_ACTIVE views = 8 weight = 0.75 mean_abs_feat_delta = 0.262098\n"}
,{"stream_name":"stdout","time":436.11478269,"data":"SECONDARY_EDGE_TTA_ACTIVE views = 8 weight = 0.75 mean_abs_feat_delta = 0.296912\n"}
,{"stream_name":"stdout","time":436.119186735,"data":"BIOHUB_RETENTION_GUARD {\"blended_candidates\": 149, \"dataset\": \"44b6_0b24845f\", \"frame\": 66, \"minimum_retention\": 0.9, \"primary_candidates\": 267, \"retention\": 0.5580524344569289, \"use_primary\": true}\n"}
,{"stream_name":"stdout","time":436.418681399,"data":"EDGE_TTA_ACTIVE views = 8 mean_abs_feat_delta = 0.353753\n"}
,{"stream_name":"stdout","time":437.332073284,"data":"EDGE_TTA_ACTIVE views = 8 mean_abs_feat_delta = 0.392194\n"}
,{"stream_name":"stdout","time":437.465103447,"data":"SECONDARY_EDGE_TTA_ACTIVE views = 8 weight = 0.75 mean_abs_feat_delta = 0.262847\n"}
,{"stream_name":"stdout","time":438.394552259,"data":"SECONDARY_EDGE_TTA_ACTIVE views = 8 weight = 0.75 mean_abs_feat_delta = 0.291366\n"}
,{"stream_name":"stdout","time":438.398237012,"data":"BIOHUB_RETENTION_GUARD {\"blended_candidates\": 121, \"dataset\": \"44b6_0b24845f\", \"frame\": 67, \"minimum_retention\": 0.9, \"primary_candidates\": 200, \"retention\": 0.605, \"use_primary\": true}\n"}
,{"stream_name":"stdout","time":438.698832283,"data":"EDGE_TTA_ACTIVE views = 8 mean_abs_feat_delta = 0.35379\n"}
,{"stream_name":"stdout","time":439.666548421,"data":"EDGE_TTA_ACTIVE views = 8 mean_abs_feat_delta = 0.395496\n"}
,{"stream_name":"stdout","time":439.749440776,"data":"SECONDARY_EDGE_TTA_ACTIVE views = 8 weight = 0.75 mean_abs_feat_delta = 0.261047\n"}
,{"stream_name":"stdout","time":440.730772894,"data":"SECONDARY_EDGE_TTA_ACTIVE views = 8 weight = 0.75 mean_abs_feat_delta = 0.293296\n"}
,{"stream_name":"stdout","time":440.734694535,"data":"BIOHUB_RETENTION_GUARD {\"blended_candidates\": 163, \"dataset\": \"44b6_0b24845f\", \"frame\": 68, \"minimum_retention\": 0.9, \"primary_candidates\": 203, \"retention\": 0.8029556650246306, \"use_primary\": true}\n"}
,{"stream_name":"stdout","time":440.923456528,"data":"EDGE_TTA_ACTIVE views = 8 mean_abs_feat_delta = 0.3481\n"}
,{"stream_name":"stdout","time":441.91723619,"data":"EDGE_TTA_ACTIVE views = 8 mean_abs_feat_delta = 0.395019\n"}
,{"stream_name":"stdout","time":441.977048614,"data":"SECONDARY_EDGE_TTA_ACTIVE views = 8 weight = 0.75 mean_abs_feat_delta = 0.257455\n"}
,{"stream_name":"stdout","time":442.985163304,"data":"SECONDARY_EDGE_TTA_ACTIVE views = 8 weight = 0.75 mean_abs_feat_delta = 0.301719\n"}
,{"stream_name":"stdout","time":442.989414554,"data":"BIOHUB_RETENTION_GUARD {\"blended_candidates\": 164, \"dataset\": \"44b6_0b24845f\", \"frame\": 69, \"minimum_retention\": 0.9, \"primary_candidates\": 234, \"retention\": 0.7008547008547008, \"use_primary\": true}\n"}
,{"stream_name":"stdout","time":443.213126702,"data":"EDGE_TTA_ACTIVE views = 8 mean_abs_feat_delta = 0.338423\n"}
,{"stream_name":"stdout","time":444.234168239,"data":"EDGE_TTA_ACTIVE views = 8 mean_abs_feat_delta = 0.403392\n"}
,{"stream_name":"stdout","time":444.270991221,"data":"SECONDARY_EDGE_TTA_ACTIVE views = 8 weight = 0.75 mean_abs_feat_delta = 0.254838\n"}
,{"stream_name":"stdout","time":445.308628634,"data":"SECONDARY_EDGE_TTA_ACTIVE views = 8 weight = 0.75 mean_abs_feat_delta = 0.301488\n"}
,{"stream_name":"stdout","time":445.312264747,"data":"BIOHUB_RETENTION_GUARD {\"blended_candidates\": 116, \"dataset\": \"44b6_0b24845f\", \"frame\": 70, \"minimum_retention\": 0.9, \"primary_candidates\": 184, \"retention\": 0.6304347826086957, \"use_primary\": true}\n"}
,{"stream_name":"stdout","time":445.518132174,"data":"EDGE_TTA_ACTIVE views = 8 mean_abs_feat_delta = 0.342591\n"}
,{"stream_name":"stdout","time":446.469582092,"data":"EDGE_TTA_ACTIVE views = 8 mean_abs_feat_delta = 0.392542\n"}
,{"stream_name":"stdout","time":446.580045692,"data":"SECONDARY_EDGE_TTA_ACTIVE views = 8 weight = 0.75 mean_abs_feat_delta = 0.260524\n"}
,{"stream_name":"stdout","time":447.551033938,"data":"SECONDARY_EDGE_TTA_ACTIVE views = 8 weight = 0.75 mean_abs_feat_delta = 0.299423\n"}
,{"stream_name":"stdout","time":447.554621767,"data":"BIOHUB_RETENTION_GUARD {\"blended_candidates\": 139, \"dataset\": \"44b6_0b24845f\", \"frame\": 71, \"minimum_retention\": 0.9, \"primary_candidates\": 207, \"retention\": 0.6714975845410628, \"use_primary\": true}\n"}
,{"stream_name":"stdout","time":447.790537148,"data":"EDGE_TTA_ACTIVE views = 8 mean_abs_feat_delta = 0.348018\n"}
,{"stream_name":"stdout","time":448.802109892,"data":"EDGE_TTA_ACTIVE views = 8 mean_abs_feat_delta = 0.3918\n"}
,{"stream_name":"stdout","time":448.85340083,"data":"SECONDARY_EDGE_TTA_ACTIVE views = 8 weight = 0.75 mean_abs_feat_delta = 0.262847\n"}
,{"stream_name":"stdout","time":449.886259954,"data":"SECONDARY_EDGE_TTA_ACTIVE views = 8 weight = 0.75 mean_abs_feat_delta = 0.301712\n"}
,{"stream_name":"stdout","time":449.890877755,"data":"BIOHUB_RETENTION_GUARD {\"blended_candidates\": 130, \"dataset\": \"44b6_0b24845f\", \"frame\": 72, \"minimum_retention\": 0.9, \"primary_candidates\": 197, \"retention\": 0.6598984771573604, \"use_primary\": true}\n"}
,{"stream_name":"stdout","time":450.008997241,"data":"EDGE_TTA_ACTIVE views = 8 mean_abs_feat_delta = 0.342875\n"}
,{"stream_name":"stdout","time":451.080569081,"data":"SECONDARY_EDGE_TTA_ACTIVE views = 8 weight = 0.75 mean_abs_feat_delta = 0.260131\n"}
,{"stream_name":"stdout","time":451.151587222,"data":"EDGE_TTA_ACTIVE views = 8 mean_abs_feat_delta = 0.400617\n"}
,{"stream_name":"stdout","time":452.241067347,"data":"SECONDARY_EDGE_TTA_ACTIVE views = 8 weight = 0.75 mean_abs_feat_delta = 0.305584\n"}
,{"stream_name":"stdout","time":452.24550688,"data":"BIOHUB_RETENTION_GUARD {\"blended_candidates\": 79, \"dataset\": \"44b6_0b24845f\", \"frame\": 73, \"minimum_retention\": 0.9, \"primary_candidates\": 180, \"retention\": 0.4388888888888889, \"use_primary\": true}\n"}
,{"stream_name":"stdout","time":452.298923479,"data":"EDGE_TTA_ACTIVE views = 8 mean_abs_feat_delta = 0.341995\n"}
,{"stream_name":"stdout","time":453.374922068,"data":"SECONDARY_EDGE_TTA_ACTIVE views = 8 weight = 0.75 mean_abs_feat_delta = 0.256523\n"}
,{"stream_name":"stdout","time":453.480126203,"data":"EDGE_TTA_ACTIVE views = 8 mean_abs_feat_delta = 0.414579\n"}
,{"stream_name":"stdout","time":454.571747192,"data":"SECONDARY_EDGE_TTA_ACTIVE views = 8 weight = 0.75 mean_abs_feat_delta = 0.304789\n"}
,{"stream_name":"stdout","time":454.575565071,"data":"BIOHUB_RETENTION_GUARD {\"blended_candidates\": 88, \"dataset\": \"44b6_0b24845f\", \"frame\": 74, \"minimum_retention\": 0.9, \"primary_candidates\": 166, \"retention\": 0.5301204819277109, \"use_primary\": true}\n"}
,{"stream_name":"stdout","time":454.629847962,"data":"EDGE_TTA_ACTIVE views = 8 mean_abs_feat_delta = 0.340649\n"}
,{"stream_name":"stdout","time":455.710369335,"data":"SECONDARY_EDGE_TTA_ACTIVE views = 8 weight = 0.75 mean_abs_feat_delta = 0.265074\n"}
,{"stream_name":"stdout","time":455.808930548,"data":"EDGE_TTA_ACTIVE views = 8 mean_abs_feat_delta = 0.385952\n"}
,{"stream_name":"stdout","time":456.908174385,"data":"SECONDARY_EDGE_TTA_ACTIVE views = 8 weight = 0.75 mean_abs_feat_delta = 0.299735\n"}
,{"stream_name":"stdout","time":456.911919198,"data":"BIOHUB_RETENTION_GUARD {\"blended_candidates\": 164, \"dataset\": \"44b6_0b24845f\", \"frame\": 75, \"minimum_retention\": 0.9, \"primary_candidates\": 240, \"retention\": 0.6833333333333333, \"use_primary\": true}\n"}
,{"stream_name":"stdout","time":456.94078498,"data":"EDGE_TTA_ACTIVE views = 8 mean_abs_feat_delta = 0.339709\n"}
,{"stream_name":"stdout","time":458.022727542,"data":"SECONDARY_EDGE_TTA_ACTIVE views = 8 weight = 0.75 mean_abs_feat_delta = 0.26712\n"}
,{"stream_name":"stdout","time":458.178553801,"data":"EDGE_TTA_ACTIVE views = 8 mean_abs_feat_delta = 0.378269\n"}
,{"stream_name":"stdout","time":459.27737299,"data":"EDGE_TTA_ACTIVE views = 8 mean_abs_feat_delta = 0.3418\n"}
,{"stream_name":"stdout","time":459.28436621,"data":"SECONDARY_EDGE_TTA_ACTIVE views = 8 weight = 0.75 mean_abs_feat_delta = 0.295727\n"}
,{"stream_name":"stdout","time":459.288397221,"data":"BIOHUB_RETENTION_GUARD {\"blended_candidates\": 153, \"dataset\": \"44b6_0b24845f\", \"frame\": 76, \"minimum_retention\": 0.9, \"primary_candidates\": 252, \"retention\": 0.6071428571428571, \"use_primary\": true}\n"}
,{"stream_name":"stdout","time":460.362736189,"data":"SECONDARY_EDGE_TTA_ACTIVE views = 8 weight = 0.75 mean_abs_feat_delta = 0.263739\n"}
,{"stream_name":"stdout","time":460.546017955,"data":"EDGE_TTA_ACTIVE views = 8 mean_abs_feat_delta = 0.392331\n"}
,{"stream_name":"stdout","time":461.591225046,"data":"EDGE_TTA_ACTIVE views = 8 mean_abs_feat_delta = 0.337227\n"}
,{"stream_name":"stdout","time":461.685917974,"data":"SECONDARY_EDGE_TTA_ACTIVE views = 8 weight = 0.75 mean_abs_feat_delta = 0.301815\n"}
,{"stream_name":"stdout","time":461.686757661,"data":"BIOHUB_RETENTION_GUARD {\"blended_candidates\": 111, \"dataset\": \"44b6_0b24845f\", \"frame\": 77, \"minimum_retention\": 0.9, \"primary_candidates\": 222, \"retention\": 0.5, \"use_primary\": true}\n"}
,{"stream_name":"stdout","time":462.681641952,"data":"SECONDARY_EDGE_TTA_ACTIVE views = 8 weight = 0.75 mean_abs_feat_delta = 0.262727\n"}
,{"stream_name":"stdout","time":462.863585726,"data":"EDGE_TTA_ACTIVE views = 8 mean_abs_feat_delta = 0.396828\n"}
,{"stream_name":"stdout","time":463.917027601,"data":"EDGE_TTA_ACTIVE views = 8 mean_abs_feat_delta = 0.336695\n"}
,{"stream_name":"stdout","time":463.971231612,"data":"SECONDARY_EDGE_TTA_ACTIVE views = 8 weight = 0.75 mean_abs_feat_delta = 0.305391\n"}
,{"stream_name":"stdout","time":463.975441507,"data":"BIOHUB_RETENTION_GUARD {\"blended_candidates\": 145, \"dataset\": \"44b6_0b24845f\", \"frame\": 78, \"minimum_retention\": 0.9, \"primary_candidates\": 280, \"retention\": 0.5178571428571429, \"use_primary\": true}\n"}
,{"stream_name":"stdout","time":465.006455474,"data":"SECONDARY_EDGE_TTA_ACTIVE views = 8 weight = 0.75 mean_abs_feat_delta = 0.256411\n"}
,{"stream_name":"stdout","time":465.173181942,"data":"EDGE_TTA_ACTIVE views = 8 mean_abs_feat_delta = 0.39173\n"}
,{"stream_name":"stdout","time":466.245464518,"data":"EDGE_TTA_ACTIVE views = 8 mean_abs_feat_delta = 0.333097\n"}
,{"stream_name":"stdout","time":466.286470055,"data":"SECONDARY_EDGE_TTA_ACTIVE views = 8 weight = 0.75 mean_abs_feat_delta = 0.302826\n"}
,{"stream_name":"stdout","time":466.290856393,"data":"BIOHUB_RETENTION_GUARD {\"blended_candidates\": 130, \"dataset\": \"44b6_0b24845f\", \"frame\": 79, \"minimum_retention\": 0.9, \"primary_candidates\": 297, \"retention\": 0.4377104377104377, \"use_primary\": true}\n"}
,{"stream_name":"stdout","time":467.336247811,"data":"SECONDARY_EDGE_TTA_ACTIVE views = 8 weight = 0.75 mean_abs_feat_delta = 0.260031\n"}
,{"stream_name":"stdout","time":467.529545859,"data":"EDGE_TTA_ACTIVE views = 8 mean_abs_feat_delta = 0.39578\n"}
,{"stream_name":"stdout","time":468.606234129,"data":"EDGE_TTA_ACTIVE views = 8 mean_abs_feat_delta = 0.33628\n"}
,{"stream_name":"stdout","time":468.643710534,"data":"SECONDARY_EDGE_TTA_ACTIVE views = 8 weight = 0.75 mean_abs_feat_delta = 0.303473\n"}
,{"stream_name":"stdout","time":468.647894847,"data":"BIOHUB_RETENTION_GUARD {\"blended_candidates\": 139, \"dataset\": \"44b6_0b24845f\", \"frame\": 80, \"minimum_retention\": 0.9, \"primary_candidates\": 285, \"retention\": 0.48771929824561405, \"use_primary\": true}\n"}
,{"stream_name":"stdout","time":469.696556423,"data":"SECONDARY_EDGE_TTA_ACTIVE views = 8 weight = 0.75 mean_abs_feat_delta = 0.262153\n"}
,{"stream_name":"stdout","time":469.916270819,"data":"EDGE_TTA_ACTIVE views = 8 mean_abs_feat_delta = 0.389507\n"}
,{"stream_name":"stdout","time":470.930146166,"data":"EDGE_TTA_ACTIVE views = 8 mean_abs_feat_delta = 0.340782\n"}
,{"stream_name":"stdout","time":471.030011057,"data":"SECONDARY_EDGE_TTA_ACTIVE views = 8 weight = 0.75 mean_abs_feat_delta = 0.308215\n"}
,{"stream_name":"stdout","time":471.034082623,"data":"BIOHUB_RETENTION_GUARD {\"blended_candidates\": 135, \"dataset\": \"44b6_0b24845f\", \"frame\": 81, \"minimum_retention\": 0.9, \"primary_candidates\": 238, \"retention\": 0.5672268907563025, \"use_primary\": true}\n"}
,{"stream_name":"stdout","time":472.02286082,"data":"SECONDARY_EDGE_TTA_ACTIVE views = 8 weight = 0.75 mean_abs_feat_delta = 0.258925\n"}
,{"stream_name":"stdout","time":472.352532829,"data":"EDGE_TTA_ACTIVE views = 8 mean_abs_feat_delta = 0.403832\n"}
,{"stream_name":"stdout","time":473.262091776,"data":"EDGE_TTA_ACTIVE views = 8 mean_abs_feat_delta = 0.343015\n"}
,{"stream_name":"stdout","time":473.463163262,"data":"SECONDARY_EDGE_TTA_ACTIVE views = 8 weight = 0.75 mean_abs_feat_delta = 0.312577\n"}
,{"stream_name":"stdout","time":473.46709356,"data":"BIOHUB_RETENTION_GUARD {\"blended_candidates\": 110, \"dataset\": \"44b6_0b24845f\", \"frame\": 82, \"minimum_retention\": 0.9, \"primary_candidates\": 259, \"retention\": 0.4247104247104247, \"use_primary\": true}\n"}
,{"stream_name":"stdout","time":474.353998,"data":"SECONDARY_EDGE_TTA_ACTIVE views = 8 weight = 0.75 mean_abs_feat_delta = 0.260799\n"}
,{"stream_name":"stdout","time":474.784492933,"data":"EDGE_TTA_ACTIVE views = 8 mean_abs_feat_delta = 0.396765\n"}
,{"stream_name":"stdout","time":475.556270476,"data":"EDGE_TTA_ACTIVE views = 8 mean_abs_feat_delta = 0.344411\n"}
,{"stream_name":"stdout","time":475.89441889,"data":"SECONDARY_EDGE_TTA_ACTIVE views = 8 weight = 0.75 mean_abs_feat_delta = 0.311063\n"}
,{"stream_name":"stdout","time":475.898324477,"data":"BIOHUB_RETENTION_GUARD {\"blended_candidates\": 91, \"dataset\": \"44b6_0b24845f\", \"frame\": 83, \"minimum_retention\": 0.9, \"primary_candidates\": 250, \"retention\": 0.364, \"use_primary\": true}\n"}
,{"stream_name":"stdout","time":476.647809242,"data":"SECONDARY_EDGE_TTA_ACTIVE views = 8 weight = 0.75 mean_abs_feat_delta = 0.261693\n"}
,{"stream_name":"stdout","time":477.130797842,"data":"EDGE_TTA_ACTIVE views = 8 mean_abs_feat_delta = 0.388622\n"}
,{"stream_name":"stdout","time":477.859968243,"data":"EDGE_TTA_ACTIVE views = 8 mean_abs_feat_delta = 0.343397\n"}
,{"stream_name":"stdout","time":478.233108664,"data":"SECONDARY_EDGE_TTA_ACTIVE views = 8 weight = 0.75 mean_abs_feat_delta = 0.311139\n"}
,{"stream_name":"stdout","time":478.237052996,"data":"BIOHUB_RETENTION_GUARD {\"blended_candidates\": 156, \"dataset\": \"44b6_0b24845f\", \"frame\": 84, \"minimum_retention\": 0.9, \"primary_candidates\": 280, \"retention\": 0.5571428571428572, \"use_primary\": true}\n"}
,{"stream_name":"stdout","time":478.944301025,"data":"SECONDARY_EDGE_TTA_ACTIVE views = 8 weight = 0.75 mean_abs_feat_delta = 0.264586\n"}
,{"stream_name":"stdout","time":479.520368634,"data":"EDGE_TTA_ACTIVE views = 8 mean_abs_feat_delta = 0.399913\n"}
,{"stream_name":"stdout","time":480.15021647,"data":"EDGE_TTA_ACTIVE views = 8 mean_abs_feat_delta = 0.331831\n"}
,{"stream_name":"stdout","time":480.623060751,"data":"SECONDARY_EDGE_TTA_ACTIVE views = 8 weight = 0.75 mean_abs_feat_delta = 0.312248\n"}
,{"stream_name":"stdout","time":480.626369254,"data":"BIOHUB_RETENTION_GUARD {\"blended_candidates\": 81, \"dataset\": \"44b6_0b24845f\", \"frame\": 85, \"minimum_retention\": 0.9, \"primary_candidates\": 191, \"retention\": 0.42408376963350786, \"use_primary\": true}\n"}
,{"stream_name":"stdout","time":481.233425927,"data":"SECONDARY_EDGE_TTA_ACTIVE views = 8 weight = 0.75 mean_abs_feat_delta = 0.262994\n"}
,{"stream_name":"stdout","time":481.894358602,"data":"EDGE_TTA_ACTIVE views = 8 mean_abs_feat_delta = 0.400333\n"}
,{"stream_name":"stdout","time":482.439624005,"data":"EDGE_TTA_ACTIVE views = 8 mean_abs_feat_delta = 0.327096\n"}
,{"stream_name":"stdout","time":482.99382298,"data":"SECONDARY_EDGE_TTA_ACTIVE views = 8 weight = 0.75 mean_abs_feat_delta = 0.317294\n"}
,{"stream_name":"stdout","time":482.997881909,"data":"BIOHUB_RETENTION_GUARD {\"blended_candidates\": 56, \"dataset\": \"44b6_0b24845f\", \"frame\": 86, \"minimum_retention\": 0.9, \"primary_candidates\": 144, \"retention\": 0.3888888888888889, \"use_primary\": true}\n"}
,{"stream_name":"stdout","time":483.519102738,"data":"SECONDARY_EDGE_TTA_ACTIVE views = 8 weight = 0.75 mean_abs_feat_delta = 0.257147\n"}
,{"stream_name":"stdout","time":484.256013768,"data":"EDGE_TTA_ACTIVE views = 8 mean_abs_feat_delta = 0.383298\n"}
,{"stream_name":"stdout","time":484.718622187,"data":"EDGE_TTA_ACTIVE views = 8 mean_abs_feat_delta = 0.32943\n"}
,{"stream_name":"stdout","time":485.356609143,"data":"SECONDARY_EDGE_TTA_ACTIVE views = 8 weight = 0.75 mean_abs_feat_delta = 0.318325\n"}
,{"stream_name":"stdout","time":485.36041587,"data":"BIOHUB_RETENTION_GUARD {\"blended_candidates\": 91, \"dataset\": \"44b6_0b24845f\", \"frame\": 87, \"minimum_retention\": 0.9, \"primary_candidates\": 199, \"retention\": 0.457286432160804, \"use_primary\": true}\n"}
,{"stream_name":"stdout","time":485.800662885,"data":"SECONDARY_EDGE_TTA_ACTIVE views = 8 weight = 0.75 mean_abs_feat_delta = 0.259374\n"}
,{"stream_name":"stdout","time":486.614132344,"data":"EDGE_TTA_ACTIVE views = 8 mean_abs_feat_delta = 0.400889\n"}
,{"stream_name":"stdout","time":487.065402787,"data":"EDGE_TTA_ACTIVE views = 8 mean_abs_feat_delta = 0.328873\n"}
,{"stream_name":"stdout","time":487.71156147,"data":"SECONDARY_EDGE_TTA_ACTIVE views = 8 weight = 0.75 mean_abs_feat_delta = 0.319785\n"}
,{"stream_name":"stdout","time":487.716249729,"data":"BIOHUB_RETENTION_GUARD {\"blended_candidates\": 96, \"dataset\": \"44b6_0b24845f\", \"frame\": 88, \"minimum_retention\": 0.9, \"primary_candidates\": 234, \"retention\": 0.41025641025641024, \"use_primary\": true}\n"}
,{"stream_name":"stdout","time":488.139998811,"data":"SECONDARY_EDGE_TTA_ACTIVE views = 8 weight = 0.75 mean_abs_feat_delta = 0.257413\n"}
,{"stream_name":"stdout","time":488.974668523,"data":"EDGE_TTA_ACTIVE views = 8 mean_abs_feat_delta = 0.419406\n"}
,{"stream_name":"stdout","time":489.387625848,"data":"EDGE_TTA_ACTIVE views = 8 mean_abs_feat_delta = 0.331326\n"}
,{"stream_name":"stdout","time":490.065097084,"data":"SECONDARY_EDGE_TTA_ACTIVE views = 8 weight = 0.75 mean_abs_feat_delta = 0.325312\n"}
,{"stream_name":"stdout","time":490.06937412,"data":"BIOHUB_RETENTION_GUARD {\"blended_candidates\": 71, \"dataset\": \"44b6_0b24845f\", \"frame\": 89, \"minimum_retention\": 0.9, \"primary_candidates\": 206, \"retention\": 0.3446601941747573, \"use_primary\": true}\n"}
,{"stream_name":"stdout","time":490.462495427,"data":"SECONDARY_EDGE_TTA_ACTIVE views = 8 weight = 0.75 mean_abs_feat_delta = 0.257555\n"}
,{"stream_name":"stdout","time":491.327835764,"data":"EDGE_TTA_ACTIVE views = 8 mean_abs_feat_delta = 0.406645\n"}
,{"stream_name":"stdout","time":491.761967265,"data":"EDGE_TTA_ACTIVE views = 8 mean_abs_feat_delta = 0.325509\n"}
,{"stream_name":"stdout","time":492.416947196,"data":"SECONDARY_EDGE_TTA_ACTIVE views = 8 weight = 0.75 mean_abs_feat_delta = 0.321967\n"}
,{"stream_name":"stdout","time":492.423258613,"data":"BIOHUB_RETENTION_GUARD {\"blended_candidates\": 44, \"dataset\": \"44b6_0b24845f\", \"frame\": 90, \"minimum_retention\": 0.9, \"primary_candidates\": 151, \"retention\": 0.2913907284768212, \"use_primary\": true}\n"}
,{"stream_name":"stdout","time":492.792572942,"data":"SECONDARY_EDGE_TTA_ACTIVE views = 8 weight = 0.75 mean_abs_feat_delta = 0.253368\n"}
,{"stream_name":"stdout","time":493.696418799,"data":"EDGE_TTA_ACTIVE views = 8 mean_abs_feat_delta = 0.400096\n"}
,{"stream_name":"stdout","time":493.97581343,"data":"EDGE_TTA_ACTIVE views = 8 mean_abs_feat_delta = 0.32854\n"}
,{"stream_name":"stdout","time":494.777416369,"data":"SECONDARY_EDGE_TTA_ACTIVE views = 8 weight = 0.75 mean_abs_feat_delta = 0.320952\n"}
,{"stream_name":"stdout","time":494.781143832,"data":"BIOHUB_RETENTION_GUARD {\"blended_candidates\": 34, \"dataset\": \"44b6_0b24845f\", \"frame\": 91, \"minimum_retention\": 0.9, \"primary_candidates\": 157, \"retention\": 0.21656050955414013, \"use_primary\": true}\n"}
,{"stream_name":"stdout","time":495.046971897,"data":"SECONDARY_EDGE_TTA_ACTIVE views = 8 weight = 0.75 mean_abs_feat_delta = 0.253968\n"}
,{"stream_name":"stdout","time":496.048751776,"data":"EDGE_TTA_ACTIVE views = 8 mean_abs_feat_delta = 0.397337\n"}
,{"stream_name":"stdout","time":496.231609895,"data":"EDGE_TTA_ACTIVE views = 8 mean_abs_feat_delta = 0.337883\n"}
,{"stream_name":"stdout","time":497.128364266,"data":"SECONDARY_EDGE_TTA_ACTIVE views = 8 weight = 0.75 mean_abs_feat_delta = 0.322162\n"}
,{"stream_name":"stdout","time":497.13253557,"data":"BIOHUB_RETENTION_GUARD {\"blended_candidates\": 47, \"dataset\": \"44b6_0b24845f\", \"frame\": 92, \"minimum_retention\": 0.9, \"primary_candidates\": 195, \"retention\": 0.24102564102564103, \"use_primary\": true}\n"}
,{"stream_name":"stdout","time":497.300680208,"data":"SECONDARY_EDGE_TTA_ACTIVE views = 8 weight = 0.75 mean_abs_feat_delta = 0.25869\n"}
,{"stream_name":"stdout","time":498.293872534,"data":"EDGE_TTA_ACTIVE views = 8 mean_abs_feat_delta = 0.396209\n"}
,{"stream_name":"stdout","time":498.486478919,"data":"EDGE_TTA_ACTIVE views = 8 mean_abs_feat_delta = 0.338578\n"}
,{"stream_name":"stdout","time":499.374491325,"data":"SECONDARY_EDGE_TTA_ACTIVE views = 8 weight = 0.75 mean_abs_feat_delta = 0.314236\n"}
,{"stream_name":"stdout","time":499.378678403,"data":"BIOHUB_RETENTION_GUARD {\"blended_candidates\": 40, \"dataset\": \"44b6_0b24845f\", \"frame\": 93, \"minimum_retention\": 0.9, \"primary_candidates\": 136, \"retention\": 0.29411764705882354, \"use_primary\": true}\n"}
,{"stream_name":"stdout","time":499.547008723,"data":"SECONDARY_EDGE_TTA_ACTIVE views = 8 weight = 0.75 mean_abs_feat_delta = 0.249107\n"}
,{"stream_name":"stdout","time":500.556087779,"data":"EDGE_TTA_ACTIVE views = 8 mean_abs_feat_delta = 0.384895\n"}
,{"stream_name":"stdout","time":500.75616688,"data":"EDGE_TTA_ACTIVE views = 8 mean_abs_feat_delta = 0.336093\n"}
,{"stream_name":"stdout","time":501.631991119,"data":"SECONDARY_EDGE_TTA_ACTIVE views = 8 weight = 0.75 mean_abs_feat_delta = 0.314665\n"}
,{"stream_name":"stdout","time":501.636055729,"data":"BIOHUB_RETENTION_GUARD {\"blended_candidates\": 44, \"dataset\": \"44b6_0b24845f\", \"frame\": 94, \"minimum_retention\": 0.9, \"primary_candidates\": 186, \"retention\": 0.23655913978494625, \"use_primary\": true}\n"}
,{"stream_name":"stdout","time":501.820467685,"data":"SECONDARY_EDGE_TTA_ACTIVE views = 8 weight = 0.75 mean_abs_feat_delta = 0.250998\n"}
,{"stream_name":"stdout","time":502.904982166,"data":"EDGE_TTA_ACTIVE views = 8 mean_abs_feat_delta = 0.396039\n"}
,{"stream_name":"stdout","time":503.067030495,"data":"EDGE_TTA_ACTIVE views = 8 mean_abs_feat_delta = 0.328826\n"}
,{"stream_name":"stdout","time":503.98060506,"data":"SECONDARY_EDGE_TTA_ACTIVE views = 8 weight = 0.75 mean_abs_feat_delta = 0.321701\n"}
,{"stream_name":"stdout","time":503.984756553,"data":"BIOHUB_RETENTION_GUARD {\"blended_candidates\": 29, \"dataset\": \"44b6_0b24845f\", \"frame\": 95, \"minimum_retention\": 0.9, \"primary_candidates\": 141, \"retention\": 0.20567375886524822, \"use_primary\": true}\n"}
,{"stream_name":"stdout","time":504.124770366,"data":"SECONDARY_EDGE_TTA_ACTIVE views = 8 weight = 0.75 mean_abs_feat_delta = 0.249091\n"}
,{"stream_name":"stdout","time":505.256022431,"data":"EDGE_TTA_ACTIVE views = 8 mean_abs_feat_delta = 0.396092\n"}
,{"stream_name":"stdout","time":505.328567702,"data":"EDGE_TTA_ACTIVE views = 8 mean_abs_feat_delta = 0.32616\n"}
,{"stream_name":"stdout","time":506.333766542,"data":"SECONDARY_EDGE_TTA_ACTIVE views = 8 weight = 0.75 mean_abs_feat_delta = 0.325788\n"}
,{"stream_name":"stdout","time":506.337673196,"data":"BIOHUB_RETENTION_GUARD {\"blended_candidates\": 14, \"dataset\": \"44b6_0b24845f\", \"frame\": 96, \"minimum_retention\": 0.9, \"primary_candidates\": 142, \"retention\": 0.09859154929577464, \"use_primary\": true}\n"}
,{"stream_name":"stdout","time":506.385891564,"data":"SECONDARY_EDGE_TTA_ACTIVE views = 8 weight = 0.75 mean_abs_feat_delta = 0.25058\n"}
,{"stream_name":"stdout","time":507.561373659,"data":"EDGE_TTA_ACTIVE views = 8 mean_abs_feat_delta = 0.327777\n"}
,{"stream_name":"stdout","time":507.574953829,"data":"EDGE_TTA_ACTIVE views = 8 mean_abs_feat_delta = 0.379954\n"}
,{"stream_name":"stdout","time":508.619740283,"data":"SECONDARY_EDGE_TTA_ACTIVE views = 8 weight = 0.75 mean_abs_feat_delta = 0.25428\n"}
,{"stream_name":"stdout","time":508.65055006,"data":"SECONDARY_EDGE_TTA_ACTIVE views = 8 weight = 0.75 mean_abs_feat_delta = 0.328691\n"}
,{"stream_name":"stdout","time":508.654449307,"data":"BIOHUB_RETENTION_GUARD {\"blended_candidates\": 41, \"dataset\": \"44b6_0b24845f\", \"frame\": 97, \"minimum_retention\": 0.9, \"primary_candidates\": 197, \"retention\": 0.20812182741116753, \"use_primary\": true}\n"}
,{"stream_name":"stdout","time":509.955615624,"data":"EDGE_TTA_ACTIVE views = 8 mean_abs_feat_delta = 0.383282\n"}
,{"stream_name":"stdout","time":511.028774353,"data":"SECONDARY_EDGE_TTA_ACTIVE views = 8 weight = 0.75 mean_abs_feat_delta = 0.327921\n"}
,{"stream_name":"stdout","time":511.032617817,"data":"BIOHUB_RETENTION_GUARD {\"blended_candidates\": 53, \"dataset\": \"44b6_0b24845f\", \"frame\": 98, \"minimum_retention\": 0.9, \"primary_candidates\": 184, \"retention\": 0.28804347826086957, \"use_primary\": true}\n"}
,{"stream_name":"stdout","time":512.283705204,"data":"EDGE_TTA_ACTIVE views = 8 mean_abs_feat_delta = 0.394923\n"}
,{"stream_name":"stdout","time":513.355218352,"data":"SECONDARY_EDGE_TTA_ACTIVE views = 8 weight = 0.75 mean_abs_feat_delta = 0.328126\n"}
,{"stream_name":"stdout","time":513.359416179,"data":"BIOHUB_RETENTION_GUARD {\"blended_candidates\": 20, \"dataset\": \"44b6_0b24845f\", \"frame\": 99, \"minimum_retention\": 0.9, \"primary_candidates\": 117, \"retention\": 0.17094017094017094, \"use_primary\": true}\n"}
,{"stream_name":"stdout","time":529.554477468,"data":"EDGE_TTA_ACTIVE views = 8 mean_abs_feat_delta = 0.342472\n"}
,{"stream_name":"stdout","time":530.544550173,"data":"SECONDARY_EDGE_TTA_ACTIVE views = 8 weight = 0.75 mean_abs_feat_delta = 0.229228\n"}
,{"stream_name":"stdout","time":531.989315506,"data":"EDGE_TTA_ACTIVE views = 8 mean_abs_feat_delta = 0.343054\n"}
,{"stream_name":"stdout","time":533.037958344,"data":"SECONDARY_EDGE_TTA_ACTIVE views = 8 weight = 0.75 mean_abs_feat_delta = 0.231364\n"}
,{"stream_name":"stdout","time":534.576206097,"data":"EDGE_TTA_ACTIVE views = 8 mean_abs_feat_delta = 0.341999\n"}
,{"stream_name":"stdout","time":535.658335948,"data":"SECONDARY_EDGE_TTA_ACTIVE views = 8 weight = 0.75 mean_abs_feat_delta = 0.231505\n"}
,{"stream_name":"stdout","time":536.098456845,"data":"EDGE_TTA_ACTIVE views = 8 mean_abs_feat_delta = 0.314191\n"}
,{"stream_name":"stdout","time":537.109603163,"data":"SECONDARY_EDGE_TTA_ACTIVE views = 8 weight = 0.75 mean_abs_feat_delta = 0.229197\n"}
,{"stream_name":"stdout","time":537.161358826,"data":"EDGE_TTA_ACTIVE views = 8 mean_abs_feat_delta = 0.340981\n"}
,{"stream_name":"stdout","time":538.221908577,"data":"EDGE_TTA_ACTIVE views = 8 mean_abs_feat_delta = 0.316132\n"}
,{"stream_name":"stdout","time":538.233439956,"data":"SECONDARY_EDGE_TTA_ACTIVE views = 8 weight = 0.75 mean_abs_feat_delta = 0.233103\n"}
,{"stream_name":"stdout","time":539.246254926,"data":"SECONDARY_EDGE_TTA_ACTIVE views = 8 weight = 0.75 mean_abs_feat_delta = 0.228531\n"}
,{"stream_name":"stdout","time":539.736061247,"data":"EDGE_TTA_ACTIVE views = 8 mean_abs_feat_delta = 0.34113\n"}
,{"stream_name":"stdout","time":540.375484548,"data":"EDGE_TTA_ACTIVE views = 8 mean_abs_feat_delta = 0.318872\n"}
,{"stream_name":"stdout","time":540.822168363,"data":"SECONDARY_EDGE_TTA_ACTIVE views = 8 weight = 0.75 mean_abs_feat_delta = 0.230713\n"}
,{"stream_name":"stdout","time":541.41062592,"data":"SECONDARY_EDGE_TTA_ACTIVE views = 8 weight = 0.75 mean_abs_feat_delta = 0.232233\n"}
,{"stream_name":"stdout","time":542.279863077,"data":"EDGE_TTA_ACTIVE views = 8 mean_abs_feat_delta = 0.337205\n"}
,{"stream_name":"stdout","time":542.609849201,"data":"EDGE_TTA_ACTIVE views = 8 mean_abs_feat_delta = 0.317763\n"}
,{"stream_name":"stdout","time":543.380541048,"data":"SECONDARY_EDGE_TTA_ACTIVE views = 8 weight = 0.75 mean_abs_feat_delta = 0.228063\n"}
,{"stream_name":"stdout","time":543.656737236,"data":"SECONDARY_EDGE_TTA_ACTIVE views = 8 weight = 0.75 mean_abs_feat_delta = 0.231136\n"}
,{"stream_name":"stdout","time":544.803310736,"data":"EDGE_TTA_ACTIVE views = 8 mean_abs_feat_delta = 0.313675\n"}
,{"stream_name":"stdout","time":544.918425295,"data":"EDGE_TTA_ACTIVE views = 8 mean_abs_feat_delta = 0.338536\n"}
,{"stream_name":"stdout","time":545.859243229,"data":"SECONDARY_EDGE_TTA_ACTIVE views = 8 weight = 0.75 mean_abs_feat_delta = 0.237962\n"}
,{"stream_name":"stdout","time":546.034042305,"data":"SECONDARY_EDGE_TTA_ACTIVE views = 8 weight = 0.75 mean_abs_feat_delta = 0.23148\n"}
,{"stream_name":"stdout","time":547.049176308,"data":"EDGE_TTA_ACTIVE views = 8 mean_abs_feat_delta = 0.320906\n"}
,{"stream_name":"stdout","time":547.569135554,"data":"EDGE_TTA_ACTIVE views = 8 mean_abs_feat_delta = 0.338816\n"}
,{"stream_name":"stdout","time":548.117554014,"data":"SECONDARY_EDGE_TTA_ACTIVE views = 8 weight = 0.75 mean_abs_feat_delta = 0.23324\n"}
,{"stream_name":"stdout","time":548.706959047,"data":"SECONDARY_EDGE_TTA_ACTIVE views = 8 weight = 0.75 mean_abs_feat_delta = 0.226861\n"}
,{"stream_name":"stdout","time":549.285619256,"data":"EDGE_TTA_ACTIVE views = 8 mean_abs_feat_delta = 0.326613\n"}
,{"stream_name":"stdout","time":550.27648343,"data":"EDGE_TTA_ACTIVE views = 8 mean_abs_feat_delta = 0.341527\n"}
,{"stream_name":"stdout","time":550.363190696,"data":"SECONDARY_EDGE_TTA_ACTIVE views = 8 weight = 0.75 mean_abs_feat_delta = 0.233703\n"}
,{"stream_name":"stdout","time":551.393321525,"data":"SECONDARY_EDGE_TTA_ACTIVE views = 8 weight = 0.75 mean_abs_feat_delta = 0.226753\n"}
,{"stream_name":"stdout","time":551.599811645,"data":"EDGE_TTA_ACTIVE views = 8 mean_abs_feat_delta = 0.31971\n"}
,{"stream_name":"stdout","time":552.686507077,"data":"SECONDARY_EDGE_TTA_ACTIVE views = 8 weight = 0.75 mean_abs_feat_delta = 0.23047\n"}
,{"stream_name":"stdout","time":552.914577525,"data":"EDGE_TTA_ACTIVE views = 8 mean_abs_feat_delta = 0.345999\n"}
,{"stream_name":"stdout","time":553.840449691,"data":"EDGE_TTA_ACTIVE views = 8 mean_abs_feat_delta = 0.314358\n"}
,{"stream_name":"stdout","time":554.0619262,"data":"SECONDARY_EDGE_TTA_ACTIVE views = 8 weight = 0.75 mean_abs_feat_delta = 0.229067\n"}
,{"stream_name":"stdout","time":554.920055841,"data":"SECONDARY_EDGE_TTA_ACTIVE views = 8 weight = 0.75 mean_abs_feat_delta = 0.222866\n"}
,{"stream_name":"stdout","time":555.623235586,"data":"EDGE_TTA_ACTIVE views = 8 mean_abs_feat_delta = 0.342403\n"}
,{"stream_name":"stdout","time":556.195171575,"data":"EDGE_TTA_ACTIVE views = 8 mean_abs_feat_delta = 0.316439\n"}
,{"stream_name":"stdout","time":556.785879669,"data":"SECONDARY_EDGE_TTA_ACTIVE views = 8 weight = 0.75 mean_abs_feat_delta = 0.224805\n"}
,{"stream_name":"stdout","time":557.301275283,"data":"SECONDARY_EDGE_TTA_ACTIVE views = 8 weight = 0.75 mean_abs_feat_delta = 0.223297\n"}
,{"stream_name":"stdout","time":558.383742264,"data":"EDGE_TTA_ACTIVE views = 8 mean_abs_feat_delta = 0.340447\n"}
,{"stream_name":"stdout","time":558.490689083,"data":"EDGE_TTA_ACTIVE views = 8 mean_abs_feat_delta = 0.313389\n"}
,{"stream_name":"stdout","time":559.601119232,"data":"SECONDARY_EDGE_TTA_ACTIVE views = 8 weight = 0.75 mean_abs_feat_delta = 0.22475\n"}
,{"stream_name":"stdout","time":559.603269678,"data":"SECONDARY_EDGE_TTA_ACTIVE views = 8 weight = 0.75 mean_abs_feat_delta = 0.226482\n"}
,{"stream_name":"stdout","time":560.81256142,"data":"EDGE_TTA_ACTIVE views = 8 mean_abs_feat_delta = 0.314383\n"}
,{"stream_name":"stdout","time":561.157871514,"data":"EDGE_TTA_ACTIVE views = 8 mean_abs_feat_delta = 0.341084\n"}
,{"stream_name":"stdout","time":561.929094746,"data":"SECONDARY_EDGE_TTA_ACTIVE views = 8 weight = 0.75 mean_abs_feat_delta = 0.229453\n"}
,{"stream_name":"stdout","time":562.341185596,"data":"SECONDARY_EDGE_TTA_ACTIVE views = 8 weight = 0.75 mean_abs_feat_delta = 0.223629\n"}
,{"stream_name":"stdout","time":563.139553308,"data":"EDGE_TTA_ACTIVE views = 8 mean_abs_feat_delta = 0.307579\n"}
,{"stream_name":"stdout","time":563.895545906,"data":"EDGE_TTA_ACTIVE views = 8 mean_abs_feat_delta = 0.344359\n"}
,{"stream_name":"stdout","time":564.25188143,"data":"SECONDARY_EDGE_TTA_ACTIVE views = 8 weight = 0.75 mean_abs_feat_delta = 0.233899\n"}
,{"stream_name":"stdout","time":565.071754792,"data":"SECONDARY_EDGE_TTA_ACTIVE views = 8 weight = 0.75 mean_abs_feat_delta = 0.221381\n"}
,{"stream_name":"stdout","time":565.422234464,"data":"EDGE_TTA_ACTIVE views = 8 mean_abs_feat_delta = 0.313441\n"}
,{"stream_name":"stdout","time":566.531763208,"data":"SECONDARY_EDGE_TTA_ACTIVE views = 8 weight = 0.75 mean_abs_feat_delta = 0.228562\n"}
,{"stream_name":"stdout","time":566.629778602,"data":"EDGE_TTA_ACTIVE views = 8 mean_abs_feat_delta = 0.343457\n"}
,{"stream_name":"stdout","time":567.727261588,"data":"EDGE_TTA_ACTIVE views = 8 mean_abs_feat_delta = 0.309433\n"}
,{"stream_name":"stdout","time":567.801910118,"data":"SECONDARY_EDGE_TTA_ACTIVE views = 8 weight = 0.75 mean_abs_feat_delta = 0.220825\n"}
,{"stream_name":"stdout","time":568.82770322,"data":"SECONDARY_EDGE_TTA_ACTIVE views = 8 weight = 0.75 mean_abs_feat_delta = 0.229373\n"}
,{"stream_name":"stdout","time":569.364394996,"data":"EDGE_TTA_ACTIVE views = 8 mean_abs_feat_delta = 0.341302\n"}
,{"stream_name":"stdout","time":569.987341036,"data":"EDGE_TTA_ACTIVE views = 8 mean_abs_feat_delta = 0.306666\n"}
,{"stream_name":"stdout","time":570.50129783,"data":"SECONDARY_EDGE_TTA_ACTIVE views = 8 weight = 0.75 mean_abs_feat_delta = 0.220942\n"}
,{"stream_name":"stdout","time":571.079711403,"data":"SECONDARY_EDGE_TTA_ACTIVE views = 8 weight = 0.75 mean_abs_feat_delta = 0.228983\n"}
,{"stream_name":"stdout","time":572.018053693,"data":"EDGE_TTA_ACTIVE views = 8 mean_abs_feat_delta = 0.341602\n"}
,{"stream_name":"stdout","time":572.312673996,"data":"EDGE_TTA_ACTIVE views = 8 mean_abs_feat_delta = 0.30501\n"}
,{"stream_name":"stdout","time":573.152567542,"data":"SECONDARY_EDGE_TTA_ACTIVE views = 8 weight = 0.75 mean_abs_feat_delta = 0.220064\n"}
,{"stream_name":"stdout","time":573.391882926,"data":"SECONDARY_EDGE_TTA_ACTIVE views = 8 weight = 0.75 mean_abs_feat_delta = 0.22723\n"}
,{"stream_name":"stdout","time":574.582660351,"data":"EDGE_TTA_ACTIVE views = 8 mean_abs_feat_delta = 0.307037\n"}
,{"stream_name":"stdout","time":574.757929974,"data":"EDGE_TTA_ACTIVE views = 8 mean_abs_feat_delta = 0.341169\n"}
,{"stream_name":"stdout","time":575.653934582,"data":"SECONDARY_EDGE_TTA_ACTIVE views = 8 weight = 0.75 mean_abs_feat_delta = 0.227184\n"}
,{"stream_name":"stdout","time":575.871108836,"data":"SECONDARY_EDGE_TTA_ACTIVE views = 8 weight = 0.75 mean_abs_feat_delta = 0.219385\n"}
,{"stream_name":"stdout","time":576.838749148,"data":"EDGE_TTA_ACTIVE views = 8 mean_abs_feat_delta = 0.308482\n"}
,{"stream_name":"stdout","time":577.34454683,"data":"EDGE_TTA_ACTIVE views = 8 mean_abs_feat_delta = 0.342325\n"}
,{"stream_name":"stdout","time":577.898985621,"data":"SECONDARY_EDGE_TTA_ACTIVE views = 8 weight = 0.75 mean_abs_feat_delta = 0.228674\n"}
,{"stream_name":"stdout","time":578.447433511,"data":"SECONDARY_EDGE_TTA_ACTIVE views = 8 weight = 0.75 mean_abs_feat_delta = 0.221891\n"}
,{"stream_name":"stdout","time":579.084733721,"data":"EDGE_TTA_ACTIVE views = 8 mean_abs_feat_delta = 0.312817\n"}
,{"stream_name":"stdout","time":579.98409407,"data":"EDGE_TTA_ACTIVE views = 8 mean_abs_feat_delta = 0.336702\n"}
,{"stream_name":"stdout","time":580.136795283,"data":"SECONDARY_EDGE_TTA_ACTIVE views = 8 weight = 0.75 mean_abs_feat_delta = 0.22969\n"}
,{"stream_name":"stdout","time":581.074698794,"data":"SECONDARY_EDGE_TTA_ACTIVE views = 8 weight = 0.75 mean_abs_feat_delta = 0.22287\n"}
,{"stream_name":"stdout","time":581.313750962,"data":"EDGE_TTA_ACTIVE views = 8 mean_abs_feat_delta = 0.312818\n"}
,{"stream_name":"stdout","time":582.366381425,"data":"SECONDARY_EDGE_TTA_ACTIVE views = 8 weight = 0.75 mean_abs_feat_delta = 0.227887\n"}
,{"stream_name":"stdout","time":582.632212098,"data":"EDGE_TTA_ACTIVE views = 8 mean_abs_feat_delta = 0.342199\n"}
,{"stream_name":"stdout","time":583.504791395,"data":"EDGE_TTA_ACTIVE views = 8 mean_abs_feat_delta = 0.3119\n"}
,{"stream_name":"stdout","time":583.711972637,"data":"SECONDARY_EDGE_TTA_ACTIVE views = 8 weight = 0.75 mean_abs_feat_delta = 0.226905\n"}
,{"stream_name":"stdout","time":584.548863297,"data":"SECONDARY_EDGE_TTA_ACTIVE views = 8 weight = 0.75 mean_abs_feat_delta = 0.229597\n"}
,{"stream_name":"stdout","time":585.20275602,"data":"EDGE_TTA_ACTIVE views = 8 mean_abs_feat_delta = 0.340218\n"}
,{"stream_name":"stdout","time":585.687409932,"data":"EDGE_TTA_ACTIVE views = 8 mean_abs_feat_delta = 0.316459\n"}
,{"stream_name":"stdout","time":586.277188164,"data":"SECONDARY_EDGE_TTA_ACTIVE views = 8 weight = 0.75 mean_abs_feat_delta = 0.227329\n"}
,{"stream_name":"stdout","time":586.729707106,"data":"SECONDARY_EDGE_TTA_ACTIVE views = 8 weight = 0.75 mean_abs_feat_delta = 0.229355\n"}
,{"stream_name":"stdout","time":587.73410696,"data":"EDGE_TTA_ACTIVE views = 8 mean_abs_feat_delta = 0.33827\n"}
,{"stream_name":"stdout","time":587.873993183,"data":"EDGE_TTA_ACTIVE views = 8 mean_abs_feat_delta = 0.315419\n"}
,{"stream_name":"stdout","time":588.800611117,"data":"SECONDARY_EDGE_TTA_ACTIVE views = 8 weight = 0.75 mean_abs_feat_delta = 0.227094\n"}
,{"stream_name":"stdout","time":588.913062491,"data":"SECONDARY_EDGE_TTA_ACTIVE views = 8 weight = 0.75 mean_abs_feat_delta = 0.228164\n"}
,{"stream_name":"stdout","time":590.092302785,"data":"EDGE_TTA_ACTIVE views = 8 mean_abs_feat_delta = 0.316182\n"}
,{"stream_name":"stdout","time":590.255243403,"data":"EDGE_TTA_ACTIVE views = 8 mean_abs_feat_delta = 0.338857\n"}
,{"stream_name":"stdout","time":591.082608654,"data":"SECONDARY_EDGE_TTA_ACTIVE views = 8 weight = 0.75 mean_abs_feat_delta = 0.230204\n"}
,{"stream_name":"stdout","time":591.320498636,"data":"SECONDARY_EDGE_TTA_ACTIVE views = 8 weight = 0.75 mean_abs_feat_delta = 0.228038\n"}
,{"stream_name":"stdout","time":592.239094629,"data":"EDGE_TTA_ACTIVE views = 8 mean_abs_feat_delta = 0.316732\n"}
,{"stream_name":"stdout","time":592.794325392,"data":"EDGE_TTA_ACTIVE views = 8 mean_abs_feat_delta = 0.33607\n"}
,{"stream_name":"stdout","time":593.271312298,"data":"SECONDARY_EDGE_TTA_ACTIVE views = 8 weight = 0.75 mean_abs_feat_delta = 0.229792\n"}
,{"stream_name":"stdout","time":593.850994433,"data":"SECONDARY_EDGE_TTA_ACTIVE views = 8 weight = 0.75 mean_abs_feat_delta = 0.226869\n"}
,{"stream_name":"stdout","time":594.440415843,"data":"EDGE_TTA_ACTIVE views = 8 mean_abs_feat_delta = 0.317458\n"}
,{"stream_name":"stdout","time":595.305472032,"data":"EDGE_TTA_ACTIVE views = 8 mean_abs_feat_delta = 0.333448\n"}
,{"stream_name":"stdout","time":595.471735668,"data":"SECONDARY_EDGE_TTA_ACTIVE views = 8 weight = 0.75 mean_abs_feat_delta = 0.231598\n"}
,{"stream_name":"stdout","time":596.361734326,"data":"SECONDARY_EDGE_TTA_ACTIVE views = 8 weight = 0.75 mean_abs_feat_delta = 0.219975\n"}
,{"stream_name":"stdout","time":596.579395276,"data":"EDGE_TTA_ACTIVE views = 8 mean_abs_feat_delta = 0.317065\n"}
,{"stream_name":"stdout","time":597.610905085,"data":"SECONDARY_EDGE_TTA_ACTIVE views = 8 weight = 0.75 mean_abs_feat_delta = 0.237748\n"}
,{"stream_name":"stdout","time":597.848504873,"data":"EDGE_TTA_ACTIVE views = 8 mean_abs_feat_delta = 0.344503\n"}
,{"stream_name":"stdout","time":598.7646172,"data":"EDGE_TTA_ACTIVE views = 8 mean_abs_feat_delta = 0.319583\n"}
,{"stream_name":"stdout","time":598.904545453,"data":"SECONDARY_EDGE_TTA_ACTIVE views = 8 weight = 0.75 mean_abs_feat_delta = 0.22725\n"}
,{"stream_name":"stdout","time":599.795845668,"data":"SECONDARY_EDGE_TTA_ACTIVE views = 8 weight = 0.75 mean_abs_feat_delta = 0.229174\n"}
,{"stream_name":"stdout","time":600.402407694,"data":"EDGE_TTA_ACTIVE views = 8 mean_abs_feat_delta = 0.337279\n"}
,{"stream_name":"stdout","time":600.940336934,"data":"EDGE_TTA_ACTIVE views = 8 mean_abs_feat_delta = 0.321964\n"}
,{"stream_name":"stdout","time":601.453060646,"data":"SECONDARY_EDGE_TTA_ACTIVE views = 8 weight = 0.75 mean_abs_feat_delta = 0.225732\n"}
,{"stream_name":"stdout","time":601.971746019,"data":"SECONDARY_EDGE_TTA_ACTIVE views = 8 weight = 0.75 mean_abs_feat_delta = 0.23239\n"}
,{"stream_name":"stdout","time":602.972726269,"data":"EDGE_TTA_ACTIVE views = 8 mean_abs_feat_delta = 0.342192\n"}
,{"stream_name":"stdout","time":603.187158835,"data":"EDGE_TTA_ACTIVE views = 8 mean_abs_feat_delta = 0.323939\n"}
,{"stream_name":"stdout","time":604.025799302,"data":"SECONDARY_EDGE_TTA_ACTIVE views = 8 weight = 0.75 mean_abs_feat_delta = 0.229625\n"}
,{"stream_name":"stdout","time":604.222420925,"data":"SECONDARY_EDGE_TTA_ACTIVE views = 8 weight = 0.75 mean_abs_feat_delta = 0.233543\n"}
,{"stream_name":"stdout","time":605.402977527,"data":"EDGE_TTA_ACTIVE views = 8 mean_abs_feat_delta = 0.322401\n"}
,{"stream_name":"stdout","time":605.603481063,"data":"EDGE_TTA_ACTIVE views = 8 mean_abs_feat_delta = 0.343569\n"}
,{"stream_name":"stdout","time":606.437644999,"data":"SECONDARY_EDGE_TTA_ACTIVE views = 8 weight = 0.75 mean_abs_feat_delta = 0.230711\n"}
,{"stream_name":"stdout","time":606.653484998,"data":"SECONDARY_EDGE_TTA_ACTIVE views = 8 weight = 0.75 mean_abs_feat_delta = 0.229021\n"}
,{"stream_name":"stdout","time":607.591673718,"data":"EDGE_TTA_ACTIVE views = 8 mean_abs_feat_delta = 0.323386\n"}
,{"stream_name":"stdout","time":608.219448946,"data":"EDGE_TTA_ACTIVE views = 8 mean_abs_feat_delta = 0.337212\n"}
,{"stream_name":"stdout","time":608.627905516,"data":"SECONDARY_EDGE_TTA_ACTIVE views = 8 weight = 0.75 mean_abs_feat_delta = 0.230076\n"}
,{"stream_name":"stdout","time":609.271199617,"data":"SECONDARY_EDGE_TTA_ACTIVE views = 8 weight = 0.75 mean_abs_feat_delta = 0.229917\n"}
,{"stream_name":"stdout","time":609.818116639,"data":"EDGE_TTA_ACTIVE views = 8 mean_abs_feat_delta = 0.321182\n"}
,{"stream_name":"stdout","time":610.793261172,"data":"EDGE_TTA_ACTIVE views = 8 mean_abs_feat_delta = 0.340314\n"}
,{"stream_name":"stdout","time":610.854713976,"data":"SECONDARY_EDGE_TTA_ACTIVE views = 8 weight = 0.75 mean_abs_feat_delta = 0.23\n"}
,{"stream_name":"stdout","time":611.846394469,"data":"SECONDARY_EDGE_TTA_ACTIVE views = 8 weight = 0.75 mean_abs_feat_delta = 0.232737\n"}
,{"stream_name":"stdout","time":611.969486425,"data":"EDGE_TTA_ACTIVE views = 8 mean_abs_feat_delta = 0.319812\n"}
,{"stream_name":"stdout","time":613.011590266,"data":"SECONDARY_EDGE_TTA_ACTIVE views = 8 weight = 0.75 mean_abs_feat_delta = 0.231427\n"}
,{"stream_name":"stdout","time":613.292375789,"data":"EDGE_TTA_ACTIVE views = 8 mean_abs_feat_delta = 0.340512\n"}
,{"stream_name":"stdout","time":614.216975716,"data":"EDGE_TTA_ACTIVE views = 8 mean_abs_feat_delta = 0.323325\n"}
,{"stream_name":"stdout","time":614.349749374,"data":"SECONDARY_EDGE_TTA_ACTIVE views = 8 weight = 0.75 mean_abs_feat_delta = 0.227525\n"}
,{"stream_name":"stdout","time":615.264760783,"data":"SECONDARY_EDGE_TTA_ACTIVE views = 8 weight = 0.75 mean_abs_feat_delta = 0.229981\n"}
,{"stream_name":"stdout","time":615.906940426,"data":"EDGE_TTA_ACTIVE views = 8 mean_abs_feat_delta = 0.341878\n"}
,{"stream_name":"stdout","time":616.452632042,"data":"EDGE_TTA_ACTIVE views = 8 mean_abs_feat_delta = 0.320551\n"}
,{"stream_name":"stdout","time":616.969610732,"data":"SECONDARY_EDGE_TTA_ACTIVE views = 8 weight = 0.75 mean_abs_feat_delta = 0.228923\n"}
,{"stream_name":"stdout","time":617.502315055,"data":"SECONDARY_EDGE_TTA_ACTIVE views = 8 weight = 0.75 mean_abs_feat_delta = 0.229437\n"}
,{"stream_name":"stdout","time":618.474318124,"data":"EDGE_TTA_ACTIVE views = 8 mean_abs_feat_delta = 0.345961\n"}
,{"stream_name":"stdout","time":618.647171524,"data":"EDGE_TTA_ACTIVE views = 8 mean_abs_feat_delta = 0.316942\n"}
,{"stream_name":"stdout","time":619.543640762,"data":"SECONDARY_EDGE_TTA_ACTIVE views = 8 weight = 0.75 mean_abs_feat_delta = 0.234703\n"}
,{"stream_name":"stdout","time":619.704529782,"data":"SECONDARY_EDGE_TTA_ACTIVE views = 8 weight = 0.75 mean_abs_feat_delta = 0.229485\n"}
,{"stream_name":"stdout","time":620.956476606,"data":"EDGE_TTA_ACTIVE views = 8 mean_abs_feat_delta = 0.319509\n"}
,{"stream_name":"stdout","time":621.051103084,"data":"EDGE_TTA_ACTIVE views = 8 mean_abs_feat_delta = 0.341486\n"}
,{"stream_name":"stdout","time":621.970142013,"data":"SECONDARY_EDGE_TTA_ACTIVE views = 8 weight = 0.75 mean_abs_feat_delta = 0.234306\n"}
,{"stream_name":"stdout","time":622.129028519,"data":"SECONDARY_EDGE_TTA_ACTIVE views = 8 weight = 0.75 mean_abs_feat_delta = 0.228868\n"}
,{"stream_name":"stdout","time":623.09616427,"data":"EDGE_TTA_ACTIVE views = 8 mean_abs_feat_delta = 0.319278\n"}
,{"stream_name":"stdout","time":623.686373143,"data":"EDGE_TTA_ACTIVE views = 8 mean_abs_feat_delta = 0.340059\n"}
,{"stream_name":"stdout","time":624.162195178,"data":"SECONDARY_EDGE_TTA_ACTIVE views = 8 weight = 0.75 mean_abs_feat_delta = 0.235733\n"}
,{"stream_name":"stdout","time":624.769169203,"data":"SECONDARY_EDGE_TTA_ACTIVE views = 8 weight = 0.75 mean_abs_feat_delta = 0.229406\n"}
,{"stream_name":"stdout","time":625.320923731,"data":"EDGE_TTA_ACTIVE views = 8 mean_abs_feat_delta = 0.316198\n"}
,{"stream_name":"stdout","time":626.302646688,"data":"EDGE_TTA_ACTIVE views = 8 mean_abs_feat_delta = 0.340747\n"}
,{"stream_name":"stdout","time":626.394175055,"data":"SECONDARY_EDGE_TTA_ACTIVE views = 8 weight = 0.75 mean_abs_feat_delta = 0.231775\n"}
,{"stream_name":"stdout","time":627.40161804,"data":"SECONDARY_EDGE_TTA_ACTIVE views = 8 weight = 0.75 mean_abs_feat_delta = 0.228734\n"}
,{"stream_name":"stdout","time":627.590934182,"data":"EDGE_TTA_ACTIVE views = 8 mean_abs_feat_delta = 0.316326\n"}
,{"stream_name":"stdout","time":628.670873406,"data":"SECONDARY_EDGE_TTA_ACTIVE views = 8 weight = 0.75 mean_abs_feat_delta = 0.227854\n"}
,{"stream_name":"stdout","time":628.906482916,"data":"EDGE_TTA_ACTIVE views = 8 mean_abs_feat_delta = 0.331589\n"}
,{"stream_name":"stdout","time":629.87015644,"data":"EDGE_TTA_ACTIVE views = 8 mean_abs_feat_delta = 0.312114\n"}
,{"stream_name":"stdout","time":630.013113026,"data":"SECONDARY_EDGE_TTA_ACTIVE views = 8 weight = 0.75 mean_abs_feat_delta = 0.227258\n"}
,{"stream_name":"stdout","time":630.959795298,"data":"SECONDARY_EDGE_TTA_ACTIVE views = 8 weight = 0.75 mean_abs_feat_delta = 0.232249\n"}
,{"stream_name":"stdout","time":631.512802723,"data":"EDGE_TTA_ACTIVE views = 8 mean_abs_feat_delta = 0.335069\n"}
,{"stream_name":"stdout","time":632.196183906,"data":"EDGE_TTA_ACTIVE views = 8 mean_abs_feat_delta = 0.319321\n"}
,{"stream_name":"stdout","time":632.622469133,"data":"SECONDARY_EDGE_TTA_ACTIVE views = 8 weight = 0.75 mean_abs_feat_delta = 0.232919\n"}
,{"stream_name":"stdout","time":633.288211092,"data":"SECONDARY_EDGE_TTA_ACTIVE views = 8 weight = 0.75 mean_abs_feat_delta = 0.226463\n"}
,{"stream_name":"stdout","time":634.172304249,"data":"EDGE_TTA_ACTIVE views = 8 mean_abs_feat_delta = 0.340006\n"}
,{"stream_name":"stdout","time":634.427269322,"data":"EDGE_TTA_ACTIVE views = 8 mean_abs_feat_delta = 0.326884\n"}
,{"stream_name":"stdout","time":635.298584226,"data":"SECONDARY_EDGE_TTA_ACTIVE views = 8 weight = 0.75 mean_abs_feat_delta = 0.237762\n"}
,{"stream_name":"stdout","time":635.522438739,"data":"SECONDARY_EDGE_TTA_ACTIVE views = 8 weight = 0.75 mean_abs_feat_delta = 0.232529\n"}
,{"stream_name":"stdout","time":636.753342685,"data":"EDGE_TTA_ACTIVE views = 8 mean_abs_feat_delta = 0.328871\n"}
,{"stream_name":"stdout","time":636.819895239,"data":"EDGE_TTA_ACTIVE views = 8 mean_abs_feat_delta = 0.342686\n"}
,{"stream_name":"stdout","time":637.855650463,"data":"SECONDARY_EDGE_TTA_ACTIVE views = 8 weight = 0.75 mean_abs_feat_delta = 0.234792\n"}
,{"stream_name":"stdout","time":637.95381586,"data":"SECONDARY_EDGE_TTA_ACTIVE views = 8 weight = 0.75 mean_abs_feat_delta = 0.238631\n"}
,{"stream_name":"stdout","time":639.046997279,"data":"EDGE_TTA_ACTIVE views = 8 mean_abs_feat_delta = 0.327145\n"}
,{"stream_name":"stdout","time":639.496836253,"data":"EDGE_TTA_ACTIVE views = 8 mean_abs_feat_delta = 0.347043\n"}
,{"stream_name":"stdout","time":640.150687959,"data":"SECONDARY_EDGE_TTA_ACTIVE views = 8 weight = 0.75 mean_abs_feat_delta = 0.233309\n"}
,{"stream_name":"stdout","time":640.635760424,"data":"SECONDARY_EDGE_TTA_ACTIVE views = 8 weight = 0.75 mean_abs_feat_delta = 0.236776\n"}
,{"stream_name":"stdout","time":641.373499469,"data":"EDGE_TTA_ACTIVE views = 8 mean_abs_feat_delta = 0.32346\n"}
,{"stream_name":"stdout","time":642.154071942,"data":"EDGE_TTA_ACTIVE views = 8 mean_abs_feat_delta = 0.341661\n"}
,{"stream_name":"stdout","time":642.477771168,"data":"SECONDARY_EDGE_TTA_ACTIVE views = 8 weight = 0.75 mean_abs_feat_delta = 0.231091\n"}
,{"stream_name":"stdout","time":643.278443359,"data":"SECONDARY_EDGE_TTA_ACTIVE views = 8 weight = 0.75 mean_abs_feat_delta = 0.233805\n"}
,{"stream_name":"stdout","time":643.734236603,"data":"EDGE_TTA_ACTIVE views = 8 mean_abs_feat_delta = 0.323451\n"}
,{"stream_name":"stdout","time":644.794458674,"data":"EDGE_TTA_ACTIVE views = 8 mean_abs_feat_delta = 0.341321\n"}
,{"stream_name":"stdout","time":644.835227967,"data":"SECONDARY_EDGE_TTA_ACTIVE views = 8 weight = 0.75 mean_abs_feat_delta = 0.231415\n"}
,{"stream_name":"stdout","time":645.91670832,"data":"SECONDARY_EDGE_TTA_ACTIVE views = 8 weight = 0.75 mean_abs_feat_delta = 0.2393\n"}
,{"stream_name":"stdout","time":646.053864891,"data":"EDGE_TTA_ACTIVE views = 8 mean_abs_feat_delta = 0.324167\n"}
,{"stream_name":"stdout","time":647.148479423,"data":"SECONDARY_EDGE_TTA_ACTIVE views = 8 weight = 0.75 mean_abs_feat_delta = 0.232042\n"}
,{"stream_name":"stdout","time":647.430550028,"data":"EDGE_TTA_ACTIVE views = 8 mean_abs_feat_delta = 0.342864\n"}
,{"stream_name":"stdout","time":648.343439983,"data":"EDGE_TTA_ACTIVE views = 8 mean_abs_feat_delta = 0.317529\n"}
,{"stream_name":"stdout","time":648.553258953,"data":"SECONDARY_EDGE_TTA_ACTIVE views = 8 weight = 0.75 mean_abs_feat_delta = 0.241418\n"}
,{"stream_name":"stdout","time":649.438637825,"data":"SECONDARY_EDGE_TTA_ACTIVE views = 8 weight = 0.75 mean_abs_feat_delta = 0.232766\n"}
,{"stream_name":"stdout","time":650.068639175,"data":"EDGE_TTA_ACTIVE views = 8 mean_abs_feat_delta = 0.342469\n"}
,{"stream_name":"stdout","time":650.679834018,"data":"EDGE_TTA_ACTIVE views = 8 mean_abs_feat_delta = 0.314788\n"}
,{"stream_name":"stdout","time":651.236607333,"data":"SECONDARY_EDGE_TTA_ACTIVE views = 8 weight = 0.75 mean_abs_feat_delta = 0.240548\n"}
,{"stream_name":"stdout","time":651.771417916,"data":"SECONDARY_EDGE_TTA_ACTIVE views = 8 weight = 0.75 mean_abs_feat_delta = 0.235979\n"}
,{"stream_name":"stdout","time":652.648168859,"data":"EDGE_TTA_ACTIVE views = 8 mean_abs_feat_delta = 0.339936\n"}
,{"stream_name":"stdout","time":652.953917084,"data":"EDGE_TTA_ACTIVE views = 8 mean_abs_feat_delta = 0.309741\n"}
,{"stream_name":"stdout","time":653.759600146,"data":"SECONDARY_EDGE_TTA_ACTIVE views = 8 weight = 0.75 mean_abs_feat_delta = 0.239217\n"}
,{"stream_name":"stdout","time":654.043105342,"data":"SECONDARY_EDGE_TTA_ACTIVE views = 8 weight = 0.75 mean_abs_feat_delta = 0.241376\n"}
,{"stream_name":"stdout","time":655.224186528,"data":"EDGE_TTA_ACTIVE views = 8 mean_abs_feat_delta = 0.31107\n"}
,{"stream_name":"stdout","time":655.240394869,"data":"EDGE_TTA_ACTIVE views = 8 mean_abs_feat_delta = 0.339989\n"}
,{"stream_name":"stdout","time":656.311590023,"data":"SECONDARY_EDGE_TTA_ACTIVE views = 8 weight = 0.75 mean_abs_feat_delta = 0.233304\n"}
,{"stream_name":"stdout","time":656.344201995,"data":"SECONDARY_EDGE_TTA_ACTIVE views = 8 weight = 0.75 mean_abs_feat_delta = 0.238117\n"}
,{"stream_name":"stdout","time":657.492079327,"data":"EDGE_TTA_ACTIVE views = 8 mean_abs_feat_delta = 0.317909\n"}
,{"stream_name":"stdout","time":657.85368956,"data":"EDGE_TTA_ACTIVE views = 8 mean_abs_feat_delta = 0.340035\n"}
,{"stream_name":"stdout","time":658.570506254,"data":"SECONDARY_EDGE_TTA_ACTIVE views = 8 weight = 0.75 mean_abs_feat_delta = 0.237349\n"}
,{"stream_name":"stdout","time":658.95357285,"data":"SECONDARY_EDGE_TTA_ACTIVE views = 8 weight = 0.75 mean_abs_feat_delta = 0.241111\n"}
,{"stream_name":"stdout","time":659.778466561,"data":"EDGE_TTA_ACTIVE views = 8 mean_abs_feat_delta = 0.31659\n"}
,{"stream_name":"stdout","time":660.456385344,"data":"EDGE_TTA_ACTIVE views = 8 mean_abs_feat_delta = 0.336592\n"}
,{"stream_name":"stdout","time":660.856355885,"data":"SECONDARY_EDGE_TTA_ACTIVE views = 8 weight = 0.75 mean_abs_feat_delta = 0.237192\n"}
,{"stream_name":"stdout","time":661.558013561,"data":"SECONDARY_EDGE_TTA_ACTIVE views = 8 weight = 0.75 mean_abs_feat_delta = 0.233408\n"}
,{"stream_name":"stdout","time":662.098711147,"data":"EDGE_TTA_ACTIVE views = 8 mean_abs_feat_delta = 0.315491\n"}
,{"stream_name":"stdout","time":663.111887744,"data":"EDGE_TTA_ACTIVE views = 8 mean_abs_feat_delta = 0.335271\n"}
,{"stream_name":"stdout","time":663.171673362,"data":"SECONDARY_EDGE_TTA_ACTIVE views = 8 weight = 0.75 mean_abs_feat_delta = 0.23579\n"}
,{"stream_name":"stdout","time":664.203248242,"data":"SECONDARY_EDGE_TTA_ACTIVE views = 8 weight = 0.75 mean_abs_feat_delta = 0.236893\n"}
,{"stream_name":"stdout","time":664.365601025,"data":"EDGE_TTA_ACTIVE views = 8 mean_abs_feat_delta = 0.31416\n"}
,{"stream_name":"stdout","time":665.435882482,"data":"SECONDARY_EDGE_TTA_ACTIVE views = 8 weight = 0.75 mean_abs_feat_delta = 0.245733\n"}
,{"stream_name":"stdout","time":665.693772166,"data":"EDGE_TTA_ACTIVE views = 8 mean_abs_feat_delta = 0.337118\n"}
,{"stream_name":"stdout","time":666.628669192,"data":"EDGE_TTA_ACTIVE views = 8 mean_abs_feat_delta = 0.316047\n"}
,{"stream_name":"stdout","time":666.775947968,"data":"SECONDARY_EDGE_TTA_ACTIVE views = 8 weight = 0.75 mean_abs_feat_delta = 0.244446\n"}
,{"stream_name":"stdout","time":667.694112258,"data":"SECONDARY_EDGE_TTA_ACTIVE views = 8 weight = 0.75 mean_abs_feat_delta = 0.237609\n"}
,{"stream_name":"stdout","time":668.217281339,"data":"EDGE_TTA_ACTIVE views = 8 mean_abs_feat_delta = 0.335538\n"}
,{"stream_name":"stdout","time":668.881532393,"data":"EDGE_TTA_ACTIVE views = 8 mean_abs_feat_delta = 0.317876\n"}
,{"stream_name":"stdout","time":669.301958964,"data":"SECONDARY_EDGE_TTA_ACTIVE views = 8 weight = 0.75 mean_abs_feat_delta = 0.249633\n"}
,{"stream_name":"stdout","time":669.944015176,"data":"SECONDARY_EDGE_TTA_ACTIVE views = 8 weight = 0.75 mean_abs_feat_delta = 0.24975\n"}
,{"stream_name":"stdout","time":670.828157202,"data":"EDGE_TTA_ACTIVE views = 8 mean_abs_feat_delta = 0.333746\n"}
,{"stream_name":"stdout","time":671.185389915,"data":"EDGE_TTA_ACTIVE views = 8 mean_abs_feat_delta = 0.313037\n"}
,{"stream_name":"stdout","time":671.907466796,"data":"SECONDARY_EDGE_TTA_ACTIVE views = 8 weight = 0.75 mean_abs_feat_delta = 0.246702\n"}
,{"stream_name":"stdout","time":672.246790913,"data":"SECONDARY_EDGE_TTA_ACTIVE views = 8 weight = 0.75 mean_abs_feat_delta = 0.23735\n"}
,{"stream_name":"stdout","time":673.318110657,"data":"EDGE_TTA_ACTIVE views = 8 mean_abs_feat_delta = 0.334309\n"}
,{"stream_name":"stdout","time":673.414149368,"data":"EDGE_TTA_ACTIVE views = 8 mean_abs_feat_delta = 0.313738\n"}
,{"stream_name":"stdout","time":674.394337881,"data":"SECONDARY_EDGE_TTA_ACTIVE views = 8 weight = 0.75 mean_abs_feat_delta = 0.239557\n"}
,{"stream_name":"stdout","time":674.473827936,"data":"SECONDARY_EDGE_TTA_ACTIVE views = 8 weight = 0.75 mean_abs_feat_delta = 0.239857\n"}
,{"stream_name":"stdout","time":675.622869655,"data":"EDGE_TTA_ACTIVE views = 8 mean_abs_feat_delta = 0.316081\n"}
,{"stream_name":"stdout","time":675.824241996,"data":"EDGE_TTA_ACTIVE views = 8 mean_abs_feat_delta = 0.342261\n"}
,{"stream_name":"stdout","time":676.682816054,"data":"SECONDARY_EDGE_TTA_ACTIVE views = 8 weight = 0.75 mean_abs_feat_delta = 0.246472\n"}
,{"stream_name":"stdout","time":676.896325747,"data":"SECONDARY_EDGE_TTA_ACTIVE views = 8 weight = 0.75 mean_abs_feat_delta = 0.238104\n"}
,{"stream_name":"stdout","time":677.833979437,"data":"EDGE_TTA_ACTIVE views = 8 mean_abs_feat_delta = 0.312622\n"}
,{"stream_name":"stdout","time":678.319711537,"data":"EDGE_TTA_ACTIVE views = 8 mean_abs_feat_delta = 0.341768\n"}
,{"stream_name":"stdout","time":678.893437398,"data":"SECONDARY_EDGE_TTA_ACTIVE views = 8 weight = 0.75 mean_abs_feat_delta = 0.23837\n"}
,{"stream_name":"stdout","time":679.393605827,"data":"SECONDARY_EDGE_TTA_ACTIVE views = 8 weight = 0.75 mean_abs_feat_delta = 0.239919\n"}
,{"stream_name":"stdout","time":680.104464088,"data":"EDGE_TTA_ACTIVE views = 8 mean_abs_feat_delta = 0.30847\n"}
,{"stream_name":"stdout","time":680.816804635,"data":"EDGE_TTA_ACTIVE views = 8 mean_abs_feat_delta = 0.33985\n"}
,{"stream_name":"stdout","time":681.162339734,"data":"SECONDARY_EDGE_TTA_ACTIVE views = 8 weight = 0.75 mean_abs_feat_delta = 0.23794\n"}
,{"stream_name":"stdout","time":681.943245143,"data":"SECONDARY_EDGE_TTA_ACTIVE views = 8 weight = 0.75 mean_abs_feat_delta = 0.238456\n"}
,{"stream_name":"stdout","time":682.280484355,"data":"EDGE_TTA_ACTIVE views = 8 mean_abs_feat_delta = 0.310192\n"}
,{"stream_name":"stdout","time":683.342568512,"data":"SECONDARY_EDGE_TTA_ACTIVE views = 8 weight = 0.75 mean_abs_feat_delta = 0.237401\n"}
,{"stream_name":"stdout","time":683.354404154,"data":"EDGE_TTA_ACTIVE views = 8 mean_abs_feat_delta = 0.347194\n"}
,{"stream_name":"stdout","time":684.421494193,"data":"SECONDARY_EDGE_TTA_ACTIVE views = 8 weight = 0.75 mean_abs_feat_delta = 0.237938\n"}
,{"stream_name":"stdout","time":684.475413594,"data":"EDGE_TTA_ACTIVE views = 8 mean_abs_feat_delta = 0.307997\n"}
,{"stream_name":"stdout","time":685.533264554,"data":"SECONDARY_EDGE_TTA_ACTIVE views = 8 weight = 0.75 mean_abs_feat_delta = 0.245673\n"}
,{"stream_name":"stdout","time":685.821929898,"data":"EDGE_TTA_ACTIVE views = 8 mean_abs_feat_delta = 0.347043\n"}
,{"stream_name":"stdout","time":686.712645081,"data":"EDGE_TTA_ACTIVE views = 8 mean_abs_feat_delta = 0.31394\n"}
,{"stream_name":"stdout","time":686.894790319,"data":"SECONDARY_EDGE_TTA_ACTIVE views = 8 weight = 0.75 mean_abs_feat_delta = 0.242027\n"}
,{"stream_name":"stdout","time":687.7716475,"data":"SECONDARY_EDGE_TTA_ACTIVE views = 8 weight = 0.75 mean_abs_feat_delta = 0.235875\n"}
,{"stream_name":"stdout","time":688.306076416,"data":"EDGE_TTA_ACTIVE views = 8 mean_abs_feat_delta = 0.342548\n"}
,{"stream_name":"stdout","time":688.959661648,"data":"EDGE_TTA_ACTIVE views = 8 mean_abs_feat_delta = 0.319957\n"}
,{"stream_name":"stdout","time":689.38196356,"data":"SECONDARY_EDGE_TTA_ACTIVE views = 8 weight = 0.75 mean_abs_feat_delta = 0.244117\n"}
,{"stream_name":"stdout","time":690.01950002,"data":"SECONDARY_EDGE_TTA_ACTIVE views = 8 weight = 0.75 mean_abs_feat_delta = 0.241531\n"}
,{"stream_name":"stdout","time":690.77568977,"data":"EDGE_TTA_ACTIVE views = 8 mean_abs_feat_delta = 0.339753\n"}
,{"stream_name":"stdout","time":691.195844105,"data":"EDGE_TTA_ACTIVE views = 8 mean_abs_feat_delta = 0.312199\n"}
,{"stream_name":"stdout","time":691.851834692,"data":"SECONDARY_EDGE_TTA_ACTIVE views = 8 weight = 0.75 mean_abs_feat_delta = 0.243325\n"}
,{"stream_name":"stdout","time":692.258260123,"data":"SECONDARY_EDGE_TTA_ACTIVE views = 8 weight = 0.75 mean_abs_feat_delta = 0.238654\n"}
,{"stream_name":"stdout","time":693.30914665,"data":"EDGE_TTA_ACTIVE views = 8 mean_abs_feat_delta = 0.338232\n"}
,{"stream_name":"stdout","time":693.404111575,"data":"EDGE_TTA_ACTIVE views = 8 mean_abs_feat_delta = 0.313445\n"}
,{"stream_name":"stdout","time":694.385406594,"data":"SECONDARY_EDGE_TTA_ACTIVE views = 8 weight = 0.75 mean_abs_feat_delta = 0.244042\n"}
,{"stream_name":"stdout","time":694.467611949,"data":"SECONDARY_EDGE_TTA_ACTIVE views = 8 weight = 0.75 mean_abs_feat_delta = 0.235897\n"}
,{"stream_name":"stdout","time":695.59421285,"data":"EDGE_TTA_ACTIVE views = 8 mean_abs_feat_delta = 0.313947\n"}
,{"stream_name":"stdout","time":695.880325545,"data":"EDGE_TTA_ACTIVE views = 8 mean_abs_feat_delta = 0.340787\n"}
,{"stream_name":"stdout","time":696.66058173,"data":"SECONDARY_EDGE_TTA_ACTIVE views = 8 weight = 0.75 mean_abs_feat_delta = 0.232787\n"}
,{"stream_name":"stdout","time":696.957902802,"data":"SECONDARY_EDGE_TTA_ACTIVE views = 8 weight = 0.75 mean_abs_feat_delta = 0.24973\n"}
,{"stream_name":"stdout","time":697.818231341,"data":"EDGE_TTA_ACTIVE views = 8 mean_abs_feat_delta = 0.313807\n"}
,{"stream_name":"stdout","time":698.392972825,"data":"EDGE_TTA_ACTIVE views = 8 mean_abs_feat_delta = 0.339584\n"}
,{"stream_name":"stdout","time":698.885884922,"data":"SECONDARY_EDGE_TTA_ACTIVE views = 8 weight = 0.75 mean_abs_feat_delta = 0.235419\n"}
,{"stream_name":"stdout","time":699.47346966,"data":"SECONDARY_EDGE_TTA_ACTIVE views = 8 weight = 0.75 mean_abs_feat_delta = 0.239339\n"}
,{"stream_name":"stdout","time":700.072561497,"data":"EDGE_TTA_ACTIVE views = 8 mean_abs_feat_delta = 0.31048\n"}
,{"stream_name":"stdout","time":700.927009173,"data":"EDGE_TTA_ACTIVE views = 8 mean_abs_feat_delta = 0.34292\n"}
,{"stream_name":"stdout","time":701.142716242,"data":"SECONDARY_EDGE_TTA_ACTIVE views = 8 weight = 0.75 mean_abs_feat_delta = 0.232021\n"}
,{"stream_name":"stdout","time":702.007052272,"data":"SECONDARY_EDGE_TTA_ACTIVE views = 8 weight = 0.75 mean_abs_feat_delta = 0.244666\n"}
,{"stream_name":"stdout","time":702.301081638,"data":"EDGE_TTA_ACTIVE views = 8 mean_abs_feat_delta = 0.313635\n"}
,{"stream_name":"stdout","time":703.37460728,"data":"SECONDARY_EDGE_TTA_ACTIVE views = 8 weight = 0.75 mean_abs_feat_delta = 0.235438\n"}
,{"stream_name":"stdout","time":703.482464103,"data":"EDGE_TTA_ACTIVE views = 8 mean_abs_feat_delta = 0.343682\n"}
,{"stream_name":"stdout","time":704.542538932,"data":"EDGE_TTA_ACTIVE views = 8 mean_abs_feat_delta = 0.314683\n"}
,{"stream_name":"stdout","time":704.564720811,"data":"SECONDARY_EDGE_TTA_ACTIVE views = 8 weight = 0.75 mean_abs_feat_delta = 0.244039\n"}
,{"stream_name":"stdout","time":705.612862949,"data":"SECONDARY_EDGE_TTA_ACTIVE views = 8 weight = 0.75 mean_abs_feat_delta = 0.238512\n"}
,{"stream_name":"stdout","time":705.97794536,"data":"EDGE_TTA_ACTIVE views = 8 mean_abs_feat_delta = 0.342122\n"}
,{"stream_name":"stdout","time":706.844417615,"data":"EDGE_TTA_ACTIVE views = 8 mean_abs_feat_delta = 0.3168\n"}
,{"stream_name":"stdout","time":707.062416093,"data":"SECONDARY_EDGE_TTA_ACTIVE views = 8 weight = 0.75 mean_abs_feat_delta = 0.245322\n"}
,{"stream_name":"stdout","time":707.920127164,"data":"SECONDARY_EDGE_TTA_ACTIVE views = 8 weight = 0.75 mean_abs_feat_delta = 0.246384\n"}
,{"stream_name":"stdout","time":708.519971019,"data":"EDGE_TTA_ACTIVE views = 8 mean_abs_feat_delta = 0.33959\n"}
,{"stream_name":"stdout","time":709.0913962,"data":"EDGE_TTA_ACTIVE views = 8 mean_abs_feat_delta = 0.312388\n"}
,{"stream_name":"stdout","time":709.611322291,"data":"SECONDARY_EDGE_TTA_ACTIVE views = 8 weight = 0.75 mean_abs_feat_delta = 0.2464\n"}
,{"stream_name":"stdout","time":710.167422774,"data":"SECONDARY_EDGE_TTA_ACTIVE views = 8 weight = 0.75 mean_abs_feat_delta = 0.234938\n"}
,{"stream_name":"stdout","time":711.010812338,"data":"EDGE_TTA_ACTIVE views = 8 mean_abs_feat_delta = 0.337048\n"}
,{"stream_name":"stdout","time":711.30435283,"data":"EDGE_TTA_ACTIVE views = 8 mean_abs_feat_delta = 0.312178\n"}
,{"stream_name":"stdout","time":712.164024968,"data":"SECONDARY_EDGE_TTA_ACTIVE views = 8 weight = 0.75 mean_abs_feat_delta = 0.244837\n"}
,{"stream_name":"stdout","time":712.383545813,"data":"SECONDARY_EDGE_TTA_ACTIVE views = 8 weight = 0.75 mean_abs_feat_delta = 0.237752\n"}
,{"stream_name":"stdout","time":713.532898414,"data":"EDGE_TTA_ACTIVE views = 8 mean_abs_feat_delta = 0.333778\n"}
,{"stream_name":"stdout","time":713.607788023,"data":"EDGE_TTA_ACTIVE views = 8 mean_abs_feat_delta = 0.307448\n"}
,{"stream_name":"stdout","time":714.630846931,"data":"SECONDARY_EDGE_TTA_ACTIVE views = 8 weight = 0.75 mean_abs_feat_delta = 0.249715\n"}
,{"stream_name":"stdout","time":714.693163875,"data":"SECONDARY_EDGE_TTA_ACTIVE views = 8 weight = 0.75 mean_abs_feat_delta = 0.23573\n"}
,{"stream_name":"stdout","time":715.865420785,"data":"EDGE_TTA_ACTIVE views = 8 mean_abs_feat_delta = 0.306432\n"}
,{"stream_name":"stdout","time":716.083338119,"data":"EDGE_TTA_ACTIVE views = 8 mean_abs_feat_delta = 0.334644\n"}
,{"stream_name":"stdout","time":716.949074629,"data":"SECONDARY_EDGE_TTA_ACTIVE views = 8 weight = 0.75 mean_abs_feat_delta = 0.235636\n"}
,{"stream_name":"stdout","time":717.180450451,"data":"SECONDARY_EDGE_TTA_ACTIVE views = 8 weight = 0.75 mean_abs_feat_delta = 0.246366\n"}
,{"stream_name":"stdout","time":718.126772462,"data":"EDGE_TTA_ACTIVE views = 8 mean_abs_feat_delta = 0.304758\n"}
,{"stream_name":"stdout","time":718.611974806,"data":"EDGE_TTA_ACTIVE views = 8 mean_abs_feat_delta = 0.336392\n"}
,{"stream_name":"stdout","time":719.206714834,"data":"SECONDARY_EDGE_TTA_ACTIVE views = 8 weight = 0.75 mean_abs_feat_delta = 0.23299\n"}
,{"stream_name":"stdout","time":719.712643952,"data":"SECONDARY_EDGE_TTA_ACTIVE views = 8 weight = 0.75 mean_abs_feat_delta = 0.250553\n"}
,{"stream_name":"stdout","time":720.410382047,"data":"EDGE_TTA_ACTIVE views = 8 mean_abs_feat_delta = 0.305694\n"}
,{"stream_name":"stdout","time":721.116424042,"data":"EDGE_TTA_ACTIVE views = 8 mean_abs_feat_delta = 0.337568\n"}
,{"stream_name":"stdout","time":721.493973313,"data":"SECONDARY_EDGE_TTA_ACTIVE views = 8 weight = 0.75 mean_abs_feat_delta = 0.232458\n"}
,{"stream_name":"stdout","time":722.225552017,"data":"SECONDARY_EDGE_TTA_ACTIVE views = 8 weight = 0.75 mean_abs_feat_delta = 0.253052\n"}
,{"stream_name":"stdout","time":722.723775206,"data":"EDGE_TTA_ACTIVE views = 8 mean_abs_feat_delta = 0.305152\n"}
,{"stream_name":"stdout","time":723.691112904,"data":"EDGE_TTA_ACTIVE views = 8 mean_abs_feat_delta = 0.336318\n"}
,{"stream_name":"stdout","time":723.808747502,"data":"SECONDARY_EDGE_TTA_ACTIVE views = 8 weight = 0.75 mean_abs_feat_delta = 0.232166\n"}
,{"stream_name":"stdout","time":724.792785565,"data":"SECONDARY_EDGE_TTA_ACTIVE views = 8 weight = 0.75 mean_abs_feat_delta = 0.249056\n"}
,{"stream_name":"stdout","time":725.039690745,"data":"EDGE_TTA_ACTIVE views = 8 mean_abs_feat_delta = 0.303677\n"}
,{"stream_name":"stdout","time":726.130687877,"data":"SECONDARY_EDGE_TTA_ACTIVE views = 8 weight = 0.75 mean_abs_feat_delta = 0.232609\n"}
,{"stream_name":"stdout","time":726.296750626,"data":"EDGE_TTA_ACTIVE views = 8 mean_abs_feat_delta = 0.335186\n"}
,{"stream_name":"stdout","time":727.390912312,"data":"EDGE_TTA_ACTIVE views = 8 mean_abs_feat_delta = 0.301753\n"}
,{"stream_name":"stdout","time":727.398492588,"data":"SECONDARY_EDGE_TTA_ACTIVE views = 8 weight = 0.75 mean_abs_feat_delta = 0.249429\n"}
,{"stream_name":"stdout","time":728.478391932,"data":"SECONDARY_EDGE_TTA_ACTIVE views = 8 weight = 0.75 mean_abs_feat_delta = 0.232939\n"}
,{"stream_name":"stdout","time":728.828008421,"data":"EDGE_TTA_ACTIVE views = 8 mean_abs_feat_delta = 0.335501\n"}
,{"stream_name":"stdout","time":729.623774863,"data":"EDGE_TTA_ACTIVE views = 8 mean_abs_feat_delta = 0.304836\n"}
,{"stream_name":"stdout","time":729.931748672,"data":"SECONDARY_EDGE_TTA_ACTIVE views = 8 weight = 0.75 mean_abs_feat_delta = 0.246018\n"}
,{"stream_name":"stdout","time":730.712704169,"data":"SECONDARY_EDGE_TTA_ACTIVE views = 8 weight = 0.75 mean_abs_feat_delta = 0.231872\n"}
,{"stream_name":"stdout","time":731.328093686,"data":"EDGE_TTA_ACTIVE views = 8 mean_abs_feat_delta = 0.335752\n"}
,{"stream_name":"stdout","time":731.913666059,"data":"EDGE_TTA_ACTIVE views = 8 mean_abs_feat_delta = 0.302361\n"}
,{"stream_name":"stdout","time":732.430728774,"data":"SECONDARY_EDGE_TTA_ACTIVE views = 8 weight = 0.75 mean_abs_feat_delta = 0.244333\n"}
,{"stream_name":"stdout","time":733.000205108,"data":"SECONDARY_EDGE_TTA_ACTIVE views = 8 weight = 0.75 mean_abs_feat_delta = 0.232685\n"}
,{"stream_name":"stdout","time":733.839687662,"data":"EDGE_TTA_ACTIVE views = 8 mean_abs_feat_delta = 0.333959\n"}
,{"stream_name":"stdout","time":734.179986339,"data":"EDGE_TTA_ACTIVE views = 8 mean_abs_feat_delta = 0.300525\n"}
,{"stream_name":"stdout","time":734.940554254,"data":"SECONDARY_EDGE_TTA_ACTIVE views = 8 weight = 0.75 mean_abs_feat_delta = 0.248241\n"}
,{"stream_name":"stdout","time":735.264541728,"data":"SECONDARY_EDGE_TTA_ACTIVE views = 8 weight = 0.75 mean_abs_feat_delta = 0.233018\n"}
,{"stream_name":"stdout","time":736.372186107,"data":"EDGE_TTA_ACTIVE views = 8 mean_abs_feat_delta = 0.33126\n"}
,{"stream_name":"stdout","time":736.471500298,"data":"EDGE_TTA_ACTIVE views = 8 mean_abs_feat_delta = 0.300938\n"}
,{"stream_name":"stdout","time":737.469179187,"data":"SECONDARY_EDGE_TTA_ACTIVE views = 8 weight = 0.75 mean_abs_feat_delta = 0.239474\n"}
,{"stream_name":"stdout","time":737.560564902,"data":"SECONDARY_EDGE_TTA_ACTIVE views = 8 weight = 0.75 mean_abs_feat_delta = 0.234885\n"}
,{"stream_name":"stdout","time":738.765034609,"data":"EDGE_TTA_ACTIVE views = 8 mean_abs_feat_delta = 0.302036\n"}
,{"stream_name":"stdout","time":738.899537001,"data":"EDGE_TTA_ACTIVE views = 8 mean_abs_feat_delta = 0.329545\n"}
,{"stream_name":"stdout","time":739.852350865,"data":"SECONDARY_EDGE_TTA_ACTIVE views = 8 weight = 0.75 mean_abs_feat_delta = 0.232744\n"}
,{"stream_name":"stdout","time":739.997028457,"data":"SECONDARY_EDGE_TTA_ACTIVE views = 8 weight = 0.75 mean_abs_feat_delta = 0.247447\n"}
,{"stream_name":"stdout","time":741.025926232,"data":"EDGE_TTA_ACTIVE views = 8 mean_abs_feat_delta = 0.305593\n"}
,{"stream_name":"stdout","time":741.419300522,"data":"EDGE_TTA_ACTIVE views = 8 mean_abs_feat_delta = 0.335604\n"}
,{"stream_name":"stdout","time":742.105208345,"data":"SECONDARY_EDGE_TTA_ACTIVE views = 8 weight = 0.75 mean_abs_feat_delta = 0.229484\n"}
,{"stream_name":"stdout","time":742.583580588,"data":"SECONDARY_EDGE_TTA_ACTIVE views = 8 weight = 0.75 mean_abs_feat_delta = 0.242876\n"}
,{"stream_name":"stdout","time":743.330485405,"data":"EDGE_TTA_ACTIVE views = 8 mean_abs_feat_delta = 0.308818\n"}
,{"stream_name":"stdout","time":743.890350409,"data":"EDGE_TTA_ACTIVE views = 8 mean_abs_feat_delta = 0.336109\n"}
,{"stream_name":"stdout","time":744.410324608,"data":"SECONDARY_EDGE_TTA_ACTIVE views = 8 weight = 0.75 mean_abs_feat_delta = 0.231302\n"}
,{"stream_name":"stdout","time":744.978166753,"data":"SECONDARY_EDGE_TTA_ACTIVE views = 8 weight = 0.75 mean_abs_feat_delta = 0.249719\n"}
,{"stream_name":"stdout","time":745.603497114,"data":"EDGE_TTA_ACTIVE views = 8 mean_abs_feat_delta = 0.306388\n"}
,{"stream_name":"stdout","time":746.42004031,"data":"EDGE_TTA_ACTIVE views = 8 mean_abs_feat_delta = 0.335681\n"}
,{"stream_name":"stdout","time":746.682607292,"data":"SECONDARY_EDGE_TTA_ACTIVE views = 8 weight = 0.75 mean_abs_feat_delta = 0.233885\n"}
,{"stream_name":"stdout","time":747.50827717,"data":"SECONDARY_EDGE_TTA_ACTIVE views = 8 weight = 0.75 mean_abs_feat_delta = 0.250474\n"}
,{"stream_name":"stdout","time":747.870960753,"data":"EDGE_TTA_ACTIVE views = 8 mean_abs_feat_delta = 0.308743\n"}
,{"stream_name":"stdout","time":748.950300331,"data":"SECONDARY_EDGE_TTA_ACTIVE views = 8 weight = 0.75 mean_abs_feat_delta = 0.235923\n"}
,{"stream_name":"stdout","time":749.000914645,"data":"EDGE_TTA_ACTIVE views = 8 mean_abs_feat_delta = 0.336397\n"}
,{"stream_name":"stdout","time":750.085680138,"data":"SECONDARY_EDGE_TTA_ACTIVE views = 8 weight = 0.75 mean_abs_feat_delta = 0.243806\n"}
,{"stream_name":"stdout","time":750.175092176,"data":"EDGE_TTA_ACTIVE views = 8 mean_abs_feat_delta = 0.307062\n"}
,{"stream_name":"stdout","time":751.249455163,"data":"SECONDARY_EDGE_TTA_ACTIVE views = 8 weight = 0.75 mean_abs_feat_delta = 0.236514\n"}
,{"stream_name":"stdout","time":751.494705539,"data":"EDGE_TTA_ACTIVE views = 8 mean_abs_feat_delta = 0.333727\n"}
,{"stream_name":"stdout","time":752.472173572,"data":"EDGE_TTA_ACTIVE views = 8 mean_abs_feat_delta = 0.308155\n"}
,{"stream_name":"stdout","time":752.579019485,"data":"SECONDARY_EDGE_TTA_ACTIVE views = 8 weight = 0.75 mean_abs_feat_delta = 0.245508\n"}
,{"stream_name":"stdout","time":753.547477602,"data":"SECONDARY_EDGE_TTA_ACTIVE views = 8 weight = 0.75 mean_abs_feat_delta = 0.236886\n"}
,{"stream_name":"stdout","time":753.985808,"data":"EDGE_TTA_ACTIVE views = 8 mean_abs_feat_delta = 0.328123\n"}
,{"stream_name":"stdout","time":754.736658027,"data":"EDGE_TTA_ACTIVE views = 8 mean_abs_feat_delta = 0.305422\n"}
,{"stream_name":"stdout","time":755.068799143,"data":"SECONDARY_EDGE_TTA_ACTIVE views = 8 weight = 0.75 mean_abs_feat_delta = 0.241957\n"}
,{"stream_name":"stdout","time":755.806525095,"data":"SECONDARY_EDGE_TTA_ACTIVE views = 8 weight = 0.75 mean_abs_feat_delta = 0.236659\n"}
,{"stream_name":"stdout","time":756.517240956,"data":"EDGE_TTA_ACTIVE views = 8 mean_abs_feat_delta = 0.327601\n"}
,{"stream_name":"stdout","time":756.937424722,"data":"EDGE_TTA_ACTIVE views = 8 mean_abs_feat_delta = 0.304253\n"}
,{"stream_name":"stdout","time":757.599481916,"data":"SECONDARY_EDGE_TTA_ACTIVE views = 8 weight = 0.75 mean_abs_feat_delta = 0.252361\n"}
,{"stream_name":"stdout","time":758.011372583,"data":"SECONDARY_EDGE_TTA_ACTIVE views = 8 weight = 0.75 mean_abs_feat_delta = 0.238038\n"}
,{"stream_name":"stdout","time":759.103563537,"data":"EDGE_TTA_ACTIVE views = 8 mean_abs_feat_delta = 0.32566\n"}
,{"stream_name":"stdout","time":760.186816649,"data":"SECONDARY_EDGE_TTA_ACTIVE views = 8 weight = 0.75 mean_abs_feat_delta = 0.245152\n"}
,{"stream_name":"stdout","time":761.606587737,"data":"EDGE_TTA_ACTIVE views = 8 mean_abs_feat_delta = 0.323822\n"}
,{"stream_name":"stdout","time":762.6843357,"data":"SECONDARY_EDGE_TTA_ACTIVE views = 8 weight = 0.75 mean_abs_feat_delta = 0.249767\n"}
,{"stream_name":"stdout","time":762.71607768,"data":"Saved 2 predictions to /kaggle/working/tracking_repo/predictions/unknown/unet_transformer_gpu0/split_0\n"}
,{"stream_name":"stdout","time":764.081364552,"data":"EDGE_TTA_ACTIVE views = 8 mean_abs_feat_delta = 0.325217\n"}
,{"stream_name":"stdout","time":765.165454637,"data":"SECONDARY_EDGE_TTA_ACTIVE views = 8 weight = 0.75 mean_abs_feat_delta = 0.251085\n"}
,{"stream_name":"stdout","time":766.549722206,"data":"EDGE_TTA_ACTIVE views = 8 mean_abs_feat_delta = 0.328602\n"}
,{"stream_name":"stdout","time":767.627856292,"data":"SECONDARY_EDGE_TTA_ACTIVE views = 8 weight = 0.75 mean_abs_feat_delta = 0.239244\n"}
,{"stream_name":"stdout","time":769.001630107,"data":"EDGE_TTA_ACTIVE views = 8 mean_abs_feat_delta = 0.325865\n"}
,{"stream_name":"stdout","time":770.082663093,"data":"SECONDARY_EDGE_TTA_ACTIVE views = 8 weight = 0.75 mean_abs_feat_delta = 0.247015\n"}
,{"stream_name":"stdout","time":771.47514232,"data":"EDGE_TTA_ACTIVE views = 8 mean_abs_feat_delta = 0.322794\n"}
,{"stream_name":"stdout","time":772.557013147,"data":"SECONDARY_EDGE_TTA_ACTIVE views = 8 weight = 0.75 mean_abs_feat_delta = 0.251849\n"}
,{"stream_name":"stdout","time":774.037906293,"data":"EDGE_TTA_ACTIVE views = 8 mean_abs_feat_delta = 0.324657\n"}
,{"stream_name":"stdout","time":775.080003436,"data":"SECONDARY_EDGE_TTA_ACTIVE views = 8 weight = 0.75 mean_abs_feat_delta = 0.251093\n"}
,{"stream_name":"stdout","time":776.497933536,"data":"EDGE_TTA_ACTIVE views = 8 mean_abs_feat_delta = 0.327806\n"}
,{"stream_name":"stdout","time":777.579326814,"data":"SECONDARY_EDGE_TTA_ACTIVE views = 8 weight = 0.75 mean_abs_feat_delta = 0.244661\n"}
,{"stream_name":"stdout","time":778.962892331,"data":"EDGE_TTA_ACTIVE views = 8 mean_abs_feat_delta = 0.328006\n"}
,{"stream_name":"stdout","time":780.047789154,"data":"SECONDARY_EDGE_TTA_ACTIVE views = 8 weight = 0.75 mean_abs_feat_delta = 0.243635\n"}
,{"stream_name":"stdout","time":781.433919817,"data":"EDGE_TTA_ACTIVE views = 8 mean_abs_feat_delta = 0.327424\n"}
,{"stream_name":"stdout","time":782.516894574,"data":"SECONDARY_EDGE_TTA_ACTIVE views = 8 weight = 0.75 mean_abs_feat_delta = 0.248058\n"}
,{"stream_name":"stdout","time":861.449243603,"data":"Saved 2 predictions to /kaggle/working/tracking_repo/predictions/unknown/unet_transformer_gpu1/split_0\n"}
,{"stream_name":"stdout","time":863.82495036,"data":"Merged 4 prediction graphs into /kaggle/working/tracking_repo/predictions/unknown/unet_transformer/split_0\n"}
,{"stream_name":"stdout","time":863.824979079,"data":"Prediction completed in 9.73 minutes\n"}
,{"stream_name":"stdout","time":1076.936668714,"data":"Trying DeepCenter add-only gate checkpoint: /kaggle/input/datasets/pilkwang/biohub-deepcenter-unet3d-center-prior-v1/weights/full_frame_center/best.pt\n"}
,{"stream_name":"stdout","time":1077.221666097,"data":"Loaded DeepCenter add-only gate checkpoint: /kaggle/input/datasets/pilkwang/biohub-deepcenter-unet3d-center-prior-v1/weights/full_frame_center/best.pt\n"}
,{"stream_name":"stdout","time":1077.221701148,"data":"DeepCenter checkpoint epoch: 2 best_score: -0.04500306242456039\n"}
,{"stream_name":"stdout","time":1077.221706493,"data":"Found 4 prediction graphs\n"}
,{"stream_name":"stdout","time":1097.57878899,"data":"[44b6_0113de3b] after edge-filter+motion-relink: 25805 nodes, 24921 edges\n"}
,{"stream_name":"stdout","time":1098.602052496,"data":"DEEPCENTER_TTA_ACTIVE views = 8 mean_abs_logit_delta = 0.133289\n"}
,{"stream_name":"stdout","time":1100.638921478,"data":"[44b6_0113de3b] after gap-closing (single-frame + gap2): 25858 nodes, 25018 edges\n"}
,{"stream_name":"stdout","time":1126.425530591,"data":"[44b6_0113de3b] after safe-division repair: 25858 nodes, 25072 edges (geometric_candidates = 180, deepcenter_rejected = 113, post_veto_candidates = 67, added = 54, cap_skipped = 0, mutual_nn_rejected = 69, divergence_rejected = 552)\n"}
,{"stream_name":"stdout","time":1126.42556913,"data":"[44b6_0113de3b] after division-geometry-filter+prune-isolated: 25850 nodes, 25072 edges\n"}
,{"stream_name":"stdout","time":1126.425575566,"data":"[44b6_0113de3b] after short-track filtering: 25597 nodes, 24877 edges (components_removed = 58)\n"}
,{"stream_name":"stdout","time":1131.216340187,"data":"[44b6_0113de3b] FINAL: 25597 nodes, 24877 edges\n"}
,{"stream_name":"stdout","time":1140.002430736,"data":"[44b6_0b24845f] after edge-filter+motion-relink: 16037 nodes, 14446 edges\n"}
,{"stream_name":"stdout","time":1151.804243244,"data":"[44b6_0b24845f] after gap-closing (single-frame + gap2): 16338 nodes, 14989 edges\n"}
,{"stream_name":"stdout","time":1175.925125602,"data":"[44b6_0b24845f] after safe-division repair: 16338 nodes, 15010 edges (geometric_candidates = 164, deepcenter_rejected = 139, post_veto_candidates = 25, added = 21, cap_skipped = 0, mutual_nn_rejected = 40, divergence_rejected = 586)\n"}
,{"stream_name":"stdout","time":1175.925204151,"data":"[44b6_0b24845f] after division-geometry-filter+prune-isolated: 16322 nodes, 15010 edges\n"}
,{"stream_name":"stdout","time":1175.9252114,"data":"[44b6_0b24845f] after short-track filtering: 14742 nodes, 13811 edges (components_removed = 381)\n"}
,{"stream_name":"stdout","time":1178.794563623,"data":"[44b6_0b24845f] FINAL: 14742 nodes, 13811 edges\n"}
,{"stream_name":"stdout","time":1180.29802234,"data":"[6bba_05b6850b] after edge-filter+motion-relink: 6087 nodes, 5825 edges\n"}
,{"stream_name":"stdout","time":1181.740460714,"data":"[6bba_05b6850b] after gap-closing (single-frame + gap2): 6122 nodes, 5887 edges\n"}
,{"stream_name":"stdout","time":1187.365771139,"data":"[6bba_05b6850b] after safe-division repair: 6122 nodes, 5893 edges (geometric_candidates = 22, deepcenter_rejected = 16, post_veto_candidates = 6, added = 6, cap_skipped = 0, mutual_nn_rejected = 3, divergence_rejected = 75)\n"}
,{"stream_name":"stdout","time":1187.365926344,"data":"[6bba_05b6850b] after division-geometry-filter+prune-isolated: 6121 nodes, 5893 edges\n"}
,{"stream_name":"stdout","time":1187.366626944,"data":"[6bba_05b6850b] after short-track filtering: 5951 nodes, 5764 edges (components_removed = 41)\n"}
,{"stream_name":"stdout","time":1188.521268963,"data":"[6bba_05b6850b] FINAL: 5951 nodes, 5764 edges\n"}
,{"stream_name":"stdout","time":1332.009681889,"data":"[6bba_05db0fb1] after edge-filter+motion-relink: 69832 nodes, 67119 edges\n"}
,{"stream_name":"stdout","time":1347.642695369,"data":"[6bba_05db0fb1] after gap-closing (single-frame + gap2): 70225 nodes, 67848 edges\n"}
,{"stream_name":"stdout","time":1378.816885548,"data":"[6bba_05db0fb1] after safe-division repair: 70225 nodes, 67886 edges (geometric_candidates = 289, deepcenter_rejected = 241, post_veto_candidates = 48, added = 38, cap_skipped = 0, mutual_nn_rejected = 290, divergence_rejected = 2619)\n"}
,{"stream_name":"stdout","time":1378.816932853,"data":"[6bba_05db0fb1] after division-geometry-filter+prune-isolated: 70198 nodes, 67886 edges\n"}
,{"stream_name":"stdout","time":1378.97698513,"data":"[6bba_05db0fb1] after short-track filtering: 69403 nodes, 67278 edges (components_removed = 187)\n"}
,{"stream_name":"stdout","time":1392.040998946,"data":"[6bba_05db0fb1] FINAL: 69403 nodes, 67278 edges\n"}
,{"stream_name":"stdout","time":1392.507202914,"data":"Wrote /kaggle/working/submission.csv with 227,423 rows\n"}
,{"stream_name":"stdout","time":1392.507229757,"data":"Node rows: 115,693 | edge rows: 111,730\n"}
,{"stream_name":"stdout","time":1392.507236348,"data":"Wrote /kaggle/working/run_stats.csv\n"}
,{"stream_name":"stdout","time":1393.131069777,"data":"VALIDATOR final submission rows: 227423\n"}
,{"stream_name":"stdout","time":1393.13111239,"data":"VALIDATOR final config: base\n"}
,{"stream_name":"stdout","time":1393.677276311,"data":"{\n"}
,{"stream_name":"stdout","time":1393.677308589,"data":"  \"configuration\": {\n"}
,{"stream_name":"stdout","time":1393.677315317,"data":"    \"bidirectional_primary_weight\": 0.15,\n"}
,{"stream_name":"stdout","time":1393.677320065,"data":"    \"deepcenter_gap_confirm_min_span_um\": 8.5,\n"}
,{"stream_name":"stdout","time":1393.677339051,"data":"    \"deepcenter_gap_threshold\": 0.25,\n"}
,{"stream_name":"stdout","time":1393.677345996,"data":"    \"deepcenter_safe_div_threshold\": 0.2,\n"}
,{"stream_name":"stdout","time":1393.677348538,"data":"    \"deepcenter_tta\": true,\n"}
,{"stream_name":"stdout","time":1393.677351092,"data":"    \"detector_threshold\": 0.965,\n"}
,{"stream_name":"stdout","time":1393.677353464,"data":"    \"edge_candidate_threshold\": 0.48,\n"}
,{"stream_name":"stdout","time":1393.677355827,"data":"    \"fallback_scope\": \"individual_frame\",\n"}
,{"stream_name":"stdout","time":1393.677358194,"data":"    \"gap_close_um\": 5.0,\n"}
,{"stream_name":"stdout","time":1393.677360528,"data":"    \"ilp_appearance_weight\": 0.0,\n"}
,{"stream_name":"stdout","time":1393.677362795,"data":"    \"ilp_disappearance_weight\": 2.0,\n"}
,{"stream_name":"stdout","time":1393.677365052,"data":"    \"minimum_candidate_retention\": 0.9,\n"}
,{"stream_name":"stdout","time":1393.677367333,"data":"    \"safe_div_max_um\": 9.0,\n"}
,{"stream_name":"stdout","time":1393.677369608,"data":"    \"safe_div_sister_max_um\": 14.0,\n"}
,{"stream_name":"stdout","time":1393.677371884,"data":"    \"safe_div_sister_symmetry_tau\": 0.6,\n"}
,{"stream_name":"stdout","time":1393.677374152,"data":"    \"secondary_detection_weight\": 0.8,\n"}
,{"stream_name":"stdout","time":1393.677376517,"data":"    \"secondary_edge_feature_tta\": true,\n"}
,{"stream_name":"stdout","time":1393.677392226,"data":"    \"secondary_edge_feature_tta_weight\": 0.75,\n"}
,{"stream_name":"stdout","time":1393.677396585,"data":"    \"secondary_edge_weight\": 0.15,\n"}
,{"stream_name":"stdout","time":1393.67740063,"data":"    \"secondary_link_mode\": \"low_margin_consensus\",\n"}
,{"stream_name":"stdout","time":1393.677404807,"data":"    \"secondary_low_margin_max\": 0.35\n"}
,{"stream_name":"stdout","time":1393.677408967,"data":"  },\n"}
,{"stream_name":"stdout","time":1393.677412859,"data":"  \"diagnostics\": {\n"}
,{"stream_name":"stdout","time":1393.677416331,"data":"    \"by_movie\": {\n"}
,{"stream_name":"stdout","time":1393.67742028,"data":"      \"44b6_0113de3b\": {\n"}
,{"stream_name":"stdout","time":1393.677424382,"data":"        \"fallback_frames\": 0,\n"}
,{"stream_name":"stdout","time":1393.677428386,"data":"        \"frames\": 100,\n"}
,{"stream_name":"stdout","time":1393.677431878,"data":"        \"median_retention\": 1.0256969919295673,\n"}
,{"stream_name":"stdout","time":1393.677436074,"data":"        \"minimum_retention\": 1.0\n"}
,{"stream_name":"stdout","time":1393.677440687,"data":"      },\n"}
,{"stream_name":"stdout","time":1393.677444057,"data":"      \"44b6_0b24845f\": {\n"}
,{"stream_name":"stdout","time":1393.67744752,"data":"        \"fallback_frames\": 98,\n"}
,{"stream_name":"stdout","time":1393.677450959,"data":"        \"frames\": 100,\n"}
,{"stream_name":"stdout","time":1393.677454754,"data":"        \"median_retention\": 0.7075702075702075,\n"}
,{"stream_name":"stdout","time":1393.677458783,"data":"        \"minimum_retention\": 0.09859154929577464\n"}
,{"stream_name":"stdout","time":1393.677462719,"data":"      },\n"}
,{"stream_name":"stdout","time":1393.677465961,"data":"      \"6bba_05b6850b\": {\n"}
,{"stream_name":"stdout","time":1393.677470085,"data":"        \"fallback_frames\": 0,\n"}
,{"stream_name":"stdout","time":1393.67747365,"data":"        \"frames\": 100,\n"}
,{"stream_name":"stdout","time":1393.677477562,"data":"        \"median_retention\": 1.0708020050125313,\n"}
,{"stream_name":"stdout","time":1393.677481243,"data":"        \"minimum_retention\": 0.9402985074626866\n"}
,{"stream_name":"stdout","time":1393.677491344,"data":"      },\n"}
,{"stream_name":"stdout","time":1393.677495202,"data":"      \"6bba_05db0fb1\": {\n"}
,{"stream_name":"stdout","time":1393.677498801,"data":"        \"fallback_frames\": 0,\n"}
,{"stream_name":"stdout","time":1393.677503094,"data":"        \"frames\": 100,\n"}
,{"stream_name":"stdout","time":1393.677506981,"data":"        \"median_retention\": 1.0060461702227212,\n"}
,{"stream_name":"stdout","time":1393.677511253,"data":"        \"minimum_retention\": 0.9530791788856305\n"}
,{"stream_name":"stdout","time":1393.677515131,"data":"      }\n"}
,{"stream_name":"stdout","time":1393.677535187,"data":"    },\n"}
,{"stream_name":"stdout","time":1393.677539281,"data":"    \"fallback_frames\": 98,\n"}
,{"stream_name":"stdout","time":1393.677542542,"data":"    \"rows\": 400\n"}
,{"stream_name":"stdout","time":1393.677545838,"data":"  },\n"}
,{"stream_name":"stdout","time":1393.677549154,"data":"  \"experiment\": \"secondary_deepcenter_tta_0947_v1\",\n"}
,{"stream_name":"stdout","time":1393.677552966,"data":"  \"hardware\": {\n"}
,{"stream_name":"stdout","time":1393.677556457,"data":"    \"visible_gpu_count\": 2\n"}
,{"stream_name":"stdout","time":1393.677560148,"data":"  },\n"}
,{"stream_name":"stdout","time":1393.677563578,"data":"  \"leaderboard_feedback_used_for_configuration\": true,\n"}
,{"stream_name":"stdout","time":1393.677571036,"data":"  \"method_attribution\": \"0.933 fixed-90 dual-seed baseline -\u003e 0.934 harmonic mutual-support fusion -\u003e 0.939 wider divisions and calmer fusion -\u003e 0.941 repair-threshold adaptation -\u003e 0.946 primary edge-feature TTA + held-out post-process selection -\u003e 0.947 secondary feature TTA + DeepCenter TTA\",\n"}
,{"stream_name":"stdout","time":1393.677577068,"data":"  \"metric_hack_used\": false,\n"}
,{"stream_name":"stdout","time":1393.677580716,"data":"  \"organizer_labels_used_for_configuration\": false,\n"}
,{"stream_name":"stdout","time":1393.677584096,"data":"  \"parent_experiment\": \"edge_feature_tta_0946_v1\",\n"}
,{"stream_name":"stdout","time":1393.677587632,"data":"  \"public_output_used\": false,\n"}
,{"stream_name":"stdout","time":1393.677590965,"data":"  \"quality_promotion\": {\n"}
,{"stream_name":"stdout","time":1393.677594116,"data":"    \"required_condition\": \"none\",\n"}
,{"stream_name":"stdout","time":1393.677597663,"data":"    \"status\": \"verified_public_lb_0947\",\n"}
,{"stream_name":"stdout","time":1393.677601177,"data":"    \"validated_receipt_sha256\": null\n"}
,{"stream_name":"stdout","time":1393.677604536,"data":"  },\n"}
,{"stream_name":"stdout","time":1393.677607682,"data":"  \"source_kernel\": \"raykkretzschmar/biohub-bidirectional-primary-union13-diagnostic-v1\",\n"}
,{"stream_name":"stdout","time":1393.677611309,"data":"  \"source_notebook_sha256\": \"3e65ca691941949196bf417030ea84fccafe16baaec174b2a63540451bb937e8\",\n"}
,{"stream_name":"stdout","time":1393.677614944,"data":"  \"status\": \"verified_public_lb_0947\",\n"}
,{"stream_name":"stdout","time":1393.67761881,"data":"  \"submission\": {\n"}
,{"stream_name":"stdout","time":1393.677622179,"data":"    \"datasets\": [\n"}
,{"stream_name":"stdout","time":1393.677625537,"data":"      \"44b6_0113de3b\",\n"}
,{"stream_name":"stdout","time":1393.677628829,"data":"      \"44b6_0b24845f\",\n"}
,{"stream_name":"stdout","time":1393.677632746,"data":"      \"6bba_05b6850b\",\n"}
,{"stream_name":"stdout","time":1393.677636596,"data":"      \"6bba_05db0fb1\"\n"}
,{"stream_name":"stdout","time":1393.677640493,"data":"    ],\n"}
,{"stream_name":"stdout","time":1393.677643967,"data":"    \"rows\": 227423,\n"}
,{"stream_name":"stdout","time":1393.677647994,"data":"    \"sha256\": \"0e758b68ac35d02158c92d75eed8b4f4f0296b1d7c051e49f7cff25367d1d89f\"\n"}
,{"stream_name":"stdout","time":1393.677657713,"data":"  },\n"}
,{"stream_name":"stdout","time":1393.677661644,"data":"  \"topology\": {\n"}
,{"stream_name":"stdout","time":1393.677665423,"data":"    \"44b6_0113de3b\": {\n"}
,{"stream_name":"stdout","time":1393.677669413,"data":"      \"division_parents\": 54,\n"}
,{"stream_name":"stdout","time":1393.677672854,"data":"      \"edges\": 24877,\n"}
,{"stream_name":"stdout","time":1393.677676396,"data":"      \"max_indegree\": 1,\n"}
,{"stream_name":"stdout","time":1393.677679761,"data":"      \"max_outdegree\": 2,\n"}
,{"stream_name":"stdout","time":1393.677682934,"data":"      \"nodes\": 25597\n"}
,{"stream_name":"stdout","time":1393.677685963,"data":"    },\n"}
,{"stream_name":"stdout","time":1393.677689103,"data":"    \"44b6_0b24845f\": {\n"}
,{"stream_name":"stdout","time":1393.677692404,"data":"      \"division_parents\": 21,\n"}
,{"stream_name":"stdout","time":1393.677695611,"data":"      \"edges\": 13811,\n"}
,{"stream_name":"stdout","time":1393.677698858,"data":"      \"max_indegree\": 1,\n"}
,{"stream_name":"stdout","time":1393.677702062,"data":"      \"max_outdegree\": 2,\n"}
,{"stream_name":"stdout","time":1393.677705457,"data":"      \"nodes\": 14742\n"}
,{"stream_name":"stdout","time":1393.677708668,"data":"    },\n"}
,{"stream_name":"stdout","time":1393.677711796,"data":"    \"6bba_05b6850b\": {\n"}
,{"stream_name":"stdout","time":1393.677715191,"data":"      \"division_parents\": 6,\n"}
,{"stream_name":"stdout","time":1393.677718655,"data":"      \"edges\": 5764,\n"}
,{"stream_name":"stdout","time":1393.677722299,"data":"      \"max_indegree\": 1,\n"}
,{"stream_name":"stdout","time":1393.67772581,"data":"      \"max_outdegree\": 2,\n"}
,{"stream_name":"stdout","time":1393.677729023,"data":"      \"nodes\": 5951\n"}
,{"stream_name":"stdout","time":1393.677735382,"data":"    },\n"}
,{"stream_name":"stdout","time":1393.677738621,"data":"    \"6bba_05db0fb1\": {\n"}
,{"stream_name":"stdout","time":1393.677741903,"data":"      \"division_parents\": 38,\n"}
,{"stream_name":"stdout","time":1393.677745193,"data":"      \"edges\": 67278,\n"}
,{"stream_name":"stdout","time":1393.677748888,"data":"      \"max_indegree\": 1,\n"}
,{"stream_name":"stdout","time":1393.677752209,"data":"      \"max_outdegree\": 2,\n"}
,{"stream_name":"stdout","time":1393.677755505,"data":"      \"nodes\": 69403\n"}
,{"stream_name":"stdout","time":1393.677758971,"data":"    }\n"}
,{"stream_name":"stdout","time":1393.677762307,"data":"  }\n"}
,{"stream_name":"stdout","time":1393.677765464,"data":"}\n"}
,{"stream_name":"stdout","time":1393.677769344,"data":"PRODUCTION SUBMISSION PIPELINE: COMPLETE\n"}
,{"stream_name":"stdout","time":1393.677772856,"data":"Submission path: /kaggle/working/submission.csv\n"}
,{"stream_name":"stdout","time":1393.677776503,"data":"Verified progression preserved: 0.933 -\u003e 0.934 -\u003e 0.939 -\u003e 0.941 -\u003e 0.946 -\u003e 0.947\n"}
,{"stream_name":"stderr","time":1398.857441274,"data":"/usr/local/lib/python3.12/dist-packages/mistune.py:435: SyntaxWarning: invalid escape sequence '\\|'\n"}
,{"stream_name":"stderr","time":1398.857474971,"data":"  cells[i][c] = re.sub('\\\\\\\\\\|', '|', cell)\n"}
,{"stream_name":"stderr","time":1398.98388546,"data":"/usr/local/lib/python3.12/dist-packages/nbconvert/filters/filter_links.py:36: SyntaxWarning: invalid escape sequence '\\_'\n"}
,{"stream_name":"stderr","time":1398.983913703,"data":"  text = re.sub(r'_', '\\_', text) # Escape underscores in display text\n"}
,{"stream_name":"stderr","time":1399.637090849,"data":"[NbConvertApp] Converting notebook __notebook__.ipynb to notebook\n"}
,{"stream_name":"stderr","time":1400.038177793,"data":"[NbConvertApp] Writing 387621 bytes to __notebook__.ipynb\n"}
,{"stream_name":"stderr","time":1402.495201044,"data":"[NbConvertApp] Converting notebook __notebook__.ipynb to html\n"}
,{"stream_name":"stderr","time":1404.060869952,"data":"[NbConvertApp] Writing 1346996 bytes to __results__.html\n"}
]