[{"stream_name":"stderr","time":7.72469716,"data":"0.00s - Debugger warning: It seems that frozen modules are being used, which may\n"}
,{"stream_name":"stderr","time":7.724764712,"data":"0.00s - make the debugger miss breakpoints. Please pass -Xfrozen_modules=off\n"}
,{"stream_name":"stderr","time":7.724776896,"data":"0.00s - to python to disable frozen modules.\n"}
,{"stream_name":"stderr","time":7.72478157,"data":"0.00s - Note: Debugging will proceed. Set PYDEVD_DISABLE_FILE_VALIDATION=1 to disable this validation.\n"}
,{"stream_name":"stderr","time":8.373968449,"data":"0.00s - Debugger warning: It seems that frozen modules are being used, which may\n"}
,{"stream_name":"stderr","time":8.373999627,"data":"0.00s - make the debugger miss breakpoints. Please pass -Xfrozen_modules=off\n"}
,{"stream_name":"stderr","time":8.374004048,"data":"0.00s - to python to disable frozen modules.\n"}
,{"stream_name":"stderr","time":8.374007811,"data":"0.00s - Note: Debugging will proceed. Set PYDEVD_DISABLE_FILE_VALIDATION=1 to disable this validation.\n"}
,{"stream_name":"stdout","time":10.258164557,"data":"BIOHUB_PRESET: harmonic_v3_division_wide\n"}
,{"stream_name":"stdout","time":10.258232096,"data":"BIOHUB_SCORE_AXIS: 0.933 baseline -\u003e 0.934 harmonic fusion -\u003e 0.939 wider divisions/calmer fusion -\u003e 0.941 repair adaptation -\u003e 0.946 primary edge-feature TTA -\u003e 0.947 secondary feature TTA + DeepCenter TTA\n"}
,{"stream_name":"stdout","time":10.258242583,"data":"Configuration guard: PASS\n"}
,{"stream_name":"stdout","time":10.258248469,"data":"Verified score progression: 0.933 -\u003e 0.934 -\u003e 0.939 -\u003e 0.941 -\u003e 0.946 -\u003e 0.947\n"}
,{"stream_name":"stdout","time":10.258254518,"data":"Previous verified configuration: public LB 0.946\n"}
,{"stream_name":"stdout","time":10.258259797000001,"data":"Current verified configuration: public LB 0.947\n"}
,{"stream_name":"stdout","time":10.258277097,"data":"0.946 primary edge-feature TTA retained with eight aligned D4 views\n"}
,{"stream_name":"stdout","time":10.258284537,"data":"0.947 change: secondary feature TTA blend 0.75 + DeepCenter TTA + safe-div threshold 0.20\n"}
,{"stream_name":"stdout","time":10.258289511,"data":"Reverse-time association weight retained at 0.150\n"}
,{"stream_name":"stdout","time":11.189884501,"data":"Biohub learned UNet + node-transformer + ILP submission\n"}
,{"stream_name":"stdout","time":11.189911774,"data":"COMP_DIR: /kaggle/input/competitions/biohub-cell-tracking-during-development exists: True\n"}
,{"stream_name":"stdout","time":11.189919064,"data":"TEST_DIR: /kaggle/input/competitions/biohub-cell-tracking-during-development/test exists: True\n"}
,{"stream_name":"stdout","time":11.189924967,"data":"{\n"}
,{"stream_name":"stdout","time":11.189936501,"data":"  \"adaptive_short_track_rescue\": true,\n"}
,{"stream_name":"stdout","time":11.18994143,"data":"  \"allow_artifact_fallback\": true,\n"}
,{"stream_name":"stdout","time":11.18994629,"data":"  \"allow_pip_install\": false,\n"}
,{"stream_name":"stdout","time":11.189951043,"data":"  \"deepcenter_checkpoint_default\": \"/kaggle/input/biohub-deepcenter-unet3d-center-prior-v1/weights/full_frame_center/best.pt\",\n"}
,{"stream_name":"stdout","time":11.189956529,"data":"  \"deepcenter_expected_epoch\": 2,\n"}
,{"stream_name":"stdout","time":11.189961236,"data":"  \"deepcenter_gap_add_gate\": true,\n"}
,{"stream_name":"stdout","time":11.189965897,"data":"  \"deepcenter_gap_confirm_min_span_um\": 8.5,\n"}
,{"stream_name":"stdout","time":11.189970558,"data":"  \"deepcenter_gap_threshold\": 0.25,\n"}
,{"stream_name":"stdout","time":11.189975293,"data":"  \"deepcenter_safe_div_add_gate\": true,\n"}
,{"stream_name":"stdout","time":11.189996728,"data":"  \"deepcenter_safe_div_threshold\": 0.2,\n"}
,{"stream_name":"stdout","time":11.189999903,"data":"  \"deepcenter_tta\": true,\n"}
,{"stream_name":"stdout","time":11.19000236,"data":"  \"det_threshold\": 0.965,\n"}
,{"stream_name":"stdout","time":11.190004835,"data":"  \"div_drop_to_single_if_bad\": true,\n"}
,{"stream_name":"stdout","time":11.190007281,"data":"  \"div_parent_max_um\": 10.5,\n"}
,{"stream_name":"stdout","time":11.190009781,"data":"  \"div_sister_max_um\": 8.0,\n"}
,{"stream_name":"stdout","time":11.190012168,"data":"  \"experiment_tag\": \"secondary_deepcenter_tta_0947\",\n"}
,{"stream_name":"stdout","time":11.190014709,"data":"  \"gap2_frame_frac_cap\": 0.006,\n"}
,{"stream_name":"stdout","time":11.190017157,"data":"  \"gap2_max_links_abs\": 180,\n"}
,{"stream_name":"stdout","time":11.190019665,"data":"  \"gap2_max_links_frac\": 0.0045,\n"}
,{"stream_name":"stdout","time":11.190022136,"data":"  \"gap2_max_step_um\": 4.4,\n"}
,{"stream_name":"stdout","time":11.190024555,"data":"  \"gap2_max_total_um\": 10.2,\n"}
,{"stream_name":"stdout","time":11.190027005,"data":"  \"gap2_require_context\": true,\n"}
,{"stream_name":"stdout","time":11.19002952,"data":"  \"gap_close_effective_max_gap\": 1,\n"}
,{"stream_name":"stdout","time":11.190031982,"data":"  \"gap_close_max_added_abs\": 2000,\n"}
,{"stream_name":"stdout","time":11.190034397,"data":"  \"gap_close_max_added_frac\": 0.05,\n"}
,{"stream_name":"stdout","time":11.190036819,"data":"  \"gap_close_max_gap\": 2,\n"}
,{"stream_name":"stdout","time":11.190039322,"data":"  \"gap_close_reuse_existing\": true,\n"}
,{"stream_name":"stdout","time":11.190041729,"data":"  \"gap_close_reuse_um\": 3.2,\n"}
,{"stream_name":"stdout","time":11.190044251,"data":"  \"gap_close_um\": 5.0,\n"}
,{"stream_name":"stdout","time":11.190046637,"data":"  \"gap_density_adaptive\": true,\n"}
,{"stream_name":"stdout","time":11.190049041,"data":"  \"gap_density_gain\": 0.04,\n"}
,{"stream_name":"stdout","time":11.190051464,"data":"  \"gap_density_max_step_delta_um\": 0.125,\n"}
,{"stream_name":"stdout","time":11.190053894,"data":"  \"gap_density_neighbors\": 3,\n"}
,{"stream_name":"stdout","time":11.190056317,"data":"  \"gap_density_reference_um\": 6.5,\n"}
,{"stream_name":"stdout","time":11.190058738,"data":"  \"gap_refine_max_shift_um\": 3.2,\n"}
,{"stream_name":"stdout","time":11.190061142,"data":"  \"gap_refine_synthetic\": true,\n"}
,{"stream_name":"stdout","time":11.190063567,"data":"  \"gap_refine_win_yx\": 3,\n"}
,{"stream_name":"stdout","time":11.190065945,"data":"  \"gap_refine_win_z\": 1,\n"}
,{"stream_name":"stdout","time":11.190068351,"data":"  \"ilp_appearance_weight\": 0.0,\n"}
,{"stream_name":"stdout","time":11.19007078,"data":"  \"ilp_disappearance_weight\": 2.0,\n"}
,{"stream_name":"stdout","time":11.190073167,"data":"  \"ilp_division_weight\": 1.2,\n"}
,{"stream_name":"stdout","time":11.190075559,"data":"  \"ilp_edge_weight\": -1.0,\n"}
,{"stream_name":"stdout","time":11.190077971000001,"data":"  \"method\": \"unet_transformer\",\n"}
,{"stream_name":"stdout","time":11.190080468,"data":"  \"motion_relink_learned_bonus\": 1.0,\n"}
,{"stream_name":"stdout","time":11.190082959,"data":"  \"motion_relink_max_frame_nodes\": 2600,\n"}
,{"stream_name":"stdout","time":11.190085411,"data":"  \"motion_relink_relaxed_um\": 10.0,\n"}
,{"stream_name":"stdout","time":11.19008784,"data":"  \"motion_relink_tight_um\": 6.0,\n"}
,{"stream_name":"stdout","time":11.190090267,"data":"  \"motion_relink_velocity_weight\": 0.5,\n"}
,{"stream_name":"stdout","time":11.190092725,"data":"  \"output_division_geometry_filter\": false,\n"}
,{"stream_name":"stdout","time":11.190103833,"data":"  \"output_edge_max_um\": 14.0,\n"}
,{"stream_name":"stdout","time":11.190106513,"data":"  \"output_enforce_next_frame\": true,\n"}
,{"stream_name":"stdout","time":11.190110763,"data":"  \"output_filter_short_tracks\": true,\n"}
,{"stream_name":"stdout","time":11.190113275,"data":"  \"output_gap2_recovery\": true,\n"}
,{"stream_name":"stdout","time":11.190115667,"data":"  \"output_gap_close\": true,\n"}
,{"stream_name":"stdout","time":11.190118024,"data":"  \"output_keep_division_components\": true,\n"}
,{"stream_name":"stdout","time":11.19012042,"data":"  \"output_linefit_smooth\": true,\n"}
,{"stream_name":"stdout","time":11.190122846,"data":"  \"output_linefit_weight\": 0.8,\n"}
,{"stream_name":"stdout","time":11.19012529,"data":"  \"output_linefit_window\": 2,\n"}
,{"stream_name":"stdout","time":11.190127697,"data":"  \"output_min_track_len\": 6,\n"}
,{"stream_name":"stdout","time":11.190130066,"data":"  \"output_motion_relink\": true,\n"}
,{"stream_name":"stdout","time":11.190132582,"data":"  \"output_prune_isolated\": true,\n"}
,{"stream_name":"stdout","time":11.190134981,"data":"  \"output_safe_divisions\": true,\n"}
,{"stream_name":"stdout","time":11.190137359,"data":"  \"output_single_child_repair\": false,\n"}
,{"stream_name":"stdout","time":11.190139775,"data":"  \"output_single_parent_repair\": true,\n"}
,{"stream_name":"stdout","time":11.190142225,"data":"  \"primary_artifact_manifest\": \"/kaggle/input/datasets/pilkwang/biohub-tracking-support-pack-50ep-v1/ARTIFACT_MANIFEST.json\",\n"}
,{"stream_name":"stdout","time":11.190144887,"data":"  \"safe_div_existing_child_max_um\": 10.0,\n"}
,{"stream_name":"stdout","time":11.190147291,"data":"  \"safe_div_frame_frac_cap\": 0.0076,\n"}
,{"stream_name":"stdout","time":11.190149741,"data":"  \"safe_div_global_frac_cap\": 0.00375,\n"}
,{"stream_name":"stdout","time":11.190152231,"data":"  \"safe_div_max_um\": 9.0,\n"}
,{"stream_name":"stdout","time":11.190154618,"data":"  \"safe_div_sister_max_um\": 14.0,\n"}
,{"stream_name":"stdout","time":11.190157032,"data":"  \"secondary_edge_feature_tta\": true,\n"}
,{"stream_name":"stdout","time":11.190159426,"data":"  \"secondary_edge_feature_tta_weight\": 0.75,\n"}
,{"stream_name":"stdout","time":11.190161851,"data":"  \"short_track_rescue_max_mean_edge_dist_um\": 3.0,\n"}
,{"stream_name":"stdout","time":11.190164275,"data":"  \"short_track_rescue_max_nodes_abs\": 120,\n"}
,{"stream_name":"stdout","time":11.190166693,"data":"  \"short_track_rescue_max_nodes_frac\": 0.012,\n"}
,{"stream_name":"stdout","time":11.190169134,"data":"  \"short_track_rescue_min_len\": 4,\n"}
,{"stream_name":"stdout","time":11.190171551,"data":"  \"short_track_rescue_min_mean_edge_prob\": 0.88,\n"}
,{"stream_name":"stdout","time":11.190173969,"data":"  \"short_track_rescue_trigger_removed_frac\": 0.1,\n"}
,{"stream_name":"stdout","time":11.190176406,"data":"  \"slice\": \"\",\n"}
,{"stream_name":"stdout","time":11.190178833,"data":"  \"target_artifact_slug\": \"biohub-tracking-support-pack\",\n"}
,{"stream_name":"stdout","time":11.190181349,"data":"  \"unet_batch_size\": 4,\n"}
,{"stream_name":"stdout","time":11.190183731,"data":"  \"use_deepcenter_add_only_gate\": true,\n"}
,{"stream_name":"stdout","time":11.190186214,"data":"  \"use_ilp\": true,\n"}
,{"stream_name":"stdout","time":11.190188592,"data":"  \"weights\": \"weights/unet_transformer/split_0/edge_predictor_best.pth\"\n"}
,{"stream_name":"stdout","time":11.190191174,"data":"}\n"}
,{"stream_name":"stdout","time":11.190198427,"data":"ARTIFACTS: /kaggle/input/datasets/pilkwang/biohub-tracking-support-pack-50ep-v1\n"}
,{"stream_name":"stdout","time":11.190201289,"data":"Has offline wheels: True\n"}
,{"stream_name":"stdout","time":11.190203653,"data":"Artifact name: biohub-tracking-support-pack-400ep-snapshot-v1\n"}
,{"stream_name":"stdout","time":11.190206117,"data":"Weight sha256: 12f6881ee3620a831697ca098ff8f48e687a24225f4e048b538deec3562fe771\n"}
,{"stream_name":"stdout","time":11.190208587,"data":"Weight path: weights/unet_transformer/split_0/edge_predictor_best.pth\n"}
,{"stream_name":"stdout","time":11.889719513,"data":"Installing missing packages from offline package dirs: ['polars']\n"}
,{"stream_name":"stdout","time":11.889772825,"data":"Dependency resolver is disabled with --no-deps to avoid replacing Kaggle numpy/scipy in a live kernel.\n"}
,{"stream_name":"stdout","time":11.889779548,"data":"Offline package dirs: ['/kaggle/input/datasets/pilkwang/biohub-tracking-support-pack-50ep-v1/wheels']\n"}
,{"stream_name":"stdout","time":18.611538879,"data":"Offline dependency install succeeded.\n"}
,{"stream_name":"stdout","time":18.611577544,"data":"Installing missing packages from offline package dirs: ['tracksdata', 'zarr', 'pyscipopt', 'geff', 'geff_spec', 'ilpy', 'imagecodecs', 'rustworkx', 'numcodecs', 'donfig', 'bidict']\n"}
,{"stream_name":"stdout","time":18.611585838,"data":"Dependency resolver is disabled with --no-deps to avoid replacing Kaggle numpy/scipy in a live kernel.\n"}
,{"stream_name":"stdout","time":18.611591308,"data":"Offline package dirs: ['/kaggle/input/datasets/pilkwang/biohub-tracking-support-pack-50ep-v1/wheels']\n"}
,{"stream_name":"stdout","time":45.618886623,"data":"Offline dependency install succeeded.\n"}
,{"stream_name":"stderr","time":53.511114915,"data":"/usr/local/lib/python3.12/dist-packages/dask/array/image.py:7: FutureWarning: `find_available_plugins` is deprecated since version 0.25 and will be removed in version 0.27. The plugin infrastructure of `skimage.io` is deprecated. Instead, use `imageio` or other I/O packages directly.\n"}
,{"stream_name":"stderr","time":53.511148874,"data":"  from skimage.io import imread as sk_imread\n"}
,{"stream_name":"stderr","time":53.511155686,"data":"/usr/lib/python3.12/importlib/__init__.py:90: FutureWarning: `reset_plugins` is deprecated since version 0.25 and will be removed in version 0.27. The plugin infrastructure of `skimage.io` is deprecated. Instead, use `imageio` or other I/O packages directly.\n"}
,{"stream_name":"stderr","time":53.511161407,"data":"  return _bootstrap._gcd_import(name[level:], package, level)\n"}
,{"stream_name":"stderr","time":53.511166398,"data":"\n"}
,{"stream_name":"stderr","time":53.511171158,"data":"/usr/local/lib/python3.12/dist-packages/dask/array/image.py:7: FutureWarning: `find_available_plugins` is deprecated since version 0.25 and will be removed in version 0.27. The plugin infrastructure of `skimage.io` is deprecated. Instead, use `imageio` or other I/O packages directly.\n"}
,{"stream_name":"stderr","time":53.51117706,"data":"  from skimage.io import imread as sk_imread\n"}
,{"stream_name":"stderr","time":53.511182282,"data":"/usr/lib/python3.12/importlib/__init__.py:90: FutureWarning: `reset_plugins` is deprecated since version 0.25 and will be removed in version 0.27. The plugin infrastructure of `skimage.io` is deprecated. Instead, use `imageio` or other I/O packages directly.\n"}
,{"stream_name":"stderr","time":53.511188076,"data":"  return _bootstrap._gcd_import(name[level:], package, level)\n"}
,{"stream_name":"stdout","time":53.737068682,"data":"Required graph/Zarr/ILP packages import successfully.\n"}
,{"stream_name":"stdout","time":53.737098382,"data":"Inference repo: /kaggle/working/tracking_repo\n"}
,{"stream_name":"stdout","time":53.737116187,"data":"Weights: /kaggle/working/tracking_repo/weights/unet_transformer/split_0/edge_predictor_best.pth\n"}
,{"stream_name":"stdout","time":55.187970661,"data":"Support repo Python manifest SHA256: 978b626d1fd1e7397435a437dfe68691defe1572fc3c20e61012d7c9b52ed029\n"}
,{"stream_name":"stdout","time":55.188005028,"data":"Primary materialized SHA256: 12f6881ee3620a831697ca098ff8f48e687a24225f4e048b538deec3562fe771\n"}
,{"stream_name":"stdout","time":55.188015683,"data":"DeepCenter materialized SHA256: 8040999a92f6b7bbd98fa8cf458141e045c0f9ad7c936bdb3b18e1f7edafe2a0\n"}
,{"stream_name":"stdout","time":421.167742619,"data":"Secondary artifact: /kaggle/input/datasets/pilkwang/biohub-temporal-unet3d-seed314159-v1\n"}
,{"stream_name":"stdout","time":421.167787694,"data":"Secondary weight: /kaggle/working/secondary_seed_weights/unet_transformer/split_0/edge_predictor_best.pth\n"}
,{"stream_name":"stdout","time":421.167793377,"data":"Secondary SHA256: 9bac2fa0dadc4a6fc1899e0caf187f4b553e0a7cd90ba1261a68b35ffe9e305f\n"}
,{"stream_name":"stdout","time":421.167798796,"data":"Secondary edge-logit weight: 0.15\n"}
,{"stream_name":"stdout","time":421.167803671,"data":"Secondary edge-feature TTA blend: 0.75\n"}
,{"stream_name":"stdout","time":421.167808458,"data":"Runtime integrity receipt: /kaggle/working/bidirectional_production_runtime_integrity.json\n"}
,{"stream_name":"stdout","time":425.453526595,"data":"CUDA device: Tesla T4\n"}
,{"stream_name":"stdout","time":425.453558926,"data":"Eight-view D4 detection TTA patch applied\n"}
,{"stream_name":"stdout","time":425.453568443,"data":"Calibrated dual-seed runtime patch applied\n"}
,{"stream_name":"stdout","time":425.453572151,"data":"Frozen frame retention guard applied at 0.90\n"}
,{"stream_name":"stdout","time":425.453575344,"data":"Bidirectional harmonic-probability association fusion applied | weight: 0.15\n"}
,{"stream_name":"stdout","time":425.453578456,"data":"Pre-ILP detector-coordinate manifest hook applied\n"}
,{"stream_name":"stdout","time":425.453581506,"data":"Edge-feature TTA patch installed and enabled\n"}
,{"stream_name":"stdout","time":553.027155533,"data":"model190: materialized writable copy of /kaggle/working/tracking_repo/weights\n"}
,{"stream_name":"stdout","time":553.02719207,"data":"model190: PRIMARY weights replaced by /kaggle/input/datasets/krittanutsomtuas/biohub-model185-scratch-seed/edge_predictor_best.pth\n"}
,{"stream_name":"stdout","time":553.027198622,"data":"Found 4 test videos\n"}
,{"stream_name":"stdout","time":553.027203212,"data":"['44b6_0113de3b', '44b6_0b24845f', '6bba_05b6850b', '6bba_05db0fb1']\n"}
,{"stream_name":"stdout","time":553.027207915,"data":"Launching 2 independent video shards on CUDA devices ['0', '1']\n"}
,{"stream_name":"stdout","time":553.027213014,"data":"GPU shard 0: CUDA_VISIBLE_DEVICES = 0 | /usr/bin/python3 scripts/predict_unet_transformer.py --data-dir /kaggle/input/competitions/biohub-cell-tracking-during-development/test --splits kaggle_test_splits_50ep.json --split 0 --weights weights/unet_transformer/split_0/edge_predictor_best.pth --unet-batch-size 4 --det-threshold 0.965 --ilp-edge-weight -1.0 --ilp-appearance-weight 0.0 --ilp-disappearance-weight 2.0 --ilp-division-weight 1.2 --use-ilp --method unet_transformer_gpu0 --slice 0::2\n"}
,{"stream_name":"stdout","time":553.028179904,"data":"GPU shard 1: CUDA_VISIBLE_DEVICES = 1 | /usr/bin/python3 scripts/predict_unet_transformer.py --data-dir /kaggle/input/competitions/biohub-cell-tracking-during-development/test --splits kaggle_test_splits_50ep.json --split 0 --weights weights/unet_transformer/split_0/edge_predictor_best.pth --unet-batch-size 4 --det-threshold 0.965 --ilp-edge-weight -1.0 --ilp-appearance-weight 0.0 --ilp-disappearance-weight 2.0 --ilp-division-weight 1.2 --use-ilp --method unet_transformer_gpu1 --slice 1::2\n"}
,{"stream_name":"stdout","time":558.457380723,"data":"/usr/local/lib/python3.12/dist-packages/dask/array/image.py:7: FutureWarning: `find_available_plugins` is deprecated since version 0.25 and will be removed in version 0.27. The plugin infrastructure of `skimage.io` is deprecated. Instead, use `imageio` or other I/O packages directly.\n"}
,{"stream_name":"stdout","time":558.458652786,"data":"  from skimage.io import imread as sk_imread\n"}
,{"stream_name":"stdout","time":558.46217603,"data":"/usr/lib/python3.12/importlib/__init__.py:90: FutureWarning: `reset_plugins` is deprecated since version 0.25 and will be removed in version 0.27. The plugin infrastructure of `skimage.io` is deprecated. Instead, use `imageio` or other I/O packages directly.\n"}
,{"stream_name":"stdout","time":558.463336574,"data":"  return _bootstrap._gcd_import(name[level:], package, level)\n"}
,{"stream_name":"stdout","time":558.467806238,"data":"/usr/local/lib/python3.12/dist-packages/dask/array/image.py:7: FutureWarning: `find_available_plugins` is deprecated since version 0.25 and will be removed in version 0.27. The plugin infrastructure of `skimage.io` is deprecated. Instead, use `imageio` or other I/O packages directly.\n"}
,{"stream_name":"stdout","time":558.468921425,"data":"  from skimage.io import imread as sk_imread\n"}
,{"stream_name":"stdout","time":558.472944442,"data":"/usr/lib/python3.12/importlib/__init__.py:90: FutureWarning: `reset_plugins` is deprecated since version 0.25 and will be removed in version 0.27. The plugin infrastructure of `skimage.io` is deprecated. Instead, use `imageio` or other I/O packages directly.\n"}
,{"stream_name":"stdout","time":558.474027521,"data":"  return _bootstrap._gcd_import(name[level:], package, level)\n"}
,{"stream_name":"stdout","time":559.199433924,"data":"Secondary model: /kaggle/working/secondary_seed_weights/unet_transformer/split_0/edge_predictor_best.pth | edge weight = 0.150 | detection weight = 0.800 | link mode = low_margin_consensus | temperature = 1.000 | low-margin max = 0.350 | edge threshold = 0.480\n"}
,{"stream_name":"stdout","time":559.199500261,"data":"Fold 0: 2 datasets | weights=weights/unet_transformer/split_0/edge_predictor_best.pth | device=cuda | window_size=2 | pool_kernel_um=3.0\n"}
,{"stream_name":"stdout","time":559.20081793,"data":"Secondary model: /kaggle/working/secondary_seed_weights/unet_transformer/split_0/edge_predictor_best.pth | edge weight = 0.150 | detection weight = 0.800 | link mode = low_margin_consensus | temperature = 1.000 | low-margin max = 0.350 | edge threshold = 0.480\n"}
,{"stream_name":"stdout","time":559.201765007,"data":"Fold 0: 2 datasets | weights=weights/unet_transformer/split_0/edge_predictor_best.pth | device=cuda | window_size=2 | pool_kernel_um=3.0\n"}
,{"stream_name":"stdout","time":561.578316471,"data":"EDGE_TTA_ACTIVE views = 8 mean_abs_feat_delta = 0.178826\n"}
,{"stream_name":"stdout","time":561.578347145,"data":"EDGE_TTA_ACTIVE views = 8 mean_abs_feat_delta = 0.253771\n"}
,{"stream_name":"stdout","time":562.452648271,"data":"SECONDARY_EDGE_TTA_ACTIVE views = 8 weight = 0.75 mean_abs_feat_delta = 0.230737\n"}
,{"stream_name":"stdout","time":562.452712594,"data":"SECONDARY_EDGE_TTA_ACTIVE views = 8 weight = 0.75 mean_abs_feat_delta = 0.28166\n"}
,{"stream_name":"stdout","time":566.888990045,"data":"EDGE_TTA_ACTIVE views = 8 mean_abs_feat_delta = 0.180853\n"}
,{"stream_name":"stdout","time":567.005675718,"data":"EDGE_TTA_ACTIVE views = 8 mean_abs_feat_delta = 0.259404\n"}
,{"stream_name":"stdout","time":567.756349803,"data":"SECONDARY_EDGE_TTA_ACTIVE views = 8 weight = 0.75 mean_abs_feat_delta = 0.23209\n"}
,{"stream_name":"stdout","time":567.881616355,"data":"SECONDARY_EDGE_TTA_ACTIVE views = 8 weight = 0.75 mean_abs_feat_delta = 0.288809\n"}
,{"stream_name":"stdout","time":568.839047453,"data":"EDGE_TTA_ACTIVE views = 8 mean_abs_feat_delta = 0.18161\n"}
,{"stream_name":"stdout","time":569.154554442,"data":"EDGE_TTA_ACTIVE views = 8 mean_abs_feat_delta = 0.25045\n"}
,{"stream_name":"stdout","time":569.714370399,"data":"SECONDARY_EDGE_TTA_ACTIVE views = 8 weight = 0.75 mean_abs_feat_delta = 0.232786\n"}
,{"stream_name":"stdout","time":570.032040295,"data":"SECONDARY_EDGE_TTA_ACTIVE views = 8 weight = 0.75 mean_abs_feat_delta = 0.287127\n"}
,{"stream_name":"stdout","time":570.804968864,"data":"EDGE_TTA_ACTIVE views = 8 mean_abs_feat_delta = 0.181929\n"}
,{"stream_name":"stdout","time":571.281973446,"data":"EDGE_TTA_ACTIVE views = 8 mean_abs_feat_delta = 0.266291\n"}
,{"stream_name":"stdout","time":571.676819447,"data":"SECONDARY_EDGE_TTA_ACTIVE views = 8 weight = 0.75 mean_abs_feat_delta = 0.232764\n"}
,{"stream_name":"stdout","time":572.162138469,"data":"SECONDARY_EDGE_TTA_ACTIVE views = 8 weight = 0.75 mean_abs_feat_delta = 0.283303\n"}
,{"stream_name":"stdout","time":572.772144426,"data":"EDGE_TTA_ACTIVE views = 8 mean_abs_feat_delta = 0.180935\n"}
,{"stream_name":"stdout","time":573.417282857,"data":"EDGE_TTA_ACTIVE views = 8 mean_abs_feat_delta = 0.279652\n"}
,{"stream_name":"stdout","time":573.666177955,"data":"SECONDARY_EDGE_TTA_ACTIVE views = 8 weight = 0.75 mean_abs_feat_delta = 0.236445\n"}
,{"stream_name":"stdout","time":574.30191584,"data":"SECONDARY_EDGE_TTA_ACTIVE views = 8 weight = 0.75 mean_abs_feat_delta = 0.289665\n"}
,{"stream_name":"stdout","time":574.800269236,"data":"EDGE_TTA_ACTIVE views = 8 mean_abs_feat_delta = 0.180107\n"}
,{"stream_name":"stdout","time":575.592279969,"data":"EDGE_TTA_ACTIVE views = 8 mean_abs_feat_delta = 0.27974\n"}
,{"stream_name":"stdout","time":575.676373086,"data":"SECONDARY_EDGE_TTA_ACTIVE views = 8 weight = 0.75 mean_abs_feat_delta = 0.236059\n"}
,{"stream_name":"stdout","time":576.481077376,"data":"SECONDARY_EDGE_TTA_ACTIVE views = 8 weight = 0.75 mean_abs_feat_delta = 0.296162\n"}
,{"stream_name":"stdout","time":576.68786538,"data":"EDGE_TTA_ACTIVE views = 8 mean_abs_feat_delta = 0.181127\n"}
,{"stream_name":"stdout","time":577.565489221,"data":"SECONDARY_EDGE_TTA_ACTIVE views = 8 weight = 0.75 mean_abs_feat_delta = 0.242392\n"}
,{"stream_name":"stdout","time":577.703061806,"data":"EDGE_TTA_ACTIVE views = 8 mean_abs_feat_delta = 0.279014\n"}
,{"stream_name":"stdout","time":578.608791203,"data":"SECONDARY_EDGE_TTA_ACTIVE views = 8 weight = 0.75 mean_abs_feat_delta = 0.297976\n"}
,{"stream_name":"stdout","time":578.634177772,"data":"EDGE_TTA_ACTIVE views = 8 mean_abs_feat_delta = 0.183477\n"}
,{"stream_name":"stdout","time":579.512166307,"data":"SECONDARY_EDGE_TTA_ACTIVE views = 8 weight = 0.75 mean_abs_feat_delta = 0.241164\n"}
,{"stream_name":"stdout","time":579.89791676,"data":"EDGE_TTA_ACTIVE views = 8 mean_abs_feat_delta = 0.269127\n"}
,{"stream_name":"stdout","time":580.604571813,"data":"EDGE_TTA_ACTIVE views = 8 mean_abs_feat_delta = 0.183083\n"}
,{"stream_name":"stdout","time":580.797014968,"data":"SECONDARY_EDGE_TTA_ACTIVE views = 8 weight = 0.75 mean_abs_feat_delta = 0.292587\n"}
,{"stream_name":"stdout","time":581.491767189,"data":"SECONDARY_EDGE_TTA_ACTIVE views = 8 weight = 0.75 mean_abs_feat_delta = 0.240446\n"}
,{"stream_name":"stdout","time":582.012087637,"data":"EDGE_TTA_ACTIVE views = 8 mean_abs_feat_delta = 0.269819\n"}
,{"stream_name":"stdout","time":582.564501953,"data":"EDGE_TTA_ACTIVE views = 8 mean_abs_feat_delta = 0.18224\n"}
,{"stream_name":"stdout","time":582.913707199,"data":"SECONDARY_EDGE_TTA_ACTIVE views = 8 weight = 0.75 mean_abs_feat_delta = 0.291168\n"}
,{"stream_name":"stdout","time":583.464666917,"data":"SECONDARY_EDGE_TTA_ACTIVE views = 8 weight = 0.75 mean_abs_feat_delta = 0.24216\n"}
,{"stream_name":"stdout","time":584.226027165,"data":"EDGE_TTA_ACTIVE views = 8 mean_abs_feat_delta = 0.271553\n"}
,{"stream_name":"stdout","time":584.605612104,"data":"EDGE_TTA_ACTIVE views = 8 mean_abs_feat_delta = 0.182183\n"}
,{"stream_name":"stdout","time":585.136806681,"data":"SECONDARY_EDGE_TTA_ACTIVE views = 8 weight = 0.75 mean_abs_feat_delta = 0.301242\n"}
,{"stream_name":"stdout","time":585.499512068,"data":"SECONDARY_EDGE_TTA_ACTIVE views = 8 weight = 0.75 mean_abs_feat_delta = 0.243727\n"}
,{"stream_name":"stdout","time":586.410358658,"data":"EDGE_TTA_ACTIVE views = 8 mean_abs_feat_delta = 0.259867\n"}
,{"stream_name":"stdout","time":586.558590543,"data":"EDGE_TTA_ACTIVE views = 8 mean_abs_feat_delta = 0.180362\n"}
,{"stream_name":"stdout","time":587.323881705,"data":"SECONDARY_EDGE_TTA_ACTIVE views = 8 weight = 0.75 mean_abs_feat_delta = 0.289865\n"}
,{"stream_name":"stdout","time":587.456954026,"data":"SECONDARY_EDGE_TTA_ACTIVE views = 8 weight = 0.75 mean_abs_feat_delta = 0.241899\n"}
,{"stream_name":"stdout","time":588.614876191,"data":"EDGE_TTA_ACTIVE views = 8 mean_abs_feat_delta = 0.182261\n"}
,{"stream_name":"stdout","time":588.670694877,"data":"EDGE_TTA_ACTIVE views = 8 mean_abs_feat_delta = 0.285899\n"}
,{"stream_name":"stdout","time":589.515276443,"data":"SECONDARY_EDGE_TTA_ACTIVE views = 8 weight = 0.75 mean_abs_feat_delta = 0.237416\n"}
,{"stream_name":"stdout","time":589.599346668,"data":"SECONDARY_EDGE_TTA_ACTIVE views = 8 weight = 0.75 mean_abs_feat_delta = 0.298743\n"}
,{"stream_name":"stdout","time":590.662660161,"data":"EDGE_TTA_ACTIVE views = 8 mean_abs_feat_delta = 0.184613\n"}
,{"stream_name":"stdout","time":590.869425519,"data":"EDGE_TTA_ACTIVE views = 8 mean_abs_feat_delta = 0.282534\n"}
,{"stream_name":"stdout","time":591.566428703,"data":"SECONDARY_EDGE_TTA_ACTIVE views = 8 weight = 0.75 mean_abs_feat_delta = 0.238386\n"}
,{"stream_name":"stdout","time":591.806799369,"data":"SECONDARY_EDGE_TTA_ACTIVE views = 8 weight = 0.75 mean_abs_feat_delta = 0.295579\n"}
,{"stream_name":"stdout","time":592.69103284,"data":"EDGE_TTA_ACTIVE views = 8 mean_abs_feat_delta = 0.184054\n"}
,{"stream_name":"stdout","time":593.059211906,"data":"EDGE_TTA_ACTIVE views = 8 mean_abs_feat_delta = 0.290226\n"}
,{"stream_name":"stdout","time":593.598910927,"data":"SECONDARY_EDGE_TTA_ACTIVE views = 8 weight = 0.75 mean_abs_feat_delta = 0.238478\n"}
,{"stream_name":"stdout","time":593.980480661,"data":"SECONDARY_EDGE_TTA_ACTIVE views = 8 weight = 0.75 mean_abs_feat_delta = 0.29037\n"}
,{"stream_name":"stdout","time":594.75899296,"data":"EDGE_TTA_ACTIVE views = 8 mean_abs_feat_delta = 0.181227\n"}
,{"stream_name":"stdout","time":595.198832587,"data":"EDGE_TTA_ACTIVE views = 8 mean_abs_feat_delta = 0.295893\n"}
,{"stream_name":"stdout","time":595.680901743,"data":"SECONDARY_EDGE_TTA_ACTIVE views = 8 weight = 0.75 mean_abs_feat_delta = 0.234529\n"}
,{"stream_name":"stdout","time":596.125222384,"data":"SECONDARY_EDGE_TTA_ACTIVE views = 8 weight = 0.75 mean_abs_feat_delta = 0.286822\n"}
,{"stream_name":"stdout","time":596.760167254,"data":"EDGE_TTA_ACTIVE views = 8 mean_abs_feat_delta = 0.180334\n"}
,{"stream_name":"stdout","time":597.360059271,"data":"EDGE_TTA_ACTIVE views = 8 mean_abs_feat_delta = 0.29708\n"}
,{"stream_name":"stdout","time":597.67449541,"data":"SECONDARY_EDGE_TTA_ACTIVE views = 8 weight = 0.75 mean_abs_feat_delta = 0.238533\n"}
,{"stream_name":"stdout","time":598.297203394,"data":"SECONDARY_EDGE_TTA_ACTIVE views = 8 weight = 0.75 mean_abs_feat_delta = 0.282972\n"}
,{"stream_name":"stdout","time":598.802185435,"data":"EDGE_TTA_ACTIVE views = 8 mean_abs_feat_delta = 0.183049\n"}
,{"stream_name":"stdout","time":599.556807853,"data":"EDGE_TTA_ACTIVE views = 8 mean_abs_feat_delta = 0.294862\n"}
,{"stream_name":"stdout","time":599.719841386,"data":"SECONDARY_EDGE_TTA_ACTIVE views = 8 weight = 0.75 mean_abs_feat_delta = 0.239819\n"}
,{"stream_name":"stdout","time":600.496924839,"data":"SECONDARY_EDGE_TTA_ACTIVE views = 8 weight = 0.75 mean_abs_feat_delta = 0.284899\n"}
,{"stream_name":"stdout","time":600.854718989,"data":"EDGE_TTA_ACTIVE views = 8 mean_abs_feat_delta = 0.184803\n"}
,{"stream_name":"stdout","time":601.748471278,"data":"EDGE_TTA_ACTIVE views = 8 mean_abs_feat_delta = 0.296275\n"}
,{"stream_name":"stdout","time":601.777703317,"data":"SECONDARY_EDGE_TTA_ACTIVE views = 8 weight = 0.75 mean_abs_feat_delta = 0.242037\n"}
,{"stream_name":"stdout","time":602.695174298,"data":"SECONDARY_EDGE_TTA_ACTIVE views = 8 weight = 0.75 mean_abs_feat_delta = 0.276632\n"}
,{"stream_name":"stdout","time":602.895632314,"data":"EDGE_TTA_ACTIVE views = 8 mean_abs_feat_delta = 0.184611\n"}
,{"stream_name":"stdout","time":603.822721456,"data":"SECONDARY_EDGE_TTA_ACTIVE views = 8 weight = 0.75 mean_abs_feat_delta = 0.241724\n"}
,{"stream_name":"stdout","time":604.000558418,"data":"EDGE_TTA_ACTIVE views = 8 mean_abs_feat_delta = 0.299201\n"}
,{"stream_name":"stdout","time":604.93040113,"data":"EDGE_TTA_ACTIVE views = 8 mean_abs_feat_delta = 0.187393\n"}
,{"stream_name":"stdout","time":604.950954904,"data":"SECONDARY_EDGE_TTA_ACTIVE views = 8 weight = 0.75 mean_abs_feat_delta = 0.278285\n"}
,{"stream_name":"stdout","time":605.854820152,"data":"SECONDARY_EDGE_TTA_ACTIVE views = 8 weight = 0.75 mean_abs_feat_delta = 0.234753\n"}
,{"stream_name":"stdout","time":606.259415575,"data":"EDGE_TTA_ACTIVE views = 8 mean_abs_feat_delta = 0.300814\n"}
,{"stream_name":"stdout","time":606.99163857,"data":"EDGE_TTA_ACTIVE views = 8 mean_abs_feat_delta = 0.188758\n"}
,{"stream_name":"stdout","time":607.216342312,"data":"SECONDARY_EDGE_TTA_ACTIVE views = 8 weight = 0.75 mean_abs_feat_delta = 0.280197\n"}
,{"stream_name":"stdout","time":607.919339751,"data":"SECONDARY_EDGE_TTA_ACTIVE views = 8 weight = 0.75 mean_abs_feat_delta = 0.238746\n"}
,{"stream_name":"stdout","time":608.432156397,"data":"EDGE_TTA_ACTIVE views = 8 mean_abs_feat_delta = 0.294916\n"}
,{"stream_name":"stdout","time":609.072723775,"data":"EDGE_TTA_ACTIVE views = 8 mean_abs_feat_delta = 0.19111\n"}
,{"stream_name":"stdout","time":609.403761474,"data":"SECONDARY_EDGE_TTA_ACTIVE views = 8 weight = 0.75 mean_abs_feat_delta = 0.281334\n"}
,{"stream_name":"stdout","time":610.000540475,"data":"SECONDARY_EDGE_TTA_ACTIVE views = 8 weight = 0.75 mean_abs_feat_delta = 0.238954\n"}
,{"stream_name":"stdout","time":610.726175889,"data":"EDGE_TTA_ACTIVE views = 8 mean_abs_feat_delta = 0.28859\n"}
,{"stream_name":"stdout","time":611.185574852,"data":"EDGE_TTA_ACTIVE views = 8 mean_abs_feat_delta = 0.190432\n"}
,{"stream_name":"stdout","time":611.699504355,"data":"SECONDARY_EDGE_TTA_ACTIVE views = 8 weight = 0.75 mean_abs_feat_delta = 0.280031\n"}
,{"stream_name":"stdout","time":612.119296744,"data":"SECONDARY_EDGE_TTA_ACTIVE views = 8 weight = 0.75 mean_abs_feat_delta = 0.235145\n"}
,{"stream_name":"stdout","time":613.017523778,"data":"EDGE_TTA_ACTIVE views = 8 mean_abs_feat_delta = 0.290579\n"}
,{"stream_name":"stdout","time":613.297307215,"data":"EDGE_TTA_ACTIVE views = 8 mean_abs_feat_delta = 0.189851\n"}
,{"stream_name":"stdout","time":614.00519221,"data":"SECONDARY_EDGE_TTA_ACTIVE views = 8 weight = 0.75 mean_abs_feat_delta = 0.277655\n"}
,{"stream_name":"stdout","time":614.231938094,"data":"SECONDARY_EDGE_TTA_ACTIVE views = 8 weight = 0.75 mean_abs_feat_delta = 0.236219\n"}
,{"stream_name":"stdout","time":615.324925063,"data":"EDGE_TTA_ACTIVE views = 8 mean_abs_feat_delta = 0.295005\n"}
,{"stream_name":"stdout","time":615.380509135,"data":"EDGE_TTA_ACTIVE views = 8 mean_abs_feat_delta = 0.189087\n"}
,{"stream_name":"stdout","time":616.297365951,"data":"SECONDARY_EDGE_TTA_ACTIVE views = 8 weight = 0.75 mean_abs_feat_delta = 0.282322\n"}
,{"stream_name":"stdout","time":616.322234303,"data":"SECONDARY_EDGE_TTA_ACTIVE views = 8 weight = 0.75 mean_abs_feat_delta = 0.234985\n"}
,{"stream_name":"stdout","time":617.480864852,"data":"EDGE_TTA_ACTIVE views = 8 mean_abs_feat_delta = 0.19221\n"}
,{"stream_name":"stdout","time":617.573441374,"data":"EDGE_TTA_ACTIVE views = 8 mean_abs_feat_delta = 0.297967\n"}
,{"stream_name":"stdout","time":618.419126201,"data":"SECONDARY_EDGE_TTA_ACTIVE views = 8 weight = 0.75 mean_abs_feat_delta = 0.230623\n"}
,{"stream_name":"stdout","time":618.54563311,"data":"SECONDARY_EDGE_TTA_ACTIVE views = 8 weight = 0.75 mean_abs_feat_delta = 0.280181\n"}
,{"stream_name":"stdout","time":619.569890957,"data":"EDGE_TTA_ACTIVE views = 8 mean_abs_feat_delta = 0.192166\n"}
,{"stream_name":"stdout","time":619.842298824,"data":"EDGE_TTA_ACTIVE views = 8 mean_abs_feat_delta = 0.304104\n"}
,{"stream_name":"stdout","time":620.510884907,"data":"SECONDARY_EDGE_TTA_ACTIVE views = 8 weight = 0.75 mean_abs_feat_delta = 0.233514\n"}
,{"stream_name":"stdout","time":620.83667845,"data":"SECONDARY_EDGE_TTA_ACTIVE views = 8 weight = 0.75 mean_abs_feat_delta = 0.284381\n"}
,{"stream_name":"stdout","time":621.701654976,"data":"EDGE_TTA_ACTIVE views = 8 mean_abs_feat_delta = 0.192059\n"}
,{"stream_name":"stdout","time":622.180289839,"data":"EDGE_TTA_ACTIVE views = 8 mean_abs_feat_delta = 0.304669\n"}
,{"stream_name":"stdout","time":622.651099853,"data":"SECONDARY_EDGE_TTA_ACTIVE views = 8 weight = 0.75 mean_abs_feat_delta = 0.236419\n"}
,{"stream_name":"stdout","time":623.168882216,"data":"SECONDARY_EDGE_TTA_ACTIVE views = 8 weight = 0.75 mean_abs_feat_delta = 0.289602\n"}
,{"stream_name":"stdout","time":623.814398397,"data":"EDGE_TTA_ACTIVE views = 8 mean_abs_feat_delta = 0.194003\n"}
,{"stream_name":"stdout","time":624.472730717,"data":"EDGE_TTA_ACTIVE views = 8 mean_abs_feat_delta = 0.300035\n"}
,{"stream_name":"stdout","time":624.764305054,"data":"SECONDARY_EDGE_TTA_ACTIVE views = 8 weight = 0.75 mean_abs_feat_delta = 0.240106\n"}
,{"stream_name":"stdout","time":625.465983669,"data":"SECONDARY_EDGE_TTA_ACTIVE views = 8 weight = 0.75 mean_abs_feat_delta = 0.291319\n"}
,{"stream_name":"stdout","time":625.928999241,"data":"EDGE_TTA_ACTIVE views = 8 mean_abs_feat_delta = 0.195721\n"}
,{"stream_name":"stdout","time":626.794003107,"data":"EDGE_TTA_ACTIVE views = 8 mean_abs_feat_delta = 0.300301\n"}
,{"stream_name":"stdout","time":626.896357563,"data":"SECONDARY_EDGE_TTA_ACTIVE views = 8 weight = 0.75 mean_abs_feat_delta = 0.251196\n"}
,{"stream_name":"stdout","time":627.800482279,"data":"SECONDARY_EDGE_TTA_ACTIVE views = 8 weight = 0.75 mean_abs_feat_delta = 0.283865\n"}
,{"stream_name":"stdout","time":628.064775415,"data":"EDGE_TTA_ACTIVE views = 8 mean_abs_feat_delta = 0.199984\n"}
,{"stream_name":"stdout","time":629.017023095,"data":"SECONDARY_EDGE_TTA_ACTIVE views = 8 weight = 0.75 mean_abs_feat_delta = 0.251416\n"}
,{"stream_name":"stdout","time":629.090033378,"data":"EDGE_TTA_ACTIVE views = 8 mean_abs_feat_delta = 0.306613\n"}
,{"stream_name":"stdout","time":630.10009234,"data":"SECONDARY_EDGE_TTA_ACTIVE views = 8 weight = 0.75 mean_abs_feat_delta = 0.282155\n"}
,{"stream_name":"stdout","time":630.192328844,"data":"EDGE_TTA_ACTIVE views = 8 mean_abs_feat_delta = 0.198049\n"}
,{"stream_name":"stdout","time":631.148764047,"data":"SECONDARY_EDGE_TTA_ACTIVE views = 8 weight = 0.75 mean_abs_feat_delta = 0.251129\n"}
,{"stream_name":"stdout","time":631.422637763,"data":"EDGE_TTA_ACTIVE views = 8 mean_abs_feat_delta = 0.30166\n"}
,{"stream_name":"stdout","time":632.336767781,"data":"EDGE_TTA_ACTIVE views = 8 mean_abs_feat_delta = 0.199002\n"}
,{"stream_name":"stdout","time":632.445728648,"data":"SECONDARY_EDGE_TTA_ACTIVE views = 8 weight = 0.75 mean_abs_feat_delta = 0.283753\n"}
,{"stream_name":"stdout","time":633.298087172,"data":"SECONDARY_EDGE_TTA_ACTIVE views = 8 weight = 0.75 mean_abs_feat_delta = 0.248917\n"}
,{"stream_name":"stdout","time":633.792590732,"data":"EDGE_TTA_ACTIVE views = 8 mean_abs_feat_delta = 0.302045\n"}
,{"stream_name":"stdout","time":634.456027008,"data":"EDGE_TTA_ACTIVE views = 8 mean_abs_feat_delta = 0.199265\n"}
,{"stream_name":"stdout","time":634.822041899,"data":"SECONDARY_EDGE_TTA_ACTIVE views = 8 weight = 0.75 mean_abs_feat_delta = 0.282429\n"}
,{"stream_name":"stdout","time":635.421493993,"data":"SECONDARY_EDGE_TTA_ACTIVE views = 8 weight = 0.75 mean_abs_feat_delta = 0.248317\n"}
,{"stream_name":"stdout","time":636.158464863,"data":"EDGE_TTA_ACTIVE views = 8 mean_abs_feat_delta = 0.30261\n"}
,{"stream_name":"stdout","time":636.647075815,"data":"EDGE_TTA_ACTIVE views = 8 mean_abs_feat_delta = 0.20009\n"}
,{"stream_name":"stdout","time":637.195131983,"data":"SECONDARY_EDGE_TTA_ACTIVE views = 8 weight = 0.75 mean_abs_feat_delta = 0.280468\n"}
,{"stream_name":"stdout","time":637.6201114,"data":"SECONDARY_EDGE_TTA_ACTIVE views = 8 weight = 0.75 mean_abs_feat_delta = 0.247468\n"}
,{"stream_name":"stdout","time":638.556938804,"data":"EDGE_TTA_ACTIVE views = 8 mean_abs_feat_delta = 0.304113\n"}
,{"stream_name":"stdout","time":638.837473854,"data":"EDGE_TTA_ACTIVE views = 8 mean_abs_feat_delta = 0.201008\n"}
,{"stream_name":"stdout","time":639.606295169,"data":"SECONDARY_EDGE_TTA_ACTIVE views = 8 weight = 0.75 mean_abs_feat_delta = 0.273313\n"}
,{"stream_name":"stdout","time":639.813540231,"data":"SECONDARY_EDGE_TTA_ACTIVE views = 8 weight = 0.75 mean_abs_feat_delta = 0.246968\n"}
,{"stream_name":"stdout","time":640.937737831,"data":"EDGE_TTA_ACTIVE views = 8 mean_abs_feat_delta = 0.304811\n"}
,{"stream_name":"stdout","time":641.00827709,"data":"EDGE_TTA_ACTIVE views = 8 mean_abs_feat_delta = 0.201717\n"}
,{"stream_name":"stdout","time":641.983001335,"data":"SECONDARY_EDGE_TTA_ACTIVE views = 8 weight = 0.75 mean_abs_feat_delta = 0.250361\n"}
,{"stream_name":"stdout","time":641.984877912,"data":"SECONDARY_EDGE_TTA_ACTIVE views = 8 weight = 0.75 mean_abs_feat_delta = 0.27435\n"}
,{"stream_name":"stdout","time":643.178679362,"data":"EDGE_TTA_ACTIVE views = 8 mean_abs_feat_delta = 0.20507\n"}
,{"stream_name":"stdout","time":643.373015048,"data":"EDGE_TTA_ACTIVE views = 8 mean_abs_feat_delta = 0.302536\n"}
,{"stream_name":"stdout","time":644.173298481,"data":"SECONDARY_EDGE_TTA_ACTIVE views = 8 weight = 0.75 mean_abs_feat_delta = 0.24375\n"}
,{"stream_name":"stdout","time":644.438232171,"data":"SECONDARY_EDGE_TTA_ACTIVE views = 8 weight = 0.75 mean_abs_feat_delta = 0.28122\n"}
,{"stream_name":"stdout","time":645.287818762,"data":"EDGE_TTA_ACTIVE views = 8 mean_abs_feat_delta = 0.20787\n"}
,{"stream_name":"stdout","time":645.866853861,"data":"EDGE_TTA_ACTIVE views = 8 mean_abs_feat_delta = 0.297721\n"}
,{"stream_name":"stdout","time":646.284578746,"data":"SECONDARY_EDGE_TTA_ACTIVE views = 8 weight = 0.75 mean_abs_feat_delta = 0.239566\n"}
,{"stream_name":"stdout","time":646.940593621,"data":"SECONDARY_EDGE_TTA_ACTIVE views = 8 weight = 0.75 mean_abs_feat_delta = 0.277064\n"}
,{"stream_name":"stdout","time":647.423083364,"data":"EDGE_TTA_ACTIVE views = 8 mean_abs_feat_delta = 0.208639\n"}
,{"stream_name":"stdout","time":648.354286873,"data":"EDGE_TTA_ACTIVE views = 8 mean_abs_feat_delta = 0.298667\n"}
,{"stream_name":"stdout","time":648.409005814,"data":"SECONDARY_EDGE_TTA_ACTIVE views = 8 weight = 0.75 mean_abs_feat_delta = 0.242074\n"}
,{"stream_name":"stdout","time":649.437510531,"data":"SECONDARY_EDGE_TTA_ACTIVE views = 8 weight = 0.75 mean_abs_feat_delta = 0.274933\n"}
,{"stream_name":"stdout","time":649.613655732,"data":"EDGE_TTA_ACTIVE views = 8 mean_abs_feat_delta = 0.205539\n"}
,{"stream_name":"stdout","time":650.605067313,"data":"SECONDARY_EDGE_TTA_ACTIVE views = 8 weight = 0.75 mean_abs_feat_delta = 0.24388\n"}
,{"stream_name":"stdout","time":650.831376282,"data":"EDGE_TTA_ACTIVE views = 8 mean_abs_feat_delta = 0.294786\n"}
,{"stream_name":"stdout","time":651.780528937,"data":"EDGE_TTA_ACTIVE views = 8 mean_abs_feat_delta = 0.204315\n"}
,{"stream_name":"stdout","time":651.923305791,"data":"SECONDARY_EDGE_TTA_ACTIVE views = 8 weight = 0.75 mean_abs_feat_delta = 0.278308\n"}
,{"stream_name":"stdout","time":652.776540887,"data":"SECONDARY_EDGE_TTA_ACTIVE views = 8 weight = 0.75 mean_abs_feat_delta = 0.242396\n"}
,{"stream_name":"stdout","time":653.332944093,"data":"EDGE_TTA_ACTIVE views = 8 mean_abs_feat_delta = 0.297426\n"}
,{"stream_name":"stdout","time":653.951363375,"data":"EDGE_TTA_ACTIVE views = 8 mean_abs_feat_delta = 0.206784\n"}
,{"stream_name":"stdout","time":654.435371444,"data":"SECONDARY_EDGE_TTA_ACTIVE views = 8 weight = 0.75 mean_abs_feat_delta = 0.285352\n"}
,{"stream_name":"stdout","time":654.954234193,"data":"SECONDARY_EDGE_TTA_ACTIVE views = 8 weight = 0.75 mean_abs_feat_delta = 0.24245\n"}
,{"stream_name":"stdout","time":655.886368166,"data":"EDGE_TTA_ACTIVE views = 8 mean_abs_feat_delta = 0.296549\n"}
,{"stream_name":"stdout","time":656.175782271,"data":"EDGE_TTA_ACTIVE views = 8 mean_abs_feat_delta = 0.208765\n"}
,{"stream_name":"stdout","time":657.003409941,"data":"SECONDARY_EDGE_TTA_ACTIVE views = 8 weight = 0.75 mean_abs_feat_delta = 0.280788\n"}
,{"stream_name":"stdout","time":657.185698886,"data":"SECONDARY_EDGE_TTA_ACTIVE views = 8 weight = 0.75 mean_abs_feat_delta = 0.246663\n"}
,{"stream_name":"stdout","time":658.469569967,"data":"EDGE_TTA_ACTIVE views = 8 mean_abs_feat_delta = 0.295904\n"}
,{"stream_name":"stdout","time":658.489558651,"data":"EDGE_TTA_ACTIVE views = 8 mean_abs_feat_delta = 0.206317\n"}
,{"stream_name":"stdout","time":659.499235243,"data":"SECONDARY_EDGE_TTA_ACTIVE views = 8 weight = 0.75 mean_abs_feat_delta = 0.248161\n"}
,{"stream_name":"stdout","time":659.597657258,"data":"SECONDARY_EDGE_TTA_ACTIVE views = 8 weight = 0.75 mean_abs_feat_delta = 0.282166\n"}
,{"stream_name":"stdout","time":660.727995176,"data":"EDGE_TTA_ACTIVE views = 8 mean_abs_feat_delta = 0.209605\n"}
,{"stream_name":"stdout","time":661.058783691,"data":"EDGE_TTA_ACTIVE views = 8 mean_abs_feat_delta = 0.295037\n"}
,{"stream_name":"stdout","time":661.745160693,"data":"SECONDARY_EDGE_TTA_ACTIVE views = 8 weight = 0.75 mean_abs_feat_delta = 0.244572\n"}
,{"stream_name":"stdout","time":662.19569143,"data":"SECONDARY_EDGE_TTA_ACTIVE views = 8 weight = 0.75 mean_abs_feat_delta = 0.283823\n"}
,{"stream_name":"stdout","time":662.999631191,"data":"EDGE_TTA_ACTIVE views = 8 mean_abs_feat_delta = 0.210219\n"}
,{"stream_name":"stdout","time":663.633695478,"data":"EDGE_TTA_ACTIVE views = 8 mean_abs_feat_delta = 0.294673\n"}
,{"stream_name":"stdout","time":664.024410501,"data":"SECONDARY_EDGE_TTA_ACTIVE views = 8 weight = 0.75 mean_abs_feat_delta = 0.244253\n"}
,{"stream_name":"stdout","time":664.773040306,"data":"SECONDARY_EDGE_TTA_ACTIVE views = 8 weight = 0.75 mean_abs_feat_delta = 0.281373\n"}
,{"stream_name":"stdout","time":665.289201384,"data":"EDGE_TTA_ACTIVE views = 8 mean_abs_feat_delta = 0.209632\n"}
,{"stream_name":"stdout","time":666.252933239,"data":"EDGE_TTA_ACTIVE views = 8 mean_abs_feat_delta = 0.291564\n"}
,{"stream_name":"stdout","time":666.321088055,"data":"SECONDARY_EDGE_TTA_ACTIVE views = 8 weight = 0.75 mean_abs_feat_delta = 0.251298\n"}
,{"stream_name":"stdout","time":667.385969613,"data":"SECONDARY_EDGE_TTA_ACTIVE views = 8 weight = 0.75 mean_abs_feat_delta = 0.281151\n"}
,{"stream_name":"stdout","time":667.572494401,"data":"EDGE_TTA_ACTIVE views = 8 mean_abs_feat_delta = 0.20872\n"}
,{"stream_name":"stdout","time":668.604243432,"data":"SECONDARY_EDGE_TTA_ACTIVE views = 8 weight = 0.75 mean_abs_feat_delta = 0.241945\n"}
,{"stream_name":"stdout","time":668.860606395,"data":"EDGE_TTA_ACTIVE views = 8 mean_abs_feat_delta = 0.294352\n"}
,{"stream_name":"stdout","time":669.893598001,"data":"EDGE_TTA_ACTIVE views = 8 mean_abs_feat_delta = 0.205284\n"}
,{"stream_name":"stdout","time":669.994898631,"data":"SECONDARY_EDGE_TTA_ACTIVE views = 8 weight = 0.75 mean_abs_feat_delta = 0.288338\n"}
,{"stream_name":"stdout","time":670.928634887,"data":"SECONDARY_EDGE_TTA_ACTIVE views = 8 weight = 0.75 mean_abs_feat_delta = 0.241039\n"}
,{"stream_name":"stdout","time":671.472665234,"data":"EDGE_TTA_ACTIVE views = 8 mean_abs_feat_delta = 0.293161\n"}
,{"stream_name":"stdout","time":672.152400329,"data":"EDGE_TTA_ACTIVE views = 8 mean_abs_feat_delta = 0.207777\n"}
,{"stream_name":"stdout","time":672.592061224,"data":"SECONDARY_EDGE_TTA_ACTIVE views = 8 weight = 0.75 mean_abs_feat_delta = 0.292434\n"}
,{"stream_name":"stdout","time":673.193491375,"data":"SECONDARY_EDGE_TTA_ACTIVE views = 8 weight = 0.75 mean_abs_feat_delta = 0.250851\n"}
,{"stream_name":"stdout","time":674.032319054,"data":"EDGE_TTA_ACTIVE views = 8 mean_abs_feat_delta = 0.289569\n"}
,{"stream_name":"stdout","time":674.446299182,"data":"EDGE_TTA_ACTIVE views = 8 mean_abs_feat_delta = 0.208665\n"}
,{"stream_name":"stdout","time":675.138879152,"data":"SECONDARY_EDGE_TTA_ACTIVE views = 8 weight = 0.75 mean_abs_feat_delta = 0.288129\n"}
,{"stream_name":"stdout","time":675.494217252,"data":"SECONDARY_EDGE_TTA_ACTIVE views = 8 weight = 0.75 mean_abs_feat_delta = 0.253217\n"}
,{"stream_name":"stdout","time":676.57819486,"data":"EDGE_TTA_ACTIVE views = 8 mean_abs_feat_delta = 0.285106\n"}
,{"stream_name":"stdout","time":676.765579476,"data":"EDGE_TTA_ACTIVE views = 8 mean_abs_feat_delta = 0.211655\n"}
,{"stream_name":"stdout","time":677.672681019,"data":"SECONDARY_EDGE_TTA_ACTIVE views = 8 weight = 0.75 mean_abs_feat_delta = 0.299885\n"}
,{"stream_name":"stdout","time":677.813278352,"data":"SECONDARY_EDGE_TTA_ACTIVE views = 8 weight = 0.75 mean_abs_feat_delta = 0.261342\n"}
,{"stream_name":"stdout","time":679.091763968,"data":"EDGE_TTA_ACTIVE views = 8 mean_abs_feat_delta = 0.211726\n"}
,{"stream_name":"stdout","time":679.11582395,"data":"EDGE_TTA_ACTIVE views = 8 mean_abs_feat_delta = 0.283256\n"}
,{"stream_name":"stdout","time":680.145853303,"data":"SECONDARY_EDGE_TTA_ACTIVE views = 8 weight = 0.75 mean_abs_feat_delta = 0.263655\n"}
,{"stream_name":"stdout","time":680.19814167,"data":"SECONDARY_EDGE_TTA_ACTIVE views = 8 weight = 0.75 mean_abs_feat_delta = 0.305548\n"}
,{"stream_name":"stdout","time":681.419563687,"data":"EDGE_TTA_ACTIVE views = 8 mean_abs_feat_delta = 0.211555\n"}
,{"stream_name":"stdout","time":681.615938455,"data":"EDGE_TTA_ACTIVE views = 8 mean_abs_feat_delta = 0.278807\n"}
,{"stream_name":"stdout","time":682.475546914,"data":"SECONDARY_EDGE_TTA_ACTIVE views = 8 weight = 0.75 mean_abs_feat_delta = 0.264049\n"}
,{"stream_name":"stdout","time":682.697033712,"data":"SECONDARY_EDGE_TTA_ACTIVE views = 8 weight = 0.75 mean_abs_feat_delta = 0.296505\n"}
,{"stream_name":"stdout","time":683.785909892,"data":"EDGE_TTA_ACTIVE views = 8 mean_abs_feat_delta = 0.210338\n"}
,{"stream_name":"stdout","time":684.136136945,"data":"EDGE_TTA_ACTIVE views = 8 mean_abs_feat_delta = 0.275136\n"}
,{"stream_name":"stdout","time":684.84408634,"data":"SECONDARY_EDGE_TTA_ACTIVE views = 8 weight = 0.75 mean_abs_feat_delta = 0.262185\n"}
,{"stream_name":"stdout","time":685.210261464,"data":"SECONDARY_EDGE_TTA_ACTIVE views = 8 weight = 0.75 mean_abs_feat_delta = 0.295986\n"}
,{"stream_name":"stdout","time":686.158020022,"data":"EDGE_TTA_ACTIVE views = 8 mean_abs_feat_delta = 0.206608\n"}
,{"stream_name":"stdout","time":686.614183536,"data":"EDGE_TTA_ACTIVE views = 8 mean_abs_feat_delta = 0.270455\n"}
,{"stream_name":"stdout","time":687.218628078,"data":"SECONDARY_EDGE_TTA_ACTIVE views = 8 weight = 0.75 mean_abs_feat_delta = 0.257653\n"}
,{"stream_name":"stdout","time":687.682611744,"data":"SECONDARY_EDGE_TTA_ACTIVE views = 8 weight = 0.75 mean_abs_feat_delta = 0.30285\n"}
,{"stream_name":"stdout","time":688.424151725,"data":"EDGE_TTA_ACTIVE views = 8 mean_abs_feat_delta = 0.206648\n"}
,{"stream_name":"stdout","time":689.140313962,"data":"EDGE_TTA_ACTIVE views = 8 mean_abs_feat_delta = 0.269659\n"}
,{"stream_name":"stdout","time":689.487991372,"data":"SECONDARY_EDGE_TTA_ACTIVE views = 8 weight = 0.75 mean_abs_feat_delta = 0.252778\n"}
,{"stream_name":"stdout","time":690.202403276,"data":"SECONDARY_EDGE_TTA_ACTIVE views = 8 weight = 0.75 mean_abs_feat_delta = 0.30254\n"}
,{"stream_name":"stdout","time":690.74364708,"data":"EDGE_TTA_ACTIVE views = 8 mean_abs_feat_delta = 0.211996\n"}
,{"stream_name":"stdout","time":691.66936775,"data":"EDGE_TTA_ACTIVE views = 8 mean_abs_feat_delta = 0.266189\n"}
,{"stream_name":"stdout","time":691.802635832,"data":"SECONDARY_EDGE_TTA_ACTIVE views = 8 weight = 0.75 mean_abs_feat_delta = 0.255196\n"}
,{"stream_name":"stdout","time":692.725263695,"data":"SECONDARY_EDGE_TTA_ACTIVE views = 8 weight = 0.75 mean_abs_feat_delta = 0.304896\n"}
,{"stream_name":"stdout","time":693.112571277,"data":"EDGE_TTA_ACTIVE views = 8 mean_abs_feat_delta = 0.215012\n"}
,{"stream_name":"stdout","time":694.152392485,"data":"EDGE_TTA_ACTIVE views = 8 mean_abs_feat_delta = 0.261557\n"}
,{"stream_name":"stdout","time":694.167572368,"data":"SECONDARY_EDGE_TTA_ACTIVE views = 8 weight = 0.75 mean_abs_feat_delta = 0.255652\n"}
,{"stream_name":"stdout","time":695.203887579,"data":"SECONDARY_EDGE_TTA_ACTIVE views = 8 weight = 0.75 mean_abs_feat_delta = 0.308335\n"}
,{"stream_name":"stdout","time":695.469899775,"data":"EDGE_TTA_ACTIVE views = 8 mean_abs_feat_delta = 0.214146\n"}
,{"stream_name":"stdout","time":696.525372109,"data":"SECONDARY_EDGE_TTA_ACTIVE views = 8 weight = 0.75 mean_abs_feat_delta = 0.256616\n"}
,{"stream_name":"stdout","time":696.668224019,"data":"EDGE_TTA_ACTIVE views = 8 mean_abs_feat_delta = 0.259852\n"}
,{"stream_name":"stdout","time":697.715103367,"data":"SECONDARY_EDGE_TTA_ACTIVE views = 8 weight = 0.75 mean_abs_feat_delta = 0.3079\n"}
,{"stream_name":"stdout","time":697.764115461,"data":"EDGE_TTA_ACTIVE views = 8 mean_abs_feat_delta = 0.217257\n"}
,{"stream_name":"stdout","time":698.813261416,"data":"SECONDARY_EDGE_TTA_ACTIVE views = 8 weight = 0.75 mean_abs_feat_delta = 0.257121\n"}
,{"stream_name":"stdout","time":699.141981716,"data":"EDGE_TTA_ACTIVE views = 8 mean_abs_feat_delta = 0.258192\n"}
,{"stream_name":"stdout","time":700.116343923,"data":"EDGE_TTA_ACTIVE views = 8 mean_abs_feat_delta = 0.218516\n"}
,{"stream_name":"stdout","time":700.185789507,"data":"SECONDARY_EDGE_TTA_ACTIVE views = 8 weight = 0.75 mean_abs_feat_delta = 0.304751\n"}
,{"stream_name":"stdout","time":701.162230923,"data":"SECONDARY_EDGE_TTA_ACTIVE views = 8 weight = 0.75 mean_abs_feat_delta = 0.257896\n"}
,{"stream_name":"stdout","time":701.608376294,"data":"EDGE_TTA_ACTIVE views = 8 mean_abs_feat_delta = 0.26331\n"}
,{"stream_name":"stdout","time":702.46483667,"data":"EDGE_TTA_ACTIVE views = 8 mean_abs_feat_delta = 0.217565\n"}
,{"stream_name":"stdout","time":702.649028751,"data":"SECONDARY_EDGE_TTA_ACTIVE views = 8 weight = 0.75 mean_abs_feat_delta = 0.300835\n"}
,{"stream_name":"stdout","time":703.503351439,"data":"SECONDARY_EDGE_TTA_ACTIVE views = 8 weight = 0.75 mean_abs_feat_delta = 0.259858\n"}
,{"stream_name":"stdout","time":704.138206635,"data":"EDGE_TTA_ACTIVE views = 8 mean_abs_feat_delta = 0.262869\n"}
,{"stream_name":"stdout","time":704.783364383,"data":"EDGE_TTA_ACTIVE views = 8 mean_abs_feat_delta = 0.217812\n"}
,{"stream_name":"stdout","time":705.176877742,"data":"SECONDARY_EDGE_TTA_ACTIVE views = 8 weight = 0.75 mean_abs_feat_delta = 0.300158\n"}
,{"stream_name":"stdout","time":705.794280676,"data":"SECONDARY_EDGE_TTA_ACTIVE views = 8 weight = 0.75 mean_abs_feat_delta = 0.25507\n"}
,{"stream_name":"stdout","time":706.586660896,"data":"EDGE_TTA_ACTIVE views = 8 mean_abs_feat_delta = 0.260486\n"}
,{"stream_name":"stdout","time":707.085815552,"data":"EDGE_TTA_ACTIVE views = 8 mean_abs_feat_delta = 0.215157\n"}
,{"stream_name":"stdout","time":707.625546911,"data":"SECONDARY_EDGE_TTA_ACTIVE views = 8 weight = 0.75 mean_abs_feat_delta = 0.300168\n"}
,{"stream_name":"stdout","time":708.119176006,"data":"SECONDARY_EDGE_TTA_ACTIVE views = 8 weight = 0.75 mean_abs_feat_delta = 0.262098\n"}
,{"stream_name":"stdout","time":709.080180548,"data":"EDGE_TTA_ACTIVE views = 8 mean_abs_feat_delta = 0.253603\n"}
,{"stream_name":"stdout","time":709.347492396,"data":"EDGE_TTA_ACTIVE views = 8 mean_abs_feat_delta = 0.211519\n"}
,{"stream_name":"stdout","time":710.118916482,"data":"SECONDARY_EDGE_TTA_ACTIVE views = 8 weight = 0.75 mean_abs_feat_delta = 0.300845\n"}
,{"stream_name":"stdout","time":710.375129277,"data":"SECONDARY_EDGE_TTA_ACTIVE views = 8 weight = 0.75 mean_abs_feat_delta = 0.262847\n"}
,{"stream_name":"stdout","time":711.533333706,"data":"EDGE_TTA_ACTIVE views = 8 mean_abs_feat_delta = 0.248615\n"}
,{"stream_name":"stdout","time":711.628500075,"data":"EDGE_TTA_ACTIVE views = 8 mean_abs_feat_delta = 0.209645\n"}
,{"stream_name":"stdout","time":712.572582742,"data":"SECONDARY_EDGE_TTA_ACTIVE views = 8 weight = 0.75 mean_abs_feat_delta = 0.303221\n"}
,{"stream_name":"stdout","time":712.658761992,"data":"SECONDARY_EDGE_TTA_ACTIVE views = 8 weight = 0.75 mean_abs_feat_delta = 0.261047\n"}
,{"stream_name":"stdout","time":713.92521331,"data":"EDGE_TTA_ACTIVE views = 8 mean_abs_feat_delta = 0.20769\n"}
,{"stream_name":"stdout","time":714.041242925,"data":"EDGE_TTA_ACTIVE views = 8 mean_abs_feat_delta = 0.24723\n"}
,{"stream_name":"stdout","time":714.952050592,"data":"SECONDARY_EDGE_TTA_ACTIVE views = 8 weight = 0.75 mean_abs_feat_delta = 0.257455\n"}
,{"stream_name":"stdout","time":715.086923868,"data":"SECONDARY_EDGE_TTA_ACTIVE views = 8 weight = 0.75 mean_abs_feat_delta = 0.299317\n"}
,{"stream_name":"stdout","time":716.229655734,"data":"EDGE_TTA_ACTIVE views = 8 mean_abs_feat_delta = 0.208097\n"}
,{"stream_name":"stdout","time":716.545291622,"data":"EDGE_TTA_ACTIVE views = 8 mean_abs_feat_delta = 0.249955\n"}
,{"stream_name":"stdout","time":717.250448929,"data":"SECONDARY_EDGE_TTA_ACTIVE views = 8 weight = 0.75 mean_abs_feat_delta = 0.254838\n"}
,{"stream_name":"stdout","time":717.585377367,"data":"SECONDARY_EDGE_TTA_ACTIVE views = 8 weight = 0.75 mean_abs_feat_delta = 0.299955\n"}
,{"stream_name":"stdout","time":718.465846523,"data":"EDGE_TTA_ACTIVE views = 8 mean_abs_feat_delta = 0.209183\n"}
,{"stream_name":"stdout","time":719.065887128,"data":"EDGE_TTA_ACTIVE views = 8 mean_abs_feat_delta = 0.245375\n"}
,{"stream_name":"stdout","time":719.485642284,"data":"SECONDARY_EDGE_TTA_ACTIVE views = 8 weight = 0.75 mean_abs_feat_delta = 0.260524\n"}
,{"stream_name":"stdout","time":720.115172593,"data":"SECONDARY_EDGE_TTA_ACTIVE views = 8 weight = 0.75 mean_abs_feat_delta = 0.296912\n"}
,{"stream_name":"stdout","time":720.728521133,"data":"EDGE_TTA_ACTIVE views = 8 mean_abs_feat_delta = 0.211363\n"}
,{"stream_name":"stdout","time":721.559551211,"data":"EDGE_TTA_ACTIVE views = 8 mean_abs_feat_delta = 0.242113\n"}
,{"stream_name":"stdout","time":721.748015524,"data":"SECONDARY_EDGE_TTA_ACTIVE views = 8 weight = 0.75 mean_abs_feat_delta = 0.262847\n"}
,{"stream_name":"stdout","time":722.61732427,"data":"SECONDARY_EDGE_TTA_ACTIVE views = 8 weight = 0.75 mean_abs_feat_delta = 0.291366\n"}
,{"stream_name":"stdout","time":722.981969661,"data":"EDGE_TTA_ACTIVE views = 8 mean_abs_feat_delta = 0.210036\n"}
,{"stream_name":"stdout","time":723.998878979,"data":"SECONDARY_EDGE_TTA_ACTIVE views = 8 weight = 0.75 mean_abs_feat_delta = 0.260131\n"}
,{"stream_name":"stdout","time":724.118924308,"data":"EDGE_TTA_ACTIVE views = 8 mean_abs_feat_delta = 0.238348\n"}
,{"stream_name":"stdout","time":725.177053706,"data":"SECONDARY_EDGE_TTA_ACTIVE views = 8 weight = 0.75 mean_abs_feat_delta = 0.293296\n"}
,{"stream_name":"stdout","time":725.281155884,"data":"EDGE_TTA_ACTIVE views = 8 mean_abs_feat_delta = 0.208976\n"}
,{"stream_name":"stdout","time":726.296886212,"data":"SECONDARY_EDGE_TTA_ACTIVE views = 8 weight = 0.75 mean_abs_feat_delta = 0.256523\n"}
,{"stream_name":"stdout","time":726.697713811,"data":"EDGE_TTA_ACTIVE views = 8 mean_abs_feat_delta = 0.235339\n"}
,{"stream_name":"stdout","time":727.533429498,"data":"EDGE_TTA_ACTIVE views = 8 mean_abs_feat_delta = 0.209883\n"}
,{"stream_name":"stdout","time":727.759065626,"data":"SECONDARY_EDGE_TTA_ACTIVE views = 8 weight = 0.75 mean_abs_feat_delta = 0.301719\n"}
,{"stream_name":"stdout","time":728.54979385,"data":"SECONDARY_EDGE_TTA_ACTIVE views = 8 weight = 0.75 mean_abs_feat_delta = 0.265074\n"}
,{"stream_name":"stdout","time":729.253901759,"data":"EDGE_TTA_ACTIVE views = 8 mean_abs_feat_delta = 0.233337\n"}
,{"stream_name":"stdout","time":729.823258654,"data":"EDGE_TTA_ACTIVE views = 8 mean_abs_feat_delta = 0.208887\n"}
,{"stream_name":"stdout","time":730.326425149,"data":"SECONDARY_EDGE_TTA_ACTIVE views = 8 weight = 0.75 mean_abs_feat_delta = 0.301488\n"}
,{"stream_name":"stdout","time":730.837614751,"data":"SECONDARY_EDGE_TTA_ACTIVE views = 8 weight = 0.75 mean_abs_feat_delta = 0.26712\n"}
,{"stream_name":"stdout","time":731.864128386,"data":"EDGE_TTA_ACTIVE views = 8 mean_abs_feat_delta = 0.234259\n"}
,{"stream_name":"stdout","time":732.078877164,"data":"EDGE_TTA_ACTIVE views = 8 mean_abs_feat_delta = 0.210925\n"}
,{"stream_name":"stdout","time":732.936860966,"data":"SECONDARY_EDGE_TTA_ACTIVE views = 8 weight = 0.75 mean_abs_feat_delta = 0.299423\n"}
,{"stream_name":"stdout","time":733.093634987,"data":"SECONDARY_EDGE_TTA_ACTIVE views = 8 weight = 0.75 mean_abs_feat_delta = 0.263739\n"}
,{"stream_name":"stdout","time":734.36553275,"data":"EDGE_TTA_ACTIVE views = 8 mean_abs_feat_delta = 0.210373\n"}
,{"stream_name":"stdout","time":734.495192325,"data":"EDGE_TTA_ACTIVE views = 8 mean_abs_feat_delta = 0.234021\n"}
,{"stream_name":"stdout","time":735.409866624,"data":"SECONDARY_EDGE_TTA_ACTIVE views = 8 weight = 0.75 mean_abs_feat_delta = 0.262727\n"}
,{"stream_name":"stdout","time":735.573101108,"data":"SECONDARY_EDGE_TTA_ACTIVE views = 8 weight = 0.75 mean_abs_feat_delta = 0.301712\n"}
,{"stream_name":"stdout","time":736.61240218,"data":"EDGE_TTA_ACTIVE views = 8 mean_abs_feat_delta = 0.207794\n"}
,{"stream_name":"stdout","time":737.129332416,"data":"EDGE_TTA_ACTIVE views = 8 mean_abs_feat_delta = 0.228292\n"}
,{"stream_name":"stdout","time":737.630112369,"data":"SECONDARY_EDGE_TTA_ACTIVE views = 8 weight = 0.75 mean_abs_feat_delta = 0.256411\n"}
,{"stream_name":"stdout","time":738.216697755,"data":"SECONDARY_EDGE_TTA_ACTIVE views = 8 weight = 0.75 mean_abs_feat_delta = 0.305584\n"}
,{"stream_name":"stdout","time":738.901402374,"data":"EDGE_TTA_ACTIVE views = 8 mean_abs_feat_delta = 0.205724\n"}
,{"stream_name":"stdout","time":739.791319338,"data":"EDGE_TTA_ACTIVE views = 8 mean_abs_feat_delta = 0.22754\n"}
,{"stream_name":"stdout","time":739.919833161,"data":"SECONDARY_EDGE_TTA_ACTIVE views = 8 weight = 0.75 mean_abs_feat_delta = 0.260031\n"}
,{"stream_name":"stdout","time":740.881783806,"data":"SECONDARY_EDGE_TTA_ACTIVE views = 8 weight = 0.75 mean_abs_feat_delta = 0.304789\n"}
,{"stream_name":"stdout","time":741.108755658,"data":"EDGE_TTA_ACTIVE views = 8 mean_abs_feat_delta = 0.206605\n"}
,{"stream_name":"stdout","time":742.124197976,"data":"SECONDARY_EDGE_TTA_ACTIVE views = 8 weight = 0.75 mean_abs_feat_delta = 0.262153\n"}
,{"stream_name":"stdout","time":742.399398452,"data":"EDGE_TTA_ACTIVE views = 8 mean_abs_feat_delta = 0.226452\n"}
,{"stream_name":"stdout","time":743.369749668,"data":"EDGE_TTA_ACTIVE views = 8 mean_abs_feat_delta = 0.204652\n"}
,{"stream_name":"stdout","time":743.489595072,"data":"SECONDARY_EDGE_TTA_ACTIVE views = 8 weight = 0.75 mean_abs_feat_delta = 0.299735\n"}
,{"stream_name":"stdout","time":744.392060957,"data":"SECONDARY_EDGE_TTA_ACTIVE views = 8 weight = 0.75 mean_abs_feat_delta = 0.258925\n"}
,{"stream_name":"stdout","time":745.07794462,"data":"EDGE_TTA_ACTIVE views = 8 mean_abs_feat_delta = 0.224017\n"}
,{"stream_name":"stdout","time":745.672942692,"data":"EDGE_TTA_ACTIVE views = 8 mean_abs_feat_delta = 0.202071\n"}
,{"stream_name":"stdout","time":746.169230278,"data":"SECONDARY_EDGE_TTA_ACTIVE views = 8 weight = 0.75 mean_abs_feat_delta = 0.295727\n"}
,{"stream_name":"stdout","time":746.697343008,"data":"SECONDARY_EDGE_TTA_ACTIVE views = 8 weight = 0.75 mean_abs_feat_delta = 0.260799\n"}
,{"stream_name":"stdout","time":747.729894377,"data":"EDGE_TTA_ACTIVE views = 8 mean_abs_feat_delta = 0.226191\n"}
,{"stream_name":"stdout","time":747.977380583,"data":"EDGE_TTA_ACTIVE views = 8 mean_abs_feat_delta = 0.200131\n"}
,{"stream_name":"stdout","time":748.821780966,"data":"SECONDARY_EDGE_TTA_ACTIVE views = 8 weight = 0.75 mean_abs_feat_delta = 0.301815\n"}
,{"stream_name":"stdout","time":748.999890382,"data":"SECONDARY_EDGE_TTA_ACTIVE views = 8 weight = 0.75 mean_abs_feat_delta = 0.261693\n"}
,{"stream_name":"stdout","time":750.239959088,"data":"EDGE_TTA_ACTIVE views = 8 mean_abs_feat_delta = 0.198663\n"}
,{"stream_name":"stdout","time":750.46046978,"data":"EDGE_TTA_ACTIVE views = 8 mean_abs_feat_delta = 0.227764\n"}
,{"stream_name":"stdout","time":751.269225156,"data":"SECONDARY_EDGE_TTA_ACTIVE views = 8 weight = 0.75 mean_abs_feat_delta = 0.264586\n"}
,{"stream_name":"stdout","time":751.550410742,"data":"SECONDARY_EDGE_TTA_ACTIVE views = 8 weight = 0.75 mean_abs_feat_delta = 0.305391\n"}
,{"stream_name":"stdout","time":752.50328792,"data":"EDGE_TTA_ACTIVE views = 8 mean_abs_feat_delta = 0.200785\n"}
,{"stream_name":"stdout","time":753.128111688,"data":"EDGE_TTA_ACTIVE views = 8 mean_abs_feat_delta = 0.224585\n"}
,{"stream_name":"stdout","time":753.528502982,"data":"SECONDARY_EDGE_TTA_ACTIVE views = 8 weight = 0.75 mean_abs_feat_delta = 0.262994\n"}
,{"stream_name":"stdout","time":754.218194244,"data":"SECONDARY_EDGE_TTA_ACTIVE views = 8 weight = 0.75 mean_abs_feat_delta = 0.302826\n"}
,{"stream_name":"stdout","time":754.786125758,"data":"EDGE_TTA_ACTIVE views = 8 mean_abs_feat_delta = 0.203243\n"}
,{"stream_name":"stdout","time":755.800153497,"data":"EDGE_TTA_ACTIVE views = 8 mean_abs_feat_delta = 0.224185\n"}
,{"stream_name":"stdout","time":755.816617592,"data":"SECONDARY_EDGE_TTA_ACTIVE views = 8 weight = 0.75 mean_abs_feat_delta = 0.257147\n"}
,{"stream_name":"stdout","time":756.891864579,"data":"SECONDARY_EDGE_TTA_ACTIVE views = 8 weight = 0.75 mean_abs_feat_delta = 0.303473\n"}
,{"stream_name":"stdout","time":757.06286578,"data":"EDGE_TTA_ACTIVE views = 8 mean_abs_feat_delta = 0.199437\n"}
,{"stream_name":"stdout","time":758.097344201,"data":"SECONDARY_EDGE_TTA_ACTIVE views = 8 weight = 0.75 mean_abs_feat_delta = 0.259374\n"}
,{"stream_name":"stdout","time":758.487515375,"data":"EDGE_TTA_ACTIVE views = 8 mean_abs_feat_delta = 0.218838\n"}
,{"stream_name":"stdout","time":759.376988654,"data":"EDGE_TTA_ACTIVE views = 8 mean_abs_feat_delta = 0.199907\n"}
,{"stream_name":"stdout","time":759.571156814,"data":"SECONDARY_EDGE_TTA_ACTIVE views = 8 weight = 0.75 mean_abs_feat_delta = 0.308215\n"}
,{"stream_name":"stdout","time":760.41002026,"data":"SECONDARY_EDGE_TTA_ACTIVE views = 8 weight = 0.75 mean_abs_feat_delta = 0.257413\n"}
,{"stream_name":"stdout","time":761.170937971,"data":"EDGE_TTA_ACTIVE views = 8 mean_abs_feat_delta = 0.221313\n"}
,{"stream_name":"stdout","time":761.669525421,"data":"EDGE_TTA_ACTIVE views = 8 mean_abs_feat_delta = 0.200149\n"}
,{"stream_name":"stdout","time":762.250097594,"data":"SECONDARY_EDGE_TTA_ACTIVE views = 8 weight = 0.75 mean_abs_feat_delta = 0.312577\n"}
,{"stream_name":"stdout","time":762.707335484,"data":"SECONDARY_EDGE_TTA_ACTIVE views = 8 weight = 0.75 mean_abs_feat_delta = 0.257555\n"}
,{"stream_name":"stdout","time":763.858206718,"data":"EDGE_TTA_ACTIVE views = 8 mean_abs_feat_delta = 0.215743\n"}
,{"stream_name":"stdout","time":763.988042488,"data":"EDGE_TTA_ACTIVE views = 8 mean_abs_feat_delta = 0.198575\n"}
,{"stream_name":"stdout","time":764.937729695,"data":"SECONDARY_EDGE_TTA_ACTIVE views = 8 weight = 0.75 mean_abs_feat_delta = 0.311063\n"}
,{"stream_name":"stdout","time":765.019568704,"data":"SECONDARY_EDGE_TTA_ACTIVE views = 8 weight = 0.75 mean_abs_feat_delta = 0.253368\n"}
,{"stream_name":"stdout","time":766.249198515,"data":"EDGE_TTA_ACTIVE views = 8 mean_abs_feat_delta = 0.197321\n"}
,{"stream_name":"stdout","time":766.534706309,"data":"EDGE_TTA_ACTIVE views = 8 mean_abs_feat_delta = 0.22047\n"}
,{"stream_name":"stdout","time":767.252429052,"data":"SECONDARY_EDGE_TTA_ACTIVE views = 8 weight = 0.75 mean_abs_feat_delta = 0.253968\n"}
,{"stream_name":"stdout","time":767.606835538,"data":"SECONDARY_EDGE_TTA_ACTIVE views = 8 weight = 0.75 mean_abs_feat_delta = 0.311139\n"}
,{"stream_name":"stdout","time":768.532142687,"data":"EDGE_TTA_ACTIVE views = 8 mean_abs_feat_delta = 0.197963\n"}
,{"stream_name":"stdout","time":769.153242169,"data":"EDGE_TTA_ACTIVE views = 8 mean_abs_feat_delta = 0.223546\n"}
,{"stream_name":"stdout","time":769.570059869,"data":"SECONDARY_EDGE_TTA_ACTIVE views = 8 weight = 0.75 mean_abs_feat_delta = 0.25869\n"}
,{"stream_name":"stdout","time":770.226390488,"data":"SECONDARY_EDGE_TTA_ACTIVE views = 8 weight = 0.75 mean_abs_feat_delta = 0.312248\n"}
,{"stream_name":"stdout","time":770.819980061,"data":"EDGE_TTA_ACTIVE views = 8 mean_abs_feat_delta = 0.198665\n"}
,{"stream_name":"stdout","time":771.81368056,"data":"EDGE_TTA_ACTIVE views = 8 mean_abs_feat_delta = 0.222547\n"}
,{"stream_name":"stdout","time":771.854706293,"data":"SECONDARY_EDGE_TTA_ACTIVE views = 8 weight = 0.75 mean_abs_feat_delta = 0.249107\n"}
,{"stream_name":"stdout","time":772.883390508,"data":"SECONDARY_EDGE_TTA_ACTIVE views = 8 weight = 0.75 mean_abs_feat_delta = 0.317294\n"}
,{"stream_name":"stdout","time":773.133577598,"data":"EDGE_TTA_ACTIVE views = 8 mean_abs_feat_delta = 0.197137\n"}
,{"stream_name":"stdout","time":774.169125126,"data":"SECONDARY_EDGE_TTA_ACTIVE views = 8 weight = 0.75 mean_abs_feat_delta = 0.250998\n"}
,{"stream_name":"stdout","time":774.415985915,"data":"EDGE_TTA_ACTIVE views = 8 mean_abs_feat_delta = 0.222657\n"}
,{"stream_name":"stdout","time":775.432897594,"data":"EDGE_TTA_ACTIVE views = 8 mean_abs_feat_delta = 0.198591\n"}
,{"stream_name":"stdout","time":775.476348532,"data":"SECONDARY_EDGE_TTA_ACTIVE views = 8 weight = 0.75 mean_abs_feat_delta = 0.318325\n"}
,{"stream_name":"stdout","time":776.466561445,"data":"SECONDARY_EDGE_TTA_ACTIVE views = 8 weight = 0.75 mean_abs_feat_delta = 0.249091\n"}
,{"stream_name":"stdout","time":776.986392878,"data":"EDGE_TTA_ACTIVE views = 8 mean_abs_feat_delta = 0.223756\n"}
,{"stream_name":"stdout","time":777.758614293,"data":"EDGE_TTA_ACTIVE views = 8 mean_abs_feat_delta = 0.195464\n"}
,{"stream_name":"stdout","time":778.047516585,"data":"SECONDARY_EDGE_TTA_ACTIVE views = 8 weight = 0.75 mean_abs_feat_delta = 0.319785\n"}
,{"stream_name":"stdout","time":778.790274169,"data":"SECONDARY_EDGE_TTA_ACTIVE views = 8 weight = 0.75 mean_abs_feat_delta = 0.25058\n"}
,{"stream_name":"stdout","time":779.654395831,"data":"EDGE_TTA_ACTIVE views = 8 mean_abs_feat_delta = 0.222984\n"}
,{"stream_name":"stdout","time":780.048060176,"data":"EDGE_TTA_ACTIVE views = 8 mean_abs_feat_delta = 0.193858\n"}
,{"stream_name":"stdout","time":780.719817683,"data":"SECONDARY_EDGE_TTA_ACTIVE views = 8 weight = 0.75 mean_abs_feat_delta = 0.325312\n"}
,{"stream_name":"stdout","time":781.081823747,"data":"SECONDARY_EDGE_TTA_ACTIVE views = 8 weight = 0.75 mean_abs_feat_delta = 0.25428\n"}
,{"stream_name":"stdout","time":782.296707333,"data":"EDGE_TTA_ACTIVE views = 8 mean_abs_feat_delta = 0.220837\n"}
,{"stream_name":"stdout","time":783.356323099,"data":"SECONDARY_EDGE_TTA_ACTIVE views = 8 weight = 0.75 mean_abs_feat_delta = 0.321967\n"}
,{"stream_name":"stdout","time":785.110494898,"data":"EDGE_TTA_ACTIVE views = 8 mean_abs_feat_delta = 0.222305\n"}
,{"stream_name":"stdout","time":786.171992874,"data":"SECONDARY_EDGE_TTA_ACTIVE views = 8 weight = 0.75 mean_abs_feat_delta = 0.320952\n"}
,{"stream_name":"stdout","time":788.105550887,"data":"EDGE_TTA_ACTIVE views = 8 mean_abs_feat_delta = 0.224274\n"}
,{"stream_name":"stdout","time":789.163055779,"data":"SECONDARY_EDGE_TTA_ACTIVE views = 8 weight = 0.75 mean_abs_feat_delta = 0.322162\n"}
,{"stream_name":"stdout","time":790.839172996,"data":"EDGE_TTA_ACTIVE views = 8 mean_abs_feat_delta = 0.224996\n"}
,{"stream_name":"stdout","time":791.893328846,"data":"SECONDARY_EDGE_TTA_ACTIVE views = 8 weight = 0.75 mean_abs_feat_delta = 0.314236\n"}
,{"stream_name":"stdout","time":793.448917809,"data":"EDGE_TTA_ACTIVE views = 8 mean_abs_feat_delta = 0.223204\n"}
,{"stream_name":"stdout","time":794.505218654,"data":"SECONDARY_EDGE_TTA_ACTIVE views = 8 weight = 0.75 mean_abs_feat_delta = 0.314665\n"}
,{"stream_name":"stdout","time":796.043001606,"data":"EDGE_TTA_ACTIVE views = 8 mean_abs_feat_delta = 0.222034\n"}
,{"stream_name":"stdout","time":797.140374779,"data":"SECONDARY_EDGE_TTA_ACTIVE views = 8 weight = 0.75 mean_abs_feat_delta = 0.321701\n"}
,{"stream_name":"stdout","time":798.677332225,"data":"EDGE_TTA_ACTIVE views = 8 mean_abs_feat_delta = 0.218782\n"}
,{"stream_name":"stdout","time":799.741573114,"data":"SECONDARY_EDGE_TTA_ACTIVE views = 8 weight = 0.75 mean_abs_feat_delta = 0.325788\n"}
,{"stream_name":"stdout","time":801.340046308,"data":"EDGE_TTA_ACTIVE views = 8 mean_abs_feat_delta = 0.218458\n"}
,{"stream_name":"stdout","time":802.406238206,"data":"SECONDARY_EDGE_TTA_ACTIVE views = 8 weight = 0.75 mean_abs_feat_delta = 0.328691\n"}
,{"stream_name":"stdout","time":803.987796648,"data":"EDGE_TTA_ACTIVE views = 8 mean_abs_feat_delta = 0.22122\n"}
,{"stream_name":"stdout","time":805.057930553,"data":"SECONDARY_EDGE_TTA_ACTIVE views = 8 weight = 0.75 mean_abs_feat_delta = 0.327921\n"}
,{"stream_name":"stdout","time":806.088108482,"data":"EDGE_TTA_ACTIVE views = 8 mean_abs_feat_delta = 0.205994\n"}
,{"stream_name":"stdout","time":806.662604181,"data":"EDGE_TTA_ACTIVE views = 8 mean_abs_feat_delta = 0.219774\n"}
,{"stream_name":"stdout","time":807.068367095,"data":"SECONDARY_EDGE_TTA_ACTIVE views = 8 weight = 0.75 mean_abs_feat_delta = 0.229197\n"}
,{"stream_name":"stdout","time":807.732950483,"data":"SECONDARY_EDGE_TTA_ACTIVE views = 8 weight = 0.75 mean_abs_feat_delta = 0.328126\n"}
,{"stream_name":"stdout","time":808.260975487,"data":"EDGE_TTA_ACTIVE views = 8 mean_abs_feat_delta = 0.204903\n"}
,{"stream_name":"stdout","time":809.254687415,"data":"SECONDARY_EDGE_TTA_ACTIVE views = 8 weight = 0.75 mean_abs_feat_delta = 0.228531\n"}
,{"stream_name":"stdout","time":810.420949522,"data":"EDGE_TTA_ACTIVE views = 8 mean_abs_feat_delta = 0.203481\n"}
,{"stream_name":"stdout","time":811.42160078,"data":"SECONDARY_EDGE_TTA_ACTIVE views = 8 weight = 0.75 mean_abs_feat_delta = 0.232233\n"}
,{"stream_name":"stdout","time":812.597448801,"data":"EDGE_TTA_ACTIVE views = 8 mean_abs_feat_delta = 0.20343\n"}
,{"stream_name":"stdout","time":813.60629598,"data":"SECONDARY_EDGE_TTA_ACTIVE views = 8 weight = 0.75 mean_abs_feat_delta = 0.231136\n"}
,{"stream_name":"stdout","time":814.760389599,"data":"EDGE_TTA_ACTIVE views = 8 mean_abs_feat_delta = 0.196711\n"}
,{"stream_name":"stdout","time":815.776035232,"data":"SECONDARY_EDGE_TTA_ACTIVE views = 8 weight = 0.75 mean_abs_feat_delta = 0.237962\n"}
,{"stream_name":"stdout","time":815.780371238,"data":"BIOHUB_RETENTION_GUARD {\"blended_candidates\": 87, \"dataset\": \"6bba_05b6850b\", \"frame\": 5, \"minimum_retention\": 0.9, \"primary_candidates\": 98, \"retention\": 0.8877551020408163, \"use_primary\": true}\n"}
,{"stream_name":"stdout","time":816.964637061,"data":"EDGE_TTA_ACTIVE views = 8 mean_abs_feat_delta = 0.20655\n"}
,{"stream_name":"stdout","time":817.989312101,"data":"SECONDARY_EDGE_TTA_ACTIVE views = 8 weight = 0.75 mean_abs_feat_delta = 0.23324\n"}
,{"stream_name":"stdout","time":819.193368641,"data":"EDGE_TTA_ACTIVE views = 8 mean_abs_feat_delta = 0.202859\n"}
,{"stream_name":"stdout","time":820.223337637,"data":"SECONDARY_EDGE_TTA_ACTIVE views = 8 weight = 0.75 mean_abs_feat_delta = 0.233703\n"}
,{"stream_name":"stdout","time":821.443176237,"data":"EDGE_TTA_ACTIVE views = 8 mean_abs_feat_delta = 0.200796\n"}
,{"stream_name":"stdout","time":822.479846482,"data":"SECONDARY_EDGE_TTA_ACTIVE views = 8 weight = 0.75 mean_abs_feat_delta = 0.23047\n"}
,{"stream_name":"stdout","time":823.722437431,"data":"EDGE_TTA_ACTIVE views = 8 mean_abs_feat_delta = 0.207719\n"}
,{"stream_name":"stdout","time":824.766852322,"data":"SECONDARY_EDGE_TTA_ACTIVE views = 8 weight = 0.75 mean_abs_feat_delta = 0.222866\n"}
,{"stream_name":"stdout","time":825.939309378,"data":"EDGE_TTA_ACTIVE views = 8 mean_abs_feat_delta = 0.208967\n"}
,{"stream_name":"stdout","time":826.994060755,"data":"SECONDARY_EDGE_TTA_ACTIVE views = 8 weight = 0.75 mean_abs_feat_delta = 0.223297\n"}
,{"stream_name":"stdout","time":828.303158631,"data":"EDGE_TTA_ACTIVE views = 8 mean_abs_feat_delta = 0.203179\n"}
,{"stream_name":"stdout","time":829.350327128,"data":"SECONDARY_EDGE_TTA_ACTIVE views = 8 weight = 0.75 mean_abs_feat_delta = 0.226482\n"}
,{"stream_name":"stdout","time":830.595946136,"data":"EDGE_TTA_ACTIVE views = 8 mean_abs_feat_delta = 0.205256\n"}
,{"stream_name":"stdout","time":831.667001586,"data":"SECONDARY_EDGE_TTA_ACTIVE views = 8 weight = 0.75 mean_abs_feat_delta = 0.229453\n"}
,{"stream_name":"stdout","time":832.92338436,"data":"EDGE_TTA_ACTIVE views = 8 mean_abs_feat_delta = 0.202119\n"}
,{"stream_name":"stdout","time":834.00739987,"data":"SECONDARY_EDGE_TTA_ACTIVE views = 8 weight = 0.75 mean_abs_feat_delta = 0.233899\n"}
,{"stream_name":"stdout","time":835.25632019,"data":"EDGE_TTA_ACTIVE views = 8 mean_abs_feat_delta = 0.209375\n"}
,{"stream_name":"stdout","time":836.350831018,"data":"SECONDARY_EDGE_TTA_ACTIVE views = 8 weight = 0.75 mean_abs_feat_delta = 0.228562\n"}
,{"stream_name":"stdout","time":837.580326959,"data":"EDGE_TTA_ACTIVE views = 8 mean_abs_feat_delta = 0.210332\n"}
,{"stream_name":"stdout","time":838.679839089,"data":"SECONDARY_EDGE_TTA_ACTIVE views = 8 weight = 0.75 mean_abs_feat_delta = 0.229373\n"}
,{"stream_name":"stdout","time":839.933771677,"data":"EDGE_TTA_ACTIVE views = 8 mean_abs_feat_delta = 0.215932\n"}
,{"stream_name":"stdout","time":841.034742057,"data":"SECONDARY_EDGE_TTA_ACTIVE views = 8 weight = 0.75 mean_abs_feat_delta = 0.228983\n"}
,{"stream_name":"stdout","time":842.265384089,"data":"EDGE_TTA_ACTIVE views = 8 mean_abs_feat_delta = 0.22719\n"}
,{"stream_name":"stdout","time":843.363430604,"data":"SECONDARY_EDGE_TTA_ACTIVE views = 8 weight = 0.75 mean_abs_feat_delta = 0.22723\n"}
,{"stream_name":"stdout","time":844.515722022,"data":"EDGE_TTA_ACTIVE views = 8 mean_abs_feat_delta = 0.222383\n"}
,{"stream_name":"stdout","time":845.60142267,"data":"SECONDARY_EDGE_TTA_ACTIVE views = 8 weight = 0.75 mean_abs_feat_delta = 0.227184\n"}
,{"stream_name":"stdout","time":846.780875437,"data":"EDGE_TTA_ACTIVE views = 8 mean_abs_feat_delta = 0.218209\n"}
,{"stream_name":"stdout","time":847.850652212,"data":"SECONDARY_EDGE_TTA_ACTIVE views = 8 weight = 0.75 mean_abs_feat_delta = 0.228674\n"}
,{"stream_name":"stdout","time":849.074195945,"data":"EDGE_TTA_ACTIVE views = 8 mean_abs_feat_delta = 0.214661\n"}
,{"stream_name":"stdout","time":850.129983632,"data":"SECONDARY_EDGE_TTA_ACTIVE views = 8 weight = 0.75 mean_abs_feat_delta = 0.22969\n"}
,{"stream_name":"stdout","time":850.775420326,"data":"EDGE_TTA_ACTIVE views = 8 mean_abs_feat_delta = 0.230717\n"}
,{"stream_name":"stdout","time":851.337410509,"data":"EDGE_TTA_ACTIVE views = 8 mean_abs_feat_delta = 0.213563\n"}
,{"stream_name":"stdout","time":851.811159335,"data":"SECONDARY_EDGE_TTA_ACTIVE views = 8 weight = 0.75 mean_abs_feat_delta = 0.229228\n"}
,{"stream_name":"stdout","time":852.383834469,"data":"SECONDARY_EDGE_TTA_ACTIVE views = 8 weight = 0.75 mean_abs_feat_delta = 0.227887\n"}
,{"stream_name":"stdout","time":852.387842023,"data":"BIOHUB_RETENTION_GUARD {\"blended_candidates\": 83, \"dataset\": \"6bba_05b6850b\", \"frame\": 21, \"minimum_retention\": 0.9, \"primary_candidates\": 96, \"retention\": 0.8645833333333334, \"use_primary\": true}\n"}
,{"stream_name":"stdout","time":853.350937303,"data":"EDGE_TTA_ACTIVE views = 8 mean_abs_feat_delta = 0.227192\n"}
,{"stream_name":"stdout","time":853.588800973,"data":"EDGE_TTA_ACTIVE views = 8 mean_abs_feat_delta = 0.215129\n"}
,{"stream_name":"stdout","time":854.399163573,"data":"SECONDARY_EDGE_TTA_ACTIVE views = 8 weight = 0.75 mean_abs_feat_delta = 0.231364\n"}
,{"stream_name":"stdout","time":854.62633853,"data":"SECONDARY_EDGE_TTA_ACTIVE views = 8 weight = 0.75 mean_abs_feat_delta = 0.229597\n"}
,{"stream_name":"stdout","time":854.630407734,"data":"BIOHUB_RETENTION_GUARD {\"blended_candidates\": 84, \"dataset\": \"6bba_05b6850b\", \"frame\": 22, \"minimum_retention\": 0.9, \"primary_candidates\": 96, \"retention\": 0.875, \"use_primary\": true}\n"}
,{"stream_name":"stdout","time":855.820904809,"data":"EDGE_TTA_ACTIVE views = 8 mean_abs_feat_delta = 0.215708\n"}
,{"stream_name":"stdout","time":856.042459172,"data":"EDGE_TTA_ACTIVE views = 8 mean_abs_feat_delta = 0.224074\n"}
,{"stream_name":"stdout","time":856.853103407,"data":"SECONDARY_EDGE_TTA_ACTIVE views = 8 weight = 0.75 mean_abs_feat_delta = 0.229355\n"}
,{"stream_name":"stdout","time":857.123205324,"data":"SECONDARY_EDGE_TTA_ACTIVE views = 8 weight = 0.75 mean_abs_feat_delta = 0.231505\n"}
,{"stream_name":"stdout","time":858.003458249,"data":"EDGE_TTA_ACTIVE views = 8 mean_abs_feat_delta = 0.219166\n"}
,{"stream_name":"stdout","time":858.781664498,"data":"EDGE_TTA_ACTIVE views = 8 mean_abs_feat_delta = 0.224045\n"}
,{"stream_name":"stdout","time":859.026868126,"data":"SECONDARY_EDGE_TTA_ACTIVE views = 8 weight = 0.75 mean_abs_feat_delta = 0.228164\n"}
,{"stream_name":"stdout","time":859.030763915,"data":"BIOHUB_RETENTION_GUARD {\"blended_candidates\": 77, \"dataset\": \"6bba_05b6850b\", \"frame\": 24, \"minimum_retention\": 0.9, \"primary_candidates\": 92, \"retention\": 0.8369565217391305, \"use_primary\": true}\n"}
,{"stream_name":"stdout","time":859.809693395,"data":"SECONDARY_EDGE_TTA_ACTIVE views = 8 weight = 0.75 mean_abs_feat_delta = 0.233103\n"}
,{"stream_name":"stdout","time":860.2044884,"data":"EDGE_TTA_ACTIVE views = 8 mean_abs_feat_delta = 0.219385\n"}
,{"stream_name":"stdout","time":861.225818112,"data":"SECONDARY_EDGE_TTA_ACTIVE views = 8 weight = 0.75 mean_abs_feat_delta = 0.230204\n"}
,{"stream_name":"stdout","time":861.229598902,"data":"BIOHUB_RETENTION_GUARD {\"blended_candidates\": 73, \"dataset\": \"6bba_05b6850b\", \"frame\": 25, \"minimum_retention\": 0.9, \"primary_candidates\": 84, \"retention\": 0.8690476190476191, \"use_primary\": true}\n"}
,{"stream_name":"stdout","time":861.393276715,"data":"EDGE_TTA_ACTIVE views = 8 mean_abs_feat_delta = 0.223001\n"}
,{"stream_name":"stdout","time":862.414954135,"data":"EDGE_TTA_ACTIVE views = 8 mean_abs_feat_delta = 0.220058\n"}
,{"stream_name":"stdout","time":862.466888637,"data":"SECONDARY_EDGE_TTA_ACTIVE views = 8 weight = 0.75 mean_abs_feat_delta = 0.230713\n"}
,{"stream_name":"stdout","time":863.433715214,"data":"SECONDARY_EDGE_TTA_ACTIVE views = 8 weight = 0.75 mean_abs_feat_delta = 0.229792\n"}
,{"stream_name":"stdout","time":864.056710263,"data":"EDGE_TTA_ACTIVE views = 8 mean_abs_feat_delta = 0.221909\n"}
,{"stream_name":"stdout","time":864.599358011,"data":"EDGE_TTA_ACTIVE views = 8 mean_abs_feat_delta = 0.218735\n"}
,{"stream_name":"stdout","time":865.143466158,"data":"SECONDARY_EDGE_TTA_ACTIVE views = 8 weight = 0.75 mean_abs_feat_delta = 0.228063\n"}
,{"stream_name":"stdout","time":865.612814108,"data":"SECONDARY_EDGE_TTA_ACTIVE views = 8 weight = 0.75 mean_abs_feat_delta = 0.231598\n"}
,{"stream_name":"stdout","time":865.616307361,"data":"BIOHUB_RETENTION_GUARD {\"blended_candidates\": 73, \"dataset\": \"6bba_05b6850b\", \"frame\": 27, \"minimum_retention\": 0.9, \"primary_candidates\": 90, \"retention\": 0.8111111111111111, \"use_primary\": true}\n"}
,{"stream_name":"stdout","time":866.745902633,"data":"EDGE_TTA_ACTIVE views = 8 mean_abs_feat_delta = 0.21107\n"}
,{"stream_name":"stdout","time":866.792390212,"data":"EDGE_TTA_ACTIVE views = 8 mean_abs_feat_delta = 0.225011\n"}
,{"stream_name":"stdout","time":867.755880461,"data":"SECONDARY_EDGE_TTA_ACTIVE views = 8 weight = 0.75 mean_abs_feat_delta = 0.237748\n"}
,{"stream_name":"stdout","time":867.759782155,"data":"BIOHUB_RETENTION_GUARD {\"blended_candidates\": 71, \"dataset\": \"6bba_05b6850b\", \"frame\": 28, \"minimum_retention\": 0.9, \"primary_candidates\": 88, \"retention\": 0.8068181818181818, \"use_primary\": true}\n"}
,{"stream_name":"stdout","time":867.889532165,"data":"SECONDARY_EDGE_TTA_ACTIVE views = 8 weight = 0.75 mean_abs_feat_delta = 0.23148\n"}
,{"stream_name":"stdout","time":868.888828073,"data":"EDGE_TTA_ACTIVE views = 8 mean_abs_feat_delta = 0.221325\n"}
,{"stream_name":"stdout","time":869.577691091,"data":"EDGE_TTA_ACTIVE views = 8 mean_abs_feat_delta = 0.225733\n"}
,{"stream_name":"stdout","time":869.894490787,"data":"SECONDARY_EDGE_TTA_ACTIVE views = 8 weight = 0.75 mean_abs_feat_delta = 0.229174\n"}
,{"stream_name":"stdout","time":869.898319534,"data":"BIOHUB_RETENTION_GUARD {\"blended_candidates\": 71, \"dataset\": \"6bba_05b6850b\", \"frame\": 29, \"minimum_retention\": 0.9, \"primary_candidates\": 83, \"retention\": 0.8554216867469879, \"use_primary\": true}\n"}
,{"stream_name":"stdout","time":870.683113449,"data":"SECONDARY_EDGE_TTA_ACTIVE views = 8 weight = 0.75 mean_abs_feat_delta = 0.226861\n"}
,{"stream_name":"stdout","time":871.052552368,"data":"EDGE_TTA_ACTIVE views = 8 mean_abs_feat_delta = 0.21701\n"}
,{"stream_name":"stdout","time":872.052229638,"data":"SECONDARY_EDGE_TTA_ACTIVE views = 8 weight = 0.75 mean_abs_feat_delta = 0.23239\n"}
,{"stream_name":"stdout","time":872.241467863,"data":"EDGE_TTA_ACTIVE views = 8 mean_abs_feat_delta = 0.225514\n"}
,{"stream_name":"stdout","time":873.206187118,"data":"EDGE_TTA_ACTIVE views = 8 mean_abs_feat_delta = 0.217008\n"}
,{"stream_name":"stdout","time":873.356198928,"data":"SECONDARY_EDGE_TTA_ACTIVE views = 8 weight = 0.75 mean_abs_feat_delta = 0.226753\n"}
,{"stream_name":"stdout","time":874.209549437,"data":"SECONDARY_EDGE_TTA_ACTIVE views = 8 weight = 0.75 mean_abs_feat_delta = 0.233543\n"}
,{"stream_name":"stdout","time":875.000401581,"data":"EDGE_TTA_ACTIVE views = 8 mean_abs_feat_delta = 0.222322\n"}
,{"stream_name":"stdout","time":875.31658589,"data":"EDGE_TTA_ACTIVE views = 8 mean_abs_feat_delta = 0.219738\n"}
,{"stream_name":"stdout","time":876.125180347,"data":"SECONDARY_EDGE_TTA_ACTIVE views = 8 weight = 0.75 mean_abs_feat_delta = 0.229067\n"}
,{"stream_name":"stdout","time":876.321697305,"data":"SECONDARY_EDGE_TTA_ACTIVE views = 8 weight = 0.75 mean_abs_feat_delta = 0.230711\n"}
,{"stream_name":"stdout","time":877.384474574,"data":"EDGE_TTA_ACTIVE views = 8 mean_abs_feat_delta = 0.217284\n"}
,{"stream_name":"stdout","time":877.80563168,"data":"EDGE_TTA_ACTIVE views = 8 mean_abs_feat_delta = 0.219577\n"}
,{"stream_name":"stdout","time":878.38755673,"data":"SECONDARY_EDGE_TTA_ACTIVE views = 8 weight = 0.75 mean_abs_feat_delta = 0.230076\n"}
,{"stream_name":"stdout","time":878.94194752,"data":"SECONDARY_EDGE_TTA_ACTIVE views = 8 weight = 0.75 mean_abs_feat_delta = 0.224805\n"}
,{"stream_name":"stdout","time":879.495592384,"data":"EDGE_TTA_ACTIVE views = 8 mean_abs_feat_delta = 0.220695\n"}
,{"stream_name":"stdout","time":880.497366652,"data":"SECONDARY_EDGE_TTA_ACTIVE views = 8 weight = 0.75 mean_abs_feat_delta = 0.23\n"}
,{"stream_name":"stdout","time":880.501454849,"data":"BIOHUB_RETENTION_GUARD {\"blended_candidates\": 67, \"dataset\": \"6bba_05b6850b\", \"frame\": 34, \"minimum_retention\": 0.9, \"primary_candidates\": 85, \"retention\": 0.788235294117647, \"use_primary\": true}\n"}
,{"stream_name":"stdout","time":880.557189324,"data":"EDGE_TTA_ACTIVE views = 8 mean_abs_feat_delta = 0.229384\n"}
,{"stream_name":"stdout","time":881.654962049,"data":"EDGE_TTA_ACTIVE views = 8 mean_abs_feat_delta = 0.223539\n"}
,{"stream_name":"stdout","time":881.697763481,"data":"SECONDARY_EDGE_TTA_ACTIVE views = 8 weight = 0.75 mean_abs_feat_delta = 0.22475\n"}
,{"stream_name":"stdout","time":882.652887879,"data":"SECONDARY_EDGE_TTA_ACTIVE views = 8 weight = 0.75 mean_abs_feat_delta = 0.231427\n"}
,{"stream_name":"stdout","time":882.656720861,"data":"BIOHUB_RETENTION_GUARD {\"blended_candidates\": 73, \"dataset\": \"6bba_05b6850b\", \"frame\": 35, \"minimum_retention\": 0.9, \"primary_candidates\": 83, \"retention\": 0.8795180722891566, \"use_primary\": true}\n"}
,{"stream_name":"stdout","time":883.374434634,"data":"EDGE_TTA_ACTIVE views = 8 mean_abs_feat_delta = 0.232461\n"}
,{"stream_name":"stdout","time":883.835020785,"data":"EDGE_TTA_ACTIVE views = 8 mean_abs_feat_delta = 0.222655\n"}
,{"stream_name":"stdout","time":884.51560939,"data":"SECONDARY_EDGE_TTA_ACTIVE views = 8 weight = 0.75 mean_abs_feat_delta = 0.223629\n"}
,{"stream_name":"stdout","time":884.834552292,"data":"SECONDARY_EDGE_TTA_ACTIVE views = 8 weight = 0.75 mean_abs_feat_delta = 0.229981\n"}
,{"stream_name":"stdout","time":884.838360202,"data":"BIOHUB_RETENTION_GUARD {\"blended_candidates\": 71, \"dataset\": \"6bba_05b6850b\", \"frame\": 36, \"minimum_retention\": 0.9, \"primary_candidates\": 83, \"retention\": 0.8554216867469879, \"use_primary\": true}\n"}
,{"stream_name":"stdout","time":885.967947873,"data":"EDGE_TTA_ACTIVE views = 8 mean_abs_feat_delta = 0.223035\n"}
,{"stream_name":"stdout","time":886.212479044,"data":"EDGE_TTA_ACTIVE views = 8 mean_abs_feat_delta = 0.232682\n"}
,{"stream_name":"stdout","time":886.970890009,"data":"SECONDARY_EDGE_TTA_ACTIVE views = 8 weight = 0.75 mean_abs_feat_delta = 0.229437\n"}
,{"stream_name":"stdout","time":886.974851049,"data":"BIOHUB_RETENTION_GUARD {\"blended_candidates\": 67, \"dataset\": \"6bba_05b6850b\", \"frame\": 37, \"minimum_retention\": 0.9, \"primary_candidates\": 81, \"retention\": 0.8271604938271605, \"use_primary\": true}\n"}
,{"stream_name":"stdout","time":887.349949377,"data":"SECONDARY_EDGE_TTA_ACTIVE views = 8 weight = 0.75 mean_abs_feat_delta = 0.221381\n"}
,{"stream_name":"stdout","time":888.155838963,"data":"EDGE_TTA_ACTIVE views = 8 mean_abs_feat_delta = 0.232259\n"}
,{"stream_name":"stdout","time":889.084471975,"data":"EDGE_TTA_ACTIVE views = 8 mean_abs_feat_delta = 0.231793\n"}
,{"stream_name":"stdout","time":889.15973048,"data":"SECONDARY_EDGE_TTA_ACTIVE views = 8 weight = 0.75 mean_abs_feat_delta = 0.229485\n"}
,{"stream_name":"stdout","time":890.164061209,"data":"SECONDARY_EDGE_TTA_ACTIVE views = 8 weight = 0.75 mean_abs_feat_delta = 0.220825\n"}
,{"stream_name":"stdout","time":890.344374043,"data":"EDGE_TTA_ACTIVE views = 8 mean_abs_feat_delta = 0.229203\n"}
,{"stream_name":"stdout","time":891.349511042,"data":"SECONDARY_EDGE_TTA_ACTIVE views = 8 weight = 0.75 mean_abs_feat_delta = 0.234306\n"}
,{"stream_name":"stdout","time":891.356570048,"data":"BIOHUB_RETENTION_GUARD {\"blended_candidates\": 76, \"dataset\": \"6bba_05b6850b\", \"frame\": 39, \"minimum_retention\": 0.9, \"primary_candidates\": 86, \"retention\": 0.8837209302325582, \"use_primary\": true}\n"}
,{"stream_name":"stdout","time":891.798129144,"data":"EDGE_TTA_ACTIVE views = 8 mean_abs_feat_delta = 0.226217\n"}
,{"stream_name":"stdout","time":892.44862871,"data":"EDGE_TTA_ACTIVE views = 8 mean_abs_feat_delta = 0.226427\n"}
,{"stream_name":"stdout","time":892.903273018,"data":"SECONDARY_EDGE_TTA_ACTIVE views = 8 weight = 0.75 mean_abs_feat_delta = 0.220942\n"}
,{"stream_name":"stdout","time":893.450857587,"data":"SECONDARY_EDGE_TTA_ACTIVE views = 8 weight = 0.75 mean_abs_feat_delta = 0.235733\n"}
,{"stream_name":"stdout","time":894.527179514,"data":"EDGE_TTA_ACTIVE views = 8 mean_abs_feat_delta = 0.226861\n"}
,{"stream_name":"stdout","time":894.577998121,"data":"EDGE_TTA_ACTIVE views = 8 mean_abs_feat_delta = 0.227646\n"}
,{"stream_name":"stdout","time":895.531760965,"data":"SECONDARY_EDGE_TTA_ACTIVE views = 8 weight = 0.75 mean_abs_feat_delta = 0.231775\n"}
,{"stream_name":"stdout","time":895.535582327,"data":"BIOHUB_RETENTION_GUARD {\"blended_candidates\": 76, \"dataset\": \"6bba_05b6850b\", \"frame\": 41, \"minimum_retention\": 0.9, \"primary_candidates\": 90, \"retention\": 0.8444444444444444, \"use_primary\": true}\n"}
,{"stream_name":"stdout","time":895.677123678,"data":"SECONDARY_EDGE_TTA_ACTIVE views = 8 weight = 0.75 mean_abs_feat_delta = 0.220064\n"}
,{"stream_name":"stdout","time":896.699489277,"data":"EDGE_TTA_ACTIVE views = 8 mean_abs_feat_delta = 0.228639\n"}
,{"stream_name":"stdout","time":897.286403369,"data":"EDGE_TTA_ACTIVE views = 8 mean_abs_feat_delta = 0.228131\n"}
,{"stream_name":"stdout","time":897.703791178,"data":"SECONDARY_EDGE_TTA_ACTIVE views = 8 weight = 0.75 mean_abs_feat_delta = 0.227854\n"}
,{"stream_name":"stdout","time":898.37918214,"data":"SECONDARY_EDGE_TTA_ACTIVE views = 8 weight = 0.75 mean_abs_feat_delta = 0.219385\n"}
,{"stream_name":"stdout","time":898.828776022,"data":"EDGE_TTA_ACTIVE views = 8 mean_abs_feat_delta = 0.222976\n"}
,{"stream_name":"stdout","time":899.836813999,"data":"SECONDARY_EDGE_TTA_ACTIVE views = 8 weight = 0.75 mean_abs_feat_delta = 0.232249\n"}
,{"stream_name":"stdout","time":899.840270151,"data":"BIOHUB_RETENTION_GUARD {\"blended_candidates\": 80, \"dataset\": \"6bba_05b6850b\", \"frame\": 43, \"minimum_retention\": 0.9, \"primary_candidates\": 89, \"retention\": 0.898876404494382, \"use_primary\": true}\n"}
,{"stream_name":"stdout","time":899.981171185,"data":"EDGE_TTA_ACTIVE views = 8 mean_abs_feat_delta = 0.228097\n"}
,{"stream_name":"stdout","time":900.999765971,"data":"EDGE_TTA_ACTIVE views = 8 mean_abs_feat_delta = 0.233133\n"}
,{"stream_name":"stdout","time":901.063004184,"data":"SECONDARY_EDGE_TTA_ACTIVE views = 8 weight = 0.75 mean_abs_feat_delta = 0.221891\n"}
,{"stream_name":"stdout","time":902.014310379,"data":"SECONDARY_EDGE_TTA_ACTIVE views = 8 weight = 0.75 mean_abs_feat_delta = 0.226463\n"}
,{"stream_name":"stdout","time":902.662351688,"data":"EDGE_TTA_ACTIVE views = 8 mean_abs_feat_delta = 0.226978\n"}
,{"stream_name":"stdout","time":903.181621245,"data":"EDGE_TTA_ACTIVE views = 8 mean_abs_feat_delta = 0.229474\n"}
,{"stream_name":"stdout","time":903.741585279,"data":"SECONDARY_EDGE_TTA_ACTIVE views = 8 weight = 0.75 mean_abs_feat_delta = 0.22287\n"}
,{"stream_name":"stdout","time":904.197604841,"data":"SECONDARY_EDGE_TTA_ACTIVE views = 8 weight = 0.75 mean_abs_feat_delta = 0.232529\n"}
,{"stream_name":"stdout","time":905.365447222,"data":"EDGE_TTA_ACTIVE views = 8 mean_abs_feat_delta = 0.235089\n"}
,{"stream_name":"stdout","time":905.36916414,"data":"EDGE_TTA_ACTIVE views = 8 mean_abs_feat_delta = 0.234013\n"}
,{"stream_name":"stdout","time":906.384729784,"data":"SECONDARY_EDGE_TTA_ACTIVE views = 8 weight = 0.75 mean_abs_feat_delta = 0.234792\n"}
,{"stream_name":"stdout","time":906.438812959,"data":"SECONDARY_EDGE_TTA_ACTIVE views = 8 weight = 0.75 mean_abs_feat_delta = 0.226905\n"}
,{"stream_name":"stdout","time":907.531423373,"data":"EDGE_TTA_ACTIVE views = 8 mean_abs_feat_delta = 0.238926\n"}
,{"stream_name":"stdout","time":908.004699639,"data":"EDGE_TTA_ACTIVE views = 8 mean_abs_feat_delta = 0.236407\n"}
,{"stream_name":"stdout","time":908.553708517,"data":"SECONDARY_EDGE_TTA_ACTIVE views = 8 weight = 0.75 mean_abs_feat_delta = 0.233309\n"}
,{"stream_name":"stdout","time":909.073786941,"data":"SECONDARY_EDGE_TTA_ACTIVE views = 8 weight = 0.75 mean_abs_feat_delta = 0.227329\n"}
,{"stream_name":"stdout","time":909.734045222,"data":"EDGE_TTA_ACTIVE views = 8 mean_abs_feat_delta = 0.23637\n"}
,{"stream_name":"stdout","time":910.731797784,"data":"EDGE_TTA_ACTIVE views = 8 mean_abs_feat_delta = 0.231054\n"}
,{"stream_name":"stdout","time":910.765503641,"data":"SECONDARY_EDGE_TTA_ACTIVE views = 8 weight = 0.75 mean_abs_feat_delta = 0.231091\n"}
,{"stream_name":"stdout","time":911.792039952,"data":"SECONDARY_EDGE_TTA_ACTIVE views = 8 weight = 0.75 mean_abs_feat_delta = 0.227094\n"}
,{"stream_name":"stdout","time":911.986143206,"data":"EDGE_TTA_ACTIVE views = 8 mean_abs_feat_delta = 0.237828\n"}
,{"stream_name":"stdout","time":913.016365859,"data":"SECONDARY_EDGE_TTA_ACTIVE views = 8 weight = 0.75 mean_abs_feat_delta = 0.231415\n"}
,{"stream_name":"stdout","time":913.385406656,"data":"EDGE_TTA_ACTIVE views = 8 mean_abs_feat_delta = 0.230849\n"}
,{"stream_name":"stdout","time":914.235937849,"data":"EDGE_TTA_ACTIVE views = 8 mean_abs_feat_delta = 0.241041\n"}
,{"stream_name":"stdout","time":914.443254916,"data":"SECONDARY_EDGE_TTA_ACTIVE views = 8 weight = 0.75 mean_abs_feat_delta = 0.228038\n"}
,{"stream_name":"stdout","time":915.270510171,"data":"SECONDARY_EDGE_TTA_ACTIVE views = 8 weight = 0.75 mean_abs_feat_delta = 0.232042\n"}
,{"stream_name":"stdout","time":915.274472384,"data":"BIOHUB_RETENTION_GUARD {\"blended_candidates\": 89, \"dataset\": \"6bba_05b6850b\", \"frame\": 50, \"minimum_retention\": 0.9, \"primary_candidates\": 101, \"retention\": 0.8811881188118812, \"use_primary\": true}\n"}
,{"stream_name":"stdout","time":916.061386314,"data":"EDGE_TTA_ACTIVE views = 8 mean_abs_feat_delta = 0.22811\n"}
,{"stream_name":"stdout","time":916.497732551,"data":"EDGE_TTA_ACTIVE views = 8 mean_abs_feat_delta = 0.240316\n"}
,{"stream_name":"stdout","time":917.112652929,"data":"SECONDARY_EDGE_TTA_ACTIVE views = 8 weight = 0.75 mean_abs_feat_delta = 0.226869\n"}
,{"stream_name":"stdout","time":917.53118563,"data":"SECONDARY_EDGE_TTA_ACTIVE views = 8 weight = 0.75 mean_abs_feat_delta = 0.232766\n"}
,{"stream_name":"stdout","time":918.697178775,"data":"EDGE_TTA_ACTIVE views = 8 mean_abs_feat_delta = 0.240518\n"}
,{"stream_name":"stdout","time":918.741801643,"data":"EDGE_TTA_ACTIVE views = 8 mean_abs_feat_delta = 0.215977\n"}
,{"stream_name":"stdout","time":919.777302858,"data":"SECONDARY_EDGE_TTA_ACTIVE views = 8 weight = 0.75 mean_abs_feat_delta = 0.235979\n"}
,{"stream_name":"stdout","time":919.791858384,"data":"SECONDARY_EDGE_TTA_ACTIVE views = 8 weight = 0.75 mean_abs_feat_delta = 0.219975\n"}
,{"stream_name":"stdout","time":920.933194531,"data":"EDGE_TTA_ACTIVE views = 8 mean_abs_feat_delta = 0.233843\n"}
,{"stream_name":"stdout","time":921.363858457,"data":"EDGE_TTA_ACTIVE views = 8 mean_abs_feat_delta = 0.233321\n"}
,{"stream_name":"stdout","time":921.971846691,"data":"SECONDARY_EDGE_TTA_ACTIVE views = 8 weight = 0.75 mean_abs_feat_delta = 0.241376\n"}
,{"stream_name":"stdout","time":921.975794414,"data":"BIOHUB_RETENTION_GUARD {\"blended_candidates\": 96, \"dataset\": \"6bba_05b6850b\", \"frame\": 53, \"minimum_retention\": 0.9, \"primary_candidates\": 107, \"retention\": 0.897196261682243, \"use_primary\": true}\n"}
,{"stream_name":"stdout","time":922.415504742,"data":"SECONDARY_EDGE_TTA_ACTIVE views = 8 weight = 0.75 mean_abs_feat_delta = 0.22725\n"}
,{"stream_name":"stdout","time":923.201271496,"data":"EDGE_TTA_ACTIVE views = 8 mean_abs_feat_delta = 0.236701\n"}
,{"stream_name":"stdout","time":924.010265561,"data":"EDGE_TTA_ACTIVE views = 8 mean_abs_feat_delta = 0.226492\n"}
,{"stream_name":"stdout","time":924.242659892,"data":"SECONDARY_EDGE_TTA_ACTIVE views = 8 weight = 0.75 mean_abs_feat_delta = 0.233304\n"}
,{"stream_name":"stdout","time":925.064287212,"data":"SECONDARY_EDGE_TTA_ACTIVE views = 8 weight = 0.75 mean_abs_feat_delta = 0.225732\n"}
,{"stream_name":"stdout","time":925.3794014,"data":"EDGE_TTA_ACTIVE views = 8 mean_abs_feat_delta = 0.22064\n"}
,{"stream_name":"stdout","time":926.420615707,"data":"SECONDARY_EDGE_TTA_ACTIVE views = 8 weight = 0.75 mean_abs_feat_delta = 0.237349\n"}
,{"stream_name":"stdout","time":926.66257008,"data":"EDGE_TTA_ACTIVE views = 8 mean_abs_feat_delta = 0.239181\n"}
,{"stream_name":"stdout","time":927.58957806,"data":"EDGE_TTA_ACTIVE views = 8 mean_abs_feat_delta = 0.220276\n"}
,{"stream_name":"stdout","time":927.713733424,"data":"SECONDARY_EDGE_TTA_ACTIVE views = 8 weight = 0.75 mean_abs_feat_delta = 0.229625\n"}
,{"stream_name":"stdout","time":928.634695486,"data":"SECONDARY_EDGE_TTA_ACTIVE views = 8 weight = 0.75 mean_abs_feat_delta = 0.237192\n"}
,{"stream_name":"stdout","time":929.355325542,"data":"EDGE_TTA_ACTIVE views = 8 mean_abs_feat_delta = 0.236412\n"}
,{"stream_name":"stdout","time":929.815776961,"data":"EDGE_TTA_ACTIVE views = 8 mean_abs_feat_delta = 0.225743\n"}
,{"stream_name":"stdout","time":930.405567028,"data":"SECONDARY_EDGE_TTA_ACTIVE views = 8 weight = 0.75 mean_abs_feat_delta = 0.229021\n"}
,{"stream_name":"stdout","time":930.858794744,"data":"SECONDARY_EDGE_TTA_ACTIVE views = 8 weight = 0.75 mean_abs_feat_delta = 0.23579\n"}
,{"stream_name":"stdout","time":930.862581098,"data":"BIOHUB_RETENTION_GUARD {\"blended_candidates\": 94, \"dataset\": \"6bba_05b6850b\", \"frame\": 57, \"minimum_retention\": 0.9, \"primary_candidates\": 114, \"retention\": 0.8245614035087719, \"use_primary\": true}\n"}
,{"stream_name":"stdout","time":931.929625394,"data":"EDGE_TTA_ACTIVE views = 8 mean_abs_feat_delta = 0.226738\n"}
,{"stream_name":"stdout","time":932.066910229,"data":"EDGE_TTA_ACTIVE views = 8 mean_abs_feat_delta = 0.22102\n"}
,{"stream_name":"stdout","time":932.977386096,"data":"SECONDARY_EDGE_TTA_ACTIVE views = 8 weight = 0.75 mean_abs_feat_delta = 0.229917\n"}
,{"stream_name":"stdout","time":933.114162641,"data":"SECONDARY_EDGE_TTA_ACTIVE views = 8 weight = 0.75 mean_abs_feat_delta = 0.245733\n"}
,{"stream_name":"stdout","time":933.11800873,"data":"BIOHUB_RETENTION_GUARD {\"blended_candidates\": 93, \"dataset\": \"6bba_05b6850b\", \"frame\": 58, \"minimum_retention\": 0.9, \"primary_candidates\": 109, \"retention\": 0.8532110091743119, \"use_primary\": true}\n"}
,{"stream_name":"stdout","time":934.326384062,"data":"EDGE_TTA_ACTIVE views = 8 mean_abs_feat_delta = 0.232831\n"}
,{"stream_name":"stdout","time":934.615262577,"data":"EDGE_TTA_ACTIVE views = 8 mean_abs_feat_delta = 0.230843\n"}
,{"stream_name":"stdout","time":935.370321865,"data":"SECONDARY_EDGE_TTA_ACTIVE views = 8 weight = 0.75 mean_abs_feat_delta = 0.237609\n"}
,{"stream_name":"stdout","time":935.664956431,"data":"SECONDARY_EDGE_TTA_ACTIVE views = 8 weight = 0.75 mean_abs_feat_delta = 0.232737\n"}
,{"stream_name":"stdout","time":936.566205974,"data":"EDGE_TTA_ACTIVE views = 8 mean_abs_feat_delta = 0.224285\n"}
,{"stream_name":"stdout","time":937.238567197,"data":"EDGE_TTA_ACTIVE views = 8 mean_abs_feat_delta = 0.233039\n"}
,{"stream_name":"stdout","time":937.614553536,"data":"SECONDARY_EDGE_TTA_ACTIVE views = 8 weight = 0.75 mean_abs_feat_delta = 0.24975\n"}
,{"stream_name":"stdout","time":938.289592578,"data":"SECONDARY_EDGE_TTA_ACTIVE views = 8 weight = 0.75 mean_abs_feat_delta = 0.227525\n"}
,{"stream_name":"stdout","time":938.796101168,"data":"EDGE_TTA_ACTIVE views = 8 mean_abs_feat_delta = 0.23817\n"}
,{"stream_name":"stdout","time":939.846189077,"data":"SECONDARY_EDGE_TTA_ACTIVE views = 8 weight = 0.75 mean_abs_feat_delta = 0.23735\n"}
,{"stream_name":"stdout","time":939.893383035,"data":"EDGE_TTA_ACTIVE views = 8 mean_abs_feat_delta = 0.236685\n"}
,{"stream_name":"stdout","time":940.947134135,"data":"SECONDARY_EDGE_TTA_ACTIVE views = 8 weight = 0.75 mean_abs_feat_delta = 0.228923\n"}
,{"stream_name":"stdout","time":941.024509303,"data":"EDGE_TTA_ACTIVE views = 8 mean_abs_feat_delta = 0.235774\n"}
,{"stream_name":"stdout","time":942.07178619,"data":"SECONDARY_EDGE_TTA_ACTIVE views = 8 weight = 0.75 mean_abs_feat_delta = 0.239857\n"}
,{"stream_name":"stdout","time":942.528075195,"data":"EDGE_TTA_ACTIVE views = 8 mean_abs_feat_delta = 0.237921\n"}
,{"stream_name":"stdout","time":943.271029567,"data":"EDGE_TTA_ACTIVE views = 8 mean_abs_feat_delta = 0.227621\n"}
,{"stream_name":"stdout","time":943.581110628,"data":"SECONDARY_EDGE_TTA_ACTIVE views = 8 weight = 0.75 mean_abs_feat_delta = 0.234703\n"}
,{"stream_name":"stdout","time":944.311948696,"data":"SECONDARY_EDGE_TTA_ACTIVE views = 8 weight = 0.75 mean_abs_feat_delta = 0.246472\n"}
,{"stream_name":"stdout","time":945.195341638,"data":"EDGE_TTA_ACTIVE views = 8 mean_abs_feat_delta = 0.234442\n"}
,{"stream_name":"stdout","time":945.456153531,"data":"EDGE_TTA_ACTIVE views = 8 mean_abs_feat_delta = 0.239175\n"}
,{"stream_name":"stdout","time":946.254490004,"data":"SECONDARY_EDGE_TTA_ACTIVE views = 8 weight = 0.75 mean_abs_feat_delta = 0.228868\n"}
,{"stream_name":"stdout","time":946.493902304,"data":"SECONDARY_EDGE_TTA_ACTIVE views = 8 weight = 0.75 mean_abs_feat_delta = 0.23837\n"}
,{"stream_name":"stdout","time":947.640626322,"data":"EDGE_TTA_ACTIVE views = 8 mean_abs_feat_delta = 0.244179\n"}
,{"stream_name":"stdout","time":947.834045063,"data":"EDGE_TTA_ACTIVE views = 8 mean_abs_feat_delta = 0.233617\n"}
,{"stream_name":"stdout","time":948.67361757,"data":"SECONDARY_EDGE_TTA_ACTIVE views = 8 weight = 0.75 mean_abs_feat_delta = 0.23794\n"}
,{"stream_name":"stdout","time":948.89163983,"data":"SECONDARY_EDGE_TTA_ACTIVE views = 8 weight = 0.75 mean_abs_feat_delta = 0.229406\n"}
,{"stream_name":"stdout","time":949.936522829,"data":"EDGE_TTA_ACTIVE views = 8 mean_abs_feat_delta = 0.237185\n"}
,{"stream_name":"stdout","time":950.468975452,"data":"EDGE_TTA_ACTIVE views = 8 mean_abs_feat_delta = 0.235088\n"}
,{"stream_name":"stdout","time":950.915120807,"data":"SECONDARY_EDGE_TTA_ACTIVE views = 8 weight = 0.75 mean_abs_feat_delta = 0.237401\n"}
,{"stream_name":"stdout","time":951.527073529,"data":"SECONDARY_EDGE_TTA_ACTIVE views = 8 weight = 0.75 mean_abs_feat_delta = 0.228734\n"}
,{"stream_name":"stdout","time":952.10945603,"data":"EDGE_TTA_ACTIVE views = 8 mean_abs_feat_delta = 0.229216\n"}
,{"stream_name":"stdout","time":953.087889468,"data":"EDGE_TTA_ACTIVE views = 8 mean_abs_feat_delta = 0.215509\n"}
,{"stream_name":"stdout","time":953.139026434,"data":"SECONDARY_EDGE_TTA_ACTIVE views = 8 weight = 0.75 mean_abs_feat_delta = 0.245673\n"}
,{"stream_name":"stdout","time":954.155305428,"data":"SECONDARY_EDGE_TTA_ACTIVE views = 8 weight = 0.75 mean_abs_feat_delta = 0.227258\n"}
,{"stream_name":"stdout","time":954.359960735,"data":"EDGE_TTA_ACTIVE views = 8 mean_abs_feat_delta = 0.241588\n"}
,{"stream_name":"stdout","time":955.384714206,"data":"SECONDARY_EDGE_TTA_ACTIVE views = 8 weight = 0.75 mean_abs_feat_delta = 0.235875\n"}
,{"stream_name":"stdout","time":955.741070068,"data":"EDGE_TTA_ACTIVE views = 8 mean_abs_feat_delta = 0.211415\n"}
,{"stream_name":"stdout","time":956.502015926,"data":"EDGE_TTA_ACTIVE views = 8 mean_abs_feat_delta = 0.239353\n"}
,{"stream_name":"stdout","time":956.806899329,"data":"SECONDARY_EDGE_TTA_ACTIVE views = 8 weight = 0.75 mean_abs_feat_delta = 0.232919\n"}
,{"stream_name":"stdout","time":957.523053878,"data":"SECONDARY_EDGE_TTA_ACTIVE views = 8 weight = 0.75 mean_abs_feat_delta = 0.241531\n"}
,{"stream_name":"stdout","time":958.467366605,"data":"EDGE_TTA_ACTIVE views = 8 mean_abs_feat_delta = 0.235811\n"}
,{"stream_name":"stdout","time":958.707945737,"data":"EDGE_TTA_ACTIVE views = 8 mean_abs_feat_delta = 0.237942\n"}
,{"stream_name":"stdout","time":959.543698527,"data":"SECONDARY_EDGE_TTA_ACTIVE views = 8 weight = 0.75 mean_abs_feat_delta = 0.237762\n"}
,{"stream_name":"stdout","time":959.728959495,"data":"SECONDARY_EDGE_TTA_ACTIVE views = 8 weight = 0.75 mean_abs_feat_delta = 0.238654\n"}
,{"stream_name":"stdout","time":960.921825967,"data":"EDGE_TTA_ACTIVE views = 8 mean_abs_feat_delta = 0.239293\n"}
,{"stream_name":"stdout","time":961.114412722,"data":"EDGE_TTA_ACTIVE views = 8 mean_abs_feat_delta = 0.23739\n"}
,{"stream_name":"stdout","time":961.942081484,"data":"SECONDARY_EDGE_TTA_ACTIVE views = 8 weight = 0.75 mean_abs_feat_delta = 0.235897\n"}
,{"stream_name":"stdout","time":962.194794419,"data":"SECONDARY_EDGE_TTA_ACTIVE views = 8 weight = 0.75 mean_abs_feat_delta = 0.238631\n"}
,{"stream_name":"stdout","time":963.125178166,"data":"EDGE_TTA_ACTIVE views = 8 mean_abs_feat_delta = 0.234476\n"}
,{"stream_name":"stdout","time":963.756135391,"data":"EDGE_TTA_ACTIVE views = 8 mean_abs_feat_delta = 0.235826\n"}
,{"stream_name":"stdout","time":964.144713661,"data":"SECONDARY_EDGE_TTA_ACTIVE views = 8 weight = 0.75 mean_abs_feat_delta = 0.232787\n"}
,{"stream_name":"stdout","time":964.841702434,"data":"SECONDARY_EDGE_TTA_ACTIVE views = 8 weight = 0.75 mean_abs_feat_delta = 0.236776\n"}
,{"stream_name":"stdout","time":965.317827796,"data":"EDGE_TTA_ACTIVE views = 8 mean_abs_feat_delta = 0.226821\n"}
,{"stream_name":"stdout","time":966.334999017,"data":"SECONDARY_EDGE_TTA_ACTIVE views = 8 weight = 0.75 mean_abs_feat_delta = 0.235419\n"}
,{"stream_name":"stdout","time":966.495394577,"data":"EDGE_TTA_ACTIVE views = 8 mean_abs_feat_delta = 0.234788\n"}
,{"stream_name":"stdout","time":967.472725496,"data":"EDGE_TTA_ACTIVE views = 8 mean_abs_feat_delta = 0.226903\n"}
,{"stream_name":"stdout","time":967.578375692,"data":"SECONDARY_EDGE_TTA_ACTIVE views = 8 weight = 0.75 mean_abs_feat_delta = 0.233805\n"}
,{"stream_name":"stdout","time":968.486041513,"data":"SECONDARY_EDGE_TTA_ACTIVE views = 8 weight = 0.75 mean_abs_feat_delta = 0.232021\n"}
,{"stream_name":"stdout","time":969.232326073,"data":"EDGE_TTA_ACTIVE views = 8 mean_abs_feat_delta = 0.238542\n"}
,{"stream_name":"stdout","time":969.682774514,"data":"EDGE_TTA_ACTIVE views = 8 mean_abs_feat_delta = 0.224855\n"}
,{"stream_name":"stdout","time":970.317395071,"data":"SECONDARY_EDGE_TTA_ACTIVE views = 8 weight = 0.75 mean_abs_feat_delta = 0.2393\n"}
,{"stream_name":"stdout","time":970.698300194,"data":"SECONDARY_EDGE_TTA_ACTIVE views = 8 weight = 0.75 mean_abs_feat_delta = 0.235438\n"}
,{"stream_name":"stdout","time":971.900235157,"data":"EDGE_TTA_ACTIVE views = 8 mean_abs_feat_delta = 0.223744\n"}
,{"stream_name":"stdout","time":971.914462363,"data":"EDGE_TTA_ACTIVE views = 8 mean_abs_feat_delta = 0.240463\n"}
,{"stream_name":"stdout","time":972.919205181,"data":"SECONDARY_EDGE_TTA_ACTIVE views = 8 weight = 0.75 mean_abs_feat_delta = 0.238512\n"}
,{"stream_name":"stdout","time":972.995683736,"data":"SECONDARY_EDGE_TTA_ACTIVE views = 8 weight = 0.75 mean_abs_feat_delta = 0.241418\n"}
,{"stream_name":"stdout","time":974.121686257,"data":"EDGE_TTA_ACTIVE views = 8 mean_abs_feat_delta = 0.218132\n"}
,{"stream_name":"stdout","time":974.601465711,"data":"EDGE_TTA_ACTIVE views = 8 mean_abs_feat_delta = 0.237933\n"}
,{"stream_name":"stdout","time":975.137488781,"data":"SECONDARY_EDGE_TTA_ACTIVE views = 8 weight = 0.75 mean_abs_feat_delta = 0.246384\n"}
,{"stream_name":"stdout","time":975.682660294,"data":"SECONDARY_EDGE_TTA_ACTIVE views = 8 weight = 0.75 mean_abs_feat_delta = 0.240548\n"}
,{"stream_name":"stdout","time":976.342630221,"data":"EDGE_TTA_ACTIVE views = 8 mean_abs_feat_delta = 0.231867\n"}
,{"stream_name":"stdout","time":977.285203107,"data":"EDGE_TTA_ACTIVE views = 8 mean_abs_feat_delta = 0.238086\n"}
,{"stream_name":"stdout","time":977.357708011,"data":"SECONDARY_EDGE_TTA_ACTIVE views = 8 weight = 0.75 mean_abs_feat_delta = 0.234938\n"}
,{"stream_name":"stdout","time":978.365557983,"data":"SECONDARY_EDGE_TTA_ACTIVE views = 8 weight = 0.75 mean_abs_feat_delta = 0.239217\n"}
,{"stream_name":"stdout","time":978.562670681,"data":"EDGE_TTA_ACTIVE views = 8 mean_abs_feat_delta = 0.234333\n"}
,{"stream_name":"stdout","time":979.58037912,"data":"SECONDARY_EDGE_TTA_ACTIVE views = 8 weight = 0.75 mean_abs_feat_delta = 0.237752\n"}
,{"stream_name":"stdout","time":980.039764654,"data":"EDGE_TTA_ACTIVE views = 8 mean_abs_feat_delta = 0.236223\n"}
,{"stream_name":"stdout","time":980.733326632,"data":"EDGE_TTA_ACTIVE views = 8 mean_abs_feat_delta = 0.236016\n"}
,{"stream_name":"stdout","time":981.06459242,"data":"SECONDARY_EDGE_TTA_ACTIVE views = 8 weight = 0.75 mean_abs_feat_delta = 0.238117\n"}
,{"stream_name":"stdout","time":981.748780923,"data":"SECONDARY_EDGE_TTA_ACTIVE views = 8 weight = 0.75 mean_abs_feat_delta = 0.23573\n"}
,{"stream_name":"stdout","time":982.64319546,"data":"EDGE_TTA_ACTIVE views = 8 mean_abs_feat_delta = 0.240627\n"}
,{"stream_name":"stdout","time":982.955350136,"data":"EDGE_TTA_ACTIVE views = 8 mean_abs_feat_delta = 0.234811\n"}
,{"stream_name":"stdout","time":983.722376874,"data":"SECONDARY_EDGE_TTA_ACTIVE views = 8 weight = 0.75 mean_abs_feat_delta = 0.241111\n"}
,{"stream_name":"stdout","time":983.971303658,"data":"SECONDARY_EDGE_TTA_ACTIVE views = 8 weight = 0.75 mean_abs_feat_delta = 0.235636\n"}
,{"stream_name":"stdout","time":985.111183462,"data":"EDGE_TTA_ACTIVE views = 8 mean_abs_feat_delta = 0.234557\n"}
,{"stream_name":"stdout","time":985.335505385,"data":"EDGE_TTA_ACTIVE views = 8 mean_abs_feat_delta = 0.227905\n"}
,{"stream_name":"stdout","time":986.129901311,"data":"SECONDARY_EDGE_TTA_ACTIVE views = 8 weight = 0.75 mean_abs_feat_delta = 0.23299\n"}
,{"stream_name":"stdout","time":986.41457743,"data":"SECONDARY_EDGE_TTA_ACTIVE views = 8 weight = 0.75 mean_abs_feat_delta = 0.233408\n"}
,{"stream_name":"stdout","time":987.280929993,"data":"EDGE_TTA_ACTIVE views = 8 mean_abs_feat_delta = 0.234307\n"}
,{"stream_name":"stdout","time":987.893478685,"data":"EDGE_TTA_ACTIVE views = 8 mean_abs_feat_delta = 0.239563\n"}
,{"stream_name":"stdout","time":988.298901024,"data":"SECONDARY_EDGE_TTA_ACTIVE views = 8 weight = 0.75 mean_abs_feat_delta = 0.232458\n"}
,{"stream_name":"stdout","time":988.97407825,"data":"SECONDARY_EDGE_TTA_ACTIVE views = 8 weight = 0.75 mean_abs_feat_delta = 0.236893\n"}
,{"stream_name":"stdout","time":989.417007831,"data":"EDGE_TTA_ACTIVE views = 8 mean_abs_feat_delta = 0.235203\n"}
,{"stream_name":"stdout","time":990.439976699,"data":"SECONDARY_EDGE_TTA_ACTIVE views = 8 weight = 0.75 mean_abs_feat_delta = 0.232166\n"}
,{"stream_name":"stdout","time":990.604216553,"data":"EDGE_TTA_ACTIVE views = 8 mean_abs_feat_delta = 0.242943\n"}
,{"stream_name":"stdout","time":991.553847402,"data":"EDGE_TTA_ACTIVE views = 8 mean_abs_feat_delta = 0.236753\n"}
,{"stream_name":"stdout","time":991.677645845,"data":"SECONDARY_EDGE_TTA_ACTIVE views = 8 weight = 0.75 mean_abs_feat_delta = 0.244446\n"}
,{"stream_name":"stdout","time":992.578139457,"data":"SECONDARY_EDGE_TTA_ACTIVE views = 8 weight = 0.75 mean_abs_feat_delta = 0.232609\n"}
,{"stream_name":"stdout","time":993.280817266,"data":"EDGE_TTA_ACTIVE views = 8 mean_abs_feat_delta = 0.247572\n"}
,{"stream_name":"stdout","time":993.752460949,"data":"EDGE_TTA_ACTIVE views = 8 mean_abs_feat_delta = 0.238171\n"}
,{"stream_name":"stdout","time":994.353360487,"data":"SECONDARY_EDGE_TTA_ACTIVE views = 8 weight = 0.75 mean_abs_feat_delta = 0.249633\n"}
,{"stream_name":"stdout","time":994.77981228,"data":"SECONDARY_EDGE_TTA_ACTIVE views = 8 weight = 0.75 mean_abs_feat_delta = 0.232939\n"}
,{"stream_name":"stdout","time":995.874348964,"data":"EDGE_TTA_ACTIVE views = 8 mean_abs_feat_delta = 0.249408\n"}
,{"stream_name":"stdout","time":995.959140023,"data":"EDGE_TTA_ACTIVE views = 8 mean_abs_feat_delta = 0.236963\n"}
,{"stream_name":"stdout","time":996.94670594,"data":"SECONDARY_EDGE_TTA_ACTIVE views = 8 weight = 0.75 mean_abs_feat_delta = 0.246702\n"}
,{"stream_name":"stdout","time":996.98740461,"data":"SECONDARY_EDGE_TTA_ACTIVE views = 8 weight = 0.75 mean_abs_feat_delta = 0.231872\n"}
,{"stream_name":"stdout","time":998.108841546,"data":"EDGE_TTA_ACTIVE views = 8 mean_abs_feat_delta = 0.236205\n"}
,{"stream_name":"stdout","time":998.439820876,"data":"EDGE_TTA_ACTIVE views = 8 mean_abs_feat_delta = 0.243718\n"}
,{"stream_name":"stdout","time":999.140430016,"data":"SECONDARY_EDGE_TTA_ACTIVE views = 8 weight = 0.75 mean_abs_feat_delta = 0.232685\n"}
,{"stream_name":"stdout","time":999.509314242,"data":"SECONDARY_EDGE_TTA_ACTIVE views = 8 weight = 0.75 mean_abs_feat_delta = 0.239557\n"}
,{"stream_name":"stdout","time":1000.304635529,"data":"EDGE_TTA_ACTIVE views = 8 mean_abs_feat_delta = 0.233149\n"}
,{"stream_name":"stdout","time":1001.008344801,"data":"EDGE_TTA_ACTIVE views = 8 mean_abs_feat_delta = 0.251506\n"}
,{"stream_name":"stdout","time":1001.332634518,"data":"SECONDARY_EDGE_TTA_ACTIVE views = 8 weight = 0.75 mean_abs_feat_delta = 0.233018\n"}
,{"stream_name":"stdout","time":1002.074649283,"data":"SECONDARY_EDGE_TTA_ACTIVE views = 8 weight = 0.75 mean_abs_feat_delta = 0.238104\n"}
,{"stream_name":"stdout","time":1002.49443108,"data":"EDGE_TTA_ACTIVE views = 8 mean_abs_feat_delta = 0.225836\n"}
,{"stream_name":"stdout","time":1003.521834698,"data":"SECONDARY_EDGE_TTA_ACTIVE views = 8 weight = 0.75 mean_abs_feat_delta = 0.234885\n"}
,{"stream_name":"stdout","time":1003.591698341,"data":"EDGE_TTA_ACTIVE views = 8 mean_abs_feat_delta = 0.251008\n"}
,{"stream_name":"stdout","time":1004.66186824,"data":"SECONDARY_EDGE_TTA_ACTIVE views = 8 weight = 0.75 mean_abs_feat_delta = 0.239919\n"}
,{"stream_name":"stdout","time":1004.671502692,"data":"EDGE_TTA_ACTIVE views = 8 mean_abs_feat_delta = 0.227884\n"}
,{"stream_name":"stdout","time":1005.702122687,"data":"SECONDARY_EDGE_TTA_ACTIVE views = 8 weight = 0.75 mean_abs_feat_delta = 0.232744\n"}
,{"stream_name":"stdout","time":1006.182297095,"data":"EDGE_TTA_ACTIVE views = 8 mean_abs_feat_delta = 0.245957\n"}
,{"stream_name":"stdout","time":1006.857234242,"data":"EDGE_TTA_ACTIVE views = 8 mean_abs_feat_delta = 0.227373\n"}
,{"stream_name":"stdout","time":1007.25061915,"data":"SECONDARY_EDGE_TTA_ACTIVE views = 8 weight = 0.75 mean_abs_feat_delta = 0.238456\n"}
,{"stream_name":"stdout","time":1007.888745766,"data":"SECONDARY_EDGE_TTA_ACTIVE views = 8 weight = 0.75 mean_abs_feat_delta = 0.229484\n"}
,{"stream_name":"stdout","time":1008.790538712,"data":"EDGE_TTA_ACTIVE views = 8 mean_abs_feat_delta = 0.238098\n"}
,{"stream_name":"stdout","time":1009.019671593,"data":"EDGE_TTA_ACTIVE views = 8 mean_abs_feat_delta = 0.220328\n"}
,{"stream_name":"stdout","time":1009.856038297,"data":"SECONDARY_EDGE_TTA_ACTIVE views = 8 weight = 0.75 mean_abs_feat_delta = 0.237938\n"}
,{"stream_name":"stdout","time":1010.108233437,"data":"SECONDARY_EDGE_TTA_ACTIVE views = 8 weight = 0.75 mean_abs_feat_delta = 0.231302\n"}
,{"stream_name":"stdout","time":1011.226192387,"data":"EDGE_TTA_ACTIVE views = 8 mean_abs_feat_delta = 0.223583\n"}
,{"stream_name":"stdout","time":1011.413875228,"data":"EDGE_TTA_ACTIVE views = 8 mean_abs_feat_delta = 0.234102\n"}
,{"stream_name":"stdout","time":1012.255828614,"data":"SECONDARY_EDGE_TTA_ACTIVE views = 8 weight = 0.75 mean_abs_feat_delta = 0.233885\n"}
,{"stream_name":"stdout","time":1012.478558726,"data":"SECONDARY_EDGE_TTA_ACTIVE views = 8 weight = 0.75 mean_abs_feat_delta = 0.242027\n"}
,{"stream_name":"stdout","time":1013.379677036,"data":"EDGE_TTA_ACTIVE views = 8 mean_abs_feat_delta = 0.225101\n"}
,{"stream_name":"stdout","time":1013.89579962,"data":"EDGE_TTA_ACTIVE views = 8 mean_abs_feat_delta = 0.234812\n"}
,{"stream_name":"stdout","time":1014.406778287,"data":"SECONDARY_EDGE_TTA_ACTIVE views = 8 weight = 0.75 mean_abs_feat_delta = 0.235923\n"}
,{"stream_name":"stdout","time":1014.958339314,"data":"SECONDARY_EDGE_TTA_ACTIVE views = 8 weight = 0.75 mean_abs_feat_delta = 0.244117\n"}
,{"stream_name":"stdout","time":1015.56254926,"data":"EDGE_TTA_ACTIVE views = 8 mean_abs_feat_delta = 0.224219\n"}
,{"stream_name":"stdout","time":1016.446817784,"data":"EDGE_TTA_ACTIVE views = 8 mean_abs_feat_delta = 0.23759\n"}
,{"stream_name":"stdout","time":1016.592031669,"data":"SECONDARY_EDGE_TTA_ACTIVE views = 8 weight = 0.75 mean_abs_feat_delta = 0.236514\n"}
,{"stream_name":"stdout","time":1017.509776286,"data":"SECONDARY_EDGE_TTA_ACTIVE views = 8 weight = 0.75 mean_abs_feat_delta = 0.243325\n"}
,{"stream_name":"stdout","time":1017.717792082,"data":"EDGE_TTA_ACTIVE views = 8 mean_abs_feat_delta = 0.223367\n"}
,{"stream_name":"stdout","time":1018.744600433,"data":"SECONDARY_EDGE_TTA_ACTIVE views = 8 weight = 0.75 mean_abs_feat_delta = 0.236886\n"}
,{"stream_name":"stdout","time":1019.046518233,"data":"EDGE_TTA_ACTIVE views = 8 mean_abs_feat_delta = 0.236011\n"}
,{"stream_name":"stdout","time":1019.946904135,"data":"EDGE_TTA_ACTIVE views = 8 mean_abs_feat_delta = 0.223955\n"}
,{"stream_name":"stdout","time":1020.11190817,"data":"SECONDARY_EDGE_TTA_ACTIVE views = 8 weight = 0.75 mean_abs_feat_delta = 0.244042\n"}
,{"stream_name":"stdout","time":1020.974050922,"data":"SECONDARY_EDGE_TTA_ACTIVE views = 8 weight = 0.75 mean_abs_feat_delta = 0.236659\n"}
,{"stream_name":"stdout","time":1021.651867033,"data":"EDGE_TTA_ACTIVE views = 8 mean_abs_feat_delta = 0.240735\n"}
,{"stream_name":"stdout","time":1022.104539978,"data":"EDGE_TTA_ACTIVE views = 8 mean_abs_feat_delta = 0.226383\n"}
,{"stream_name":"stdout","time":1022.712700192,"data":"SECONDARY_EDGE_TTA_ACTIVE views = 8 weight = 0.75 mean_abs_feat_delta = 0.24973\n"}
,{"stream_name":"stdout","time":1023.131027567,"data":"SECONDARY_EDGE_TTA_ACTIVE views = 8 weight = 0.75 mean_abs_feat_delta = 0.238038\n"}
,{"stream_name":"stdout","time":1024.253539998,"data":"EDGE_TTA_ACTIVE views = 8 mean_abs_feat_delta = 0.227122\n"}
,{"stream_name":"stdout","time":1025.317373412,"data":"SECONDARY_EDGE_TTA_ACTIVE views = 8 weight = 0.75 mean_abs_feat_delta = 0.239339\n"}
,{"stream_name":"stdout","time":1026.806091118,"data":"EDGE_TTA_ACTIVE views = 8 mean_abs_feat_delta = 0.237619\n"}
,{"stream_name":"stdout","time":1027.870779372,"data":"SECONDARY_EDGE_TTA_ACTIVE views = 8 weight = 0.75 mean_abs_feat_delta = 0.244666\n"}
,{"stream_name":"stdout","time":1028.561385875,"data":"Saved 2 predictions to /kaggle/working/tracking_repo/predictions/unknown/unet_transformer_gpu0/split_0\n"}
,{"stream_name":"stdout","time":1029.312566545,"data":"EDGE_TTA_ACTIVE views = 8 mean_abs_feat_delta = 0.234784\n"}
,{"stream_name":"stdout","time":1030.372847112,"data":"SECONDARY_EDGE_TTA_ACTIVE views = 8 weight = 0.75 mean_abs_feat_delta = 0.244039\n"}
,{"stream_name":"stdout","time":1031.786713022,"data":"EDGE_TTA_ACTIVE views = 8 mean_abs_feat_delta = 0.238057\n"}
,{"stream_name":"stdout","time":1032.846404692,"data":"SECONDARY_EDGE_TTA_ACTIVE views = 8 weight = 0.75 mean_abs_feat_delta = 0.245322\n"}
,{"stream_name":"stdout","time":1034.381666303,"data":"EDGE_TTA_ACTIVE views = 8 mean_abs_feat_delta = 0.240528\n"}
,{"stream_name":"stdout","time":1035.444880755,"data":"SECONDARY_EDGE_TTA_ACTIVE views = 8 weight = 0.75 mean_abs_feat_delta = 0.2464\n"}
,{"stream_name":"stdout","time":1036.917079058,"data":"EDGE_TTA_ACTIVE views = 8 mean_abs_feat_delta = 0.241062\n"}
,{"stream_name":"stdout","time":1037.981888688,"data":"SECONDARY_EDGE_TTA_ACTIVE views = 8 weight = 0.75 mean_abs_feat_delta = 0.244837\n"}
,{"stream_name":"stdout","time":1039.49098811,"data":"EDGE_TTA_ACTIVE views = 8 mean_abs_feat_delta = 0.244633\n"}
,{"stream_name":"stdout","time":1040.593571841,"data":"SECONDARY_EDGE_TTA_ACTIVE views = 8 weight = 0.75 mean_abs_feat_delta = 0.249715\n"}
,{"stream_name":"stdout","time":1042.026150701,"data":"EDGE_TTA_ACTIVE views = 8 mean_abs_feat_delta = 0.242416\n"}
,{"stream_name":"stdout","time":1043.089364035,"data":"SECONDARY_EDGE_TTA_ACTIVE views = 8 weight = 0.75 mean_abs_feat_delta = 0.246366\n"}
,{"stream_name":"stdout","time":1044.597467732,"data":"EDGE_TTA_ACTIVE views = 8 mean_abs_feat_delta = 0.24056\n"}
,{"stream_name":"stdout","time":1045.667435384,"data":"SECONDARY_EDGE_TTA_ACTIVE views = 8 weight = 0.75 mean_abs_feat_delta = 0.250553\n"}
,{"stream_name":"stdout","time":1047.125199093,"data":"EDGE_TTA_ACTIVE views = 8 mean_abs_feat_delta = 0.244906\n"}
,{"stream_name":"stdout","time":1048.198213831,"data":"SECONDARY_EDGE_TTA_ACTIVE views = 8 weight = 0.75 mean_abs_feat_delta = 0.253052\n"}
,{"stream_name":"stdout","time":1049.722062306,"data":"EDGE_TTA_ACTIVE views = 8 mean_abs_feat_delta = 0.243119\n"}
,{"stream_name":"stdout","time":1050.795025012,"data":"SECONDARY_EDGE_TTA_ACTIVE views = 8 weight = 0.75 mean_abs_feat_delta = 0.249056\n"}
,{"stream_name":"stdout","time":1052.354384427,"data":"EDGE_TTA_ACTIVE views = 8 mean_abs_feat_delta = 0.247552\n"}
,{"stream_name":"stdout","time":1053.426619766,"data":"SECONDARY_EDGE_TTA_ACTIVE views = 8 weight = 0.75 mean_abs_feat_delta = 0.249429\n"}
,{"stream_name":"stdout","time":1054.91512798,"data":"EDGE_TTA_ACTIVE views = 8 mean_abs_feat_delta = 0.2455\n"}
,{"stream_name":"stdout","time":1055.98984851,"data":"SECONDARY_EDGE_TTA_ACTIVE views = 8 weight = 0.75 mean_abs_feat_delta = 0.246018\n"}
,{"stream_name":"stdout","time":1057.487286889,"data":"EDGE_TTA_ACTIVE views = 8 mean_abs_feat_delta = 0.240275\n"}
,{"stream_name":"stdout","time":1058.565372026,"data":"SECONDARY_EDGE_TTA_ACTIVE views = 8 weight = 0.75 mean_abs_feat_delta = 0.244333\n"}
,{"stream_name":"stdout","time":1060.07090802,"data":"EDGE_TTA_ACTIVE views = 8 mean_abs_feat_delta = 0.245994\n"}
,{"stream_name":"stdout","time":1061.148530337,"data":"SECONDARY_EDGE_TTA_ACTIVE views = 8 weight = 0.75 mean_abs_feat_delta = 0.248241\n"}
,{"stream_name":"stdout","time":1062.62385032,"data":"EDGE_TTA_ACTIVE views = 8 mean_abs_feat_delta = 0.22518\n"}
,{"stream_name":"stdout","time":1063.70058302,"data":"SECONDARY_EDGE_TTA_ACTIVE views = 8 weight = 0.75 mean_abs_feat_delta = 0.239474\n"}
,{"stream_name":"stdout","time":1065.288036168,"data":"EDGE_TTA_ACTIVE views = 8 mean_abs_feat_delta = 0.24429\n"}
,{"stream_name":"stdout","time":1066.361290583,"data":"SECONDARY_EDGE_TTA_ACTIVE views = 8 weight = 0.75 mean_abs_feat_delta = 0.247447\n"}
,{"stream_name":"stdout","time":1067.856395239,"data":"EDGE_TTA_ACTIVE views = 8 mean_abs_feat_delta = 0.237085\n"}
,{"stream_name":"stdout","time":1068.933043028,"data":"SECONDARY_EDGE_TTA_ACTIVE views = 8 weight = 0.75 mean_abs_feat_delta = 0.242876\n"}
,{"stream_name":"stdout","time":1070.461409807,"data":"EDGE_TTA_ACTIVE views = 8 mean_abs_feat_delta = 0.242791\n"}
,{"stream_name":"stdout","time":1071.57912603,"data":"SECONDARY_EDGE_TTA_ACTIVE views = 8 weight = 0.75 mean_abs_feat_delta = 0.249719\n"}
,{"stream_name":"stdout","time":1073.008647204,"data":"EDGE_TTA_ACTIVE views = 8 mean_abs_feat_delta = 0.247968\n"}
,{"stream_name":"stdout","time":1074.08472086,"data":"SECONDARY_EDGE_TTA_ACTIVE views = 8 weight = 0.75 mean_abs_feat_delta = 0.250474\n"}
,{"stream_name":"stdout","time":1075.679457221,"data":"EDGE_TTA_ACTIVE views = 8 mean_abs_feat_delta = 0.240078\n"}
,{"stream_name":"stdout","time":1076.751404369,"data":"SECONDARY_EDGE_TTA_ACTIVE views = 8 weight = 0.75 mean_abs_feat_delta = 0.243806\n"}
,{"stream_name":"stdout","time":1078.28614854,"data":"EDGE_TTA_ACTIVE views = 8 mean_abs_feat_delta = 0.241216\n"}
,{"stream_name":"stdout","time":1079.360221235,"data":"SECONDARY_EDGE_TTA_ACTIVE views = 8 weight = 0.75 mean_abs_feat_delta = 0.245508\n"}
,{"stream_name":"stdout","time":1080.894310455,"data":"EDGE_TTA_ACTIVE views = 8 mean_abs_feat_delta = 0.227252\n"}
,{"stream_name":"stdout","time":1081.968281747,"data":"SECONDARY_EDGE_TTA_ACTIVE views = 8 weight = 0.75 mean_abs_feat_delta = 0.241957\n"}
,{"stream_name":"stdout","time":1083.522977651,"data":"EDGE_TTA_ACTIVE views = 8 mean_abs_feat_delta = 0.244146\n"}
,{"stream_name":"stdout","time":1084.59020444,"data":"SECONDARY_EDGE_TTA_ACTIVE views = 8 weight = 0.75 mean_abs_feat_delta = 0.252361\n"}
,{"stream_name":"stdout","time":1086.087795413,"data":"EDGE_TTA_ACTIVE views = 8 mean_abs_feat_delta = 0.238062\n"}
,{"stream_name":"stdout","time":1087.162821074,"data":"SECONDARY_EDGE_TTA_ACTIVE views = 8 weight = 0.75 mean_abs_feat_delta = 0.245152\n"}
,{"stream_name":"stdout","time":1088.641126068,"data":"EDGE_TTA_ACTIVE views = 8 mean_abs_feat_delta = 0.238613\n"}
,{"stream_name":"stdout","time":1089.711695293,"data":"SECONDARY_EDGE_TTA_ACTIVE views = 8 weight = 0.75 mean_abs_feat_delta = 0.249767\n"}
,{"stream_name":"stdout","time":1091.145608089,"data":"EDGE_TTA_ACTIVE views = 8 mean_abs_feat_delta = 0.237404\n"}
,{"stream_name":"stdout","time":1092.212755985,"data":"SECONDARY_EDGE_TTA_ACTIVE views = 8 weight = 0.75 mean_abs_feat_delta = 0.251085\n"}
,{"stream_name":"stdout","time":1093.749283821,"data":"EDGE_TTA_ACTIVE views = 8 mean_abs_feat_delta = 0.214373\n"}
,{"stream_name":"stdout","time":1094.821646367,"data":"SECONDARY_EDGE_TTA_ACTIVE views = 8 weight = 0.75 mean_abs_feat_delta = 0.239244\n"}
,{"stream_name":"stdout","time":1096.288013862,"data":"EDGE_TTA_ACTIVE views = 8 mean_abs_feat_delta = 0.214419\n"}
,{"stream_name":"stdout","time":1097.357192669,"data":"SECONDARY_EDGE_TTA_ACTIVE views = 8 weight = 0.75 mean_abs_feat_delta = 0.247015\n"}
,{"stream_name":"stdout","time":1098.894980505,"data":"EDGE_TTA_ACTIVE views = 8 mean_abs_feat_delta = 0.236303\n"}
,{"stream_name":"stdout","time":1099.964883391,"data":"SECONDARY_EDGE_TTA_ACTIVE views = 8 weight = 0.75 mean_abs_feat_delta = 0.251849\n"}
,{"stream_name":"stdout","time":1101.467595334,"data":"EDGE_TTA_ACTIVE views = 8 mean_abs_feat_delta = 0.232431\n"}
,{"stream_name":"stdout","time":1102.573265328,"data":"SECONDARY_EDGE_TTA_ACTIVE views = 8 weight = 0.75 mean_abs_feat_delta = 0.251093\n"}
,{"stream_name":"stdout","time":1104.021020409,"data":"EDGE_TTA_ACTIVE views = 8 mean_abs_feat_delta = 0.231844\n"}
,{"stream_name":"stdout","time":1105.088514923,"data":"SECONDARY_EDGE_TTA_ACTIVE views = 8 weight = 0.75 mean_abs_feat_delta = 0.244661\n"}
,{"stream_name":"stdout","time":1106.613927936,"data":"EDGE_TTA_ACTIVE views = 8 mean_abs_feat_delta = 0.232545\n"}
,{"stream_name":"stdout","time":1107.677266075,"data":"SECONDARY_EDGE_TTA_ACTIVE views = 8 weight = 0.75 mean_abs_feat_delta = 0.243635\n"}
,{"stream_name":"stdout","time":1109.214182147,"data":"EDGE_TTA_ACTIVE views = 8 mean_abs_feat_delta = 0.235909\n"}
,{"stream_name":"stdout","time":1110.283049891,"data":"SECONDARY_EDGE_TTA_ACTIVE views = 8 weight = 0.75 mean_abs_feat_delta = 0.248058\n"}
,{"stream_name":"stdout","time":1178.075981615,"data":"Saved 2 predictions to /kaggle/working/tracking_repo/predictions/unknown/unet_transformer_gpu1/split_0\n"}
,{"stream_name":"stdout","time":1180.313370238,"data":"Merged 4 prediction graphs into /kaggle/working/tracking_repo/predictions/unknown/unet_transformer/split_0\n"}
,{"stream_name":"stdout","time":1180.313426804,"data":"Prediction completed in 10.45 minutes\n"}
,{"stream_name":"stdout","time":1475.621265376,"data":"Trying DeepCenter add-only gate checkpoint: /kaggle/input/datasets/pilkwang/biohub-deepcenter-unet3d-center-prior-v1/weights/full_frame_center/best.pt\n"}
,{"stream_name":"stdout","time":1475.901287416,"data":"Loaded DeepCenter add-only gate checkpoint: /kaggle/input/datasets/pilkwang/biohub-deepcenter-unet3d-center-prior-v1/weights/full_frame_center/best.pt\n"}
,{"stream_name":"stdout","time":1475.901323761,"data":"DeepCenter checkpoint epoch: 2 best_score: -0.04500306242456039\n"}
,{"stream_name":"stdout","time":1475.901328449,"data":"Found 4 prediction graphs\n"}
,{"stream_name":"stdout","time":1497.76267043,"data":"[44b6_0113de3b] after edge-filter+motion-relink: 26620 nodes, 25676 edges\n"}
,{"stream_name":"stdout","time":1498.663353252,"data":"DEEPCENTER_TTA_ACTIVE views = 8 mean_abs_logit_delta = 0.132767\n"}
,{"stream_name":"stdout","time":1503.117611843,"data":"[44b6_0113de3b] after gap-closing (single-frame + gap2): 26694 nodes, 25811 edges\n"}
,{"stream_name":"stdout","time":1525.336204975,"data":"[44b6_0113de3b] after safe-division repair: 26694 nodes, 25865 edges (geometric_candidates = 181, deepcenter_rejected = 122, post_veto_candidates = 59, added = 54, cap_skipped = 0, mutual_nn_rejected = 69, divergence_rejected = 642)\n"}
,{"stream_name":"stdout","time":1525.336267778,"data":"[44b6_0113de3b] after division-geometry-filter+prune-isolated: 26691 nodes, 25865 edges\n"}
,{"stream_name":"stdout","time":1525.336280258,"data":"[44b6_0113de3b] after short-track filtering: 26435 nodes, 25667 edges (components_removed = 58)\n"}
,{"stream_name":"stdout","time":1530.329312576,"data":"[44b6_0113de3b] FINAL: 26435 nodes, 25667 edges\n"}
,{"stream_name":"stdout","time":1603.294045296,"data":"[44b6_0b24845f] after edge-filter+motion-relink: 48256 nodes, 44882 edges\n"}
,{"stream_name":"stdout","time":1627.033739806,"data":"[44b6_0b24845f] after gap-closing (single-frame + gap2): 48781 nodes, 45847 edges\n"}
,{"stream_name":"stdout","time":1659.19909052,"data":"[44b6_0b24845f] after safe-division repair: 48781 nodes, 45897 edges (geometric_candidates = 857, deepcenter_rejected = 805, post_veto_candidates = 52, added = 50, cap_skipped = 0, mutual_nn_rejected = 209, divergence_rejected = 2374)\n"}
,{"stream_name":"stdout","time":1659.19914519,"data":"[44b6_0b24845f] after division-geometry-filter+prune-isolated: 48767 nodes, 45897 edges\n"}
,{"stream_name":"stdout","time":1659.199155667,"data":"[44b6_0b24845f] after short-track filtering: 46553 nodes, 44176 edges (components_removed = 493)\n"}
,{"stream_name":"stdout","time":1667.878908884,"data":"[44b6_0b24845f] FINAL: 46553 nodes, 44176 edges\n"}
,{"stream_name":"stdout","time":1670.218994373,"data":"[6bba_05b6850b] after edge-filter+motion-relink: 7234 nodes, 6867 edges\n"}
,{"stream_name":"stdout","time":1671.853136817,"data":"[6bba_05b6850b] after gap-closing (single-frame + gap2): 7278 nodes, 6946 edges\n"}
,{"stream_name":"stdout","time":1678.439131666,"data":"[6bba_05b6850b] after safe-division repair: 7278 nodes, 6950 edges (geometric_candidates = 33, deepcenter_rejected = 26, post_veto_candidates = 7, added = 4, cap_skipped = 0, mutual_nn_rejected = 3, divergence_rejected = 108)\n"}
,{"stream_name":"stdout","time":1678.439175821,"data":"[6bba_05b6850b] after division-geometry-filter+prune-isolated: 7274 nodes, 6950 edges\n"}
,{"stream_name":"stdout","time":1678.439180369,"data":"[6bba_05b6850b] after short-track filtering: 6956 nodes, 6708 edges (components_removed = 76)\n"}
,{"stream_name":"stdout","time":1679.744686908,"data":"[6bba_05b6850b] FINAL: 6956 nodes, 6708 edges\n"}
,{"stream_name":"stdout","time":1851.960057039,"data":"[6bba_05db0fb1] after edge-filter+motion-relink: 75510 nodes, 72211 edges\n"}
,{"stream_name":"stdout","time":1867.885882185,"data":"[6bba_05db0fb1] after gap-closing (single-frame + gap2): 76062 nodes, 73259 edges\n"}
,{"stream_name":"stdout","time":1897.789439289,"data":"[6bba_05db0fb1] after safe-division repair: 76062 nodes, 73298 edges (geometric_candidates = 348, deepcenter_rejected = 306, post_veto_candidates = 42, added = 39, cap_skipped = 0, mutual_nn_rejected = 407, divergence_rejected = 3261)\n"}
,{"stream_name":"stdout","time":1897.78947504,"data":"[6bba_05db0fb1] after division-geometry-filter+prune-isolated: 76054 nodes, 73298 edges\n"}
,{"stream_name":"stdout","time":1897.994084605,"data":"[6bba_05db0fb1] after short-track filtering: 74799 nodes, 72322 edges (components_removed = 279)\n"}
,{"stream_name":"stdout","time":1912.982740207,"data":"[6bba_05db0fb1] FINAL: 74799 nodes, 72322 edges\n"}
,{"stream_name":"stdout","time":1913.38753182,"data":"Wrote /kaggle/working/submission.csv with 303,616 rows\n"}
,{"stream_name":"stdout","time":1913.387562152,"data":"Node rows: 154,743 | edge rows: 148,873\n"}
,{"stream_name":"stdout","time":1913.387568434,"data":"Wrote /kaggle/working/run_stats.csv\n"}
,{"stream_name":"stdout","time":1960.535000275,"data":"/usr/local/lib/python3.12/dist-packages/dask/array/image.py:7: FutureWarning: `find_available_plugins` is deprecated since version 0.25 and will be removed in version 0.27. The plugin infrastructure of `skimage.io` is deprecated. Instead, use `imageio` or other I/O packages directly.\n"}
,{"stream_name":"stdout","time":1960.536066829,"data":"  from skimage.io import imread as sk_imread\n"}
,{"stream_name":"stdout","time":1960.537022701,"data":"/usr/local/lib/python3.12/dist-packages/dask/array/image.py:7: FutureWarning: `find_available_plugins` is deprecated since version 0.25 and will be removed in version 0.27. The plugin infrastructure of `skimage.io` is deprecated. Instead, use `imageio` or other I/O packages directly.\n"}
,{"stream_name":"stdout","time":1960.537894226,"data":"  from skimage.io import imread as sk_imread\n"}
,{"stream_name":"stdout","time":1960.53874005,"data":"/usr/lib/python3.12/importlib/__init__.py:90: FutureWarning: `reset_plugins` is deprecated since version 0.25 and will be removed in version 0.27. The plugin infrastructure of `skimage.io` is deprecated. Instead, use `imageio` or other I/O packages directly.\n"}
,{"stream_name":"stdout","time":1960.53954962,"data":"  return _bootstrap._gcd_import(name[level:], package, level)\n"}
,{"stream_name":"stdout","time":1960.540357956,"data":"/usr/lib/python3.12/importlib/__init__.py:90: FutureWarning: `reset_plugins` is deprecated since version 0.25 and will be removed in version 0.27. The plugin infrastructure of `skimage.io` is deprecated. Instead, use `imageio` or other I/O packages directly.\n"}
,{"stream_name":"stdout","time":1960.541114832,"data":"  return _bootstrap._gcd_import(name[level:], package, level)\n"}
,{"stream_name":"stdout","time":1961.142149098,"data":"Secondary model: /kaggle/working/secondary_seed_weights/unet_transformer/split_0/edge_predictor_best.pth | edge weight = 0.150 | detection weight = 0.800 | link mode = low_margin_consensus | temperature = 1.000 | low-margin max = 0.350 | edge threshold = 0.480\n"}
,{"stream_name":"stdout","time":1961.143147979,"data":"Fold 0: 4 datasets | weights=weights/unet_transformer/split_0/edge_predictor_best.pth | device=cuda | window_size=2 | pool_kernel_um=3.0\n"}
,{"stream_name":"stdout","time":1961.158276735,"data":"Secondary model: /kaggle/working/secondary_seed_weights/unet_transformer/split_0/edge_predictor_best.pth | edge weight = 0.150 | detection weight = 0.800 | link mode = low_margin_consensus | temperature = 1.000 | low-margin max = 0.350 | edge threshold = 0.480\n"}
,{"stream_name":"stdout","time":1961.160132001,"data":"Fold 0: 4 datasets | weights=weights/unet_transformer/split_0/edge_predictor_best.pth | device=cuda | window_size=2 | pool_kernel_um=3.0\n"}
,{"stream_name":"stdout","time":1962.663325196,"data":"EDGE_TTA_ACTIVE views = 8 mean_abs_feat_delta = 0.267124\n"}
,{"stream_name":"stdout","time":1962.832916642,"data":"EDGE_TTA_ACTIVE views = 8 mean_abs_feat_delta = 0.227321\n"}
,{"stream_name":"stdout","time":1963.530865254,"data":"SECONDARY_EDGE_TTA_ACTIVE views = 8 weight = 0.75 mean_abs_feat_delta = 0.25325\n"}
,{"stream_name":"stdout","time":1963.812436978,"data":"SECONDARY_EDGE_TTA_ACTIVE views = 8 weight = 0.75 mean_abs_feat_delta = 0.248181\n"}
,{"stream_name":"stdout","time":1965.197046242,"data":"EDGE_TTA_ACTIVE views = 8 mean_abs_feat_delta = 0.274792\n"}
,{"stream_name":"stdout","time":1965.642199731,"data":"EDGE_TTA_ACTIVE views = 8 mean_abs_feat_delta = 0.229301\n"}
,{"stream_name":"stdout","time":1966.068198575,"data":"SECONDARY_EDGE_TTA_ACTIVE views = 8 weight = 0.75 mean_abs_feat_delta = 0.251396\n"}
,{"stream_name":"stdout","time":1966.631489186,"data":"SECONDARY_EDGE_TTA_ACTIVE views = 8 weight = 0.75 mean_abs_feat_delta = 0.247023\n"}
,{"stream_name":"stdout","time":1967.135430131,"data":"EDGE_TTA_ACTIVE views = 8 mean_abs_feat_delta = 0.271919\n"}
,{"stream_name":"stdout","time":1967.9592122,"data":"EDGE_TTA_ACTIVE views = 8 mean_abs_feat_delta = 0.230367\n"}
,{"stream_name":"stdout","time":1968.029311284,"data":"SECONDARY_EDGE_TTA_ACTIVE views = 8 weight = 0.75 mean_abs_feat_delta = 0.261829\n"}
,{"stream_name":"stdout","time":1968.959495811,"data":"SECONDARY_EDGE_TTA_ACTIVE views = 8 weight = 0.75 mean_abs_feat_delta = 0.246602\n"}
,{"stream_name":"stdout","time":1969.09630518,"data":"EDGE_TTA_ACTIVE views = 8 mean_abs_feat_delta = 0.279261\n"}
,{"stream_name":"stdout","time":1969.976219646,"data":"SECONDARY_EDGE_TTA_ACTIVE views = 8 weight = 0.75 mean_abs_feat_delta = 0.263394\n"}
,{"stream_name":"stdout","time":1970.29611687,"data":"EDGE_TTA_ACTIVE views = 8 mean_abs_feat_delta = 0.228618\n"}
,{"stream_name":"stdout","time":1971.06510965,"data":"EDGE_TTA_ACTIVE views = 8 mean_abs_feat_delta = 0.292349\n"}
,{"stream_name":"stdout","time":1971.299554378,"data":"SECONDARY_EDGE_TTA_ACTIVE views = 8 weight = 0.75 mean_abs_feat_delta = 0.246793\n"}
,{"stream_name":"stdout","time":1971.949199845,"data":"SECONDARY_EDGE_TTA_ACTIVE views = 8 weight = 0.75 mean_abs_feat_delta = 0.265155\n"}
,{"stream_name":"stdout","time":1972.555513252,"data":"EDGE_TTA_ACTIVE views = 8 mean_abs_feat_delta = 0.228461\n"}
,{"stream_name":"stdout","time":1973.029912886,"data":"EDGE_TTA_ACTIVE views = 8 mean_abs_feat_delta = 0.292799\n"}
,{"stream_name":"stdout","time":1973.568821492,"data":"SECONDARY_EDGE_TTA_ACTIVE views = 8 weight = 0.75 mean_abs_feat_delta = 0.248773\n"}
,{"stream_name":"stdout","time":1973.915523551,"data":"SECONDARY_EDGE_TTA_ACTIVE views = 8 weight = 0.75 mean_abs_feat_delta = 0.26828\n"}
,{"stream_name":"stdout","time":1974.866490698,"data":"EDGE_TTA_ACTIVE views = 8 mean_abs_feat_delta = 0.228282\n"}
,{"stream_name":"stdout","time":1974.972790918,"data":"EDGE_TTA_ACTIVE views = 8 mean_abs_feat_delta = 0.292416\n"}
,{"stream_name":"stdout","time":1975.861912263,"data":"SECONDARY_EDGE_TTA_ACTIVE views = 8 weight = 0.75 mean_abs_feat_delta = 0.266278\n"}
,{"stream_name":"stdout","time":1975.888899541,"data":"SECONDARY_EDGE_TTA_ACTIVE views = 8 weight = 0.75 mean_abs_feat_delta = 0.251248\n"}
,{"stream_name":"stdout","time":1976.947363415,"data":"EDGE_TTA_ACTIVE views = 8 mean_abs_feat_delta = 0.288362\n"}
,{"stream_name":"stdout","time":1977.228717389,"data":"EDGE_TTA_ACTIVE views = 8 mean_abs_feat_delta = 0.227046\n"}
,{"stream_name":"stdout","time":1977.836943134,"data":"SECONDARY_EDGE_TTA_ACTIVE views = 8 weight = 0.75 mean_abs_feat_delta = 0.265313\n"}
,{"stream_name":"stdout","time":1978.26160663,"data":"SECONDARY_EDGE_TTA_ACTIVE views = 8 weight = 0.75 mean_abs_feat_delta = 0.248045\n"}
,{"stream_name":"stdout","time":1978.953735053,"data":"EDGE_TTA_ACTIVE views = 8 mean_abs_feat_delta = 0.292159\n"}
,{"stream_name":"stdout","time":1979.602884708,"data":"EDGE_TTA_ACTIVE views = 8 mean_abs_feat_delta = 0.228416\n"}
,{"stream_name":"stdout","time":1979.859746188,"data":"SECONDARY_EDGE_TTA_ACTIVE views = 8 weight = 0.75 mean_abs_feat_delta = 0.269693\n"}
,{"stream_name":"stdout","time":1980.644937229,"data":"SECONDARY_EDGE_TTA_ACTIVE views = 8 weight = 0.75 mean_abs_feat_delta = 0.24889\n"}
,{"stream_name":"stdout","time":1980.88435325,"data":"EDGE_TTA_ACTIVE views = 8 mean_abs_feat_delta = 0.30098\n"}
,{"stream_name":"stdout","time":1981.785831956,"data":"SECONDARY_EDGE_TTA_ACTIVE views = 8 weight = 0.75 mean_abs_feat_delta = 0.268201\n"}
,{"stream_name":"stdout","time":1982.010885448,"data":"EDGE_TTA_ACTIVE views = 8 mean_abs_feat_delta = 0.227452\n"}
,{"stream_name":"stdout","time":1982.893312815,"data":"EDGE_TTA_ACTIVE views = 8 mean_abs_feat_delta = 0.301282\n"}
,{"stream_name":"stdout","time":1983.065806292,"data":"SECONDARY_EDGE_TTA_ACTIVE views = 8 weight = 0.75 mean_abs_feat_delta = 0.252126\n"}
,{"stream_name":"stdout","time":1983.803116336,"data":"SECONDARY_EDGE_TTA_ACTIVE views = 8 weight = 0.75 mean_abs_feat_delta = 0.270173\n"}
,{"stream_name":"stdout","time":1984.444696013,"data":"EDGE_TTA_ACTIVE views = 8 mean_abs_feat_delta = 0.22791\n"}
,{"stream_name":"stdout","time":1984.90492049,"data":"EDGE_TTA_ACTIVE views = 8 mean_abs_feat_delta = 0.300271\n"}
,{"stream_name":"stdout","time":1985.502349523,"data":"SECONDARY_EDGE_TTA_ACTIVE views = 8 weight = 0.75 mean_abs_feat_delta = 0.254643\n"}
,{"stream_name":"stdout","time":1985.81700854,"data":"SECONDARY_EDGE_TTA_ACTIVE views = 8 weight = 0.75 mean_abs_feat_delta = 0.274836\n"}
,{"stream_name":"stdout","time":1986.90393682,"data":"EDGE_TTA_ACTIVE views = 8 mean_abs_feat_delta = 0.227591\n"}
,{"stream_name":"stdout","time":1986.961181052,"data":"EDGE_TTA_ACTIVE views = 8 mean_abs_feat_delta = 0.315464\n"}
,{"stream_name":"stdout","time":1987.880369789,"data":"SECONDARY_EDGE_TTA_ACTIVE views = 8 weight = 0.75 mean_abs_feat_delta = 0.275465\n"}
,{"stream_name":"stdout","time":1987.973666759,"data":"SECONDARY_EDGE_TTA_ACTIVE views = 8 weight = 0.75 mean_abs_feat_delta = 0.252923\n"}
,{"stream_name":"stdout","time":1989.016009291,"data":"EDGE_TTA_ACTIVE views = 8 mean_abs_feat_delta = 0.327948\n"}
,{"stream_name":"stdout","time":1989.417727307,"data":"EDGE_TTA_ACTIVE views = 8 mean_abs_feat_delta = 0.227798\n"}
,{"stream_name":"stdout","time":1989.945283338,"data":"SECONDARY_EDGE_TTA_ACTIVE views = 8 weight = 0.75 mean_abs_feat_delta = 0.276966\n"}
,{"stream_name":"stdout","time":1990.517594262,"data":"SECONDARY_EDGE_TTA_ACTIVE views = 8 weight = 0.75 mean_abs_feat_delta = 0.254734\n"}
,{"stream_name":"stdout","time":1991.159226199,"data":"EDGE_TTA_ACTIVE views = 8 mean_abs_feat_delta = 0.316605\n"}
,{"stream_name":"stdout","time":1991.958012457,"data":"EDGE_TTA_ACTIVE views = 8 mean_abs_feat_delta = 0.228343\n"}
,{"stream_name":"stdout","time":1992.013826351,"data":"SECONDARY_EDGE_TTA_ACTIVE views = 8 weight = 0.75 mean_abs_feat_delta = 0.281272\n"}
,{"stream_name":"stdout","time":1993.04419286,"data":"SECONDARY_EDGE_TTA_ACTIVE views = 8 weight = 0.75 mean_abs_feat_delta = 0.253579\n"}
,{"stream_name":"stdout","time":1993.158471373,"data":"EDGE_TTA_ACTIVE views = 8 mean_abs_feat_delta = 0.31326\n"}
,{"stream_name":"stdout","time":1994.084646261,"data":"SECONDARY_EDGE_TTA_ACTIVE views = 8 weight = 0.75 mean_abs_feat_delta = 0.285887\n"}
,{"stream_name":"stdout","time":1994.391582726,"data":"EDGE_TTA_ACTIVE views = 8 mean_abs_feat_delta = 0.2295\n"}
,{"stream_name":"stdout","time":1995.238913513,"data":"EDGE_TTA_ACTIVE views = 8 mean_abs_feat_delta = 0.316275\n"}
,{"stream_name":"stdout","time":1995.483237294,"data":"SECONDARY_EDGE_TTA_ACTIVE views = 8 weight = 0.75 mean_abs_feat_delta = 0.25103\n"}
,{"stream_name":"stdout","time":1996.172621804,"data":"SECONDARY_EDGE_TTA_ACTIVE views = 8 weight = 0.75 mean_abs_feat_delta = 0.286323\n"}
,{"stream_name":"stdout","time":1996.933789557,"data":"EDGE_TTA_ACTIVE views = 8 mean_abs_feat_delta = 0.229923\n"}
,{"stream_name":"stdout","time":1997.361139092,"data":"EDGE_TTA_ACTIVE views = 8 mean_abs_feat_delta = 0.317965\n"}
,{"stream_name":"stdout","time":1998.028754281,"data":"SECONDARY_EDGE_TTA_ACTIVE views = 8 weight = 0.75 mean_abs_feat_delta = 0.25233\n"}
,{"stream_name":"stdout","time":1998.296504161,"data":"SECONDARY_EDGE_TTA_ACTIVE views = 8 weight = 0.75 mean_abs_feat_delta = 0.289269\n"}
,{"stream_name":"stdout","time":1999.450054184,"data":"EDGE_TTA_ACTIVE views = 8 mean_abs_feat_delta = 0.22982\n"}
,{"stream_name":"stdout","time":1999.464385563,"data":"EDGE_TTA_ACTIVE views = 8 mean_abs_feat_delta = 0.315392\n"}
,{"stream_name":"stdout","time":2000.405172191,"data":"SECONDARY_EDGE_TTA_ACTIVE views = 8 weight = 0.75 mean_abs_feat_delta = 0.293139\n"}
,{"stream_name":"stdout","time":2000.538185467,"data":"SECONDARY_EDGE_TTA_ACTIVE views = 8 weight = 0.75 mean_abs_feat_delta = 0.251184\n"}
,{"stream_name":"stdout","time":2001.579738322,"data":"EDGE_TTA_ACTIVE views = 8 mean_abs_feat_delta = 0.315524\n"}
,{"stream_name":"stdout","time":2001.937786308,"data":"EDGE_TTA_ACTIVE views = 8 mean_abs_feat_delta = 0.229734\n"}
,{"stream_name":"stdout","time":2002.528064098,"data":"SECONDARY_EDGE_TTA_ACTIVE views = 8 weight = 0.75 mean_abs_feat_delta = 0.293928\n"}
,{"stream_name":"stdout","time":2003.017527178,"data":"SECONDARY_EDGE_TTA_ACTIVE views = 8 weight = 0.75 mean_abs_feat_delta = 0.24962\n"}
,{"stream_name":"stdout","time":2003.721847231,"data":"EDGE_TTA_ACTIVE views = 8 mean_abs_feat_delta = 0.31467\n"}
,{"stream_name":"stdout","time":2004.405202835,"data":"EDGE_TTA_ACTIVE views = 8 mean_abs_feat_delta = 0.229495\n"}
,{"stream_name":"stdout","time":2004.673243378,"data":"SECONDARY_EDGE_TTA_ACTIVE views = 8 weight = 0.75 mean_abs_feat_delta = 0.297484\n"}
,{"stream_name":"stdout","time":2005.47031457,"data":"SECONDARY_EDGE_TTA_ACTIVE views = 8 weight = 0.75 mean_abs_feat_delta = 0.253407\n"}
,{"stream_name":"stdout","time":2005.897740607,"data":"EDGE_TTA_ACTIVE views = 8 mean_abs_feat_delta = 0.317178\n"}
,{"stream_name":"stdout","time":2006.868108557,"data":"SECONDARY_EDGE_TTA_ACTIVE views = 8 weight = 0.75 mean_abs_feat_delta = 0.295002\n"}
,{"stream_name":"stdout","time":2006.877831062,"data":"EDGE_TTA_ACTIVE views = 8 mean_abs_feat_delta = 0.23027\n"}
,{"stream_name":"stdout","time":2007.936315214,"data":"SECONDARY_EDGE_TTA_ACTIVE views = 8 weight = 0.75 mean_abs_feat_delta = 0.2512\n"}
,{"stream_name":"stdout","time":2008.077923116,"data":"EDGE_TTA_ACTIVE views = 8 mean_abs_feat_delta = 0.322005\n"}
,{"stream_name":"stdout","time":2009.038453732,"data":"SECONDARY_EDGE_TTA_ACTIVE views = 8 weight = 0.75 mean_abs_feat_delta = 0.297522\n"}
,{"stream_name":"stdout","time":2009.346807401,"data":"EDGE_TTA_ACTIVE views = 8 mean_abs_feat_delta = 0.230877\n"}
,{"stream_name":"stdout","time":2010.219375348,"data":"EDGE_TTA_ACTIVE views = 8 mean_abs_feat_delta = 0.325348\n"}
,{"stream_name":"stdout","time":2010.389308309,"data":"SECONDARY_EDGE_TTA_ACTIVE views = 8 weight = 0.75 mean_abs_feat_delta = 0.24607\n"}
,{"stream_name":"stdout","time":2011.187282552,"data":"SECONDARY_EDGE_TTA_ACTIVE views = 8 weight = 0.75 mean_abs_feat_delta = 0.294151\n"}
,{"stream_name":"stdout","time":2011.658489627,"data":"EDGE_TTA_ACTIVE views = 8 mean_abs_feat_delta = 0.231101\n"}
,{"stream_name":"stdout","time":2012.400651091,"data":"EDGE_TTA_ACTIVE views = 8 mean_abs_feat_delta = 0.332258\n"}
,{"stream_name":"stdout","time":2012.697484326,"data":"SECONDARY_EDGE_TTA_ACTIVE views = 8 weight = 0.75 mean_abs_feat_delta = 0.246416\n"}
,{"stream_name":"stdout","time":2013.372546775,"data":"SECONDARY_EDGE_TTA_ACTIVE views = 8 weight = 0.75 mean_abs_feat_delta = 0.291229\n"}
,{"stream_name":"stdout","time":2014.076390049,"data":"EDGE_TTA_ACTIVE views = 8 mean_abs_feat_delta = 0.230968\n"}
,{"stream_name":"stdout","time":2014.546592,"data":"EDGE_TTA_ACTIVE views = 8 mean_abs_feat_delta = 0.335896\n"}
,{"stream_name":"stdout","time":2015.109316417,"data":"SECONDARY_EDGE_TTA_ACTIVE views = 8 weight = 0.75 mean_abs_feat_delta = 0.248144\n"}
,{"stream_name":"stdout","time":2015.52006847,"data":"SECONDARY_EDGE_TTA_ACTIVE views = 8 weight = 0.75 mean_abs_feat_delta = 0.288452\n"}
,{"stream_name":"stdout","time":2016.468348223,"data":"EDGE_TTA_ACTIVE views = 8 mean_abs_feat_delta = 0.231114\n"}
,{"stream_name":"stdout","time":2016.730409409,"data":"EDGE_TTA_ACTIVE views = 8 mean_abs_feat_delta = 0.337102\n"}
,{"stream_name":"stdout","time":2017.49477018,"data":"SECONDARY_EDGE_TTA_ACTIVE views = 8 weight = 0.75 mean_abs_feat_delta = 0.251758\n"}
,{"stream_name":"stdout","time":2017.707304394,"data":"SECONDARY_EDGE_TTA_ACTIVE views = 8 weight = 0.75 mean_abs_feat_delta = 0.291278\n"}
,{"stream_name":"stdout","time":2018.815324919,"data":"EDGE_TTA_ACTIVE views = 8 mean_abs_feat_delta = 0.231969\n"}
,{"stream_name":"stdout","time":2018.880616404,"data":"EDGE_TTA_ACTIVE views = 8 mean_abs_feat_delta = 0.335725\n"}
,{"stream_name":"stdout","time":2019.837776803,"data":"SECONDARY_EDGE_TTA_ACTIVE views = 8 weight = 0.75 mean_abs_feat_delta = 0.255124\n"}
,{"stream_name":"stdout","time":2019.855762109,"data":"SECONDARY_EDGE_TTA_ACTIVE views = 8 weight = 0.75 mean_abs_feat_delta = 0.28858\n"}
,{"stream_name":"stdout","time":2021.111756428,"data":"EDGE_TTA_ACTIVE views = 8 mean_abs_feat_delta = 0.328959\n"}
,{"stream_name":"stdout","time":2021.269310658,"data":"EDGE_TTA_ACTIVE views = 8 mean_abs_feat_delta = 0.231236\n"}
,{"stream_name":"stdout","time":2022.088661079,"data":"SECONDARY_EDGE_TTA_ACTIVE views = 8 weight = 0.75 mean_abs_feat_delta = 0.279262\n"}
,{"stream_name":"stdout","time":2022.199311665,"data":"SECONDARY_EDGE_TTA_ACTIVE views = 8 weight = 0.75 mean_abs_feat_delta = 0.253738\n"}
,{"stream_name":"stdout","time":2023.341223606,"data":"EDGE_TTA_ACTIVE views = 8 mean_abs_feat_delta = 0.324766\n"}
,{"stream_name":"stdout","time":2023.563637515,"data":"EDGE_TTA_ACTIVE views = 8 mean_abs_feat_delta = 0.230867\n"}
,{"stream_name":"stdout","time":2024.333148614,"data":"SECONDARY_EDGE_TTA_ACTIVE views = 8 weight = 0.75 mean_abs_feat_delta = 0.277317\n"}
,{"stream_name":"stdout","time":2024.576346455,"data":"SECONDARY_EDGE_TTA_ACTIVE views = 8 weight = 0.75 mean_abs_feat_delta = 0.254963\n"}
,{"stream_name":"stdout","time":2025.510941465,"data":"EDGE_TTA_ACTIVE views = 8 mean_abs_feat_delta = 0.329823\n"}
,{"stream_name":"stdout","time":2025.922635373,"data":"EDGE_TTA_ACTIVE views = 8 mean_abs_feat_delta = 0.231926\n"}
,{"stream_name":"stdout","time":2026.508223831,"data":"SECONDARY_EDGE_TTA_ACTIVE views = 8 weight = 0.75 mean_abs_feat_delta = 0.289551\n"}
,{"stream_name":"stdout","time":2026.933016379,"data":"SECONDARY_EDGE_TTA_ACTIVE views = 8 weight = 0.75 mean_abs_feat_delta = 0.253821\n"}
,{"stream_name":"stdout","time":2027.700111079,"data":"EDGE_TTA_ACTIVE views = 8 mean_abs_feat_delta = 0.31877\n"}
,{"stream_name":"stdout","time":2028.295525639,"data":"EDGE_TTA_ACTIVE views = 8 mean_abs_feat_delta = 0.233103\n"}
,{"stream_name":"stdout","time":2028.707081217,"data":"SECONDARY_EDGE_TTA_ACTIVE views = 8 weight = 0.75 mean_abs_feat_delta = 0.298782\n"}
,{"stream_name":"stdout","time":2029.303544419,"data":"SECONDARY_EDGE_TTA_ACTIVE views = 8 weight = 0.75 mean_abs_feat_delta = 0.252121\n"}
,{"stream_name":"stdout","time":2029.943289351,"data":"EDGE_TTA_ACTIVE views = 8 mean_abs_feat_delta = 0.321398\n"}
,{"stream_name":"stdout","time":2030.683280456,"data":"EDGE_TTA_ACTIVE views = 8 mean_abs_feat_delta = 0.233572\n"}
,{"stream_name":"stdout","time":2030.944671786,"data":"SECONDARY_EDGE_TTA_ACTIVE views = 8 weight = 0.75 mean_abs_feat_delta = 0.295177\n"}
,{"stream_name":"stdout","time":2031.691059132,"data":"SECONDARY_EDGE_TTA_ACTIVE views = 8 weight = 0.75 mean_abs_feat_delta = 0.254307\n"}
,{"stream_name":"stdout","time":2032.099997722,"data":"EDGE_TTA_ACTIVE views = 8 mean_abs_feat_delta = 0.325608\n"}
,{"stream_name":"stdout","time":2032.966668262,"data":"EDGE_TTA_ACTIVE views = 8 mean_abs_feat_delta = 0.233998\n"}
,{"stream_name":"stdout","time":2033.110320549,"data":"SECONDARY_EDGE_TTA_ACTIVE views = 8 weight = 0.75 mean_abs_feat_delta = 0.303441\n"}
,{"stream_name":"stdout","time":2033.965821892,"data":"SECONDARY_EDGE_TTA_ACTIVE views = 8 weight = 0.75 mean_abs_feat_delta = 0.254731\n"}
,{"stream_name":"stdout","time":2034.28789663,"data":"EDGE_TTA_ACTIVE views = 8 mean_abs_feat_delta = 0.344306\n"}
,{"stream_name":"stdout","time":2035.292522299,"data":"EDGE_TTA_ACTIVE views = 8 mean_abs_feat_delta = 0.234883\n"}
,{"stream_name":"stdout","time":2035.302206984,"data":"SECONDARY_EDGE_TTA_ACTIVE views = 8 weight = 0.75 mean_abs_feat_delta = 0.292043\n"}
,{"stream_name":"stdout","time":2036.296125263,"data":"SECONDARY_EDGE_TTA_ACTIVE views = 8 weight = 0.75 mean_abs_feat_delta = 0.251975\n"}
,{"stream_name":"stdout","time":2036.557980414,"data":"EDGE_TTA_ACTIVE views = 8 mean_abs_feat_delta = 0.350311\n"}
,{"stream_name":"stdout","time":2037.573785822,"data":"SECONDARY_EDGE_TTA_ACTIVE views = 8 weight = 0.75 mean_abs_feat_delta = 0.28185\n"}
,{"stream_name":"stdout","time":2037.589645887,"data":"EDGE_TTA_ACTIVE views = 8 mean_abs_feat_delta = 0.232498\n"}
,{"stream_name":"stdout","time":2038.589401385,"data":"SECONDARY_EDGE_TTA_ACTIVE views = 8 weight = 0.75 mean_abs_feat_delta = 0.2518\n"}
,{"stream_name":"stdout","time":2038.808315793,"data":"EDGE_TTA_ACTIVE views = 8 mean_abs_feat_delta = 0.351664\n"}
,{"stream_name":"stdout","time":2039.834967925,"data":"SECONDARY_EDGE_TTA_ACTIVE views = 8 weight = 0.75 mean_abs_feat_delta = 0.283606\n"}
,{"stream_name":"stdout","time":2039.919939395,"data":"EDGE_TTA_ACTIVE views = 8 mean_abs_feat_delta = 0.231113\n"}
,{"stream_name":"stdout","time":2040.920087349,"data":"SECONDARY_EDGE_TTA_ACTIVE views = 8 weight = 0.75 mean_abs_feat_delta = 0.253283\n"}
,{"stream_name":"stdout","time":2041.103383677,"data":"EDGE_TTA_ACTIVE views = 8 mean_abs_feat_delta = 0.349459\n"}
,{"stream_name":"stdout","time":2042.134279775,"data":"SECONDARY_EDGE_TTA_ACTIVE views = 8 weight = 0.75 mean_abs_feat_delta = 0.287079\n"}
,{"stream_name":"stdout","time":2042.249656953,"data":"EDGE_TTA_ACTIVE views = 8 mean_abs_feat_delta = 0.232231\n"}
,{"stream_name":"stdout","time":2043.250326712,"data":"SECONDARY_EDGE_TTA_ACTIVE views = 8 weight = 0.75 mean_abs_feat_delta = 0.249597\n"}
,{"stream_name":"stdout","time":2043.439570701,"data":"EDGE_TTA_ACTIVE views = 8 mean_abs_feat_delta = 0.337395\n"}
,{"stream_name":"stdout","time":2044.472553403,"data":"SECONDARY_EDGE_TTA_ACTIVE views = 8 weight = 0.75 mean_abs_feat_delta = 0.288642\n"}
,{"stream_name":"stdout","time":2044.565673132,"data":"EDGE_TTA_ACTIVE views = 8 mean_abs_feat_delta = 0.233267\n"}
,{"stream_name":"stdout","time":2045.570991192,"data":"SECONDARY_EDGE_TTA_ACTIVE views = 8 weight = 0.75 mean_abs_feat_delta = 0.249809\n"}
,{"stream_name":"stdout","time":2045.725122866,"data":"EDGE_TTA_ACTIVE views = 8 mean_abs_feat_delta = 0.335844\n"}
,{"stream_name":"stdout","time":2046.768823661,"data":"SECONDARY_EDGE_TTA_ACTIVE views = 8 weight = 0.75 mean_abs_feat_delta = 0.300535\n"}
,{"stream_name":"stdout","time":2046.883491281,"data":"EDGE_TTA_ACTIVE views = 8 mean_abs_feat_delta = 0.235268\n"}
,{"stream_name":"stdout","time":2047.890629903,"data":"SECONDARY_EDGE_TTA_ACTIVE views = 8 weight = 0.75 mean_abs_feat_delta = 0.253116\n"}
,{"stream_name":"stdout","time":2048.019377719,"data":"EDGE_TTA_ACTIVE views = 8 mean_abs_feat_delta = 0.32199\n"}
,{"stream_name":"stdout","time":2049.073532477,"data":"SECONDARY_EDGE_TTA_ACTIVE views = 8 weight = 0.75 mean_abs_feat_delta = 0.294357\n"}
,{"stream_name":"stdout","time":2049.210208847,"data":"EDGE_TTA_ACTIVE views = 8 mean_abs_feat_delta = 0.235009\n"}
,{"stream_name":"stdout","time":2050.221802772,"data":"SECONDARY_EDGE_TTA_ACTIVE views = 8 weight = 0.75 mean_abs_feat_delta = 0.255726\n"}
,{"stream_name":"stdout","time":2050.329797849,"data":"EDGE_TTA_ACTIVE views = 8 mean_abs_feat_delta = 0.342596\n"}
,{"stream_name":"stdout","time":2051.459367977,"data":"SECONDARY_EDGE_TTA_ACTIVE views = 8 weight = 0.75 mean_abs_feat_delta = 0.293557\n"}
,{"stream_name":"stdout","time":2051.561211715,"data":"EDGE_TTA_ACTIVE views = 8 mean_abs_feat_delta = 0.234026\n"}
,{"stream_name":"stdout","time":2052.572829128,"data":"SECONDARY_EDGE_TTA_ACTIVE views = 8 weight = 0.75 mean_abs_feat_delta = 0.255591\n"}
,{"stream_name":"stdout","time":2052.647429608,"data":"EDGE_TTA_ACTIVE views = 8 mean_abs_feat_delta = 0.34001\n"}
,{"stream_name":"stdout","time":2053.713524788,"data":"SECONDARY_EDGE_TTA_ACTIVE views = 8 weight = 0.75 mean_abs_feat_delta = 0.30141\n"}
,{"stream_name":"stdout","time":2053.904590791,"data":"EDGE_TTA_ACTIVE views = 8 mean_abs_feat_delta = 0.233954\n"}
,{"stream_name":"stdout","time":2054.922517834,"data":"SECONDARY_EDGE_TTA_ACTIVE views = 8 weight = 0.75 mean_abs_feat_delta = 0.252775\n"}
,{"stream_name":"stdout","time":2055.006885379,"data":"EDGE_TTA_ACTIVE views = 8 mean_abs_feat_delta = 0.32831\n"}
,{"stream_name":"stdout","time":2056.079961217,"data":"SECONDARY_EDGE_TTA_ACTIVE views = 8 weight = 0.75 mean_abs_feat_delta = 0.297647\n"}
,{"stream_name":"stdout","time":2056.279858202,"data":"EDGE_TTA_ACTIVE views = 8 mean_abs_feat_delta = 0.233432\n"}
,{"stream_name":"stdout","time":2057.297956746,"data":"SECONDARY_EDGE_TTA_ACTIVE views = 8 weight = 0.75 mean_abs_feat_delta = 0.252485\n"}
,{"stream_name":"stdout","time":2057.332793239,"data":"EDGE_TTA_ACTIVE views = 8 mean_abs_feat_delta = 0.315246\n"}
,{"stream_name":"stdout","time":2058.415031645,"data":"SECONDARY_EDGE_TTA_ACTIVE views = 8 weight = 0.75 mean_abs_feat_delta = 0.296096\n"}
,{"stream_name":"stdout","time":2058.690795232,"data":"EDGE_TTA_ACTIVE views = 8 mean_abs_feat_delta = 0.234651\n"}
,{"stream_name":"stdout","time":2059.687002936,"data":"EDGE_TTA_ACTIVE views = 8 mean_abs_feat_delta = 0.320845\n"}
,{"stream_name":"stdout","time":2059.71144431,"data":"SECONDARY_EDGE_TTA_ACTIVE views = 8 weight = 0.75 mean_abs_feat_delta = 0.248666\n"}
,{"stream_name":"stdout","time":2060.780336364,"data":"SECONDARY_EDGE_TTA_ACTIVE views = 8 weight = 0.75 mean_abs_feat_delta = 0.296439\n"}
,{"stream_name":"stdout","time":2061.033632737,"data":"EDGE_TTA_ACTIVE views = 8 mean_abs_feat_delta = 0.235918\n"}
,{"stream_name":"stdout","time":2062.060441914,"data":"SECONDARY_EDGE_TTA_ACTIVE views = 8 weight = 0.75 mean_abs_feat_delta = 0.248396\n"}
,{"stream_name":"stdout","time":2062.070925175,"data":"EDGE_TTA_ACTIVE views = 8 mean_abs_feat_delta = 0.31781\n"}
,{"stream_name":"stdout","time":2063.173262876,"data":"SECONDARY_EDGE_TTA_ACTIVE views = 8 weight = 0.75 mean_abs_feat_delta = 0.27503\n"}
,{"stream_name":"stdout","time":2063.39558801,"data":"EDGE_TTA_ACTIVE views = 8 mean_abs_feat_delta = 0.238352\n"}
,{"stream_name":"stdout","time":2064.42538314,"data":"SECONDARY_EDGE_TTA_ACTIVE views = 8 weight = 0.75 mean_abs_feat_delta = 0.252977\n"}
,{"stream_name":"stdout","time":2064.459798562,"data":"EDGE_TTA_ACTIVE views = 8 mean_abs_feat_delta = 0.308689\n"}
,{"stream_name":"stdout","time":2065.564906473,"data":"SECONDARY_EDGE_TTA_ACTIVE views = 8 weight = 0.75 mean_abs_feat_delta = 0.274185\n"}
,{"stream_name":"stdout","time":2065.793685904,"data":"EDGE_TTA_ACTIVE views = 8 mean_abs_feat_delta = 0.240252\n"}
,{"stream_name":"stdout","time":2066.823384174,"data":"SECONDARY_EDGE_TTA_ACTIVE views = 8 weight = 0.75 mean_abs_feat_delta = 0.253495\n"}
,{"stream_name":"stdout","time":2066.849374586,"data":"EDGE_TTA_ACTIVE views = 8 mean_abs_feat_delta = 0.31108\n"}
,{"stream_name":"stdout","time":2067.963764945,"data":"SECONDARY_EDGE_TTA_ACTIVE views = 8 weight = 0.75 mean_abs_feat_delta = 0.285894\n"}
,{"stream_name":"stdout","time":2068.228791486,"data":"EDGE_TTA_ACTIVE views = 8 mean_abs_feat_delta = 0.240553\n"}
,{"stream_name":"stdout","time":2069.266597428,"data":"SECONDARY_EDGE_TTA_ACTIVE views = 8 weight = 0.75 mean_abs_feat_delta = 0.253609\n"}
,{"stream_name":"stdout","time":2069.300619604,"data":"EDGE_TTA_ACTIVE views = 8 mean_abs_feat_delta = 0.312732\n"}
,{"stream_name":"stdout","time":2070.430898463,"data":"SECONDARY_EDGE_TTA_ACTIVE views = 8 weight = 0.75 mean_abs_feat_delta = 0.29469\n"}
,{"stream_name":"stdout","time":2070.649401567,"data":"EDGE_TTA_ACTIVE views = 8 mean_abs_feat_delta = 0.24128\n"}
,{"stream_name":"stdout","time":2071.6909686,"data":"SECONDARY_EDGE_TTA_ACTIVE views = 8 weight = 0.75 mean_abs_feat_delta = 0.251736\n"}
,{"stream_name":"stdout","time":2071.769062017,"data":"EDGE_TTA_ACTIVE views = 8 mean_abs_feat_delta = 0.318602\n"}
,{"stream_name":"stdout","time":2072.903453357,"data":"SECONDARY_EDGE_TTA_ACTIVE views = 8 weight = 0.75 mean_abs_feat_delta = 0.297902\n"}
,{"stream_name":"stdout","time":2073.089526721,"data":"EDGE_TTA_ACTIVE views = 8 mean_abs_feat_delta = 0.242378\n"}
,{"stream_name":"stdout","time":2074.131078831,"data":"SECONDARY_EDGE_TTA_ACTIVE views = 8 weight = 0.75 mean_abs_feat_delta = 0.252387\n"}
,{"stream_name":"stdout","time":2074.201600899,"data":"EDGE_TTA_ACTIVE views = 8 mean_abs_feat_delta = 0.324291\n"}
,{"stream_name":"stdout","time":2075.336705389,"data":"SECONDARY_EDGE_TTA_ACTIVE views = 8 weight = 0.75 mean_abs_feat_delta = 0.292079\n"}
,{"stream_name":"stdout","time":2075.530983313,"data":"EDGE_TTA_ACTIVE views = 8 mean_abs_feat_delta = 0.242413\n"}
,{"stream_name":"stdout","time":2076.57551709,"data":"SECONDARY_EDGE_TTA_ACTIVE views = 8 weight = 0.75 mean_abs_feat_delta = 0.254964\n"}
,{"stream_name":"stdout","time":2076.714852036,"data":"EDGE_TTA_ACTIVE views = 8 mean_abs_feat_delta = 0.322626\n"}
,{"stream_name":"stdout","time":2077.847259622,"data":"SECONDARY_EDGE_TTA_ACTIVE views = 8 weight = 0.75 mean_abs_feat_delta = 0.305102\n"}
,{"stream_name":"stdout","time":2077.977663994,"data":"EDGE_TTA_ACTIVE views = 8 mean_abs_feat_delta = 0.242133\n"}
,{"stream_name":"stdout","time":2079.022039637,"data":"SECONDARY_EDGE_TTA_ACTIVE views = 8 weight = 0.75 mean_abs_feat_delta = 0.255942\n"}
,{"stream_name":"stdout","time":2079.153462317,"data":"EDGE_TTA_ACTIVE views = 8 mean_abs_feat_delta = 0.320388\n"}
,{"stream_name":"stdout","time":2080.268044183,"data":"SECONDARY_EDGE_TTA_ACTIVE views = 8 weight = 0.75 mean_abs_feat_delta = 0.311069\n"}
,{"stream_name":"stdout","time":2080.427235356,"data":"EDGE_TTA_ACTIVE views = 8 mean_abs_feat_delta = 0.244105\n"}
,{"stream_name":"stdout","time":2081.550656191,"data":"SECONDARY_EDGE_TTA_ACTIVE views = 8 weight = 0.75 mean_abs_feat_delta = 0.258443\n"}
,{"stream_name":"stdout","time":2081.601322398,"data":"EDGE_TTA_ACTIVE views = 8 mean_abs_feat_delta = 0.310356\n"}
,{"stream_name":"stdout","time":2082.709277191,"data":"SECONDARY_EDGE_TTA_ACTIVE views = 8 weight = 0.75 mean_abs_feat_delta = 0.306551\n"}
,{"stream_name":"stdout","time":2082.841340427,"data":"EDGE_TTA_ACTIVE views = 8 mean_abs_feat_delta = 0.246398\n"}
,{"stream_name":"stdout","time":2083.886372048,"data":"SECONDARY_EDGE_TTA_ACTIVE views = 8 weight = 0.75 mean_abs_feat_delta = 0.262635\n"}
,{"stream_name":"stdout","time":2084.027769779,"data":"EDGE_TTA_ACTIVE views = 8 mean_abs_feat_delta = 0.296415\n"}
,{"stream_name":"stdout","time":2085.123743644,"data":"SECONDARY_EDGE_TTA_ACTIVE views = 8 weight = 0.75 mean_abs_feat_delta = 0.306449\n"}
,{"stream_name":"stdout","time":2085.233137788,"data":"EDGE_TTA_ACTIVE views = 8 mean_abs_feat_delta = 0.245409\n"}
,{"stream_name":"stdout","time":2086.279852754,"data":"SECONDARY_EDGE_TTA_ACTIVE views = 8 weight = 0.75 mean_abs_feat_delta = 0.258198\n"}
,{"stream_name":"stdout","time":2086.369442817,"data":"EDGE_TTA_ACTIVE views = 8 mean_abs_feat_delta = 0.297439\n"}
,{"stream_name":"stdout","time":2087.452325335,"data":"SECONDARY_EDGE_TTA_ACTIVE views = 8 weight = 0.75 mean_abs_feat_delta = 0.308174\n"}
,{"stream_name":"stdout","time":2087.661511907,"data":"EDGE_TTA_ACTIVE views = 8 mean_abs_feat_delta = 0.244779\n"}
,{"stream_name":"stdout","time":2088.704141935,"data":"SECONDARY_EDGE_TTA_ACTIVE views = 8 weight = 0.75 mean_abs_feat_delta = 0.253125\n"}
,{"stream_name":"stdout","time":2088.726809621,"data":"EDGE_TTA_ACTIVE views = 8 mean_abs_feat_delta = 0.295275\n"}
,{"stream_name":"stdout","time":2089.805419164,"data":"SECONDARY_EDGE_TTA_ACTIVE views = 8 weight = 0.75 mean_abs_feat_delta = 0.31087\n"}
,{"stream_name":"stdout","time":2090.094647311,"data":"EDGE_TTA_ACTIVE views = 8 mean_abs_feat_delta = 0.244977\n"}
,{"stream_name":"stdout","time":2091.03684649,"data":"EDGE_TTA_ACTIVE views = 8 mean_abs_feat_delta = 0.292615\n"}
,{"stream_name":"stdout","time":2091.138485044,"data":"SECONDARY_EDGE_TTA_ACTIVE views = 8 weight = 0.75 mean_abs_feat_delta = 0.252199\n"}
,{"stream_name":"stdout","time":2092.104386128,"data":"SECONDARY_EDGE_TTA_ACTIVE views = 8 weight = 0.75 mean_abs_feat_delta = 0.30185\n"}
,{"stream_name":"stdout","time":2092.537207701,"data":"EDGE_TTA_ACTIVE views = 8 mean_abs_feat_delta = 0.24248\n"}
,{"stream_name":"stdout","time":2093.408333207,"data":"EDGE_TTA_ACTIVE views = 8 mean_abs_feat_delta = 0.299955\n"}
,{"stream_name":"stdout","time":2093.576876541,"data":"SECONDARY_EDGE_TTA_ACTIVE views = 8 weight = 0.75 mean_abs_feat_delta = 0.255465\n"}
,{"stream_name":"stdout","time":2094.471862383,"data":"SECONDARY_EDGE_TTA_ACTIVE views = 8 weight = 0.75 mean_abs_feat_delta = 0.299542\n"}
,{"stream_name":"stdout","time":2095.00794522,"data":"EDGE_TTA_ACTIVE views = 8 mean_abs_feat_delta = 0.240589\n"}
,{"stream_name":"stdout","time":2095.685990324,"data":"EDGE_TTA_ACTIVE views = 8 mean_abs_feat_delta = 0.305642\n"}
,{"stream_name":"stdout","time":2096.045830277,"data":"SECONDARY_EDGE_TTA_ACTIVE views = 8 weight = 0.75 mean_abs_feat_delta = 0.258276\n"}
,{"stream_name":"stdout","time":2096.742009385,"data":"SECONDARY_EDGE_TTA_ACTIVE views = 8 weight = 0.75 mean_abs_feat_delta = 0.303905\n"}
,{"stream_name":"stdout","time":2097.421314355,"data":"EDGE_TTA_ACTIVE views = 8 mean_abs_feat_delta = 0.242408\n"}
,{"stream_name":"stdout","time":2098.040817965,"data":"EDGE_TTA_ACTIVE views = 8 mean_abs_feat_delta = 0.304117\n"}
,{"stream_name":"stdout","time":2098.455642863,"data":"SECONDARY_EDGE_TTA_ACTIVE views = 8 weight = 0.75 mean_abs_feat_delta = 0.259739\n"}
,{"stream_name":"stdout","time":2099.100535137,"data":"SECONDARY_EDGE_TTA_ACTIVE views = 8 weight = 0.75 mean_abs_feat_delta = 0.306369\n"}
,{"stream_name":"stdout","time":2099.864808159,"data":"EDGE_TTA_ACTIVE views = 8 mean_abs_feat_delta = 0.242004\n"}
,{"stream_name":"stdout","time":2100.396967834,"data":"EDGE_TTA_ACTIVE views = 8 mean_abs_feat_delta = 0.297561\n"}
,{"stream_name":"stdout","time":2100.900885187,"data":"SECONDARY_EDGE_TTA_ACTIVE views = 8 weight = 0.75 mean_abs_feat_delta = 0.258261\n"}
,{"stream_name":"stdout","time":2101.446984485,"data":"SECONDARY_EDGE_TTA_ACTIVE views = 8 weight = 0.75 mean_abs_feat_delta = 0.308458\n"}
,{"stream_name":"stdout","time":2102.311331802,"data":"EDGE_TTA_ACTIVE views = 8 mean_abs_feat_delta = 0.242002\n"}
,{"stream_name":"stdout","time":2102.675287294,"data":"EDGE_TTA_ACTIVE views = 8 mean_abs_feat_delta = 0.285135\n"}
,{"stream_name":"stdout","time":2103.340854735,"data":"SECONDARY_EDGE_TTA_ACTIVE views = 8 weight = 0.75 mean_abs_feat_delta = 0.257837\n"}
,{"stream_name":"stdout","time":2103.724351015,"data":"SECONDARY_EDGE_TTA_ACTIVE views = 8 weight = 0.75 mean_abs_feat_delta = 0.30506\n"}
,{"stream_name":"stdout","time":2104.72123181,"data":"EDGE_TTA_ACTIVE views = 8 mean_abs_feat_delta = 0.243512\n"}
,{"stream_name":"stdout","time":2104.947212917,"data":"EDGE_TTA_ACTIVE views = 8 mean_abs_feat_delta = 0.281938\n"}
,{"stream_name":"stdout","time":2105.74975276,"data":"SECONDARY_EDGE_TTA_ACTIVE views = 8 weight = 0.75 mean_abs_feat_delta = 0.256754\n"}
,{"stream_name":"stdout","time":2105.990141807,"data":"SECONDARY_EDGE_TTA_ACTIVE views = 8 weight = 0.75 mean_abs_feat_delta = 0.301287\n"}
,{"stream_name":"stdout","time":2107.110315933,"data":"EDGE_TTA_ACTIVE views = 8 mean_abs_feat_delta = 0.242485\n"}
,{"stream_name":"stdout","time":2107.276441602,"data":"EDGE_TTA_ACTIVE views = 8 mean_abs_feat_delta = 0.284578\n"}
,{"stream_name":"stdout","time":2108.140602634,"data":"SECONDARY_EDGE_TTA_ACTIVE views = 8 weight = 0.75 mean_abs_feat_delta = 0.257976\n"}
,{"stream_name":"stdout","time":2108.312191894,"data":"SECONDARY_EDGE_TTA_ACTIVE views = 8 weight = 0.75 mean_abs_feat_delta = 0.294341\n"}
,{"stream_name":"stdout","time":2109.537969334,"data":"EDGE_TTA_ACTIVE views = 8 mean_abs_feat_delta = 0.284808\n"}
,{"stream_name":"stdout","time":2109.552938778,"data":"EDGE_TTA_ACTIVE views = 8 mean_abs_feat_delta = 0.241951\n"}
,{"stream_name":"stdout","time":2110.57464393,"data":"SECONDARY_EDGE_TTA_ACTIVE views = 8 weight = 0.75 mean_abs_feat_delta = 0.294633\n"}
,{"stream_name":"stdout","time":2110.57593184,"data":"SECONDARY_EDGE_TTA_ACTIVE views = 8 weight = 0.75 mean_abs_feat_delta = 0.26024\n"}
,{"stream_name":"stdout","time":2111.908659161,"data":"EDGE_TTA_ACTIVE views = 8 mean_abs_feat_delta = 0.287925\n"}
,{"stream_name":"stdout","time":2111.99230975,"data":"EDGE_TTA_ACTIVE views = 8 mean_abs_feat_delta = 0.242669\n"}
,{"stream_name":"stdout","time":2112.8688606,"data":"SECONDARY_EDGE_TTA_ACTIVE views = 8 weight = 0.75 mean_abs_feat_delta = 0.298228\n"}
,{"stream_name":"stdout","time":2113.012729979,"data":"SECONDARY_EDGE_TTA_ACTIVE views = 8 weight = 0.75 mean_abs_feat_delta = 0.260445\n"}
,{"stream_name":"stdout","time":2114.131199916,"data":"EDGE_TTA_ACTIVE views = 8 mean_abs_feat_delta = 0.294735\n"}
,{"stream_name":"stdout","time":2114.486842503,"data":"EDGE_TTA_ACTIVE views = 8 mean_abs_feat_delta = 0.243477\n"}
,{"stream_name":"stdout","time":2115.169842845,"data":"SECONDARY_EDGE_TTA_ACTIVE views = 8 weight = 0.75 mean_abs_feat_delta = 0.293231\n"}
,{"stream_name":"stdout","time":2115.507725616,"data":"SECONDARY_EDGE_TTA_ACTIVE views = 8 weight = 0.75 mean_abs_feat_delta = 0.262205\n"}
,{"stream_name":"stdout","time":2116.406859655,"data":"EDGE_TTA_ACTIVE views = 8 mean_abs_feat_delta = 0.289521\n"}
,{"stream_name":"stdout","time":2116.92080828,"data":"EDGE_TTA_ACTIVE views = 8 mean_abs_feat_delta = 0.245808\n"}
,{"stream_name":"stdout","time":2117.441634808,"data":"SECONDARY_EDGE_TTA_ACTIVE views = 8 weight = 0.75 mean_abs_feat_delta = 0.292217\n"}
,{"stream_name":"stdout","time":2117.93942788,"data":"SECONDARY_EDGE_TTA_ACTIVE views = 8 weight = 0.75 mean_abs_feat_delta = 0.266095\n"}
,{"stream_name":"stdout","time":2118.680094021,"data":"EDGE_TTA_ACTIVE views = 8 mean_abs_feat_delta = 0.287986\n"}
,{"stream_name":"stdout","time":2119.347313811,"data":"EDGE_TTA_ACTIVE views = 8 mean_abs_feat_delta = 0.24565\n"}
,{"stream_name":"stdout","time":2119.718169162,"data":"SECONDARY_EDGE_TTA_ACTIVE views = 8 weight = 0.75 mean_abs_feat_delta = 0.278595\n"}
,{"stream_name":"stdout","time":2120.367732593,"data":"SECONDARY_EDGE_TTA_ACTIVE views = 8 weight = 0.75 mean_abs_feat_delta = 0.263703\n"}
,{"stream_name":"stdout","time":2120.97291557,"data":"EDGE_TTA_ACTIVE views = 8 mean_abs_feat_delta = 0.266487\n"}
,{"stream_name":"stdout","time":2121.771584245,"data":"EDGE_TTA_ACTIVE views = 8 mean_abs_feat_delta = 0.245298\n"}
,{"stream_name":"stdout","time":2122.011435221,"data":"SECONDARY_EDGE_TTA_ACTIVE views = 8 weight = 0.75 mean_abs_feat_delta = 0.264409\n"}
,{"stream_name":"stdout","time":2122.793738395,"data":"SECONDARY_EDGE_TTA_ACTIVE views = 8 weight = 0.75 mean_abs_feat_delta = 0.26367\n"}
,{"stream_name":"stdout","time":2123.290340733,"data":"EDGE_TTA_ACTIVE views = 8 mean_abs_feat_delta = 0.26616\n"}
,{"stream_name":"stdout","time":2124.214309788,"data":"EDGE_TTA_ACTIVE views = 8 mean_abs_feat_delta = 0.245301\n"}
,{"stream_name":"stdout","time":2124.334379099,"data":"SECONDARY_EDGE_TTA_ACTIVE views = 8 weight = 0.75 mean_abs_feat_delta = 0.267459\n"}
,{"stream_name":"stdout","time":2125.233289271,"data":"SECONDARY_EDGE_TTA_ACTIVE views = 8 weight = 0.75 mean_abs_feat_delta = 0.258506\n"}
,{"stream_name":"stdout","time":2125.554087657,"data":"EDGE_TTA_ACTIVE views = 8 mean_abs_feat_delta = 0.278394\n"}
,{"stream_name":"stdout","time":2126.586413557,"data":"EDGE_TTA_ACTIVE views = 8 mean_abs_feat_delta = 0.244297\n"}
,{"stream_name":"stdout","time":2126.601099218,"data":"SECONDARY_EDGE_TTA_ACTIVE views = 8 weight = 0.75 mean_abs_feat_delta = 0.266307\n"}
,{"stream_name":"stdout","time":2127.606404755,"data":"SECONDARY_EDGE_TTA_ACTIVE views = 8 weight = 0.75 mean_abs_feat_delta = 0.259032\n"}
,{"stream_name":"stdout","time":2127.836599032,"data":"EDGE_TTA_ACTIVE views = 8 mean_abs_feat_delta = 0.283027\n"}
,{"stream_name":"stdout","time":2128.878136894,"data":"SECONDARY_EDGE_TTA_ACTIVE views = 8 weight = 0.75 mean_abs_feat_delta = 0.277175\n"}
,{"stream_name":"stdout","time":2129.02153671,"data":"EDGE_TTA_ACTIVE views = 8 mean_abs_feat_delta = 0.244111\n"}
,{"stream_name":"stdout","time":2130.039890445,"data":"SECONDARY_EDGE_TTA_ACTIVE views = 8 weight = 0.75 mean_abs_feat_delta = 0.262899\n"}
,{"stream_name":"stdout","time":2130.135666438,"data":"EDGE_TTA_ACTIVE views = 8 mean_abs_feat_delta = 0.251452\n"}
,{"stream_name":"stdout","time":2131.187894701,"data":"SECONDARY_EDGE_TTA_ACTIVE views = 8 weight = 0.75 mean_abs_feat_delta = 0.279843\n"}
,{"stream_name":"stdout","time":2131.407863192,"data":"EDGE_TTA_ACTIVE views = 8 mean_abs_feat_delta = 0.245301\n"}
,{"stream_name":"stdout","time":2132.427501857,"data":"SECONDARY_EDGE_TTA_ACTIVE views = 8 weight = 0.75 mean_abs_feat_delta = 0.262505\n"}
,{"stream_name":"stdout","time":2132.438740284,"data":"EDGE_TTA_ACTIVE views = 8 mean_abs_feat_delta = 0.284952\n"}
,{"stream_name":"stdout","time":2133.499566711,"data":"SECONDARY_EDGE_TTA_ACTIVE views = 8 weight = 0.75 mean_abs_feat_delta = 0.274385\n"}
,{"stream_name":"stdout","time":2133.841807419,"data":"EDGE_TTA_ACTIVE views = 8 mean_abs_feat_delta = 0.245169\n"}
,{"stream_name":"stdout","time":2134.749807441,"data":"EDGE_TTA_ACTIVE views = 8 mean_abs_feat_delta = 0.271652\n"}
,{"stream_name":"stdout","time":2134.867346944,"data":"SECONDARY_EDGE_TTA_ACTIVE views = 8 weight = 0.75 mean_abs_feat_delta = 0.260539\n"}
,{"stream_name":"stdout","time":2135.812223914,"data":"SECONDARY_EDGE_TTA_ACTIVE views = 8 weight = 0.75 mean_abs_feat_delta = 0.269188\n"}
,{"stream_name":"stdout","time":2136.249803419,"data":"EDGE_TTA_ACTIVE views = 8 mean_abs_feat_delta = 0.246716\n"}
,{"stream_name":"stdout","time":2137.067402389,"data":"EDGE_TTA_ACTIVE views = 8 mean_abs_feat_delta = 0.261183\n"}
,{"stream_name":"stdout","time":2137.27143447,"data":"SECONDARY_EDGE_TTA_ACTIVE views = 8 weight = 0.75 mean_abs_feat_delta = 0.259945\n"}
,{"stream_name":"stdout","time":2138.134712898,"data":"SECONDARY_EDGE_TTA_ACTIVE views = 8 weight = 0.75 mean_abs_feat_delta = 0.281449\n"}
,{"stream_name":"stdout","time":2138.701172679,"data":"EDGE_TTA_ACTIVE views = 8 mean_abs_feat_delta = 0.249067\n"}
,{"stream_name":"stdout","time":2139.35094717,"data":"EDGE_TTA_ACTIVE views = 8 mean_abs_feat_delta = 0.27259\n"}
,{"stream_name":"stdout","time":2139.722836006,"data":"SECONDARY_EDGE_TTA_ACTIVE views = 8 weight = 0.75 mean_abs_feat_delta = 0.259606\n"}
,{"stream_name":"stdout","time":2140.422591924,"data":"SECONDARY_EDGE_TTA_ACTIVE views = 8 weight = 0.75 mean_abs_feat_delta = 0.283078\n"}
,{"stream_name":"stdout","time":2141.154238226,"data":"EDGE_TTA_ACTIVE views = 8 mean_abs_feat_delta = 0.251939\n"}
,{"stream_name":"stdout","time":2141.652585725,"data":"EDGE_TTA_ACTIVE views = 8 mean_abs_feat_delta = 0.275591\n"}
,{"stream_name":"stdout","time":2142.267187251,"data":"SECONDARY_EDGE_TTA_ACTIVE views = 8 weight = 0.75 mean_abs_feat_delta = 0.262319\n"}
,{"stream_name":"stdout","time":2142.726361522,"data":"SECONDARY_EDGE_TTA_ACTIVE views = 8 weight = 0.75 mean_abs_feat_delta = 0.269824\n"}
,{"stream_name":"stdout","time":2143.592853335,"data":"EDGE_TTA_ACTIVE views = 8 mean_abs_feat_delta = 0.252361\n"}
,{"stream_name":"stdout","time":2144.015841903,"data":"EDGE_TTA_ACTIVE views = 8 mean_abs_feat_delta = 0.265887\n"}
,{"stream_name":"stdout","time":2144.615936254,"data":"SECONDARY_EDGE_TTA_ACTIVE views = 8 weight = 0.75 mean_abs_feat_delta = 0.263571\n"}
,{"stream_name":"stdout","time":2145.092214119,"data":"SECONDARY_EDGE_TTA_ACTIVE views = 8 weight = 0.75 mean_abs_feat_delta = 0.276964\n"}
,{"stream_name":"stdout","time":2146.054990053,"data":"EDGE_TTA_ACTIVE views = 8 mean_abs_feat_delta = 0.253419\n"}
,{"stream_name":"stdout","time":2146.325951355,"data":"EDGE_TTA_ACTIVE views = 8 mean_abs_feat_delta = 0.252893\n"}
,{"stream_name":"stdout","time":2147.083036726,"data":"SECONDARY_EDGE_TTA_ACTIVE views = 8 weight = 0.75 mean_abs_feat_delta = 0.264168\n"}
,{"stream_name":"stdout","time":2147.403045265,"data":"SECONDARY_EDGE_TTA_ACTIVE views = 8 weight = 0.75 mean_abs_feat_delta = 0.266526\n"}
,{"stream_name":"stdout","time":2148.517769223,"data":"EDGE_TTA_ACTIVE views = 8 mean_abs_feat_delta = 0.252751\n"}
,{"stream_name":"stdout","time":2148.633063741,"data":"EDGE_TTA_ACTIVE views = 8 mean_abs_feat_delta = 0.256799\n"}
,{"stream_name":"stdout","time":2149.546436827,"data":"SECONDARY_EDGE_TTA_ACTIVE views = 8 weight = 0.75 mean_abs_feat_delta = 0.26695\n"}
,{"stream_name":"stdout","time":2149.715213758,"data":"SECONDARY_EDGE_TTA_ACTIVE views = 8 weight = 0.75 mean_abs_feat_delta = 0.270012\n"}
,{"stream_name":"stdout","time":2150.92290178,"data":"EDGE_TTA_ACTIVE views = 8 mean_abs_feat_delta = 0.257843\n"}
,{"stream_name":"stdout","time":2150.991343001,"data":"EDGE_TTA_ACTIVE views = 8 mean_abs_feat_delta = 0.251427\n"}
,{"stream_name":"stdout","time":2152.00491208,"data":"SECONDARY_EDGE_TTA_ACTIVE views = 8 weight = 0.75 mean_abs_feat_delta = 0.271069\n"}
,{"stream_name":"stdout","time":2152.022999967,"data":"SECONDARY_EDGE_TTA_ACTIVE views = 8 weight = 0.75 mean_abs_feat_delta = 0.263744\n"}
,{"stream_name":"stdout","time":2153.233716201,"data":"EDGE_TTA_ACTIVE views = 8 mean_abs_feat_delta = 0.256374\n"}
,{"stream_name":"stdout","time":2153.396423358,"data":"EDGE_TTA_ACTIVE views = 8 mean_abs_feat_delta = 0.25105\n"}
,{"stream_name":"stdout","time":2154.316810665,"data":"SECONDARY_EDGE_TTA_ACTIVE views = 8 weight = 0.75 mean_abs_feat_delta = 0.275012\n"}
,{"stream_name":"stdout","time":2154.424169431,"data":"SECONDARY_EDGE_TTA_ACTIVE views = 8 weight = 0.75 mean_abs_feat_delta = 0.262774\n"}
,{"stream_name":"stdout","time":2155.546433354,"data":"EDGE_TTA_ACTIVE views = 8 mean_abs_feat_delta = 0.25199\n"}
,{"stream_name":"stdout","time":2155.924173174,"data":"EDGE_TTA_ACTIVE views = 8 mean_abs_feat_delta = 0.25196\n"}
,{"stream_name":"stdout","time":2156.627175766,"data":"SECONDARY_EDGE_TTA_ACTIVE views = 8 weight = 0.75 mean_abs_feat_delta = 0.273804\n"}
,{"stream_name":"stdout","time":2156.953981653,"data":"SECONDARY_EDGE_TTA_ACTIVE views = 8 weight = 0.75 mean_abs_feat_delta = 0.263553\n"}
,{"stream_name":"stdout","time":2157.850884059,"data":"EDGE_TTA_ACTIVE views = 8 mean_abs_feat_delta = 0.262625\n"}
,{"stream_name":"stdout","time":2158.44521395,"data":"EDGE_TTA_ACTIVE views = 8 mean_abs_feat_delta = 0.253922\n"}
,{"stream_name":"stdout","time":2158.936189414,"data":"SECONDARY_EDGE_TTA_ACTIVE views = 8 weight = 0.75 mean_abs_feat_delta = 0.278785\n"}
,{"stream_name":"stdout","time":2159.478513287,"data":"SECONDARY_EDGE_TTA_ACTIVE views = 8 weight = 0.75 mean_abs_feat_delta = 0.264177\n"}
,{"stream_name":"stdout","time":2160.193089211,"data":"EDGE_TTA_ACTIVE views = 8 mean_abs_feat_delta = 0.255244\n"}
,{"stream_name":"stdout","time":2160.884284896,"data":"EDGE_TTA_ACTIVE views = 8 mean_abs_feat_delta = 0.255705\n"}
,{"stream_name":"stdout","time":2161.273073665,"data":"SECONDARY_EDGE_TTA_ACTIVE views = 8 weight = 0.75 mean_abs_feat_delta = 0.270084\n"}
,{"stream_name":"stdout","time":2161.922747133,"data":"SECONDARY_EDGE_TTA_ACTIVE views = 8 weight = 0.75 mean_abs_feat_delta = 0.267502\n"}
,{"stream_name":"stdout","time":2162.498764276,"data":"EDGE_TTA_ACTIVE views = 8 mean_abs_feat_delta = 0.253418\n"}
,{"stream_name":"stdout","time":2163.382175504,"data":"EDGE_TTA_ACTIVE views = 8 mean_abs_feat_delta = 0.255088\n"}
,{"stream_name":"stdout","time":2163.579077112,"data":"SECONDARY_EDGE_TTA_ACTIVE views = 8 weight = 0.75 mean_abs_feat_delta = 0.271662\n"}
,{"stream_name":"stdout","time":2164.415390661,"data":"SECONDARY_EDGE_TTA_ACTIVE views = 8 weight = 0.75 mean_abs_feat_delta = 0.268865\n"}
,{"stream_name":"stdout","time":2164.809117166,"data":"EDGE_TTA_ACTIVE views = 8 mean_abs_feat_delta = 0.262807\n"}
,{"stream_name":"stdout","time":2165.889742241,"data":"SECONDARY_EDGE_TTA_ACTIVE views = 8 weight = 0.75 mean_abs_feat_delta = 0.269101\n"}
,{"stream_name":"stdout","time":2165.936323847,"data":"EDGE_TTA_ACTIVE views = 8 mean_abs_feat_delta = 0.255702\n"}
,{"stream_name":"stdout","time":2166.972118612,"data":"SECONDARY_EDGE_TTA_ACTIVE views = 8 weight = 0.75 mean_abs_feat_delta = 0.27301\n"}
,{"stream_name":"stdout","time":2167.058755874,"data":"EDGE_TTA_ACTIVE views = 8 mean_abs_feat_delta = 0.263531\n"}
,{"stream_name":"stdout","time":2168.139456608,"data":"SECONDARY_EDGE_TTA_ACTIVE views = 8 weight = 0.75 mean_abs_feat_delta = 0.273421\n"}
,{"stream_name":"stdout","time":2168.424358922,"data":"EDGE_TTA_ACTIVE views = 8 mean_abs_feat_delta = 0.255542\n"}
,{"stream_name":"stdout","time":2169.389956125,"data":"EDGE_TTA_ACTIVE views = 8 mean_abs_feat_delta = 0.257657\n"}
,{"stream_name":"stdout","time":2169.456784386,"data":"SECONDARY_EDGE_TTA_ACTIVE views = 8 weight = 0.75 mean_abs_feat_delta = 0.2723\n"}
,{"stream_name":"stdout","time":2170.466140615,"data":"SECONDARY_EDGE_TTA_ACTIVE views = 8 weight = 0.75 mean_abs_feat_delta = 0.271772\n"}
,{"stream_name":"stdout","time":2170.922897622,"data":"EDGE_TTA_ACTIVE views = 8 mean_abs_feat_delta = 0.255018\n"}
,{"stream_name":"stdout","time":2171.683842952,"data":"EDGE_TTA_ACTIVE views = 8 mean_abs_feat_delta = 0.253222\n"}
,{"stream_name":"stdout","time":2171.956715094,"data":"SECONDARY_EDGE_TTA_ACTIVE views = 8 weight = 0.75 mean_abs_feat_delta = 0.26849\n"}
,{"stream_name":"stdout","time":2172.841223777,"data":"SECONDARY_EDGE_TTA_ACTIVE views = 8 weight = 0.75 mean_abs_feat_delta = 0.268085\n"}
,{"stream_name":"stdout","time":2173.433659352,"data":"EDGE_TTA_ACTIVE views = 8 mean_abs_feat_delta = 0.255005\n"}
,{"stream_name":"stdout","time":2173.945744919,"data":"EDGE_TTA_ACTIVE views = 8 mean_abs_feat_delta = 0.255346\n"}
,{"stream_name":"stdout","time":2174.469059053,"data":"SECONDARY_EDGE_TTA_ACTIVE views = 8 weight = 0.75 mean_abs_feat_delta = 0.26742\n"}
,{"stream_name":"stdout","time":2175.013243877,"data":"SECONDARY_EDGE_TTA_ACTIVE views = 8 weight = 0.75 mean_abs_feat_delta = 0.263722\n"}
,{"stream_name":"stdout","time":2175.965505946,"data":"EDGE_TTA_ACTIVE views = 8 mean_abs_feat_delta = 0.256933\n"}
,{"stream_name":"stdout","time":2176.212968462,"data":"EDGE_TTA_ACTIVE views = 8 mean_abs_feat_delta = 0.251461\n"}
,{"stream_name":"stdout","time":2176.999386132,"data":"SECONDARY_EDGE_TTA_ACTIVE views = 8 weight = 0.75 mean_abs_feat_delta = 0.266839\n"}
,{"stream_name":"stdout","time":2177.282541534,"data":"SECONDARY_EDGE_TTA_ACTIVE views = 8 weight = 0.75 mean_abs_feat_delta = 0.263509\n"}
,{"stream_name":"stdout","time":2178.444366166,"data":"EDGE_TTA_ACTIVE views = 8 mean_abs_feat_delta = 0.257776\n"}
,{"stream_name":"stdout","time":2178.460148021,"data":"EDGE_TTA_ACTIVE views = 8 mean_abs_feat_delta = 0.250692\n"}
,{"stream_name":"stdout","time":2179.478728366,"data":"SECONDARY_EDGE_TTA_ACTIVE views = 8 weight = 0.75 mean_abs_feat_delta = 0.26897\n"}
,{"stream_name":"stdout","time":2179.52832974,"data":"SECONDARY_EDGE_TTA_ACTIVE views = 8 weight = 0.75 mean_abs_feat_delta = 0.270685\n"}
,{"stream_name":"stdout","time":2180.730540144,"data":"EDGE_TTA_ACTIVE views = 8 mean_abs_feat_delta = 0.236744\n"}
,{"stream_name":"stdout","time":2180.980856595,"data":"EDGE_TTA_ACTIVE views = 8 mean_abs_feat_delta = 0.257659\n"}
,{"stream_name":"stdout","time":2181.793420778,"data":"SECONDARY_EDGE_TTA_ACTIVE views = 8 weight = 0.75 mean_abs_feat_delta = 0.253224\n"}
,{"stream_name":"stdout","time":2182.011384608,"data":"SECONDARY_EDGE_TTA_ACTIVE views = 8 weight = 0.75 mean_abs_feat_delta = 0.269254\n"}
,{"stream_name":"stdout","time":2182.965849719,"data":"EDGE_TTA_ACTIVE views = 8 mean_abs_feat_delta = 0.250011\n"}
,{"stream_name":"stdout","time":2183.457158928,"data":"EDGE_TTA_ACTIVE views = 8 mean_abs_feat_delta = 0.259122\n"}
,{"stream_name":"stdout","time":2184.026325997,"data":"SECONDARY_EDGE_TTA_ACTIVE views = 8 weight = 0.75 mean_abs_feat_delta = 0.262155\n"}
,{"stream_name":"stdout","time":2184.487421713,"data":"SECONDARY_EDGE_TTA_ACTIVE views = 8 weight = 0.75 mean_abs_feat_delta = 0.273908\n"}
,{"stream_name":"stdout","time":2185.963094913,"data":"EDGE_TTA_ACTIVE views = 8 mean_abs_feat_delta = 0.260718\n"}
,{"stream_name":"stdout","time":2186.995032035,"data":"SECONDARY_EDGE_TTA_ACTIVE views = 8 weight = 0.75 mean_abs_feat_delta = 0.28036\n"}
,{"stream_name":"stdout","time":2188.744207285,"data":"EDGE_TTA_ACTIVE views = 8 mean_abs_feat_delta = 0.26065\n"}
,{"stream_name":"stdout","time":2189.768136315,"data":"SECONDARY_EDGE_TTA_ACTIVE views = 8 weight = 0.75 mean_abs_feat_delta = 0.279645\n"}
,{"stream_name":"stdout","time":2191.447414494,"data":"EDGE_TTA_ACTIVE views = 8 mean_abs_feat_delta = 0.260945\n"}
,{"stream_name":"stdout","time":2192.473413187,"data":"SECONDARY_EDGE_TTA_ACTIVE views = 8 weight = 0.75 mean_abs_feat_delta = 0.279886\n"}
,{"stream_name":"stdout","time":2194.025808002,"data":"EDGE_TTA_ACTIVE views = 8 mean_abs_feat_delta = 0.260866\n"}
,{"stream_name":"stdout","time":2195.051005629,"data":"SECONDARY_EDGE_TTA_ACTIVE views = 8 weight = 0.75 mean_abs_feat_delta = 0.279253\n"}
,{"stream_name":"stdout","time":2196.534995138,"data":"EDGE_TTA_ACTIVE views = 8 mean_abs_feat_delta = 0.26271\n"}
,{"stream_name":"stdout","time":2197.554070977,"data":"SECONDARY_EDGE_TTA_ACTIVE views = 8 weight = 0.75 mean_abs_feat_delta = 0.27536\n"}
,{"stream_name":"stdout","time":2199.04745886,"data":"EDGE_TTA_ACTIVE views = 8 mean_abs_feat_delta = 0.264803\n"}
,{"stream_name":"stdout","time":2200.071289763,"data":"SECONDARY_EDGE_TTA_ACTIVE views = 8 weight = 0.75 mean_abs_feat_delta = 0.271751\n"}
,{"stream_name":"stdout","time":2201.53939163,"data":"EDGE_TTA_ACTIVE views = 8 mean_abs_feat_delta = 0.267587\n"}
,{"stream_name":"stdout","time":2202.565660719,"data":"SECONDARY_EDGE_TTA_ACTIVE views = 8 weight = 0.75 mean_abs_feat_delta = 0.271724\n"}
,{"stream_name":"stdout","time":2205.4062964,"data":"EDGE_TTA_ACTIVE views = 8 mean_abs_feat_delta = 0.250675\n"}
,{"stream_name":"stdout","time":2206.292633365,"data":"SECONDARY_EDGE_TTA_ACTIVE views = 8 weight = 0.75 mean_abs_feat_delta = 0.261033\n"}
,{"stream_name":"stdout","time":2207.486741404,"data":"EDGE_TTA_ACTIVE views = 8 mean_abs_feat_delta = 0.25033\n"}
,{"stream_name":"stdout","time":2208.51386844,"data":"SECONDARY_EDGE_TTA_ACTIVE views = 8 weight = 0.75 mean_abs_feat_delta = 0.260558\n"}
,{"stream_name":"stdout","time":2209.702117484,"data":"EDGE_TTA_ACTIVE views = 8 mean_abs_feat_delta = 0.251105\n"}
,{"stream_name":"stdout","time":2210.741995577,"data":"SECONDARY_EDGE_TTA_ACTIVE views = 8 weight = 0.75 mean_abs_feat_delta = 0.261329\n"}
,{"stream_name":"stdout","time":2211.930379133,"data":"EDGE_TTA_ACTIVE views = 8 mean_abs_feat_delta = 0.251958\n"}
,{"stream_name":"stdout","time":2212.979701839,"data":"SECONDARY_EDGE_TTA_ACTIVE views = 8 weight = 0.75 mean_abs_feat_delta = 0.267255\n"}
,{"stream_name":"stdout","time":2214.308758034,"data":"EDGE_TTA_ACTIVE views = 8 mean_abs_feat_delta = 0.252119\n"}
,{"stream_name":"stdout","time":2215.365417139,"data":"SECONDARY_EDGE_TTA_ACTIVE views = 8 weight = 0.75 mean_abs_feat_delta = 0.269103\n"}
,{"stream_name":"stdout","time":2216.57904431,"data":"EDGE_TTA_ACTIVE views = 8 mean_abs_feat_delta = 0.251626\n"}
,{"stream_name":"stdout","time":2217.645355077,"data":"SECONDARY_EDGE_TTA_ACTIVE views = 8 weight = 0.75 mean_abs_feat_delta = 0.270231\n"}
,{"stream_name":"stdout","time":2218.959139429,"data":"EDGE_TTA_ACTIVE views = 8 mean_abs_feat_delta = 0.253976\n"}
,{"stream_name":"stdout","time":2220.069451748,"data":"SECONDARY_EDGE_TTA_ACTIVE views = 8 weight = 0.75 mean_abs_feat_delta = 0.27087\n"}
,{"stream_name":"stdout","time":2221.371284711,"data":"EDGE_TTA_ACTIVE views = 8 mean_abs_feat_delta = 0.252946\n"}
,{"stream_name":"stdout","time":2222.466617841,"data":"SECONDARY_EDGE_TTA_ACTIVE views = 8 weight = 0.75 mean_abs_feat_delta = 0.268311\n"}
,{"stream_name":"stdout","time":2223.720544208,"data":"EDGE_TTA_ACTIVE views = 8 mean_abs_feat_delta = 0.257875\n"}
,{"stream_name":"stdout","time":2224.832438888,"data":"SECONDARY_EDGE_TTA_ACTIVE views = 8 weight = 0.75 mean_abs_feat_delta = 0.262145\n"}
,{"stream_name":"stdout","time":2226.114388517,"data":"EDGE_TTA_ACTIVE views = 8 mean_abs_feat_delta = 0.260818\n"}
,{"stream_name":"stdout","time":2227.239417898,"data":"SECONDARY_EDGE_TTA_ACTIVE views = 8 weight = 0.75 mean_abs_feat_delta = 0.258401\n"}
,{"stream_name":"stdout","time":2228.483664252,"data":"EDGE_TTA_ACTIVE views = 8 mean_abs_feat_delta = 0.260927\n"}
,{"stream_name":"stdout","time":2229.622338535,"data":"SECONDARY_EDGE_TTA_ACTIVE views = 8 weight = 0.75 mean_abs_feat_delta = 0.259952\n"}
,{"stream_name":"stdout","time":2230.984096835,"data":"EDGE_TTA_ACTIVE views = 8 mean_abs_feat_delta = 0.253945\n"}
,{"stream_name":"stdout","time":2232.120483982,"data":"SECONDARY_EDGE_TTA_ACTIVE views = 8 weight = 0.75 mean_abs_feat_delta = 0.251585\n"}
,{"stream_name":"stdout","time":2233.418211884,"data":"EDGE_TTA_ACTIVE views = 8 mean_abs_feat_delta = 0.254903\n"}
,{"stream_name":"stdout","time":2234.573903737,"data":"SECONDARY_EDGE_TTA_ACTIVE views = 8 weight = 0.75 mean_abs_feat_delta = 0.254847\n"}
,{"stream_name":"stdout","time":2235.905515011,"data":"EDGE_TTA_ACTIVE views = 8 mean_abs_feat_delta = 0.253128\n"}
,{"stream_name":"stdout","time":2236.985091985,"data":"SECONDARY_EDGE_TTA_ACTIVE views = 8 weight = 0.75 mean_abs_feat_delta = 0.254101\n"}
,{"stream_name":"stdout","time":2238.299973974,"data":"EDGE_TTA_ACTIVE views = 8 mean_abs_feat_delta = 0.257053\n"}
,{"stream_name":"stdout","time":2239.458430856,"data":"SECONDARY_EDGE_TTA_ACTIVE views = 8 weight = 0.75 mean_abs_feat_delta = 0.254681\n"}
,{"stream_name":"stdout","time":2240.76510358,"data":"EDGE_TTA_ACTIVE views = 8 mean_abs_feat_delta = 0.255389\n"}
,{"stream_name":"stdout","time":2241.914334894,"data":"SECONDARY_EDGE_TTA_ACTIVE views = 8 weight = 0.75 mean_abs_feat_delta = 0.264267\n"}
,{"stream_name":"stdout","time":2243.150933233,"data":"EDGE_TTA_ACTIVE views = 8 mean_abs_feat_delta = 0.252357\n"}
,{"stream_name":"stdout","time":2244.284987162,"data":"SECONDARY_EDGE_TTA_ACTIVE views = 8 weight = 0.75 mean_abs_feat_delta = 0.263395\n"}
,{"stream_name":"stdout","time":2245.541637584,"data":"EDGE_TTA_ACTIVE views = 8 mean_abs_feat_delta = 0.255583\n"}
,{"stream_name":"stdout","time":2246.660411159,"data":"SECONDARY_EDGE_TTA_ACTIVE views = 8 weight = 0.75 mean_abs_feat_delta = 0.261321\n"}
,{"stream_name":"stdout","time":2247.900603296,"data":"EDGE_TTA_ACTIVE views = 8 mean_abs_feat_delta = 0.260235\n"}
,{"stream_name":"stdout","time":2249.008504324,"data":"SECONDARY_EDGE_TTA_ACTIVE views = 8 weight = 0.75 mean_abs_feat_delta = 0.265991\n"}
,{"stream_name":"stdout","time":2250.254561278,"data":"EDGE_TTA_ACTIVE views = 8 mean_abs_feat_delta = 0.260251\n"}
,{"stream_name":"stdout","time":2251.350697052,"data":"SECONDARY_EDGE_TTA_ACTIVE views = 8 weight = 0.75 mean_abs_feat_delta = 0.269935\n"}
,{"stream_name":"stdout","time":2252.597867831,"data":"EDGE_TTA_ACTIVE views = 8 mean_abs_feat_delta = 0.262145\n"}
,{"stream_name":"stdout","time":2253.684003109,"data":"SECONDARY_EDGE_TTA_ACTIVE views = 8 weight = 0.75 mean_abs_feat_delta = 0.267969\n"}
,{"stream_name":"stdout","time":2254.981175199,"data":"EDGE_TTA_ACTIVE views = 8 mean_abs_feat_delta = 0.2633\n"}
,{"stream_name":"stdout","time":2256.058881482,"data":"SECONDARY_EDGE_TTA_ACTIVE views = 8 weight = 0.75 mean_abs_feat_delta = 0.266969\n"}
,{"stream_name":"stdout","time":2257.234092423,"data":"EDGE_TTA_ACTIVE views = 8 mean_abs_feat_delta = 0.263686\n"}
,{"stream_name":"stdout","time":2258.308019987,"data":"SECONDARY_EDGE_TTA_ACTIVE views = 8 weight = 0.75 mean_abs_feat_delta = 0.26568\n"}
,{"stream_name":"stdout","time":2259.463277393,"data":"EDGE_TTA_ACTIVE views = 8 mean_abs_feat_delta = 0.267363\n"}
,{"stream_name":"stdout","time":2260.531652386,"data":"SECONDARY_EDGE_TTA_ACTIVE views = 8 weight = 0.75 mean_abs_feat_delta = 0.259521\n"}
,{"stream_name":"stdout","time":2261.734984347,"data":"EDGE_TTA_ACTIVE views = 8 mean_abs_feat_delta = 0.268185\n"}
,{"stream_name":"stdout","time":2262.797650567,"data":"SECONDARY_EDGE_TTA_ACTIVE views = 8 weight = 0.75 mean_abs_feat_delta = 0.261188\n"}
,{"stream_name":"stdout","time":2264.031428869,"data":"EDGE_TTA_ACTIVE views = 8 mean_abs_feat_delta = 0.267145\n"}
,{"stream_name":"stdout","time":2265.085970164,"data":"SECONDARY_EDGE_TTA_ACTIVE views = 8 weight = 0.75 mean_abs_feat_delta = 0.263495\n"}
,{"stream_name":"stdout","time":2266.405106993,"data":"EDGE_TTA_ACTIVE views = 8 mean_abs_feat_delta = 0.262489\n"}
,{"stream_name":"stdout","time":2267.365093455,"data":"SECONDARY_EDGE_TTA_ACTIVE views = 8 weight = 0.75 mean_abs_feat_delta = 0.261978\n"}
,{"stream_name":"stdout","time":2268.557136347,"data":"EDGE_TTA_ACTIVE views = 8 mean_abs_feat_delta = 0.259888\n"}
,{"stream_name":"stdout","time":2269.602039491,"data":"SECONDARY_EDGE_TTA_ACTIVE views = 8 weight = 0.75 mean_abs_feat_delta = 0.264674\n"}
,{"stream_name":"stdout","time":2270.82051814,"data":"EDGE_TTA_ACTIVE views = 8 mean_abs_feat_delta = 0.256742\n"}
,{"stream_name":"stdout","time":2271.868297619,"data":"SECONDARY_EDGE_TTA_ACTIVE views = 8 weight = 0.75 mean_abs_feat_delta = 0.266123\n"}
,{"stream_name":"stdout","time":2273.048949047,"data":"EDGE_TTA_ACTIVE views = 8 mean_abs_feat_delta = 0.254378\n"}
,{"stream_name":"stdout","time":2274.095818957,"data":"SECONDARY_EDGE_TTA_ACTIVE views = 8 weight = 0.75 mean_abs_feat_delta = 0.26614\n"}
,{"stream_name":"stdout","time":2275.214931498,"data":"EDGE_TTA_ACTIVE views = 8 mean_abs_feat_delta = 0.254713\n"}
,{"stream_name":"stdout","time":2276.262644346,"data":"SECONDARY_EDGE_TTA_ACTIVE views = 8 weight = 0.75 mean_abs_feat_delta = 0.263399\n"}
,{"stream_name":"stdout","time":2277.471409031,"data":"EDGE_TTA_ACTIVE views = 8 mean_abs_feat_delta = 0.260557\n"}
,{"stream_name":"stdout","time":2278.516990812,"data":"SECONDARY_EDGE_TTA_ACTIVE views = 8 weight = 0.75 mean_abs_feat_delta = 0.258884\n"}
,{"stream_name":"stdout","time":2279.74903839,"data":"EDGE_TTA_ACTIVE views = 8 mean_abs_feat_delta = 0.25969\n"}
,{"stream_name":"stdout","time":2280.790824508,"data":"SECONDARY_EDGE_TTA_ACTIVE views = 8 weight = 0.75 mean_abs_feat_delta = 0.259992\n"}
,{"stream_name":"stdout","time":2282.040212669,"data":"EDGE_TTA_ACTIVE views = 8 mean_abs_feat_delta = 0.259315\n"}
,{"stream_name":"stdout","time":2283.080261094,"data":"SECONDARY_EDGE_TTA_ACTIVE views = 8 weight = 0.75 mean_abs_feat_delta = 0.261061\n"}
,{"stream_name":"stdout","time":2284.292209386,"data":"EDGE_TTA_ACTIVE views = 8 mean_abs_feat_delta = 0.25882\n"}
,{"stream_name":"stdout","time":2285.338273351,"data":"SECONDARY_EDGE_TTA_ACTIVE views = 8 weight = 0.75 mean_abs_feat_delta = 0.260977\n"}
,{"stream_name":"stdout","time":2286.563201361,"data":"EDGE_TTA_ACTIVE views = 8 mean_abs_feat_delta = 0.259209\n"}
,{"stream_name":"stdout","time":2287.609580909,"data":"SECONDARY_EDGE_TTA_ACTIVE views = 8 weight = 0.75 mean_abs_feat_delta = 0.25823\n"}
,{"stream_name":"stdout","time":2288.824741786,"data":"EDGE_TTA_ACTIVE views = 8 mean_abs_feat_delta = 0.258011\n"}
,{"stream_name":"stdout","time":2289.790157456,"data":"EDGE_TTA_ACTIVE views = 8 mean_abs_feat_delta = 0.295618\n"}
,{"stream_name":"stdout","time":2289.86901265,"data":"SECONDARY_EDGE_TTA_ACTIVE views = 8 weight = 0.75 mean_abs_feat_delta = 0.25435\n"}
,{"stream_name":"stdout","time":2290.76720018,"data":"SECONDARY_EDGE_TTA_ACTIVE views = 8 weight = 0.75 mean_abs_feat_delta = 0.316074\n"}
,{"stream_name":"stdout","time":2291.04804143,"data":"EDGE_TTA_ACTIVE views = 8 mean_abs_feat_delta = 0.253002\n"}
,{"stream_name":"stdout","time":2292.087755608,"data":"EDGE_TTA_ACTIVE views = 8 mean_abs_feat_delta = 0.297141\n"}
,{"stream_name":"stdout","time":2292.09753199,"data":"SECONDARY_EDGE_TTA_ACTIVE views = 8 weight = 0.75 mean_abs_feat_delta = 0.256804\n"}
,{"stream_name":"stdout","time":2293.064178902,"data":"SECONDARY_EDGE_TTA_ACTIVE views = 8 weight = 0.75 mean_abs_feat_delta = 0.31712\n"}
,{"stream_name":"stdout","time":2293.285395043,"data":"EDGE_TTA_ACTIVE views = 8 mean_abs_feat_delta = 0.256067\n"}
,{"stream_name":"stdout","time":2294.339662816,"data":"SECONDARY_EDGE_TTA_ACTIVE views = 8 weight = 0.75 mean_abs_feat_delta = 0.264014\n"}
,{"stream_name":"stdout","time":2294.399160825,"data":"EDGE_TTA_ACTIVE views = 8 mean_abs_feat_delta = 0.296049\n"}
,{"stream_name":"stdout","time":2295.375236766,"data":"SECONDARY_EDGE_TTA_ACTIVE views = 8 weight = 0.75 mean_abs_feat_delta = 0.31716\n"}
,{"stream_name":"stdout","time":2295.496137419,"data":"EDGE_TTA_ACTIVE views = 8 mean_abs_feat_delta = 0.259045\n"}
,{"stream_name":"stdout","time":2296.644978217,"data":"SECONDARY_EDGE_TTA_ACTIVE views = 8 weight = 0.75 mean_abs_feat_delta = 0.261728\n"}
,{"stream_name":"stdout","time":2296.668635592,"data":"EDGE_TTA_ACTIVE views = 8 mean_abs_feat_delta = 0.295644\n"}
,{"stream_name":"stdout","time":2297.6628752,"data":"SECONDARY_EDGE_TTA_ACTIVE views = 8 weight = 0.75 mean_abs_feat_delta = 0.31653\n"}
,{"stream_name":"stdout","time":2297.748867253,"data":"EDGE_TTA_ACTIVE views = 8 mean_abs_feat_delta = 0.254381\n"}
,{"stream_name":"stdout","time":2298.808582687,"data":"SECONDARY_EDGE_TTA_ACTIVE views = 8 weight = 0.75 mean_abs_feat_delta = 0.257823\n"}
,{"stream_name":"stdout","time":2298.998328961,"data":"EDGE_TTA_ACTIVE views = 8 mean_abs_feat_delta = 0.300171\n"}
,{"stream_name":"stdout","time":2300.000984058,"data":"SECONDARY_EDGE_TTA_ACTIVE views = 8 weight = 0.75 mean_abs_feat_delta = 0.316364\n"}
,{"stream_name":"stdout","time":2300.068894428,"data":"EDGE_TTA_ACTIVE views = 8 mean_abs_feat_delta = 0.250108\n"}
,{"stream_name":"stdout","time":2301.134540184,"data":"SECONDARY_EDGE_TTA_ACTIVE views = 8 weight = 0.75 mean_abs_feat_delta = 0.260305\n"}
,{"stream_name":"stdout","time":2301.366295373,"data":"EDGE_TTA_ACTIVE views = 8 mean_abs_feat_delta = 0.302879\n"}
,{"stream_name":"stdout","time":2302.355301591,"data":"EDGE_TTA_ACTIVE views = 8 mean_abs_feat_delta = 0.249627\n"}
,{"stream_name":"stdout","time":2302.361511796,"data":"SECONDARY_EDGE_TTA_ACTIVE views = 8 weight = 0.75 mean_abs_feat_delta = 0.317147\n"}
,{"stream_name":"stdout","time":2303.422930782,"data":"SECONDARY_EDGE_TTA_ACTIVE views = 8 weight = 0.75 mean_abs_feat_delta = 0.258707\n"}
,{"stream_name":"stdout","time":2303.738078126,"data":"EDGE_TTA_ACTIVE views = 8 mean_abs_feat_delta = 0.301753\n"}
,{"stream_name":"stdout","time":2304.620713663,"data":"EDGE_TTA_ACTIVE views = 8 mean_abs_feat_delta = 0.252258\n"}
,{"stream_name":"stdout","time":2304.754990439,"data":"SECONDARY_EDGE_TTA_ACTIVE views = 8 weight = 0.75 mean_abs_feat_delta = 0.314941\n"}
,{"stream_name":"stdout","time":2305.688994661,"data":"SECONDARY_EDGE_TTA_ACTIVE views = 8 weight = 0.75 mean_abs_feat_delta = 0.258868\n"}
,{"stream_name":"stdout","time":2306.150933631,"data":"EDGE_TTA_ACTIVE views = 8 mean_abs_feat_delta = 0.302954\n"}
,{"stream_name":"stdout","time":2306.956027171,"data":"EDGE_TTA_ACTIVE views = 8 mean_abs_feat_delta = 0.251523\n"}
,{"stream_name":"stdout","time":2307.168924192,"data":"SECONDARY_EDGE_TTA_ACTIVE views = 8 weight = 0.75 mean_abs_feat_delta = 0.315928\n"}
,{"stream_name":"stdout","time":2308.034629837,"data":"SECONDARY_EDGE_TTA_ACTIVE views = 8 weight = 0.75 mean_abs_feat_delta = 0.257552\n"}
,{"stream_name":"stdout","time":2308.552131018,"data":"EDGE_TTA_ACTIVE views = 8 mean_abs_feat_delta = 0.300513\n"}
,{"stream_name":"stdout","time":2309.304068758,"data":"EDGE_TTA_ACTIVE views = 8 mean_abs_feat_delta = 0.250297\n"}
,{"stream_name":"stdout","time":2309.576628144,"data":"SECONDARY_EDGE_TTA_ACTIVE views = 8 weight = 0.75 mean_abs_feat_delta = 0.318801\n"}
,{"stream_name":"stdout","time":2310.384155122,"data":"SECONDARY_EDGE_TTA_ACTIVE views = 8 weight = 0.75 mean_abs_feat_delta = 0.260048\n"}
,{"stream_name":"stdout","time":2310.976831007,"data":"EDGE_TTA_ACTIVE views = 8 mean_abs_feat_delta = 0.301848\n"}
,{"stream_name":"stdout","time":2311.643126617,"data":"EDGE_TTA_ACTIVE views = 8 mean_abs_feat_delta = 0.251998\n"}
,{"stream_name":"stdout","time":2312.01083957,"data":"SECONDARY_EDGE_TTA_ACTIVE views = 8 weight = 0.75 mean_abs_feat_delta = 0.315955\n"}
,{"stream_name":"stdout","time":2312.72355806,"data":"SECONDARY_EDGE_TTA_ACTIVE views = 8 weight = 0.75 mean_abs_feat_delta = 0.25594\n"}
,{"stream_name":"stdout","time":2313.358562151,"data":"EDGE_TTA_ACTIVE views = 8 mean_abs_feat_delta = 0.30027\n"}
,{"stream_name":"stdout","time":2313.939140257,"data":"EDGE_TTA_ACTIVE views = 8 mean_abs_feat_delta = 0.254951\n"}
,{"stream_name":"stdout","time":2314.395531759,"data":"SECONDARY_EDGE_TTA_ACTIVE views = 8 weight = 0.75 mean_abs_feat_delta = 0.314358\n"}
,{"stream_name":"stdout","time":2315.019463328,"data":"SECONDARY_EDGE_TTA_ACTIVE views = 8 weight = 0.75 mean_abs_feat_delta = 0.255182\n"}
,{"stream_name":"stdout","time":2315.801783485,"data":"EDGE_TTA_ACTIVE views = 8 mean_abs_feat_delta = 0.302817\n"}
,{"stream_name":"stdout","time":2316.232708465,"data":"EDGE_TTA_ACTIVE views = 8 mean_abs_feat_delta = 0.250788\n"}
,{"stream_name":"stdout","time":2316.850378299,"data":"SECONDARY_EDGE_TTA_ACTIVE views = 8 weight = 0.75 mean_abs_feat_delta = 0.319932\n"}
,{"stream_name":"stdout","time":2317.319263922,"data":"SECONDARY_EDGE_TTA_ACTIVE views = 8 weight = 0.75 mean_abs_feat_delta = 0.255678\n"}
,{"stream_name":"stdout","time":2318.214681185,"data":"EDGE_TTA_ACTIVE views = 8 mean_abs_feat_delta = 0.30338\n"}
,{"stream_name":"stdout","time":2318.516960572,"data":"EDGE_TTA_ACTIVE views = 8 mean_abs_feat_delta = 0.247756\n"}
,{"stream_name":"stdout","time":2319.271476584,"data":"SECONDARY_EDGE_TTA_ACTIVE views = 8 weight = 0.75 mean_abs_feat_delta = 0.31824\n"}
,{"stream_name":"stdout","time":2319.60681003,"data":"SECONDARY_EDGE_TTA_ACTIVE views = 8 weight = 0.75 mean_abs_feat_delta = 0.25659\n"}
,{"stream_name":"stdout","time":2320.629540777,"data":"EDGE_TTA_ACTIVE views = 8 mean_abs_feat_delta = 0.303138\n"}
,{"stream_name":"stdout","time":2320.829831402,"data":"EDGE_TTA_ACTIVE views = 8 mean_abs_feat_delta = 0.251807\n"}
,{"stream_name":"stdout","time":2321.689337207,"data":"SECONDARY_EDGE_TTA_ACTIVE views = 8 weight = 0.75 mean_abs_feat_delta = 0.320361\n"}
,{"stream_name":"stdout","time":2321.917593378,"data":"SECONDARY_EDGE_TTA_ACTIVE views = 8 weight = 0.75 mean_abs_feat_delta = 0.261519\n"}
,{"stream_name":"stdout","time":2323.087243128,"data":"EDGE_TTA_ACTIVE views = 8 mean_abs_feat_delta = 0.305109\n"}
,{"stream_name":"stdout","time":2323.134549711,"data":"EDGE_TTA_ACTIVE views = 8 mean_abs_feat_delta = 0.249371\n"}
,{"stream_name":"stdout","time":2324.153852337,"data":"SECONDARY_EDGE_TTA_ACTIVE views = 8 weight = 0.75 mean_abs_feat_delta = 0.322986\n"}
,{"stream_name":"stdout","time":2324.226709604,"data":"SECONDARY_EDGE_TTA_ACTIVE views = 8 weight = 0.75 mean_abs_feat_delta = 0.261581\n"}
,{"stream_name":"stdout","time":2325.444495329,"data":"EDGE_TTA_ACTIVE views = 8 mean_abs_feat_delta = 0.251742\n"}
,{"stream_name":"stdout","time":2325.552103786,"data":"EDGE_TTA_ACTIVE views = 8 mean_abs_feat_delta = 0.306663\n"}
,{"stream_name":"stdout","time":2326.533810598,"data":"SECONDARY_EDGE_TTA_ACTIVE views = 8 weight = 0.75 mean_abs_feat_delta = 0.257374\n"}
,{"stream_name":"stdout","time":2326.621479041,"data":"SECONDARY_EDGE_TTA_ACTIVE views = 8 weight = 0.75 mean_abs_feat_delta = 0.323504\n"}
,{"stream_name":"stdout","time":2327.814825368,"data":"EDGE_TTA_ACTIVE views = 8 mean_abs_feat_delta = 0.251825\n"}
,{"stream_name":"stdout","time":2328.02857537,"data":"EDGE_TTA_ACTIVE views = 8 mean_abs_feat_delta = 0.307809\n"}
,{"stream_name":"stdout","time":2328.814112956,"data":"SECONDARY_EDGE_TTA_ACTIVE views = 8 weight = 0.75 mean_abs_feat_delta = 0.256553\n"}
,{"stream_name":"stdout","time":2329.110343445,"data":"SECONDARY_EDGE_TTA_ACTIVE views = 8 weight = 0.75 mean_abs_feat_delta = 0.321225\n"}
,{"stream_name":"stdout","time":2330.062122891,"data":"EDGE_TTA_ACTIVE views = 8 mean_abs_feat_delta = 0.251857\n"}
,{"stream_name":"stdout","time":2330.483162109,"data":"EDGE_TTA_ACTIVE views = 8 mean_abs_feat_delta = 0.30735\n"}
,{"stream_name":"stdout","time":2331.149368446,"data":"SECONDARY_EDGE_TTA_ACTIVE views = 8 weight = 0.75 mean_abs_feat_delta = 0.254743\n"}
,{"stream_name":"stdout","time":2331.566582528,"data":"SECONDARY_EDGE_TTA_ACTIVE views = 8 weight = 0.75 mean_abs_feat_delta = 0.322611\n"}
,{"stream_name":"stdout","time":2332.403565911,"data":"EDGE_TTA_ACTIVE views = 8 mean_abs_feat_delta = 0.255178\n"}
,{"stream_name":"stdout","time":2332.943172327,"data":"EDGE_TTA_ACTIVE views = 8 mean_abs_feat_delta = 0.309574\n"}
,{"stream_name":"stdout","time":2333.49206219,"data":"SECONDARY_EDGE_TTA_ACTIVE views = 8 weight = 0.75 mean_abs_feat_delta = 0.25812\n"}
,{"stream_name":"stdout","time":2334.025979725,"data":"SECONDARY_EDGE_TTA_ACTIVE views = 8 weight = 0.75 mean_abs_feat_delta = 0.327667\n"}
,{"stream_name":"stdout","time":2334.729760339,"data":"EDGE_TTA_ACTIVE views = 8 mean_abs_feat_delta = 0.253849\n"}
,{"stream_name":"stdout","time":2335.432760569,"data":"EDGE_TTA_ACTIVE views = 8 mean_abs_feat_delta = 0.309541\n"}
,{"stream_name":"stdout","time":2335.813454271,"data":"SECONDARY_EDGE_TTA_ACTIVE views = 8 weight = 0.75 mean_abs_feat_delta = 0.258084\n"}
,{"stream_name":"stdout","time":2336.513239279,"data":"SECONDARY_EDGE_TTA_ACTIVE views = 8 weight = 0.75 mean_abs_feat_delta = 0.323004\n"}
,{"stream_name":"stdout","time":2337.009441033,"data":"EDGE_TTA_ACTIVE views = 8 mean_abs_feat_delta = 0.251835\n"}
,{"stream_name":"stdout","time":2337.884861161,"data":"EDGE_TTA_ACTIVE views = 8 mean_abs_feat_delta = 0.309504\n"}
,{"stream_name":"stdout","time":2338.091964312,"data":"SECONDARY_EDGE_TTA_ACTIVE views = 8 weight = 0.75 mean_abs_feat_delta = 0.253733\n"}
,{"stream_name":"stdout","time":2338.962738939,"data":"SECONDARY_EDGE_TTA_ACTIVE views = 8 weight = 0.75 mean_abs_feat_delta = 0.323896\n"}
,{"stream_name":"stdout","time":2339.273958265,"data":"EDGE_TTA_ACTIVE views = 8 mean_abs_feat_delta = 0.252083\n"}
,{"stream_name":"stdout","time":2340.341810731,"data":"EDGE_TTA_ACTIVE views = 8 mean_abs_feat_delta = 0.311308\n"}
,{"stream_name":"stdout","time":2340.352221482,"data":"SECONDARY_EDGE_TTA_ACTIVE views = 8 weight = 0.75 mean_abs_feat_delta = 0.257496\n"}
,{"stream_name":"stdout","time":2341.40029266,"data":"SECONDARY_EDGE_TTA_ACTIVE views = 8 weight = 0.75 mean_abs_feat_delta = 0.316583\n"}
,{"stream_name":"stdout","time":2341.557590591,"data":"EDGE_TTA_ACTIVE views = 8 mean_abs_feat_delta = 0.25325\n"}
,{"stream_name":"stdout","time":2342.63400661,"data":"SECONDARY_EDGE_TTA_ACTIVE views = 8 weight = 0.75 mean_abs_feat_delta = 0.258866\n"}
,{"stream_name":"stdout","time":2342.784397934,"data":"EDGE_TTA_ACTIVE views = 8 mean_abs_feat_delta = 0.310412\n"}
,{"stream_name":"stdout","time":2343.835940853,"data":"SECONDARY_EDGE_TTA_ACTIVE views = 8 weight = 0.75 mean_abs_feat_delta = 0.316862\n"}
,{"stream_name":"stdout","time":2343.879660474,"data":"EDGE_TTA_ACTIVE views = 8 mean_abs_feat_delta = 0.254089\n"}
,{"stream_name":"stdout","time":2344.951828769,"data":"SECONDARY_EDGE_TTA_ACTIVE views = 8 weight = 0.75 mean_abs_feat_delta = 0.256585\n"}
,{"stream_name":"stdout","time":2345.243278987,"data":"EDGE_TTA_ACTIVE views = 8 mean_abs_feat_delta = 0.311855\n"}
,{"stream_name":"stdout","time":2346.188875961,"data":"EDGE_TTA_ACTIVE views = 8 mean_abs_feat_delta = 0.252519\n"}
,{"stream_name":"stdout","time":2346.28393897,"data":"SECONDARY_EDGE_TTA_ACTIVE views = 8 weight = 0.75 mean_abs_feat_delta = 0.326296\n"}
,{"stream_name":"stdout","time":2347.26140417,"data":"SECONDARY_EDGE_TTA_ACTIVE views = 8 weight = 0.75 mean_abs_feat_delta = 0.255835\n"}
,{"stream_name":"stdout","time":2347.654886931,"data":"EDGE_TTA_ACTIVE views = 8 mean_abs_feat_delta = 0.311975\n"}
,{"stream_name":"stdout","time":2348.511273057,"data":"EDGE_TTA_ACTIVE views = 8 mean_abs_feat_delta = 0.252252\n"}
,{"stream_name":"stdout","time":2348.69020842,"data":"SECONDARY_EDGE_TTA_ACTIVE views = 8 weight = 0.75 mean_abs_feat_delta = 0.325891\n"}
,{"stream_name":"stdout","time":2349.575949897,"data":"SECONDARY_EDGE_TTA_ACTIVE views = 8 weight = 0.75 mean_abs_feat_delta = 0.251669\n"}
,{"stream_name":"stdout","time":2350.026337815,"data":"EDGE_TTA_ACTIVE views = 8 mean_abs_feat_delta = 0.3111\n"}
,{"stream_name":"stdout","time":2350.830968592,"data":"EDGE_TTA_ACTIVE views = 8 mean_abs_feat_delta = 0.249091\n"}
,{"stream_name":"stdout","time":2351.058083838,"data":"SECONDARY_EDGE_TTA_ACTIVE views = 8 weight = 0.75 mean_abs_feat_delta = 0.322369\n"}
,{"stream_name":"stdout","time":2351.89626292,"data":"SECONDARY_EDGE_TTA_ACTIVE views = 8 weight = 0.75 mean_abs_feat_delta = 0.249524\n"}
,{"stream_name":"stdout","time":2352.494917686,"data":"EDGE_TTA_ACTIVE views = 8 mean_abs_feat_delta = 0.311152\n"}
,{"stream_name":"stdout","time":2353.14136356,"data":"EDGE_TTA_ACTIVE views = 8 mean_abs_feat_delta = 0.241597\n"}
,{"stream_name":"stdout","time":2353.521323729,"data":"SECONDARY_EDGE_TTA_ACTIVE views = 8 weight = 0.75 mean_abs_feat_delta = 0.322571\n"}
,{"stream_name":"stdout","time":2354.205430259,"data":"SECONDARY_EDGE_TTA_ACTIVE views = 8 weight = 0.75 mean_abs_feat_delta = 0.249871\n"}
,{"stream_name":"stdout","time":2354.905197799,"data":"EDGE_TTA_ACTIVE views = 8 mean_abs_feat_delta = 0.314081\n"}
,{"stream_name":"stdout","time":2355.4288703,"data":"EDGE_TTA_ACTIVE views = 8 mean_abs_feat_delta = 0.241038\n"}
,{"stream_name":"stdout","time":2355.923272985,"data":"SECONDARY_EDGE_TTA_ACTIVE views = 8 weight = 0.75 mean_abs_feat_delta = 0.321971\n"}
,{"stream_name":"stdout","time":2356.495280764,"data":"SECONDARY_EDGE_TTA_ACTIVE views = 8 weight = 0.75 mean_abs_feat_delta = 0.257627\n"}
,{"stream_name":"stdout","time":2357.310180701,"data":"EDGE_TTA_ACTIVE views = 8 mean_abs_feat_delta = 0.31674\n"}
,{"stream_name":"stdout","time":2357.749946153,"data":"EDGE_TTA_ACTIVE views = 8 mean_abs_feat_delta = 0.24064\n"}
,{"stream_name":"stdout","time":2358.418639492,"data":"SECONDARY_EDGE_TTA_ACTIVE views = 8 weight = 0.75 mean_abs_feat_delta = 0.323261\n"}
,{"stream_name":"stdout","time":2358.811119907,"data":"SECONDARY_EDGE_TTA_ACTIVE views = 8 weight = 0.75 mean_abs_feat_delta = 0.255032\n"}
,{"stream_name":"stdout","time":2359.69537868,"data":"EDGE_TTA_ACTIVE views = 8 mean_abs_feat_delta = 0.315278\n"}
,{"stream_name":"stdout","time":2360.060435189,"data":"EDGE_TTA_ACTIVE views = 8 mean_abs_feat_delta = 0.237444\n"}
,{"stream_name":"stdout","time":2360.707395386,"data":"SECONDARY_EDGE_TTA_ACTIVE views = 8 weight = 0.75 mean_abs_feat_delta = 0.325997\n"}
,{"stream_name":"stdout","time":2361.120210987,"data":"SECONDARY_EDGE_TTA_ACTIVE views = 8 weight = 0.75 mean_abs_feat_delta = 0.253313\n"}
,{"stream_name":"stdout","time":2361.963202248,"data":"EDGE_TTA_ACTIVE views = 8 mean_abs_feat_delta = 0.313744\n"}
,{"stream_name":"stdout","time":2362.370037149,"data":"EDGE_TTA_ACTIVE views = 8 mean_abs_feat_delta = 0.237805\n"}
,{"stream_name":"stdout","time":2362.967714722,"data":"SECONDARY_EDGE_TTA_ACTIVE views = 8 weight = 0.75 mean_abs_feat_delta = 0.322858\n"}
,{"stream_name":"stdout","time":2363.426529776,"data":"SECONDARY_EDGE_TTA_ACTIVE views = 8 weight = 0.75 mean_abs_feat_delta = 0.253223\n"}
,{"stream_name":"stdout","time":2364.24979495,"data":"EDGE_TTA_ACTIVE views = 8 mean_abs_feat_delta = 0.317509\n"}
,{"stream_name":"stdout","time":2364.62489952,"data":"EDGE_TTA_ACTIVE views = 8 mean_abs_feat_delta = 0.237158\n"}
,{"stream_name":"stdout","time":2365.257514371,"data":"SECONDARY_EDGE_TTA_ACTIVE views = 8 weight = 0.75 mean_abs_feat_delta = 0.322245\n"}
,{"stream_name":"stdout","time":2365.683576545,"data":"SECONDARY_EDGE_TTA_ACTIVE views = 8 weight = 0.75 mean_abs_feat_delta = 0.251983\n"}
,{"stream_name":"stdout","time":2366.609848773,"data":"EDGE_TTA_ACTIVE views = 8 mean_abs_feat_delta = 0.319531\n"}
,{"stream_name":"stdout","time":2366.897500031,"data":"EDGE_TTA_ACTIVE views = 8 mean_abs_feat_delta = 0.234285\n"}
,{"stream_name":"stdout","time":2367.618380328,"data":"SECONDARY_EDGE_TTA_ACTIVE views = 8 weight = 0.75 mean_abs_feat_delta = 0.323643\n"}
,{"stream_name":"stdout","time":2367.955870485,"data":"SECONDARY_EDGE_TTA_ACTIVE views = 8 weight = 0.75 mean_abs_feat_delta = 0.251603\n"}
,{"stream_name":"stdout","time":2368.936887149,"data":"EDGE_TTA_ACTIVE views = 8 mean_abs_feat_delta = 0.321991\n"}
,{"stream_name":"stdout","time":2369.143498276,"data":"EDGE_TTA_ACTIVE views = 8 mean_abs_feat_delta = 0.231661\n"}
,{"stream_name":"stdout","time":2369.941949578,"data":"SECONDARY_EDGE_TTA_ACTIVE views = 8 weight = 0.75 mean_abs_feat_delta = 0.325514\n"}
,{"stream_name":"stdout","time":2370.203306904,"data":"SECONDARY_EDGE_TTA_ACTIVE views = 8 weight = 0.75 mean_abs_feat_delta = 0.252902\n"}
,{"stream_name":"stdout","time":2371.292386275,"data":"EDGE_TTA_ACTIVE views = 8 mean_abs_feat_delta = 0.325684\n"}
,{"stream_name":"stdout","time":2371.391839014,"data":"EDGE_TTA_ACTIVE views = 8 mean_abs_feat_delta = 0.229643\n"}
,{"stream_name":"stdout","time":2372.301313205,"data":"SECONDARY_EDGE_TTA_ACTIVE views = 8 weight = 0.75 mean_abs_feat_delta = 0.32951\n"}
,{"stream_name":"stdout","time":2372.457200857,"data":"SECONDARY_EDGE_TTA_ACTIVE views = 8 weight = 0.75 mean_abs_feat_delta = 0.251763\n"}
,{"stream_name":"stdout","time":2373.597859193,"data":"EDGE_TTA_ACTIVE views = 8 mean_abs_feat_delta = 0.323228\n"}
,{"stream_name":"stdout","time":2373.622509007,"data":"EDGE_TTA_ACTIVE views = 8 mean_abs_feat_delta = 0.234364\n"}
,{"stream_name":"stdout","time":2374.603033564,"data":"SECONDARY_EDGE_TTA_ACTIVE views = 8 weight = 0.75 mean_abs_feat_delta = 0.33226\n"}
,{"stream_name":"stdout","time":2374.688774501,"data":"SECONDARY_EDGE_TTA_ACTIVE views = 8 weight = 0.75 mean_abs_feat_delta = 0.252662\n"}
,{"stream_name":"stdout","time":2375.893377063,"data":"EDGE_TTA_ACTIVE views = 8 mean_abs_feat_delta = 0.231881\n"}
,{"stream_name":"stdout","time":2376.009000079,"data":"EDGE_TTA_ACTIVE views = 8 mean_abs_feat_delta = 0.321145\n"}
,{"stream_name":"stdout","time":2376.959211402,"data":"SECONDARY_EDGE_TTA_ACTIVE views = 8 weight = 0.75 mean_abs_feat_delta = 0.25307\n"}
,{"stream_name":"stdout","time":2377.014144337,"data":"SECONDARY_EDGE_TTA_ACTIVE views = 8 weight = 0.75 mean_abs_feat_delta = 0.334845\n"}
,{"stream_name":"stdout","time":2378.131704874,"data":"EDGE_TTA_ACTIVE views = 8 mean_abs_feat_delta = 0.223038\n"}
,{"stream_name":"stdout","time":2378.279974774,"data":"EDGE_TTA_ACTIVE views = 8 mean_abs_feat_delta = 0.320357\n"}
,{"stream_name":"stdout","time":2379.202114115,"data":"SECONDARY_EDGE_TTA_ACTIVE views = 8 weight = 0.75 mean_abs_feat_delta = 0.253586\n"}
,{"stream_name":"stdout","time":2379.285654215,"data":"SECONDARY_EDGE_TTA_ACTIVE views = 8 weight = 0.75 mean_abs_feat_delta = 0.338455\n"}
,{"stream_name":"stdout","time":2380.457003923,"data":"EDGE_TTA_ACTIVE views = 8 mean_abs_feat_delta = 0.219347\n"}
,{"stream_name":"stdout","time":2380.615920565,"data":"EDGE_TTA_ACTIVE views = 8 mean_abs_feat_delta = 0.319807\n"}
,{"stream_name":"stdout","time":2381.52517509,"data":"SECONDARY_EDGE_TTA_ACTIVE views = 8 weight = 0.75 mean_abs_feat_delta = 0.254472\n"}
,{"stream_name":"stdout","time":2381.628104192,"data":"SECONDARY_EDGE_TTA_ACTIVE views = 8 weight = 0.75 mean_abs_feat_delta = 0.343458\n"}
,{"stream_name":"stdout","time":2382.699775912,"data":"EDGE_TTA_ACTIVE views = 8 mean_abs_feat_delta = 0.220266\n"}
,{"stream_name":"stdout","time":2382.948319707,"data":"EDGE_TTA_ACTIVE views = 8 mean_abs_feat_delta = 0.316553\n"}
,{"stream_name":"stdout","time":2383.770111749,"data":"SECONDARY_EDGE_TTA_ACTIVE views = 8 weight = 0.75 mean_abs_feat_delta = 0.251768\n"}
,{"stream_name":"stdout","time":2383.964650909,"data":"SECONDARY_EDGE_TTA_ACTIVE views = 8 weight = 0.75 mean_abs_feat_delta = 0.339895\n"}
,{"stream_name":"stdout","time":2385.000377053,"data":"EDGE_TTA_ACTIVE views = 8 mean_abs_feat_delta = 0.216461\n"}
,{"stream_name":"stdout","time":2385.318910479,"data":"EDGE_TTA_ACTIVE views = 8 mean_abs_feat_delta = 0.314953\n"}
,{"stream_name":"stdout","time":2386.078713308,"data":"SECONDARY_EDGE_TTA_ACTIVE views = 8 weight = 0.75 mean_abs_feat_delta = 0.249247\n"}
,{"stream_name":"stdout","time":2386.333348437,"data":"SECONDARY_EDGE_TTA_ACTIVE views = 8 weight = 0.75 mean_abs_feat_delta = 0.336794\n"}
,{"stream_name":"stdout","time":2387.284668999,"data":"EDGE_TTA_ACTIVE views = 8 mean_abs_feat_delta = 0.215374\n"}
,{"stream_name":"stdout","time":2387.691992332,"data":"EDGE_TTA_ACTIVE views = 8 mean_abs_feat_delta = 0.316244\n"}
,{"stream_name":"stdout","time":2388.36209186,"data":"SECONDARY_EDGE_TTA_ACTIVE views = 8 weight = 0.75 mean_abs_feat_delta = 0.249987\n"}
,{"stream_name":"stdout","time":2388.80575272,"data":"SECONDARY_EDGE_TTA_ACTIVE views = 8 weight = 0.75 mean_abs_feat_delta = 0.337964\n"}
,{"stream_name":"stdout","time":2389.593237922,"data":"EDGE_TTA_ACTIVE views = 8 mean_abs_feat_delta = 0.222443\n"}
,{"stream_name":"stdout","time":2390.068075666,"data":"EDGE_TTA_ACTIVE views = 8 mean_abs_feat_delta = 0.318744\n"}
,{"stream_name":"stdout","time":2390.669746914,"data":"SECONDARY_EDGE_TTA_ACTIVE views = 8 weight = 0.75 mean_abs_feat_delta = 0.250903\n"}
,{"stream_name":"stdout","time":2391.092999847,"data":"SECONDARY_EDGE_TTA_ACTIVE views = 8 weight = 0.75 mean_abs_feat_delta = 0.335927\n"}
,{"stream_name":"stdout","time":2391.867722929,"data":"EDGE_TTA_ACTIVE views = 8 mean_abs_feat_delta = 0.222422\n"}
,{"stream_name":"stdout","time":2392.484755472,"data":"EDGE_TTA_ACTIVE views = 8 mean_abs_feat_delta = 0.319103\n"}
,{"stream_name":"stdout","time":2392.947859115,"data":"SECONDARY_EDGE_TTA_ACTIVE views = 8 weight = 0.75 mean_abs_feat_delta = 0.251856\n"}
,{"stream_name":"stdout","time":2393.51232963,"data":"SECONDARY_EDGE_TTA_ACTIVE views = 8 weight = 0.75 mean_abs_feat_delta = 0.333679\n"}
,{"stream_name":"stdout","time":2394.209527945,"data":"EDGE_TTA_ACTIVE views = 8 mean_abs_feat_delta = 0.222045\n"}
,{"stream_name":"stdout","time":2394.926665357,"data":"EDGE_TTA_ACTIVE views = 8 mean_abs_feat_delta = 0.318496\n"}
,{"stream_name":"stdout","time":2395.291681195,"data":"SECONDARY_EDGE_TTA_ACTIVE views = 8 weight = 0.75 mean_abs_feat_delta = 0.252863\n"}
,{"stream_name":"stdout","time":2395.962238963,"data":"SECONDARY_EDGE_TTA_ACTIVE views = 8 weight = 0.75 mean_abs_feat_delta = 0.336494\n"}
,{"stream_name":"stdout","time":2396.490992363,"data":"EDGE_TTA_ACTIVE views = 8 mean_abs_feat_delta = 0.220867\n"}
,{"stream_name":"stdout","time":2397.292627108,"data":"EDGE_TTA_ACTIVE views = 8 mean_abs_feat_delta = 0.321749\n"}
,{"stream_name":"stdout","time":2397.571994913,"data":"SECONDARY_EDGE_TTA_ACTIVE views = 8 weight = 0.75 mean_abs_feat_delta = 0.248811\n"}
,{"stream_name":"stdout","time":2398.328754607,"data":"SECONDARY_EDGE_TTA_ACTIVE views = 8 weight = 0.75 mean_abs_feat_delta = 0.332437\n"}
,{"stream_name":"stdout","time":2398.801855003,"data":"EDGE_TTA_ACTIVE views = 8 mean_abs_feat_delta = 0.219831\n"}
,{"stream_name":"stdout","time":2399.746584926,"data":"EDGE_TTA_ACTIVE views = 8 mean_abs_feat_delta = 0.322392\n"}
,{"stream_name":"stdout","time":2399.88506728,"data":"SECONDARY_EDGE_TTA_ACTIVE views = 8 weight = 0.75 mean_abs_feat_delta = 0.245586\n"}
,{"stream_name":"stdout","time":2400.784392876,"data":"SECONDARY_EDGE_TTA_ACTIVE views = 8 weight = 0.75 mean_abs_feat_delta = 0.319389\n"}
,{"stream_name":"stdout","time":2401.095793408,"data":"EDGE_TTA_ACTIVE views = 8 mean_abs_feat_delta = 0.220465\n"}
,{"stream_name":"stdout","time":2402.175115029,"data":"SECONDARY_EDGE_TTA_ACTIVE views = 8 weight = 0.75 mean_abs_feat_delta = 0.249088\n"}
,{"stream_name":"stdout","time":2402.25488609,"data":"EDGE_TTA_ACTIVE views = 8 mean_abs_feat_delta = 0.32535\n"}
,{"stream_name":"stdout","time":2403.29522283,"data":"SECONDARY_EDGE_TTA_ACTIVE views = 8 weight = 0.75 mean_abs_feat_delta = 0.328147\n"}
,{"stream_name":"stdout","time":2403.443806336,"data":"EDGE_TTA_ACTIVE views = 8 mean_abs_feat_delta = 0.216452\n"}
,{"stream_name":"stdout","time":2404.527414435,"data":"SECONDARY_EDGE_TTA_ACTIVE views = 8 weight = 0.75 mean_abs_feat_delta = 0.248363\n"}
,{"stream_name":"stdout","time":2404.62719747,"data":"EDGE_TTA_ACTIVE views = 8 mean_abs_feat_delta = 0.324923\n"}
,{"stream_name":"stdout","time":2405.673337905,"data":"SECONDARY_EDGE_TTA_ACTIVE views = 8 weight = 0.75 mean_abs_feat_delta = 0.329076\n"}
,{"stream_name":"stdout","time":2405.767035752,"data":"EDGE_TTA_ACTIVE views = 8 mean_abs_feat_delta = 0.21609\n"}
,{"stream_name":"stdout","time":2406.847501747,"data":"SECONDARY_EDGE_TTA_ACTIVE views = 8 weight = 0.75 mean_abs_feat_delta = 0.249044\n"}
,{"stream_name":"stdout","time":2407.094120523,"data":"EDGE_TTA_ACTIVE views = 8 mean_abs_feat_delta = 0.32333\n"}
,{"stream_name":"stdout","time":2408.047194725,"data":"EDGE_TTA_ACTIVE views = 8 mean_abs_feat_delta = 0.216\n"}
,{"stream_name":"stdout","time":2408.136951405,"data":"SECONDARY_EDGE_TTA_ACTIVE views = 8 weight = 0.75 mean_abs_feat_delta = 0.334363\n"}
,{"stream_name":"stdout","time":2409.125308182,"data":"SECONDARY_EDGE_TTA_ACTIVE views = 8 weight = 0.75 mean_abs_feat_delta = 0.247402\n"}
,{"stream_name":"stdout","time":2409.555119717,"data":"EDGE_TTA_ACTIVE views = 8 mean_abs_feat_delta = 0.324193\n"}
,{"stream_name":"stdout","time":2410.353789979,"data":"EDGE_TTA_ACTIVE views = 8 mean_abs_feat_delta = 0.216468\n"}
,{"stream_name":"stdout","time":2410.605378605,"data":"SECONDARY_EDGE_TTA_ACTIVE views = 8 weight = 0.75 mean_abs_feat_delta = 0.33668\n"}
,{"stream_name":"stdout","time":2411.430577474,"data":"SECONDARY_EDGE_TTA_ACTIVE views = 8 weight = 0.75 mean_abs_feat_delta = 0.246196\n"}
,{"stream_name":"stdout","time":2411.943061926,"data":"EDGE_TTA_ACTIVE views = 8 mean_abs_feat_delta = 0.32307\n"}
,{"stream_name":"stdout","time":2412.578275625,"data":"EDGE_TTA_ACTIVE views = 8 mean_abs_feat_delta = 0.219355\n"}
,{"stream_name":"stdout","time":2412.990571159,"data":"SECONDARY_EDGE_TTA_ACTIVE views = 8 weight = 0.75 mean_abs_feat_delta = 0.331129\n"}
,{"stream_name":"stdout","time":2413.649385447,"data":"SECONDARY_EDGE_TTA_ACTIVE views = 8 weight = 0.75 mean_abs_feat_delta = 0.246797\n"}
,{"stream_name":"stdout","time":2414.422954569,"data":"EDGE_TTA_ACTIVE views = 8 mean_abs_feat_delta = 0.323557\n"}
,{"stream_name":"stdout","time":2414.893947114,"data":"EDGE_TTA_ACTIVE views = 8 mean_abs_feat_delta = 0.220772\n"}
,{"stream_name":"stdout","time":2415.466377345,"data":"SECONDARY_EDGE_TTA_ACTIVE views = 8 weight = 0.75 mean_abs_feat_delta = 0.333002\n"}
,{"stream_name":"stdout","time":2415.968219541,"data":"SECONDARY_EDGE_TTA_ACTIVE views = 8 weight = 0.75 mean_abs_feat_delta = 0.247817\n"}
,{"stream_name":"stdout","time":2416.761267811,"data":"EDGE_TTA_ACTIVE views = 8 mean_abs_feat_delta = 0.325006\n"}
,{"stream_name":"stdout","time":2417.180174778,"data":"EDGE_TTA_ACTIVE views = 8 mean_abs_feat_delta = 0.21876\n"}
,{"stream_name":"stdout","time":2417.804767534,"data":"SECONDARY_EDGE_TTA_ACTIVE views = 8 weight = 0.75 mean_abs_feat_delta = 0.335485\n"}
,{"stream_name":"stdout","time":2418.250220192,"data":"SECONDARY_EDGE_TTA_ACTIVE views = 8 weight = 0.75 mean_abs_feat_delta = 0.246115\n"}
,{"stream_name":"stdout","time":2419.352646994,"data":"EDGE_TTA_ACTIVE views = 8 mean_abs_feat_delta = 0.321874\n"}
,{"stream_name":"stdout","time":2419.48161332,"data":"EDGE_TTA_ACTIVE views = 8 mean_abs_feat_delta = 0.217953\n"}
,{"stream_name":"stdout","time":2420.291365827,"data":"SECONDARY_EDGE_TTA_ACTIVE views = 8 weight = 0.75 mean_abs_feat_delta = 0.330638\n"}
,{"stream_name":"stdout","time":2420.55035149,"data":"SECONDARY_EDGE_TTA_ACTIVE views = 8 weight = 0.75 mean_abs_feat_delta = 0.246368\n"}
,{"stream_name":"stdout","time":2421.725318495,"data":"EDGE_TTA_ACTIVE views = 8 mean_abs_feat_delta = 0.219542\n"}
,{"stream_name":"stdout","time":2421.735424881,"data":"EDGE_TTA_ACTIVE views = 8 mean_abs_feat_delta = 0.320144\n"}
,{"stream_name":"stdout","time":2422.775927364,"data":"SECONDARY_EDGE_TTA_ACTIVE views = 8 weight = 0.75 mean_abs_feat_delta = 0.327924\n"}
,{"stream_name":"stdout","time":2422.793013664,"data":"SECONDARY_EDGE_TTA_ACTIVE views = 8 weight = 0.75 mean_abs_feat_delta = 0.248276\n"}
,{"stream_name":"stdout","time":2423.985147024,"data":"EDGE_TTA_ACTIVE views = 8 mean_abs_feat_delta = 0.223429\n"}
,{"stream_name":"stdout","time":2424.124635052,"data":"EDGE_TTA_ACTIVE views = 8 mean_abs_feat_delta = 0.321483\n"}
,{"stream_name":"stdout","time":2425.050872637,"data":"SECONDARY_EDGE_TTA_ACTIVE views = 8 weight = 0.75 mean_abs_feat_delta = 0.246163\n"}
,{"stream_name":"stdout","time":2425.16221417,"data":"SECONDARY_EDGE_TTA_ACTIVE views = 8 weight = 0.75 mean_abs_feat_delta = 0.327605\n"}
,{"stream_name":"stdout","time":2426.233519936,"data":"EDGE_TTA_ACTIVE views = 8 mean_abs_feat_delta = 0.222085\n"}
,{"stream_name":"stdout","time":2426.568878469,"data":"EDGE_TTA_ACTIVE views = 8 mean_abs_feat_delta = 0.319997\n"}
,{"stream_name":"stdout","time":2427.299304327,"data":"SECONDARY_EDGE_TTA_ACTIVE views = 8 weight = 0.75 mean_abs_feat_delta = 0.245654\n"}
,{"stream_name":"stdout","time":2427.603229198,"data":"SECONDARY_EDGE_TTA_ACTIVE views = 8 weight = 0.75 mean_abs_feat_delta = 0.329719\n"}
,{"stream_name":"stdout","time":2428.462746188,"data":"EDGE_TTA_ACTIVE views = 8 mean_abs_feat_delta = 0.218384\n"}
,{"stream_name":"stdout","time":2429.045153284,"data":"EDGE_TTA_ACTIVE views = 8 mean_abs_feat_delta = 0.319566\n"}
,{"stream_name":"stdout","time":2429.522550817,"data":"SECONDARY_EDGE_TTA_ACTIVE views = 8 weight = 0.75 mean_abs_feat_delta = 0.249452\n"}
,{"stream_name":"stdout","time":2430.074044825,"data":"SECONDARY_EDGE_TTA_ACTIVE views = 8 weight = 0.75 mean_abs_feat_delta = 0.330811\n"}
,{"stream_name":"stdout","time":2430.770714754,"data":"EDGE_TTA_ACTIVE views = 8 mean_abs_feat_delta = 0.214425\n"}
,{"stream_name":"stdout","time":2431.488542208,"data":"EDGE_TTA_ACTIVE views = 8 mean_abs_feat_delta = 0.319864\n"}
,{"stream_name":"stdout","time":2431.829409502,"data":"SECONDARY_EDGE_TTA_ACTIVE views = 8 weight = 0.75 mean_abs_feat_delta = 0.247601\n"}
,{"stream_name":"stdout","time":2432.52052857,"data":"SECONDARY_EDGE_TTA_ACTIVE views = 8 weight = 0.75 mean_abs_feat_delta = 0.331977\n"}
,{"stream_name":"stdout","time":2434.034602659,"data":"EDGE_TTA_ACTIVE views = 8 mean_abs_feat_delta = 0.319316\n"}
,{"stream_name":"stdout","time":2435.056279474,"data":"SECONDARY_EDGE_TTA_ACTIVE views = 8 weight = 0.75 mean_abs_feat_delta = 0.326439\n"}
,{"stream_name":"stdout","time":2436.490319181,"data":"EDGE_TTA_ACTIVE views = 8 mean_abs_feat_delta = 0.319322\n"}
,{"stream_name":"stdout","time":2437.510026812,"data":"SECONDARY_EDGE_TTA_ACTIVE views = 8 weight = 0.75 mean_abs_feat_delta = 0.326516\n"}
,{"stream_name":"stdout","time":2438.981370319,"data":"EDGE_TTA_ACTIVE views = 8 mean_abs_feat_delta = 0.322207\n"}
,{"stream_name":"stdout","time":2440.000842304,"data":"SECONDARY_EDGE_TTA_ACTIVE views = 8 weight = 0.75 mean_abs_feat_delta = 0.335461\n"}
,{"stream_name":"stdout","time":2440.463937432,"data":"EDGE_TTA_ACTIVE views = 8 mean_abs_feat_delta = 0.211384\n"}
,{"stream_name":"stdout","time":2441.388962964,"data":"EDGE_TTA_ACTIVE views = 8 mean_abs_feat_delta = 0.321137\n"}
,{"stream_name":"stdout","time":2441.496096458,"data":"SECONDARY_EDGE_TTA_ACTIVE views = 8 weight = 0.75 mean_abs_feat_delta = 0.268187\n"}
,{"stream_name":"stdout","time":2442.407407899,"data":"SECONDARY_EDGE_TTA_ACTIVE views = 8 weight = 0.75 mean_abs_feat_delta = 0.330483\n"}
,{"stream_name":"stdout","time":2442.850670409,"data":"EDGE_TTA_ACTIVE views = 8 mean_abs_feat_delta = 0.210749\n"}
,{"stream_name":"stdout","time":2443.84776744,"data":"EDGE_TTA_ACTIVE views = 8 mean_abs_feat_delta = 0.315169\n"}
,{"stream_name":"stdout","time":2443.888557592,"data":"SECONDARY_EDGE_TTA_ACTIVE views = 8 weight = 0.75 mean_abs_feat_delta = 0.270508\n"}
,{"stream_name":"stdout","time":2444.866171208,"data":"SECONDARY_EDGE_TTA_ACTIVE views = 8 weight = 0.75 mean_abs_feat_delta = 0.325601\n"}
,{"stream_name":"stdout","time":2445.223364744,"data":"EDGE_TTA_ACTIVE views = 8 mean_abs_feat_delta = 0.21103\n"}
,{"stream_name":"stdout","time":2446.244205465,"data":"EDGE_TTA_ACTIVE views = 8 mean_abs_feat_delta = 0.31341\n"}
,{"stream_name":"stdout","time":2446.268620733,"data":"SECONDARY_EDGE_TTA_ACTIVE views = 8 weight = 0.75 mean_abs_feat_delta = 0.266832\n"}
,{"stream_name":"stdout","time":2447.259223655,"data":"SECONDARY_EDGE_TTA_ACTIVE views = 8 weight = 0.75 mean_abs_feat_delta = 0.323744\n"}
,{"stream_name":"stdout","time":2447.565931303,"data":"EDGE_TTA_ACTIVE views = 8 mean_abs_feat_delta = 0.209918\n"}
,{"stream_name":"stdout","time":2448.622092412,"data":"SECONDARY_EDGE_TTA_ACTIVE views = 8 weight = 0.75 mean_abs_feat_delta = 0.264193\n"}
,{"stream_name":"stdout","time":2448.669911691,"data":"EDGE_TTA_ACTIVE views = 8 mean_abs_feat_delta = 0.311723\n"}
,{"stream_name":"stdout","time":2449.792673169,"data":"SECONDARY_EDGE_TTA_ACTIVE views = 8 weight = 0.75 mean_abs_feat_delta = 0.323117\n"}
,{"stream_name":"stdout","time":2450.033678725,"data":"EDGE_TTA_ACTIVE views = 8 mean_abs_feat_delta = 0.212391\n"}
,{"stream_name":"stdout","time":2451.067137249,"data":"EDGE_TTA_ACTIVE views = 8 mean_abs_feat_delta = 0.310399\n"}
,{"stream_name":"stdout","time":2451.11268755,"data":"SECONDARY_EDGE_TTA_ACTIVE views = 8 weight = 0.75 mean_abs_feat_delta = 0.2659\n"}
,{"stream_name":"stdout","time":2452.084309256,"data":"SECONDARY_EDGE_TTA_ACTIVE views = 8 weight = 0.75 mean_abs_feat_delta = 0.325646\n"}
,{"stream_name":"stdout","time":2452.499597061,"data":"EDGE_TTA_ACTIVE views = 8 mean_abs_feat_delta = 0.212333\n"}
,{"stream_name":"stdout","time":2453.49972641,"data":"EDGE_TTA_ACTIVE views = 8 mean_abs_feat_delta = 0.310547\n"}
,{"stream_name":"stdout","time":2453.572753595,"data":"SECONDARY_EDGE_TTA_ACTIVE views = 8 weight = 0.75 mean_abs_feat_delta = 0.268655\n"}
,{"stream_name":"stdout","time":2454.51933118,"data":"SECONDARY_EDGE_TTA_ACTIVE views = 8 weight = 0.75 mean_abs_feat_delta = 0.321799\n"}
,{"stream_name":"stdout","time":2454.977204185,"data":"EDGE_TTA_ACTIVE views = 8 mean_abs_feat_delta = 0.214711\n"}
,{"stream_name":"stdout","time":2455.906533749,"data":"EDGE_TTA_ACTIVE views = 8 mean_abs_feat_delta = 0.310912\n"}
,{"stream_name":"stdout","time":2456.063225871,"data":"SECONDARY_EDGE_TTA_ACTIVE views = 8 weight = 0.75 mean_abs_feat_delta = 0.274098\n"}
,{"stream_name":"stdout","time":2456.925957086,"data":"SECONDARY_EDGE_TTA_ACTIVE views = 8 weight = 0.75 mean_abs_feat_delta = 0.319894\n"}
,{"stream_name":"stdout","time":2457.451655849,"data":"EDGE_TTA_ACTIVE views = 8 mean_abs_feat_delta = 0.2126\n"}
,{"stream_name":"stdout","time":2458.252421685,"data":"EDGE_TTA_ACTIVE views = 8 mean_abs_feat_delta = 0.309724\n"}
,{"stream_name":"stdout","time":2458.547234422,"data":"SECONDARY_EDGE_TTA_ACTIVE views = 8 weight = 0.75 mean_abs_feat_delta = 0.270171\n"}
,{"stream_name":"stdout","time":2459.27780113,"data":"SECONDARY_EDGE_TTA_ACTIVE views = 8 weight = 0.75 mean_abs_feat_delta = 0.326641\n"}
,{"stream_name":"stdout","time":2459.974413674,"data":"EDGE_TTA_ACTIVE views = 8 mean_abs_feat_delta = 0.211335\n"}
,{"stream_name":"stdout","time":2460.691604986,"data":"EDGE_TTA_ACTIVE views = 8 mean_abs_feat_delta = 0.307602\n"}
,{"stream_name":"stdout","time":2461.078315591,"data":"SECONDARY_EDGE_TTA_ACTIVE views = 8 weight = 0.75 mean_abs_feat_delta = 0.269192\n"}
,{"stream_name":"stdout","time":2461.715761543,"data":"SECONDARY_EDGE_TTA_ACTIVE views = 8 weight = 0.75 mean_abs_feat_delta = 0.331958\n"}
,{"stream_name":"stdout","time":2462.522307067,"data":"EDGE_TTA_ACTIVE views = 8 mean_abs_feat_delta = 0.211305\n"}
,{"stream_name":"stdout","time":2463.094996144,"data":"EDGE_TTA_ACTIVE views = 8 mean_abs_feat_delta = 0.304958\n"}
,{"stream_name":"stdout","time":2463.640473991,"data":"SECONDARY_EDGE_TTA_ACTIVE views = 8 weight = 0.75 mean_abs_feat_delta = 0.272914\n"}
,{"stream_name":"stdout","time":2464.122625026,"data":"SECONDARY_EDGE_TTA_ACTIVE views = 8 weight = 0.75 mean_abs_feat_delta = 0.336114\n"}
,{"stream_name":"stdout","time":2465.056755246,"data":"EDGE_TTA_ACTIVE views = 8 mean_abs_feat_delta = 0.210083\n"}
,{"stream_name":"stdout","time":2465.533132554,"data":"EDGE_TTA_ACTIVE views = 8 mean_abs_feat_delta = 0.305554\n"}
,{"stream_name":"stdout","time":2466.176188423,"data":"SECONDARY_EDGE_TTA_ACTIVE views = 8 weight = 0.75 mean_abs_feat_delta = 0.273035\n"}
,{"stream_name":"stdout","time":2466.560145095,"data":"SECONDARY_EDGE_TTA_ACTIVE views = 8 weight = 0.75 mean_abs_feat_delta = 0.336279\n"}
,{"stream_name":"stdout","time":2467.591092144,"data":"EDGE_TTA_ACTIVE views = 8 mean_abs_feat_delta = 0.213181\n"}
,{"stream_name":"stdout","time":2467.946658558,"data":"EDGE_TTA_ACTIVE views = 8 mean_abs_feat_delta = 0.307539\n"}
,{"stream_name":"stdout","time":2468.715407496,"data":"SECONDARY_EDGE_TTA_ACTIVE views = 8 weight = 0.75 mean_abs_feat_delta = 0.271935\n"}
,{"stream_name":"stdout","time":2468.975036963,"data":"SECONDARY_EDGE_TTA_ACTIVE views = 8 weight = 0.75 mean_abs_feat_delta = 0.342354\n"}
,{"stream_name":"stdout","time":2470.197688418,"data":"EDGE_TTA_ACTIVE views = 8 mean_abs_feat_delta = 0.214595\n"}
,{"stream_name":"stdout","time":2470.321209346,"data":"EDGE_TTA_ACTIVE views = 8 mean_abs_feat_delta = 0.307247\n"}
,{"stream_name":"stdout","time":2471.317541752,"data":"SECONDARY_EDGE_TTA_ACTIVE views = 8 weight = 0.75 mean_abs_feat_delta = 0.26942\n"}
,{"stream_name":"stdout","time":2471.345288533,"data":"SECONDARY_EDGE_TTA_ACTIVE views = 8 weight = 0.75 mean_abs_feat_delta = 0.344323\n"}
,{"stream_name":"stdout","time":2472.679416535,"data":"EDGE_TTA_ACTIVE views = 8 mean_abs_feat_delta = 0.214595\n"}
,{"stream_name":"stdout","time":2472.802862266,"data":"EDGE_TTA_ACTIVE views = 8 mean_abs_feat_delta = 0.308464\n"}
,{"stream_name":"stdout","time":2473.789409257,"data":"SECONDARY_EDGE_TTA_ACTIVE views = 8 weight = 0.75 mean_abs_feat_delta = 0.267667\n"}
,{"stream_name":"stdout","time":2473.833140117,"data":"SECONDARY_EDGE_TTA_ACTIVE views = 8 weight = 0.75 mean_abs_feat_delta = 0.341175\n"}
,{"stream_name":"stdout","time":2475.211373237,"data":"EDGE_TTA_ACTIVE views = 8 mean_abs_feat_delta = 0.217901\n"}
,{"stream_name":"stdout","time":2475.214319505,"data":"EDGE_TTA_ACTIVE views = 8 mean_abs_feat_delta = 0.308835\n"}
,{"stream_name":"stdout","time":2476.243415847,"data":"SECONDARY_EDGE_TTA_ACTIVE views = 8 weight = 0.75 mean_abs_feat_delta = 0.343476\n"}
,{"stream_name":"stdout","time":2476.312142697,"data":"SECONDARY_EDGE_TTA_ACTIVE views = 8 weight = 0.75 mean_abs_feat_delta = 0.272442\n"}
,{"stream_name":"stdout","time":2477.585315056,"data":"EDGE_TTA_ACTIVE views = 8 mean_abs_feat_delta = 0.307853\n"}
,{"stream_name":"stdout","time":2477.685055487,"data":"EDGE_TTA_ACTIVE views = 8 mean_abs_feat_delta = 0.219497\n"}
,{"stream_name":"stdout","time":2478.616012554,"data":"SECONDARY_EDGE_TTA_ACTIVE views = 8 weight = 0.75 mean_abs_feat_delta = 0.34125\n"}
,{"stream_name":"stdout","time":2478.781102829,"data":"SECONDARY_EDGE_TTA_ACTIVE views = 8 weight = 0.75 mean_abs_feat_delta = 0.274668\n"}
,{"stream_name":"stdout","time":2480.140707371,"data":"EDGE_TTA_ACTIVE views = 8 mean_abs_feat_delta = 0.310656\n"}
,{"stream_name":"stdout","time":2480.22215017,"data":"EDGE_TTA_ACTIVE views = 8 mean_abs_feat_delta = 0.225356\n"}
,{"stream_name":"stdout","time":2481.065660661,"data":"SECONDARY_EDGE_TTA_ACTIVE views = 8 weight = 0.75 mean_abs_feat_delta = 0.342222\n"}
,{"stream_name":"stdout","time":2481.317969563,"data":"SECONDARY_EDGE_TTA_ACTIVE views = 8 weight = 0.75 mean_abs_feat_delta = 0.278564\n"}
,{"stream_name":"stdout","time":2482.453111998,"data":"EDGE_TTA_ACTIVE views = 8 mean_abs_feat_delta = 0.313197\n"}
,{"stream_name":"stdout","time":2482.672359929,"data":"EDGE_TTA_ACTIVE views = 8 mean_abs_feat_delta = 0.222145\n"}
,{"stream_name":"stdout","time":2483.481903439,"data":"SECONDARY_EDGE_TTA_ACTIVE views = 8 weight = 0.75 mean_abs_feat_delta = 0.336419\n"}
,{"stream_name":"stdout","time":2483.763257587,"data":"SECONDARY_EDGE_TTA_ACTIVE views = 8 weight = 0.75 mean_abs_feat_delta = 0.276498\n"}
,{"stream_name":"stdout","time":2484.894260505,"data":"EDGE_TTA_ACTIVE views = 8 mean_abs_feat_delta = 0.310736\n"}
,{"stream_name":"stdout","time":2485.147592521,"data":"EDGE_TTA_ACTIVE views = 8 mean_abs_feat_delta = 0.222465\n"}
,{"stream_name":"stdout","time":2485.926833137,"data":"SECONDARY_EDGE_TTA_ACTIVE views = 8 weight = 0.75 mean_abs_feat_delta = 0.332057\n"}
,{"stream_name":"stdout","time":2486.233937877,"data":"SECONDARY_EDGE_TTA_ACTIVE views = 8 weight = 0.75 mean_abs_feat_delta = 0.279183\n"}
,{"stream_name":"stdout","time":2487.318524914,"data":"EDGE_TTA_ACTIVE views = 8 mean_abs_feat_delta = 0.309336\n"}
,{"stream_name":"stdout","time":2487.597756145,"data":"EDGE_TTA_ACTIVE views = 8 mean_abs_feat_delta = 0.222206\n"}
,{"stream_name":"stdout","time":2488.353293004,"data":"SECONDARY_EDGE_TTA_ACTIVE views = 8 weight = 0.75 mean_abs_feat_delta = 0.32949\n"}
,{"stream_name":"stdout","time":2488.676811288,"data":"SECONDARY_EDGE_TTA_ACTIVE views = 8 weight = 0.75 mean_abs_feat_delta = 0.278205\n"}
,{"stream_name":"stdout","time":2489.761758073,"data":"EDGE_TTA_ACTIVE views = 8 mean_abs_feat_delta = 0.311457\n"}
,{"stream_name":"stdout","time":2490.024242413,"data":"EDGE_TTA_ACTIVE views = 8 mean_abs_feat_delta = 0.213794\n"}
,{"stream_name":"stdout","time":2490.794335534,"data":"SECONDARY_EDGE_TTA_ACTIVE views = 8 weight = 0.75 mean_abs_feat_delta = 0.326369\n"}
,{"stream_name":"stdout","time":2491.099288892,"data":"SECONDARY_EDGE_TTA_ACTIVE views = 8 weight = 0.75 mean_abs_feat_delta = 0.274986\n"}
,{"stream_name":"stdout","time":2492.213878104,"data":"EDGE_TTA_ACTIVE views = 8 mean_abs_feat_delta = 0.312486\n"}
,{"stream_name":"stdout","time":2492.454940973,"data":"EDGE_TTA_ACTIVE views = 8 mean_abs_feat_delta = 0.21345\n"}
,{"stream_name":"stdout","time":2493.244424885,"data":"SECONDARY_EDGE_TTA_ACTIVE views = 8 weight = 0.75 mean_abs_feat_delta = 0.325046\n"}
,{"stream_name":"stdout","time":2493.528183069,"data":"SECONDARY_EDGE_TTA_ACTIVE views = 8 weight = 0.75 mean_abs_feat_delta = 0.274203\n"}
,{"stream_name":"stdout","time":2494.618882025,"data":"EDGE_TTA_ACTIVE views = 8 mean_abs_feat_delta = 0.311534\n"}
,{"stream_name":"stdout","time":2494.863970322,"data":"EDGE_TTA_ACTIVE views = 8 mean_abs_feat_delta = 0.227333\n"}
,{"stream_name":"stdout","time":2495.652844031,"data":"SECONDARY_EDGE_TTA_ACTIVE views = 8 weight = 0.75 mean_abs_feat_delta = 0.327764\n"}
,{"stream_name":"stdout","time":2495.934202591,"data":"SECONDARY_EDGE_TTA_ACTIVE views = 8 weight = 0.75 mean_abs_feat_delta = 0.273582\n"}
,{"stream_name":"stdout","time":2496.984381368,"data":"EDGE_TTA_ACTIVE views = 8 mean_abs_feat_delta = 0.312719\n"}
,{"stream_name":"stdout","time":2497.296822263,"data":"EDGE_TTA_ACTIVE views = 8 mean_abs_feat_delta = 0.228545\n"}
,{"stream_name":"stdout","time":2498.019753872,"data":"SECONDARY_EDGE_TTA_ACTIVE views = 8 weight = 0.75 mean_abs_feat_delta = 0.33329\n"}
,{"stream_name":"stdout","time":2498.367115763,"data":"SECONDARY_EDGE_TTA_ACTIVE views = 8 weight = 0.75 mean_abs_feat_delta = 0.274097\n"}
,{"stream_name":"stdout","time":2499.439334981,"data":"EDGE_TTA_ACTIVE views = 8 mean_abs_feat_delta = 0.311749\n"}
,{"stream_name":"stdout","time":2499.736448931,"data":"EDGE_TTA_ACTIVE views = 8 mean_abs_feat_delta = 0.23171\n"}
,{"stream_name":"stdout","time":2500.470563254,"data":"SECONDARY_EDGE_TTA_ACTIVE views = 8 weight = 0.75 mean_abs_feat_delta = 0.336504\n"}
,{"stream_name":"stdout","time":2500.803472862,"data":"SECONDARY_EDGE_TTA_ACTIVE views = 8 weight = 0.75 mean_abs_feat_delta = 0.277442\n"}
,{"stream_name":"stdout","time":2501.903090107,"data":"EDGE_TTA_ACTIVE views = 8 mean_abs_feat_delta = 0.311884\n"}
,{"stream_name":"stdout","time":2502.218382714,"data":"EDGE_TTA_ACTIVE views = 8 mean_abs_feat_delta = 0.229326\n"}
,{"stream_name":"stdout","time":2502.93406331,"data":"SECONDARY_EDGE_TTA_ACTIVE views = 8 weight = 0.75 mean_abs_feat_delta = 0.333294\n"}
,{"stream_name":"stdout","time":2503.276737124,"data":"SECONDARY_EDGE_TTA_ACTIVE views = 8 weight = 0.75 mean_abs_feat_delta = 0.271551\n"}
,{"stream_name":"stdout","time":2504.348341461,"data":"EDGE_TTA_ACTIVE views = 8 mean_abs_feat_delta = 0.312028\n"}
,{"stream_name":"stdout","time":2504.608865839,"data":"EDGE_TTA_ACTIVE views = 8 mean_abs_feat_delta = 0.231792\n"}
,{"stream_name":"stdout","time":2505.379724008,"data":"SECONDARY_EDGE_TTA_ACTIVE views = 8 weight = 0.75 mean_abs_feat_delta = 0.331259\n"}
,{"stream_name":"stdout","time":2505.664023334,"data":"SECONDARY_EDGE_TTA_ACTIVE views = 8 weight = 0.75 mean_abs_feat_delta = 0.268445\n"}
,{"stream_name":"stdout","time":2506.825510559,"data":"EDGE_TTA_ACTIVE views = 8 mean_abs_feat_delta = 0.310284\n"}
,{"stream_name":"stdout","time":2507.009164839,"data":"EDGE_TTA_ACTIVE views = 8 mean_abs_feat_delta = 0.231749\n"}
,{"stream_name":"stdout","time":2507.852224724,"data":"SECONDARY_EDGE_TTA_ACTIVE views = 8 weight = 0.75 mean_abs_feat_delta = 0.334726\n"}
,{"stream_name":"stdout","time":2508.063159325,"data":"SECONDARY_EDGE_TTA_ACTIVE views = 8 weight = 0.75 mean_abs_feat_delta = 0.270607\n"}
,{"stream_name":"stdout","time":2509.291194725,"data":"EDGE_TTA_ACTIVE views = 8 mean_abs_feat_delta = 0.312411\n"}
,{"stream_name":"stdout","time":2509.374359522,"data":"EDGE_TTA_ACTIVE views = 8 mean_abs_feat_delta = 0.224487\n"}
,{"stream_name":"stdout","time":2510.549669781,"data":"SECONDARY_EDGE_TTA_ACTIVE views = 8 weight = 0.75 mean_abs_feat_delta = 0.334156\n"}
,{"stream_name":"stdout","time":2510.550645109,"data":"SECONDARY_EDGE_TTA_ACTIVE views = 8 weight = 0.75 mean_abs_feat_delta = 0.275814\n"}
,{"stream_name":"stdout","time":2511.697058387,"data":"EDGE_TTA_ACTIVE views = 8 mean_abs_feat_delta = 0.31365\n"}
,{"stream_name":"stdout","time":2511.847344317,"data":"EDGE_TTA_ACTIVE views = 8 mean_abs_feat_delta = 0.226523\n"}
,{"stream_name":"stdout","time":2512.726704367,"data":"SECONDARY_EDGE_TTA_ACTIVE views = 8 weight = 0.75 mean_abs_feat_delta = 0.328842\n"}
,{"stream_name":"stdout","time":2512.902402727,"data":"SECONDARY_EDGE_TTA_ACTIVE views = 8 weight = 0.75 mean_abs_feat_delta = 0.273692\n"}
,{"stream_name":"stdout","time":2514.159069659,"data":"EDGE_TTA_ACTIVE views = 8 mean_abs_feat_delta = 0.310666\n"}
,{"stream_name":"stdout","time":2514.254581882,"data":"EDGE_TTA_ACTIVE views = 8 mean_abs_feat_delta = 0.230285\n"}
,{"stream_name":"stdout","time":2515.180570231,"data":"SECONDARY_EDGE_TTA_ACTIVE views = 8 weight = 0.75 mean_abs_feat_delta = 0.327008\n"}
,{"stream_name":"stdout","time":2515.307760982,"data":"SECONDARY_EDGE_TTA_ACTIVE views = 8 weight = 0.75 mean_abs_feat_delta = 0.270608\n"}
,{"stream_name":"stdout","time":2516.58891043,"data":"EDGE_TTA_ACTIVE views = 8 mean_abs_feat_delta = 0.309788\n"}
,{"stream_name":"stdout","time":2516.63627559,"data":"EDGE_TTA_ACTIVE views = 8 mean_abs_feat_delta = 0.229576\n"}
,{"stream_name":"stdout","time":2517.615113373,"data":"SECONDARY_EDGE_TTA_ACTIVE views = 8 weight = 0.75 mean_abs_feat_delta = 0.330388\n"}
,{"stream_name":"stdout","time":2517.69019688,"data":"SECONDARY_EDGE_TTA_ACTIVE views = 8 weight = 0.75 mean_abs_feat_delta = 0.27426\n"}
,{"stream_name":"stdout","time":2519.055787818,"data":"EDGE_TTA_ACTIVE views = 8 mean_abs_feat_delta = 0.312565\n"}
,{"stream_name":"stdout","time":2519.079360997,"data":"EDGE_TTA_ACTIVE views = 8 mean_abs_feat_delta = 0.228889\n"}
,{"stream_name":"stdout","time":2520.076022571,"data":"SECONDARY_EDGE_TTA_ACTIVE views = 8 weight = 0.75 mean_abs_feat_delta = 0.336283\n"}
,{"stream_name":"stdout","time":2520.136107521,"data":"SECONDARY_EDGE_TTA_ACTIVE views = 8 weight = 0.75 mean_abs_feat_delta = 0.271994\n"}
,{"stream_name":"stdout","time":2521.489840523,"data":"EDGE_TTA_ACTIVE views = 8 mean_abs_feat_delta = 0.226664\n"}
,{"stream_name":"stdout","time":2521.510610118,"data":"EDGE_TTA_ACTIVE views = 8 mean_abs_feat_delta = 0.310592\n"}
,{"stream_name":"stdout","time":2522.535446626,"data":"SECONDARY_EDGE_TTA_ACTIVE views = 8 weight = 0.75 mean_abs_feat_delta = 0.336744\n"}
,{"stream_name":"stdout","time":2522.540360067,"data":"SECONDARY_EDGE_TTA_ACTIVE views = 8 weight = 0.75 mean_abs_feat_delta = 0.27163\n"}
,{"stream_name":"stdout","time":2523.919311219,"data":"EDGE_TTA_ACTIVE views = 8 mean_abs_feat_delta = 0.228036\n"}
,{"stream_name":"stdout","time":2523.935414835,"data":"EDGE_TTA_ACTIVE views = 8 mean_abs_feat_delta = 0.308724\n"}
,{"stream_name":"stdout","time":2524.957777338,"data":"SECONDARY_EDGE_TTA_ACTIVE views = 8 weight = 0.75 mean_abs_feat_delta = 0.328176\n"}
,{"stream_name":"stdout","time":2524.972927066,"data":"SECONDARY_EDGE_TTA_ACTIVE views = 8 weight = 0.75 mean_abs_feat_delta = 0.273802\n"}
,{"stream_name":"stdout","time":2526.385313718,"data":"EDGE_TTA_ACTIVE views = 8 mean_abs_feat_delta = 0.309709\n"}
,{"stream_name":"stdout","time":2526.392031108,"data":"EDGE_TTA_ACTIVE views = 8 mean_abs_feat_delta = 0.226492\n"}
,{"stream_name":"stdout","time":2527.404796629,"data":"SECONDARY_EDGE_TTA_ACTIVE views = 8 weight = 0.75 mean_abs_feat_delta = 0.329228\n"}
,{"stream_name":"stdout","time":2527.450129301,"data":"SECONDARY_EDGE_TTA_ACTIVE views = 8 weight = 0.75 mean_abs_feat_delta = 0.271976\n"}
,{"stream_name":"stdout","time":2528.892955772,"data":"EDGE_TTA_ACTIVE views = 8 mean_abs_feat_delta = 0.22912\n"}
,{"stream_name":"stdout","time":2529.947726057,"data":"SECONDARY_EDGE_TTA_ACTIVE views = 8 weight = 0.75 mean_abs_feat_delta = 0.27149\n"}
,{"stream_name":"stdout","time":2531.534154161,"data":"EDGE_TTA_ACTIVE views = 8 mean_abs_feat_delta = 0.231621\n"}
,{"stream_name":"stdout","time":2532.590649022,"data":"SECONDARY_EDGE_TTA_ACTIVE views = 8 weight = 0.75 mean_abs_feat_delta = 0.268044\n"}
,{"stream_name":"stdout","time":2534.142165696,"data":"EDGE_TTA_ACTIVE views = 8 mean_abs_feat_delta = 0.233145\n"}
,{"stream_name":"stdout","time":2535.206376061,"data":"SECONDARY_EDGE_TTA_ACTIVE views = 8 weight = 0.75 mean_abs_feat_delta = 0.262923\n"}
,{"stream_name":"stdout","time":2536.69798448,"data":"EDGE_TTA_ACTIVE views = 8 mean_abs_feat_delta = 0.233452\n"}
,{"stream_name":"stdout","time":2537.767076204,"data":"SECONDARY_EDGE_TTA_ACTIVE views = 8 weight = 0.75 mean_abs_feat_delta = 0.264978\n"}
,{"stream_name":"stdout","time":2539.319968887,"data":"EDGE_TTA_ACTIVE views = 8 mean_abs_feat_delta = 0.224051\n"}
,{"stream_name":"stdout","time":2540.390905402,"data":"SECONDARY_EDGE_TTA_ACTIVE views = 8 weight = 0.75 mean_abs_feat_delta = 0.260415\n"}
,{"stream_name":"stdout","time":2542.094749207,"data":"EDGE_TTA_ACTIVE views = 8 mean_abs_feat_delta = 0.226952\n"}
,{"stream_name":"stdout","time":2543.021665609,"data":"SECONDARY_EDGE_TTA_ACTIVE views = 8 weight = 0.75 mean_abs_feat_delta = 0.26243\n"}
,{"stream_name":"stdout","time":2544.57452083,"data":"EDGE_TTA_ACTIVE views = 8 mean_abs_feat_delta = 0.232349\n"}
,{"stream_name":"stdout","time":2545.651753582,"data":"SECONDARY_EDGE_TTA_ACTIVE views = 8 weight = 0.75 mean_abs_feat_delta = 0.263794\n"}
,{"stream_name":"stdout","time":2547.212846246,"data":"EDGE_TTA_ACTIVE views = 8 mean_abs_feat_delta = 0.233594\n"}
,{"stream_name":"stdout","time":2548.293379197,"data":"SECONDARY_EDGE_TTA_ACTIVE views = 8 weight = 0.75 mean_abs_feat_delta = 0.261742\n"}
,{"stream_name":"stdout","time":2549.665708256,"data":"EDGE_TTA_ACTIVE views = 8 mean_abs_feat_delta = 0.233998\n"}
,{"stream_name":"stdout","time":2550.751620342,"data":"SECONDARY_EDGE_TTA_ACTIVE views = 8 weight = 0.75 mean_abs_feat_delta = 0.262384\n"}
,{"stream_name":"stdout","time":2552.130760169,"data":"EDGE_TTA_ACTIVE views = 8 mean_abs_feat_delta = 0.233932\n"}
,{"stream_name":"stdout","time":2553.219808671,"data":"SECONDARY_EDGE_TTA_ACTIVE views = 8 weight = 0.75 mean_abs_feat_delta = 0.263048\n"}
,{"stream_name":"stdout","time":2554.637897392,"data":"EDGE_TTA_ACTIVE views = 8 mean_abs_feat_delta = 0.235196\n"}
,{"stream_name":"stdout","time":2555.727742748,"data":"SECONDARY_EDGE_TTA_ACTIVE views = 8 weight = 0.75 mean_abs_feat_delta = 0.265915\n"}
,{"stream_name":"stdout","time":2557.090427078,"data":"EDGE_TTA_ACTIVE views = 8 mean_abs_feat_delta = 0.235014\n"}
,{"stream_name":"stdout","time":2558.176533542,"data":"SECONDARY_EDGE_TTA_ACTIVE views = 8 weight = 0.75 mean_abs_feat_delta = 0.26675\n"}
,{"stream_name":"stdout","time":2559.583872299,"data":"EDGE_TTA_ACTIVE views = 8 mean_abs_feat_delta = 0.234849\n"}
,{"stream_name":"stdout","time":2560.66781377,"data":"SECONDARY_EDGE_TTA_ACTIVE views = 8 weight = 0.75 mean_abs_feat_delta = 0.26723\n"}
,{"stream_name":"stdout","time":2562.092261079,"data":"EDGE_TTA_ACTIVE views = 8 mean_abs_feat_delta = 0.230279\n"}
,{"stream_name":"stdout","time":2563.181745738,"data":"SECONDARY_EDGE_TTA_ACTIVE views = 8 weight = 0.75 mean_abs_feat_delta = 0.262509\n"}
,{"stream_name":"stdout","time":2564.553581785,"data":"EDGE_TTA_ACTIVE views = 8 mean_abs_feat_delta = 0.226858\n"}
,{"stream_name":"stdout","time":2565.64066443,"data":"SECONDARY_EDGE_TTA_ACTIVE views = 8 weight = 0.75 mean_abs_feat_delta = 0.258469\n"}
,{"stream_name":"stdout","time":2566.993234015,"data":"EDGE_TTA_ACTIVE views = 8 mean_abs_feat_delta = 0.227705\n"}
,{"stream_name":"stdout","time":2568.080570049,"data":"SECONDARY_EDGE_TTA_ACTIVE views = 8 weight = 0.75 mean_abs_feat_delta = 0.261611\n"}
,{"stream_name":"stdout","time":2569.540942581,"data":"EDGE_TTA_ACTIVE views = 8 mean_abs_feat_delta = 0.227928\n"}
,{"stream_name":"stdout","time":2570.630509786,"data":"SECONDARY_EDGE_TTA_ACTIVE views = 8 weight = 0.75 mean_abs_feat_delta = 0.260486\n"}
,{"stream_name":"stdout","time":2572.048191499,"data":"EDGE_TTA_ACTIVE views = 8 mean_abs_feat_delta = 0.226676\n"}
,{"stream_name":"stdout","time":2573.245643957,"data":"SECONDARY_EDGE_TTA_ACTIVE views = 8 weight = 0.75 mean_abs_feat_delta = 0.260845\n"}
,{"stream_name":"stdout","time":2574.504334893,"data":"EDGE_TTA_ACTIVE views = 8 mean_abs_feat_delta = 0.228404\n"}
,{"stream_name":"stdout","time":2575.58863549,"data":"SECONDARY_EDGE_TTA_ACTIVE views = 8 weight = 0.75 mean_abs_feat_delta = 0.265026\n"}
,{"stream_name":"stdout","time":2576.998164437,"data":"EDGE_TTA_ACTIVE views = 8 mean_abs_feat_delta = 0.224013\n"}
,{"stream_name":"stdout","time":2578.079221587,"data":"SECONDARY_EDGE_TTA_ACTIVE views = 8 weight = 0.75 mean_abs_feat_delta = 0.261566\n"}
,{"stream_name":"stdout","time":2579.425753073,"data":"EDGE_TTA_ACTIVE views = 8 mean_abs_feat_delta = 0.227171\n"}
,{"stream_name":"stdout","time":2580.500730285,"data":"SECONDARY_EDGE_TTA_ACTIVE views = 8 weight = 0.75 mean_abs_feat_delta = 0.260007\n"}
,{"stream_name":"stdout","time":2581.936060472,"data":"EDGE_TTA_ACTIVE views = 8 mean_abs_feat_delta = 0.226252\n"}
,{"stream_name":"stdout","time":2583.009138233,"data":"SECONDARY_EDGE_TTA_ACTIVE views = 8 weight = 0.75 mean_abs_feat_delta = 0.259371\n"}
,{"stream_name":"stdout","time":2584.379367736,"data":"EDGE_TTA_ACTIVE views = 8 mean_abs_feat_delta = 0.226353\n"}
,{"stream_name":"stdout","time":2585.451700315,"data":"SECONDARY_EDGE_TTA_ACTIVE views = 8 weight = 0.75 mean_abs_feat_delta = 0.258997\n"}
,{"stream_name":"stdout","time":2586.812641604,"data":"EDGE_TTA_ACTIVE views = 8 mean_abs_feat_delta = 0.228265\n"}
,{"stream_name":"stdout","time":2587.88306369,"data":"SECONDARY_EDGE_TTA_ACTIVE views = 8 weight = 0.75 mean_abs_feat_delta = 0.258125\n"}
,{"stream_name":"stdout","time":2589.22868307,"data":"EDGE_TTA_ACTIVE views = 8 mean_abs_feat_delta = 0.230451\n"}
,{"stream_name":"stdout","time":2590.300639714,"data":"SECONDARY_EDGE_TTA_ACTIVE views = 8 weight = 0.75 mean_abs_feat_delta = 0.26158\n"}
,{"stream_name":"stdout","time":2591.617330236,"data":"EDGE_TTA_ACTIVE views = 8 mean_abs_feat_delta = 0.230256\n"}
,{"stream_name":"stdout","time":2591.701663197,"data":"EDGE_TTA_ACTIVE views = 8 mean_abs_feat_delta = 0.173487\n"}
,{"stream_name":"stdout","time":2592.67759197,"data":"SECONDARY_EDGE_TTA_ACTIVE views = 8 weight = 0.75 mean_abs_feat_delta = 0.217553\n"}
,{"stream_name":"stdout","time":2592.682355437,"data":"BIOHUB_RETENTION_GUARD {\"blended_candidates\": 106, \"dataset\": \"6bba_062c8d37\", \"frame\": 1, \"minimum_retention\": 0.9, \"primary_candidates\": 123, \"retention\": 0.8617886178861789, \"use_primary\": true}\n"}
,{"stream_name":"stdout","time":2592.683243397,"data":"SECONDARY_EDGE_TTA_ACTIVE views = 8 weight = 0.75 mean_abs_feat_delta = 0.265431\n"}
,{"stream_name":"stdout","time":2593.813983689,"data":"EDGE_TTA_ACTIVE views = 8 mean_abs_feat_delta = 0.172894\n"}
,{"stream_name":"stdout","time":2593.95950389,"data":"EDGE_TTA_ACTIVE views = 8 mean_abs_feat_delta = 0.229599\n"}
,{"stream_name":"stdout","time":2594.785932136,"data":"SECONDARY_EDGE_TTA_ACTIVE views = 8 weight = 0.75 mean_abs_feat_delta = 0.216934\n"}
,{"stream_name":"stdout","time":2594.789800168,"data":"BIOHUB_RETENTION_GUARD {\"blended_candidates\": 97, \"dataset\": \"6bba_062c8d37\", \"frame\": 2, \"minimum_retention\": 0.9, \"primary_candidates\": 119, \"retention\": 0.8151260504201681, \"use_primary\": true}\n"}
,{"stream_name":"stdout","time":2595.025038757,"data":"SECONDARY_EDGE_TTA_ACTIVE views = 8 weight = 0.75 mean_abs_feat_delta = 0.267836\n"}
,{"stream_name":"stdout","time":2595.942810091,"data":"EDGE_TTA_ACTIVE views = 8 mean_abs_feat_delta = 0.169211\n"}
,{"stream_name":"stdout","time":2596.365180527,"data":"EDGE_TTA_ACTIVE views = 8 mean_abs_feat_delta = 0.233258\n"}
,{"stream_name":"stdout","time":2596.926239755,"data":"SECONDARY_EDGE_TTA_ACTIVE views = 8 weight = 0.75 mean_abs_feat_delta = 0.213178\n"}
,{"stream_name":"stdout","time":2596.931068674,"data":"BIOHUB_RETENTION_GUARD {\"blended_candidates\": 90, \"dataset\": \"6bba_062c8d37\", \"frame\": 3, \"minimum_retention\": 0.9, \"primary_candidates\": 113, \"retention\": 0.7964601769911505, \"use_primary\": true}\n"}
,{"stream_name":"stdout","time":2597.425392104,"data":"SECONDARY_EDGE_TTA_ACTIVE views = 8 weight = 0.75 mean_abs_feat_delta = 0.265852\n"}
,{"stream_name":"stdout","time":2598.08360157,"data":"EDGE_TTA_ACTIVE views = 8 mean_abs_feat_delta = 0.166994\n"}
,{"stream_name":"stdout","time":2598.793622011,"data":"EDGE_TTA_ACTIVE views = 8 mean_abs_feat_delta = 0.23738\n"}
,{"stream_name":"stdout","time":2599.082092406,"data":"SECONDARY_EDGE_TTA_ACTIVE views = 8 weight = 0.75 mean_abs_feat_delta = 0.21734\n"}
,{"stream_name":"stdout","time":2599.086054069,"data":"BIOHUB_RETENTION_GUARD {\"blended_candidates\": 84, \"dataset\": \"6bba_062c8d37\", \"frame\": 4, \"minimum_retention\": 0.9, \"primary_candidates\": 110, \"retention\": 0.7636363636363637, \"use_primary\": true}\n"}
,{"stream_name":"stdout","time":2599.855326103,"data":"SECONDARY_EDGE_TTA_ACTIVE views = 8 weight = 0.75 mean_abs_feat_delta = 0.26636\n"}
,{"stream_name":"stdout","time":2600.273044383,"data":"EDGE_TTA_ACTIVE views = 8 mean_abs_feat_delta = 0.168224\n"}
,{"stream_name":"stdout","time":2601.247895668,"data":"EDGE_TTA_ACTIVE views = 8 mean_abs_feat_delta = 0.229858\n"}
,{"stream_name":"stdout","time":2601.275381485,"data":"SECONDARY_EDGE_TTA_ACTIVE views = 8 weight = 0.75 mean_abs_feat_delta = 0.213892\n"}
,{"stream_name":"stdout","time":2601.277773199,"data":"BIOHUB_RETENTION_GUARD {\"blended_candidates\": 86, \"dataset\": \"6bba_062c8d37\", \"frame\": 5, \"minimum_retention\": 0.9, \"primary_candidates\": 104, \"retention\": 0.8269230769230769, \"use_primary\": true}\n"}
,{"stream_name":"stdout","time":2602.30896725,"data":"SECONDARY_EDGE_TTA_ACTIVE views = 8 weight = 0.75 mean_abs_feat_delta = 0.262382\n"}
,{"stream_name":"stdout","time":2602.459211907,"data":"EDGE_TTA_ACTIVE views = 8 mean_abs_feat_delta = 0.16883\n"}
,{"stream_name":"stdout","time":2603.563454716,"data":"SECONDARY_EDGE_TTA_ACTIVE views = 8 weight = 0.75 mean_abs_feat_delta = 0.21242\n"}
,{"stream_name":"stdout","time":2603.564410745,"data":"BIOHUB_RETENTION_GUARD {\"blended_candidates\": 89, \"dataset\": \"6bba_062c8d37\", \"frame\": 6, \"minimum_retention\": 0.9, \"primary_candidates\": 104, \"retention\": 0.8557692307692307, \"use_primary\": true}\n"}
,{"stream_name":"stdout","time":2603.666516944,"data":"EDGE_TTA_ACTIVE views = 8 mean_abs_feat_delta = 0.232668\n"}
,{"stream_name":"stdout","time":2604.616152968,"data":"EDGE_TTA_ACTIVE views = 8 mean_abs_feat_delta = 0.171395\n"}
,{"stream_name":"stdout","time":2604.728728112,"data":"SECONDARY_EDGE_TTA_ACTIVE views = 8 weight = 0.75 mean_abs_feat_delta = 0.260303\n"}
,{"stream_name":"stdout","time":2605.627341626,"data":"SECONDARY_EDGE_TTA_ACTIVE views = 8 weight = 0.75 mean_abs_feat_delta = 0.213947\n"}
,{"stream_name":"stdout","time":2605.631561932,"data":"BIOHUB_RETENTION_GUARD {\"blended_candidates\": 91, \"dataset\": \"6bba_062c8d37\", \"frame\": 7, \"minimum_retention\": 0.9, \"primary_candidates\": 103, \"retention\": 0.883495145631068, \"use_primary\": true}\n"}
,{"stream_name":"stdout","time":2606.097185614,"data":"EDGE_TTA_ACTIVE views = 8 mean_abs_feat_delta = 0.233213\n"}
,{"stream_name":"stdout","time":2606.801165318,"data":"EDGE_TTA_ACTIVE views = 8 mean_abs_feat_delta = 0.170416\n"}
,{"stream_name":"stdout","time":2607.163221597,"data":"SECONDARY_EDGE_TTA_ACTIVE views = 8 weight = 0.75 mean_abs_feat_delta = 0.25763\n"}
,{"stream_name":"stdout","time":2607.825177731,"data":"SECONDARY_EDGE_TTA_ACTIVE views = 8 weight = 0.75 mean_abs_feat_delta = 0.227253\n"}
,{"stream_name":"stdout","time":2607.829390971,"data":"BIOHUB_RETENTION_GUARD {\"blended_candidates\": 88, \"dataset\": \"6bba_062c8d37\", \"frame\": 8, \"minimum_retention\": 0.9, \"primary_candidates\": 102, \"retention\": 0.8627450980392157, \"use_primary\": true}\n"}
,{"stream_name":"stdout","time":2608.506124171,"data":"EDGE_TTA_ACTIVE views = 8 mean_abs_feat_delta = 0.232709\n"}
,{"stream_name":"stdout","time":2609.038758535,"data":"EDGE_TTA_ACTIVE views = 8 mean_abs_feat_delta = 0.171633\n"}
,{"stream_name":"stdout","time":2609.565118187,"data":"SECONDARY_EDGE_TTA_ACTIVE views = 8 weight = 0.75 mean_abs_feat_delta = 0.255911\n"}
,{"stream_name":"stdout","time":2610.064618938,"data":"SECONDARY_EDGE_TTA_ACTIVE views = 8 weight = 0.75 mean_abs_feat_delta = 0.212589\n"}
,{"stream_name":"stdout","time":2610.068320864,"data":"BIOHUB_RETENTION_GUARD {\"blended_candidates\": 91, \"dataset\": \"6bba_062c8d37\", \"frame\": 9, \"minimum_retention\": 0.9, \"primary_candidates\": 111, \"retention\": 0.8198198198198198, \"use_primary\": true}\n"}
,{"stream_name":"stdout","time":2610.911577874,"data":"EDGE_TTA_ACTIVE views = 8 mean_abs_feat_delta = 0.235328\n"}
,{"stream_name":"stdout","time":2611.245267858,"data":"EDGE_TTA_ACTIVE views = 8 mean_abs_feat_delta = 0.169619\n"}
,{"stream_name":"stdout","time":2611.973897098,"data":"SECONDARY_EDGE_TTA_ACTIVE views = 8 weight = 0.75 mean_abs_feat_delta = 0.253381\n"}
,{"stream_name":"stdout","time":2612.277614179,"data":"SECONDARY_EDGE_TTA_ACTIVE views = 8 weight = 0.75 mean_abs_feat_delta = 0.218146\n"}
,{"stream_name":"stdout","time":2612.281624912,"data":"BIOHUB_RETENTION_GUARD {\"blended_candidates\": 81, \"dataset\": \"6bba_062c8d37\", \"frame\": 10, \"minimum_retention\": 0.9, \"primary_candidates\": 103, \"retention\": 0.7864077669902912, \"use_primary\": true}\n"}
,{"stream_name":"stdout","time":2613.384906823,"data":"EDGE_TTA_ACTIVE views = 8 mean_abs_feat_delta = 0.23312\n"}
,{"stream_name":"stdout","time":2613.440375979,"data":"EDGE_TTA_ACTIVE views = 8 mean_abs_feat_delta = 0.167041\n"}
,{"stream_name":"stdout","time":2614.445530851,"data":"SECONDARY_EDGE_TTA_ACTIVE views = 8 weight = 0.75 mean_abs_feat_delta = 0.254871\n"}
,{"stream_name":"stdout","time":2614.476719214,"data":"SECONDARY_EDGE_TTA_ACTIVE views = 8 weight = 0.75 mean_abs_feat_delta = 0.214342\n"}
,{"stream_name":"stdout","time":2614.480393836,"data":"BIOHUB_RETENTION_GUARD {\"blended_candidates\": 80, \"dataset\": \"6bba_062c8d37\", \"frame\": 11, \"minimum_retention\": 0.9, \"primary_candidates\": 100, \"retention\": 0.8, \"use_primary\": true}\n"}
,{"stream_name":"stdout","time":2615.669524475,"data":"EDGE_TTA_ACTIVE views = 8 mean_abs_feat_delta = 0.164863\n"}
,{"stream_name":"stdout","time":2615.84288029,"data":"EDGE_TTA_ACTIVE views = 8 mean_abs_feat_delta = 0.239952\n"}
,{"stream_name":"stdout","time":2616.714761613,"data":"SECONDARY_EDGE_TTA_ACTIVE views = 8 weight = 0.75 mean_abs_feat_delta = 0.215677\n"}
,{"stream_name":"stdout","time":2616.718579552,"data":"BIOHUB_RETENTION_GUARD {\"blended_candidates\": 76, \"dataset\": \"6bba_062c8d37\", \"frame\": 12, \"minimum_retention\": 0.9, \"primary_candidates\": 102, \"retention\": 0.7450980392156863, \"use_primary\": true}\n"}
,{"stream_name":"stdout","time":2616.909913165,"data":"SECONDARY_EDGE_TTA_ACTIVE views = 8 weight = 0.75 mean_abs_feat_delta = 0.258877\n"}
,{"stream_name":"stdout","time":2617.923233172,"data":"EDGE_TTA_ACTIVE views = 8 mean_abs_feat_delta = 0.163502\n"}
,{"stream_name":"stdout","time":2618.272115092,"data":"EDGE_TTA_ACTIVE views = 8 mean_abs_feat_delta = 0.230936\n"}
,{"stream_name":"stdout","time":2618.974374994,"data":"SECONDARY_EDGE_TTA_ACTIVE views = 8 weight = 0.75 mean_abs_feat_delta = 0.231796\n"}
,{"stream_name":"stdout","time":2618.978154235,"data":"BIOHUB_RETENTION_GUARD {\"blended_candidates\": 72, \"dataset\": \"6bba_062c8d37\", \"frame\": 13, \"minimum_retention\": 0.9, \"primary_candidates\": 95, \"retention\": 0.7578947368421053, \"use_primary\": true}\n"}
,{"stream_name":"stdout","time":2619.330379885,"data":"SECONDARY_EDGE_TTA_ACTIVE views = 8 weight = 0.75 mean_abs_feat_delta = 0.25536\n"}
,{"stream_name":"stdout","time":2620.187131203,"data":"EDGE_TTA_ACTIVE views = 8 mean_abs_feat_delta = 0.166547\n"}
,{"stream_name":"stdout","time":2620.646629608,"data":"EDGE_TTA_ACTIVE views = 8 mean_abs_feat_delta = 0.235699\n"}
,{"stream_name":"stdout","time":2621.24553829,"data":"SECONDARY_EDGE_TTA_ACTIVE views = 8 weight = 0.75 mean_abs_feat_delta = 0.220564\n"}
,{"stream_name":"stdout","time":2621.250495667,"data":"BIOHUB_RETENTION_GUARD {\"blended_candidates\": 76, \"dataset\": \"6bba_062c8d37\", \"frame\": 14, \"minimum_retention\": 0.9, \"primary_candidates\": 93, \"retention\": 0.8172043010752689, \"use_primary\": true}\n"}
,{"stream_name":"stdout","time":2621.715545327,"data":"SECONDARY_EDGE_TTA_ACTIVE views = 8 weight = 0.75 mean_abs_feat_delta = 0.254742\n"}
,{"stream_name":"stdout","time":2622.474005529,"data":"EDGE_TTA_ACTIVE views = 8 mean_abs_feat_delta = 0.167305\n"}
,{"stream_name":"stdout","time":2623.071272045,"data":"EDGE_TTA_ACTIVE views = 8 mean_abs_feat_delta = 0.238482\n"}
,{"stream_name":"stdout","time":2623.538185444,"data":"SECONDARY_EDGE_TTA_ACTIVE views = 8 weight = 0.75 mean_abs_feat_delta = 0.221951\n"}
,{"stream_name":"stdout","time":2623.542020272,"data":"BIOHUB_RETENTION_GUARD {\"blended_candidates\": 80, \"dataset\": \"6bba_062c8d37\", \"frame\": 15, \"minimum_retention\": 0.9, \"primary_candidates\": 100, \"retention\": 0.8, \"use_primary\": true}\n"}
,{"stream_name":"stdout","time":2624.136621585,"data":"SECONDARY_EDGE_TTA_ACTIVE views = 8 weight = 0.75 mean_abs_feat_delta = 0.254648\n"}
,{"stream_name":"stdout","time":2624.751188791,"data":"EDGE_TTA_ACTIVE views = 8 mean_abs_feat_delta = 0.168488\n"}
,{"stream_name":"stdout","time":2625.508028042,"data":"EDGE_TTA_ACTIVE views = 8 mean_abs_feat_delta = 0.221986\n"}
,{"stream_name":"stdout","time":2625.821955769,"data":"SECONDARY_EDGE_TTA_ACTIVE views = 8 weight = 0.75 mean_abs_feat_delta = 0.217021\n"}
,{"stream_name":"stdout","time":2625.825981322,"data":"BIOHUB_RETENTION_GUARD {\"blended_candidates\": 74, \"dataset\": \"6bba_062c8d37\", \"frame\": 16, \"minimum_retention\": 0.9, \"primary_candidates\": 90, \"retention\": 0.8222222222222222, \"use_primary\": true}\n"}
,{"stream_name":"stdout","time":2626.574956617,"data":"SECONDARY_EDGE_TTA_ACTIVE views = 8 weight = 0.75 mean_abs_feat_delta = 0.254139\n"}
,{"stream_name":"stdout","time":2627.033381978,"data":"EDGE_TTA_ACTIVE views = 8 mean_abs_feat_delta = 0.16994\n"}
,{"stream_name":"stdout","time":2628.00193162,"data":"EDGE_TTA_ACTIVE views = 8 mean_abs_feat_delta = 0.221292\n"}
,{"stream_name":"stdout","time":2628.123626979,"data":"SECONDARY_EDGE_TTA_ACTIVE views = 8 weight = 0.75 mean_abs_feat_delta = 0.219424\n"}
,{"stream_name":"stdout","time":2628.127377135,"data":"BIOHUB_RETENTION_GUARD {\"blended_candidates\": 76, \"dataset\": \"6bba_062c8d37\", \"frame\": 17, \"minimum_retention\": 0.9, \"primary_candidates\": 88, \"retention\": 0.8636363636363636, \"use_primary\": true}\n"}
,{"stream_name":"stdout","time":2629.068326954,"data":"SECONDARY_EDGE_TTA_ACTIVE views = 8 weight = 0.75 mean_abs_feat_delta = 0.253521\n"}
,{"stream_name":"stdout","time":2629.367440516,"data":"EDGE_TTA_ACTIVE views = 8 mean_abs_feat_delta = 0.168732\n"}
,{"stream_name":"stdout","time":2630.425070855,"data":"EDGE_TTA_ACTIVE views = 8 mean_abs_feat_delta = 0.232142\n"}
,{"stream_name":"stdout","time":2630.44903144,"data":"SECONDARY_EDGE_TTA_ACTIVE views = 8 weight = 0.75 mean_abs_feat_delta = 0.225892\n"}
,{"stream_name":"stdout","time":2630.453179118,"data":"BIOHUB_RETENTION_GUARD {\"blended_candidates\": 76, \"dataset\": \"6bba_062c8d37\", \"frame\": 18, \"minimum_retention\": 0.9, \"primary_candidates\": 93, \"retention\": 0.8172043010752689, \"use_primary\": true}\n"}
,{"stream_name":"stdout","time":2631.489754341,"data":"SECONDARY_EDGE_TTA_ACTIVE views = 8 weight = 0.75 mean_abs_feat_delta = 0.251163\n"}
,{"stream_name":"stdout","time":2631.660585763,"data":"EDGE_TTA_ACTIVE views = 8 mean_abs_feat_delta = 0.169622\n"}
,{"stream_name":"stdout","time":2632.744564877,"data":"SECONDARY_EDGE_TTA_ACTIVE views = 8 weight = 0.75 mean_abs_feat_delta = 0.227464\n"}
,{"stream_name":"stdout","time":2632.74840989,"data":"BIOHUB_RETENTION_GUARD {\"blended_candidates\": 74, \"dataset\": \"6bba_062c8d37\", \"frame\": 19, \"minimum_retention\": 0.9, \"primary_candidates\": 98, \"retention\": 0.7551020408163265, \"use_primary\": true}\n"}
,{"stream_name":"stdout","time":2632.882996026,"data":"EDGE_TTA_ACTIVE views = 8 mean_abs_feat_delta = 0.233056\n"}
,{"stream_name":"stdout","time":2634.069414896,"data":"SECONDARY_EDGE_TTA_ACTIVE views = 8 weight = 0.75 mean_abs_feat_delta = 0.252768\n"}
,{"stream_name":"stdout","time":2634.070356957,"data":"EDGE_TTA_ACTIVE views = 8 mean_abs_feat_delta = 0.170657\n"}
,{"stream_name":"stdout","time":2635.036064073,"data":"SECONDARY_EDGE_TTA_ACTIVE views = 8 weight = 0.75 mean_abs_feat_delta = 0.224003\n"}
,{"stream_name":"stdout","time":2635.039957228,"data":"BIOHUB_RETENTION_GUARD {\"blended_candidates\": 77, \"dataset\": \"6bba_062c8d37\", \"frame\": 20, \"minimum_retention\": 0.9, \"primary_candidates\": 99, \"retention\": 0.7777777777777778, \"use_primary\": true}\n"}
,{"stream_name":"stdout","time":2635.354865074,"data":"EDGE_TTA_ACTIVE views = 8 mean_abs_feat_delta = 0.22843\n"}
,{"stream_name":"stdout","time":2636.241382645,"data":"EDGE_TTA_ACTIVE views = 8 mean_abs_feat_delta = 0.16974\n"}
,{"stream_name":"stdout","time":2636.414876025,"data":"SECONDARY_EDGE_TTA_ACTIVE views = 8 weight = 0.75 mean_abs_feat_delta = 0.25256\n"}
,{"stream_name":"stdout","time":2637.317282087,"data":"SECONDARY_EDGE_TTA_ACTIVE views = 8 weight = 0.75 mean_abs_feat_delta = 0.22521\n"}
,{"stream_name":"stdout","time":2637.321043905,"data":"BIOHUB_RETENTION_GUARD {\"blended_candidates\": 73, \"dataset\": \"6bba_062c8d37\", \"frame\": 21, \"minimum_retention\": 0.9, \"primary_candidates\": 91, \"retention\": 0.8021978021978022, \"use_primary\": true}\n"}
,{"stream_name":"stdout","time":2637.779626944,"data":"EDGE_TTA_ACTIVE views = 8 mean_abs_feat_delta = 0.239622\n"}
,{"stream_name":"stdout","time":2638.53934407,"data":"EDGE_TTA_ACTIVE views = 8 mean_abs_feat_delta = 0.169243\n"}
,{"stream_name":"stdout","time":2638.845838757,"data":"SECONDARY_EDGE_TTA_ACTIVE views = 8 weight = 0.75 mean_abs_feat_delta = 0.257037\n"}
,{"stream_name":"stdout","time":2639.606329981,"data":"SECONDARY_EDGE_TTA_ACTIVE views = 8 weight = 0.75 mean_abs_feat_delta = 0.223172\n"}
,{"stream_name":"stdout","time":2639.610429243,"data":"BIOHUB_RETENTION_GUARD {\"blended_candidates\": 71, \"dataset\": \"6bba_062c8d37\", \"frame\": 22, \"minimum_retention\": 0.9, \"primary_candidates\": 93, \"retention\": 0.7634408602150538, \"use_primary\": true}\n"}
,{"stream_name":"stdout","time":2640.210219908,"data":"EDGE_TTA_ACTIVE views = 8 mean_abs_feat_delta = 0.23904\n"}
,{"stream_name":"stdout","time":2640.790574591,"data":"EDGE_TTA_ACTIVE views = 8 mean_abs_feat_delta = 0.169181\n"}
,{"stream_name":"stdout","time":2641.277987102,"data":"SECONDARY_EDGE_TTA_ACTIVE views = 8 weight = 0.75 mean_abs_feat_delta = 0.259034\n"}
,{"stream_name":"stdout","time":2641.845733489,"data":"SECONDARY_EDGE_TTA_ACTIVE views = 8 weight = 0.75 mean_abs_feat_delta = 0.22398\n"}
,{"stream_name":"stdout","time":2641.84970192,"data":"BIOHUB_RETENTION_GUARD {\"blended_candidates\": 72, \"dataset\": \"6bba_062c8d37\", \"frame\": 23, \"minimum_retention\": 0.9, \"primary_candidates\": 86, \"retention\": 0.8372093023255814, \"use_primary\": true}\n"}
,{"stream_name":"stdout","time":2642.583816413,"data":"EDGE_TTA_ACTIVE views = 8 mean_abs_feat_delta = 0.230119\n"}
,{"stream_name":"stdout","time":2643.051605935,"data":"EDGE_TTA_ACTIVE views = 8 mean_abs_feat_delta = 0.169881\n"}
,{"stream_name":"stdout","time":2643.650933673,"data":"SECONDARY_EDGE_TTA_ACTIVE views = 8 weight = 0.75 mean_abs_feat_delta = 0.262107\n"}
,{"stream_name":"stdout","time":2644.09806275,"data":"SECONDARY_EDGE_TTA_ACTIVE views = 8 weight = 0.75 mean_abs_feat_delta = 0.222267\n"}
,{"stream_name":"stdout","time":2644.10183529,"data":"BIOHUB_RETENTION_GUARD {\"blended_candidates\": 75, \"dataset\": \"6bba_062c8d37\", \"frame\": 24, \"minimum_retention\": 0.9, \"primary_candidates\": 88, \"retention\": 0.8522727272727273, \"use_primary\": true}\n"}
,{"stream_name":"stdout","time":2645.010386181,"data":"EDGE_TTA_ACTIVE views = 8 mean_abs_feat_delta = 0.237305\n"}
,{"stream_name":"stdout","time":2645.229904847,"data":"EDGE_TTA_ACTIVE views = 8 mean_abs_feat_delta = 0.16908\n"}
,{"stream_name":"stdout","time":2646.078843388,"data":"SECONDARY_EDGE_TTA_ACTIVE views = 8 weight = 0.75 mean_abs_feat_delta = 0.258084\n"}
,{"stream_name":"stdout","time":2646.272577865,"data":"SECONDARY_EDGE_TTA_ACTIVE views = 8 weight = 0.75 mean_abs_feat_delta = 0.216743\n"}
,{"stream_name":"stdout","time":2646.276787434,"data":"BIOHUB_RETENTION_GUARD {\"blended_candidates\": 72, \"dataset\": \"6bba_062c8d37\", \"frame\": 25, \"minimum_retention\": 0.9, \"primary_candidates\": 94, \"retention\": 0.7659574468085106, \"use_primary\": true}\n"}
,{"stream_name":"stdout","time":2647.403060982,"data":"EDGE_TTA_ACTIVE views = 8 mean_abs_feat_delta = 0.166519\n"}
,{"stream_name":"stdout","time":2647.404944099,"data":"EDGE_TTA_ACTIVE views = 8 mean_abs_feat_delta = 0.244665\n"}
,{"stream_name":"stdout","time":2648.437591788,"data":"SECONDARY_EDGE_TTA_ACTIVE views = 8 weight = 0.75 mean_abs_feat_delta = 0.215333\n"}
,{"stream_name":"stdout","time":2648.441867686,"data":"BIOHUB_RETENTION_GUARD {\"blended_candidates\": 73, \"dataset\": \"6bba_062c8d37\", \"frame\": 26, \"minimum_retention\": 0.9, \"primary_candidates\": 91, \"retention\": 0.8021978021978022, \"use_primary\": true}\n"}
,{"stream_name":"stdout","time":2648.469965259,"data":"SECONDARY_EDGE_TTA_ACTIVE views = 8 weight = 0.75 mean_abs_feat_delta = 0.256287\n"}
,{"stream_name":"stdout","time":2649.64807135,"data":"EDGE_TTA_ACTIVE views = 8 mean_abs_feat_delta = 0.166367\n"}
,{"stream_name":"stdout","time":2649.82801487,"data":"EDGE_TTA_ACTIVE views = 8 mean_abs_feat_delta = 0.239691\n"}
,{"stream_name":"stdout","time":2650.676653386,"data":"SECONDARY_EDGE_TTA_ACTIVE views = 8 weight = 0.75 mean_abs_feat_delta = 0.212684\n"}
,{"stream_name":"stdout","time":2650.680914491,"data":"BIOHUB_RETENTION_GUARD {\"blended_candidates\": 75, \"dataset\": \"6bba_062c8d37\", \"frame\": 27, \"minimum_retention\": 0.9, \"primary_candidates\": 91, \"retention\": 0.8241758241758241, \"use_primary\": true}\n"}
,{"stream_name":"stdout","time":2650.896026703,"data":"SECONDARY_EDGE_TTA_ACTIVE views = 8 weight = 0.75 mean_abs_feat_delta = 0.254402\n"}
,{"stream_name":"stdout","time":2651.846425962,"data":"EDGE_TTA_ACTIVE views = 8 mean_abs_feat_delta = 0.168669\n"}
,{"stream_name":"stdout","time":2652.262807921,"data":"EDGE_TTA_ACTIVE views = 8 mean_abs_feat_delta = 0.239662\n"}
,{"stream_name":"stdout","time":2652.871179003,"data":"SECONDARY_EDGE_TTA_ACTIVE views = 8 weight = 0.75 mean_abs_feat_delta = 0.219589\n"}
,{"stream_name":"stdout","time":2652.875291955,"data":"BIOHUB_RETENTION_GUARD {\"blended_candidates\": 69, \"dataset\": \"6bba_062c8d37\", \"frame\": 28, \"minimum_retention\": 0.9, \"primary_candidates\": 82, \"retention\": 0.8414634146341463, \"use_primary\": true}\n"}
,{"stream_name":"stdout","time":2653.334097953,"data":"SECONDARY_EDGE_TTA_ACTIVE views = 8 weight = 0.75 mean_abs_feat_delta = 0.255109\n"}
,{"stream_name":"stdout","time":2654.043564298,"data":"EDGE_TTA_ACTIVE views = 8 mean_abs_feat_delta = 0.167166\n"}
,{"stream_name":"stdout","time":2654.75281911,"data":"EDGE_TTA_ACTIVE views = 8 mean_abs_feat_delta = 0.238443\n"}
,{"stream_name":"stdout","time":2655.068000575,"data":"SECONDARY_EDGE_TTA_ACTIVE views = 8 weight = 0.75 mean_abs_feat_delta = 0.221772\n"}
,{"stream_name":"stdout","time":2655.072169875,"data":"BIOHUB_RETENTION_GUARD {\"blended_candidates\": 69, \"dataset\": \"6bba_062c8d37\", \"frame\": 29, \"minimum_retention\": 0.9, \"primary_candidates\": 85, \"retention\": 0.8117647058823529, \"use_primary\": true}\n"}
,{"stream_name":"stdout","time":2655.82374495,"data":"SECONDARY_EDGE_TTA_ACTIVE views = 8 weight = 0.75 mean_abs_feat_delta = 0.25132\n"}
,{"stream_name":"stdout","time":2656.233221251,"data":"EDGE_TTA_ACTIVE views = 8 mean_abs_feat_delta = 0.166759\n"}
,{"stream_name":"stdout","time":2657.206422726,"data":"EDGE_TTA_ACTIVE views = 8 mean_abs_feat_delta = 0.239037\n"}
,{"stream_name":"stdout","time":2657.249444088,"data":"SECONDARY_EDGE_TTA_ACTIVE views = 8 weight = 0.75 mean_abs_feat_delta = 0.228785\n"}
,{"stream_name":"stdout","time":2657.253673663,"data":"BIOHUB_RETENTION_GUARD {\"blended_candidates\": 65, \"dataset\": \"6bba_062c8d37\", \"frame\": 30, \"minimum_retention\": 0.9, \"primary_candidates\": 79, \"retention\": 0.8227848101265823, \"use_primary\": true}\n"}
,{"stream_name":"stdout","time":2658.279625515,"data":"SECONDARY_EDGE_TTA_ACTIVE views = 8 weight = 0.75 mean_abs_feat_delta = 0.250811\n"}
,{"stream_name":"stdout","time":2658.440583092,"data":"EDGE_TTA_ACTIVE views = 8 mean_abs_feat_delta = 0.165802\n"}
,{"stream_name":"stdout","time":2659.456183071,"data":"SECONDARY_EDGE_TTA_ACTIVE views = 8 weight = 0.75 mean_abs_feat_delta = 0.227519\n"}
,{"stream_name":"stdout","time":2659.459996275,"data":"BIOHUB_RETENTION_GUARD {\"blended_candidates\": 65, \"dataset\": \"6bba_062c8d37\", \"frame\": 31, \"minimum_retention\": 0.9, \"primary_candidates\": 78, \"retention\": 0.8333333333333334, \"use_primary\": true}\n"}
,{"stream_name":"stdout","time":2659.665303784,"data":"EDGE_TTA_ACTIVE views = 8 mean_abs_feat_delta = 0.23435\n"}
,{"stream_name":"stdout","time":2660.572916632,"data":"EDGE_TTA_ACTIVE views = 8 mean_abs_feat_delta = 0.165265\n"}
,{"stream_name":"stdout","time":2660.739908148,"data":"SECONDARY_EDGE_TTA_ACTIVE views = 8 weight = 0.75 mean_abs_feat_delta = 0.252583\n"}
,{"stream_name":"stdout","time":2661.58365854,"data":"SECONDARY_EDGE_TTA_ACTIVE views = 8 weight = 0.75 mean_abs_feat_delta = 0.226443\n"}
,{"stream_name":"stdout","time":2661.587334143,"data":"BIOHUB_RETENTION_GUARD {\"blended_candidates\": 67, \"dataset\": \"6bba_062c8d37\", \"frame\": 32, \"minimum_retention\": 0.9, \"primary_candidates\": 85, \"retention\": 0.788235294117647, \"use_primary\": true}\n"}
,{"stream_name":"stdout","time":2662.105685078,"data":"EDGE_TTA_ACTIVE views = 8 mean_abs_feat_delta = 0.237241\n"}
,{"stream_name":"stdout","time":2662.746601389,"data":"EDGE_TTA_ACTIVE views = 8 mean_abs_feat_delta = 0.166477\n"}
,{"stream_name":"stdout","time":2663.177903216,"data":"SECONDARY_EDGE_TTA_ACTIVE views = 8 weight = 0.75 mean_abs_feat_delta = 0.250294\n"}
,{"stream_name":"stdout","time":2663.757604455,"data":"SECONDARY_EDGE_TTA_ACTIVE views = 8 weight = 0.75 mean_abs_feat_delta = 0.223466\n"}
,{"stream_name":"stdout","time":2663.761379466,"data":"BIOHUB_RETENTION_GUARD {\"blended_candidates\": 67, \"dataset\": \"6bba_062c8d37\", \"frame\": 33, \"minimum_retention\": 0.9, \"primary_candidates\": 85, \"retention\": 0.788235294117647, \"use_primary\": true}\n"}
,{"stream_name":"stdout","time":2664.661379483,"data":"EDGE_TTA_ACTIVE views = 8 mean_abs_feat_delta = 0.237542\n"}
,{"stream_name":"stdout","time":2664.950557069,"data":"EDGE_TTA_ACTIVE views = 8 mean_abs_feat_delta = 0.168145\n"}
,{"stream_name":"stdout","time":2665.61075633,"data":"SECONDARY_EDGE_TTA_ACTIVE views = 8 weight = 0.75 mean_abs_feat_delta = 0.247088\n"}
,{"stream_name":"stdout","time":2665.96437706,"data":"SECONDARY_EDGE_TTA_ACTIVE views = 8 weight = 0.75 mean_abs_feat_delta = 0.228632\n"}
,{"stream_name":"stdout","time":2665.968595632,"data":"BIOHUB_RETENTION_GUARD {\"blended_candidates\": 69, \"dataset\": \"6bba_062c8d37\", \"frame\": 34, \"minimum_retention\": 0.9, \"primary_candidates\": 82, \"retention\": 0.8414634146341463, \"use_primary\": true}\n"}
,{"stream_name":"stdout","time":2666.991972673,"data":"EDGE_TTA_ACTIVE views = 8 mean_abs_feat_delta = 0.23556\n"}
,{"stream_name":"stdout","time":2667.10061933,"data":"EDGE_TTA_ACTIVE views = 8 mean_abs_feat_delta = 0.167303\n"}
,{"stream_name":"stdout","time":2668.066149261,"data":"SECONDARY_EDGE_TTA_ACTIVE views = 8 weight = 0.75 mean_abs_feat_delta = 0.248444\n"}
,{"stream_name":"stdout","time":2668.109179924,"data":"SECONDARY_EDGE_TTA_ACTIVE views = 8 weight = 0.75 mean_abs_feat_delta = 0.234289\n"}
,{"stream_name":"stdout","time":2668.113315622,"data":"BIOHUB_RETENTION_GUARD {\"blended_candidates\": 65, \"dataset\": \"6bba_062c8d37\", \"frame\": 35, \"minimum_retention\": 0.9, \"primary_candidates\": 86, \"retention\": 0.7558139534883721, \"use_primary\": true}\n"}
,{"stream_name":"stdout","time":2669.244524386,"data":"EDGE_TTA_ACTIVE views = 8 mean_abs_feat_delta = 0.173219\n"}
,{"stream_name":"stdout","time":2669.470578158,"data":"EDGE_TTA_ACTIVE views = 8 mean_abs_feat_delta = 0.234903\n"}
,{"stream_name":"stdout","time":2670.252761291,"data":"SECONDARY_EDGE_TTA_ACTIVE views = 8 weight = 0.75 mean_abs_feat_delta = 0.231866\n"}
,{"stream_name":"stdout","time":2670.256578054,"data":"BIOHUB_RETENTION_GUARD {\"blended_candidates\": 77, \"dataset\": \"6bba_062c8d37\", \"frame\": 36, \"minimum_retention\": 0.9, \"primary_candidates\": 86, \"retention\": 0.8953488372093024, \"use_primary\": true}\n"}
,{"stream_name":"stdout","time":2670.542928218,"data":"SECONDARY_EDGE_TTA_ACTIVE views = 8 weight = 0.75 mean_abs_feat_delta = 0.249705\n"}
,{"stream_name":"stdout","time":2671.387758734,"data":"EDGE_TTA_ACTIVE views = 8 mean_abs_feat_delta = 0.170146\n"}
,{"stream_name":"stdout","time":2671.886940132,"data":"EDGE_TTA_ACTIVE views = 8 mean_abs_feat_delta = 0.23855\n"}
,{"stream_name":"stdout","time":2672.389989887,"data":"SECONDARY_EDGE_TTA_ACTIVE views = 8 weight = 0.75 mean_abs_feat_delta = 0.248174\n"}
,{"stream_name":"stdout","time":2672.393821493,"data":"BIOHUB_RETENTION_GUARD {\"blended_candidates\": 75, \"dataset\": \"6bba_062c8d37\", \"frame\": 37, \"minimum_retention\": 0.9, \"primary_candidates\": 93, \"retention\": 0.8064516129032258, \"use_primary\": true}\n"}
,{"stream_name":"stdout","time":2672.965908949,"data":"SECONDARY_EDGE_TTA_ACTIVE views = 8 weight = 0.75 mean_abs_feat_delta = 0.249871\n"}
,{"stream_name":"stdout","time":2673.498340365,"data":"EDGE_TTA_ACTIVE views = 8 mean_abs_feat_delta = 0.170146\n"}
,{"stream_name":"stdout","time":2674.354293312,"data":"EDGE_TTA_ACTIVE views = 8 mean_abs_feat_delta = 0.241211\n"}
,{"stream_name":"stdout","time":2674.504505065,"data":"SECONDARY_EDGE_TTA_ACTIVE views = 8 weight = 0.75 mean_abs_feat_delta = 0.248174\n"}
,{"stream_name":"stdout","time":2674.508787696,"data":"BIOHUB_RETENTION_GUARD {\"blended_candidates\": 75, \"dataset\": \"6bba_062c8d37\", \"frame\": 38, \"minimum_retention\": 0.9, \"primary_candidates\": 93, \"retention\": 0.8064516129032258, \"use_primary\": true}\n"}
,{"stream_name":"stdout","time":2675.426610176,"data":"SECONDARY_EDGE_TTA_ACTIVE views = 8 weight = 0.75 mean_abs_feat_delta = 0.247264\n"}
,{"stream_name":"stdout","time":2675.644386437,"data":"EDGE_TTA_ACTIVE views = 8 mean_abs_feat_delta = 0.170146\n"}
,{"stream_name":"stdout","time":2676.654070325,"data":"SECONDARY_EDGE_TTA_ACTIVE views = 8 weight = 0.75 mean_abs_feat_delta = 0.248174\n"}
,{"stream_name":"stdout","time":2676.658143966,"data":"BIOHUB_RETENTION_GUARD {\"blended_candidates\": 75, \"dataset\": \"6bba_062c8d37\", \"frame\": 39, \"minimum_retention\": 0.9, \"primary_candidates\": 93, \"retention\": 0.8064516129032258, \"use_primary\": true}\n"}
,{"stream_name":"stdout","time":2676.779952299,"data":"EDGE_TTA_ACTIVE views = 8 mean_abs_feat_delta = 0.241461\n"}
,{"stream_name":"stdout","time":2677.787692395,"data":"EDGE_TTA_ACTIVE views = 8 mean_abs_feat_delta = 0.19105\n"}
,{"stream_name":"stdout","time":2677.853332462,"data":"SECONDARY_EDGE_TTA_ACTIVE views = 8 weight = 0.75 mean_abs_feat_delta = 0.243393\n"}
,{"stream_name":"stdout","time":2678.795332409,"data":"SECONDARY_EDGE_TTA_ACTIVE views = 8 weight = 0.75 mean_abs_feat_delta = 0.220212\n"}
,{"stream_name":"stdout","time":2679.110368649,"data":"EDGE_TTA_ACTIVE views = 8 mean_abs_feat_delta = 0.23899\n"}
,{"stream_name":"stdout","time":2679.968576866,"data":"EDGE_TTA_ACTIVE views = 8 mean_abs_feat_delta = 0.185286\n"}
,{"stream_name":"stdout","time":2680.185420318,"data":"SECONDARY_EDGE_TTA_ACTIVE views = 8 weight = 0.75 mean_abs_feat_delta = 0.246103\n"}
,{"stream_name":"stdout","time":2680.97904989,"data":"SECONDARY_EDGE_TTA_ACTIVE views = 8 weight = 0.75 mean_abs_feat_delta = 0.218752\n"}
,{"stream_name":"stdout","time":2681.52607364,"data":"EDGE_TTA_ACTIVE views = 8 mean_abs_feat_delta = 0.242435\n"}
,{"stream_name":"stdout","time":2682.116173216,"data":"EDGE_TTA_ACTIVE views = 8 mean_abs_feat_delta = 0.167418\n"}
,{"stream_name":"stdout","time":2682.600637048,"data":"SECONDARY_EDGE_TTA_ACTIVE views = 8 weight = 0.75 mean_abs_feat_delta = 0.246736\n"}
,{"stream_name":"stdout","time":2683.126137302,"data":"SECONDARY_EDGE_TTA_ACTIVE views = 8 weight = 0.75 mean_abs_feat_delta = 0.231963\n"}
,{"stream_name":"stdout","time":2683.129982281,"data":"BIOHUB_RETENTION_GUARD {\"blended_candidates\": 69, \"dataset\": \"6bba_062c8d37\", \"frame\": 42, \"minimum_retention\": 0.9, \"primary_candidates\": 80, \"retention\": 0.8625, \"use_primary\": true}\n"}
,{"stream_name":"stdout","time":2684.317885468,"data":"EDGE_TTA_ACTIVE views = 8 mean_abs_feat_delta = 0.165097\n"}
,{"stream_name":"stdout","time":2685.330029528,"data":"SECONDARY_EDGE_TTA_ACTIVE views = 8 weight = 0.75 mean_abs_feat_delta = 0.243456\n"}
,{"stream_name":"stdout","time":2685.334392597,"data":"BIOHUB_RETENTION_GUARD {\"blended_candidates\": 68, \"dataset\": \"6bba_062c8d37\", \"frame\": 43, \"minimum_retention\": 0.9, \"primary_candidates\": 82, \"retention\": 0.8292682926829268, \"use_primary\": true}\n"}
,{"stream_name":"stdout","time":2686.517798619,"data":"EDGE_TTA_ACTIVE views = 8 mean_abs_feat_delta = 0.167596\n"}
,{"stream_name":"stdout","time":2687.533677416,"data":"SECONDARY_EDGE_TTA_ACTIVE views = 8 weight = 0.75 mean_abs_feat_delta = 0.227548\n"}
,{"stream_name":"stdout","time":2687.538149926,"data":"BIOHUB_RETENTION_GUARD {\"blended_candidates\": 68, \"dataset\": \"6bba_062c8d37\", \"frame\": 44, \"minimum_retention\": 0.9, \"primary_candidates\": 79, \"retention\": 0.8607594936708861, \"use_primary\": true}\n"}
,{"stream_name":"stdout","time":2688.746840273,"data":"EDGE_TTA_ACTIVE views = 8 mean_abs_feat_delta = 0.164919\n"}
,{"stream_name":"stdout","time":2689.763576951,"data":"SECONDARY_EDGE_TTA_ACTIVE views = 8 weight = 0.75 mean_abs_feat_delta = 0.231141\n"}
,{"stream_name":"stdout","time":2689.767154824,"data":"BIOHUB_RETENTION_GUARD {\"blended_candidates\": 66, \"dataset\": \"6bba_062c8d37\", \"frame\": 45, \"minimum_retention\": 0.9, \"primary_candidates\": 74, \"retention\": 0.8918918918918919, \"use_primary\": true}\n"}
,{"stream_name":"stdout","time":2690.939388805,"data":"EDGE_TTA_ACTIVE views = 8 mean_abs_feat_delta = 0.166268\n"}
,{"stream_name":"stdout","time":2691.955552021,"data":"SECONDARY_EDGE_TTA_ACTIVE views = 8 weight = 0.75 mean_abs_feat_delta = 0.227609\n"}
,{"stream_name":"stdout","time":2691.961316692,"data":"BIOHUB_RETENTION_GUARD {\"blended_candidates\": 67, \"dataset\": \"6bba_062c8d37\", \"frame\": 46, \"minimum_retention\": 0.9, \"primary_candidates\": 79, \"retention\": 0.8481012658227848, \"use_primary\": true}\n"}
,{"stream_name":"stdout","time":2693.21856073,"data":"EDGE_TTA_ACTIVE views = 8 mean_abs_feat_delta = 0.168251\n"}
,{"stream_name":"stdout","time":2694.240905139,"data":"SECONDARY_EDGE_TTA_ACTIVE views = 8 weight = 0.75 mean_abs_feat_delta = 0.225185\n"}
,{"stream_name":"stdout","time":2695.565915382,"data":"EDGE_TTA_ACTIVE views = 8 mean_abs_feat_delta = 0.168809\n"}
,{"stream_name":"stdout","time":2696.467110936,"data":"SECONDARY_EDGE_TTA_ACTIVE views = 8 weight = 0.75 mean_abs_feat_delta = 0.231144\n"}
,{"stream_name":"stdout","time":2696.47064407,"data":"BIOHUB_RETENTION_GUARD {\"blended_candidates\": 70, \"dataset\": \"6bba_062c8d37\", \"frame\": 48, \"minimum_retention\": 0.9, \"primary_candidates\": 81, \"retention\": 0.8641975308641975, \"use_primary\": true}\n"}
,{"stream_name":"stdout","time":2697.688667174,"data":"EDGE_TTA_ACTIVE views = 8 mean_abs_feat_delta = 0.169073\n"}
,{"stream_name":"stdout","time":2698.721316712,"data":"SECONDARY_EDGE_TTA_ACTIVE views = 8 weight = 0.75 mean_abs_feat_delta = 0.233017\n"}
,{"stream_name":"stdout","time":2698.726100401,"data":"BIOHUB_RETENTION_GUARD {\"blended_candidates\": 69, \"dataset\": \"6bba_062c8d37\", \"frame\": 49, \"minimum_retention\": 0.9, \"primary_candidates\": 80, \"retention\": 0.8625, \"use_primary\": true}\n"}
,{"stream_name":"stdout","time":2699.985834208,"data":"EDGE_TTA_ACTIVE views = 8 mean_abs_feat_delta = 0.168052\n"}
,{"stream_name":"stdout","time":2701.020703427,"data":"SECONDARY_EDGE_TTA_ACTIVE views = 8 weight = 0.75 mean_abs_feat_delta = 0.231237\n"}
,{"stream_name":"stdout","time":2701.02455239,"data":"BIOHUB_RETENTION_GUARD {\"blended_candidates\": 67, \"dataset\": \"6bba_062c8d37\", \"frame\": 50, \"minimum_retention\": 0.9, \"primary_candidates\": 82, \"retention\": 0.8170731707317073, \"use_primary\": true}\n"}
,{"stream_name":"stdout","time":2702.178775669,"data":"EDGE_TTA_ACTIVE views = 8 mean_abs_feat_delta = 0.163686\n"}
,{"stream_name":"stdout","time":2703.215831943,"data":"SECONDARY_EDGE_TTA_ACTIVE views = 8 weight = 0.75 mean_abs_feat_delta = 0.240429\n"}
,{"stream_name":"stdout","time":2703.219938623,"data":"BIOHUB_RETENTION_GUARD {\"blended_candidates\": 66, \"dataset\": \"6bba_062c8d37\", \"frame\": 51, \"minimum_retention\": 0.9, \"primary_candidates\": 78, \"retention\": 0.8461538461538461, \"use_primary\": true}\n"}
,{"stream_name":"stdout","time":2704.410547146,"data":"EDGE_TTA_ACTIVE views = 8 mean_abs_feat_delta = 0.169943\n"}
,{"stream_name":"stdout","time":2705.447908868,"data":"SECONDARY_EDGE_TTA_ACTIVE views = 8 weight = 0.75 mean_abs_feat_delta = 0.229597\n"}
,{"stream_name":"stdout","time":2705.451876239,"data":"BIOHUB_RETENTION_GUARD {\"blended_candidates\": 66, \"dataset\": \"6bba_062c8d37\", \"frame\": 52, \"minimum_retention\": 0.9, \"primary_candidates\": 79, \"retention\": 0.8354430379746836, \"use_primary\": true}\n"}
,{"stream_name":"stdout","time":2706.618427418,"data":"EDGE_TTA_ACTIVE views = 8 mean_abs_feat_delta = 0.171295\n"}
,{"stream_name":"stdout","time":2707.658894889,"data":"SECONDARY_EDGE_TTA_ACTIVE views = 8 weight = 0.75 mean_abs_feat_delta = 0.231285\n"}
,{"stream_name":"stdout","time":2707.663331766,"data":"BIOHUB_RETENTION_GUARD {\"blended_candidates\": 69, \"dataset\": \"6bba_062c8d37\", \"frame\": 53, \"minimum_retention\": 0.9, \"primary_candidates\": 84, \"retention\": 0.8214285714285714, \"use_primary\": true}\n"}
,{"stream_name":"stdout","time":2708.767018276,"data":"EDGE_TTA_ACTIVE views = 8 mean_abs_feat_delta = 0.170224\n"}
,{"stream_name":"stdout","time":2709.808189109,"data":"SECONDARY_EDGE_TTA_ACTIVE views = 8 weight = 0.75 mean_abs_feat_delta = 0.226972\n"}
,{"stream_name":"stdout","time":2709.811593481,"data":"BIOHUB_RETENTION_GUARD {\"blended_candidates\": 71, \"dataset\": \"6bba_062c8d37\", \"frame\": 54, \"minimum_retention\": 0.9, \"primary_candidates\": 83, \"retention\": 0.8554216867469879, \"use_primary\": true}\n"}
,{"stream_name":"stdout","time":2711.002030969,"data":"EDGE_TTA_ACTIVE views = 8 mean_abs_feat_delta = 0.168854\n"}
,{"stream_name":"stdout","time":2712.041314504,"data":"SECONDARY_EDGE_TTA_ACTIVE views = 8 weight = 0.75 mean_abs_feat_delta = 0.235491\n"}
,{"stream_name":"stdout","time":2712.045133612,"data":"BIOHUB_RETENTION_GUARD {\"blended_candidates\": 72, \"dataset\": \"6bba_062c8d37\", \"frame\": 55, \"minimum_retention\": 0.9, \"primary_candidates\": 83, \"retention\": 0.8674698795180723, \"use_primary\": true}\n"}
,{"stream_name":"stdout","time":2713.269265466,"data":"EDGE_TTA_ACTIVE views = 8 mean_abs_feat_delta = 0.172581\n"}
,{"stream_name":"stdout","time":2714.310034344,"data":"SECONDARY_EDGE_TTA_ACTIVE views = 8 weight = 0.75 mean_abs_feat_delta = 0.22461\n"}
,{"stream_name":"stdout","time":2714.314162077,"data":"BIOHUB_RETENTION_GUARD {\"blended_candidates\": 71, \"dataset\": \"6bba_062c8d37\", \"frame\": 56, \"minimum_retention\": 0.9, \"primary_candidates\": 86, \"retention\": 0.8255813953488372, \"use_primary\": true}\n"}
,{"stream_name":"stdout","time":2715.531583756,"data":"EDGE_TTA_ACTIVE views = 8 mean_abs_feat_delta = 0.174573\n"}
,{"stream_name":"stdout","time":2716.575615387,"data":"SECONDARY_EDGE_TTA_ACTIVE views = 8 weight = 0.75 mean_abs_feat_delta = 0.225307\n"}
,{"stream_name":"stdout","time":2716.579762577,"data":"BIOHUB_RETENTION_GUARD {\"blended_candidates\": 67, \"dataset\": \"6bba_062c8d37\", \"frame\": 57, \"minimum_retention\": 0.9, \"primary_candidates\": 89, \"retention\": 0.7528089887640449, \"use_primary\": true}\n"}
,{"stream_name":"stdout","time":2717.739734278,"data":"EDGE_TTA_ACTIVE views = 8 mean_abs_feat_delta = 0.17323\n"}
,{"stream_name":"stdout","time":2718.782767255,"data":"SECONDARY_EDGE_TTA_ACTIVE views = 8 weight = 0.75 mean_abs_feat_delta = 0.222402\n"}
,{"stream_name":"stdout","time":2718.786764245,"data":"BIOHUB_RETENTION_GUARD {\"blended_candidates\": 71, \"dataset\": \"6bba_062c8d37\", \"frame\": 58, \"minimum_retention\": 0.9, \"primary_candidates\": 89, \"retention\": 0.797752808988764, \"use_primary\": true}\n"}
,{"stream_name":"stdout","time":2720.007238725,"data":"EDGE_TTA_ACTIVE views = 8 mean_abs_feat_delta = 0.17228\n"}
,{"stream_name":"stdout","time":2721.048330554,"data":"SECONDARY_EDGE_TTA_ACTIVE views = 8 weight = 0.75 mean_abs_feat_delta = 0.223337\n"}
,{"stream_name":"stdout","time":2721.052289663,"data":"BIOHUB_RETENTION_GUARD {\"blended_candidates\": 70, \"dataset\": \"6bba_062c8d37\", \"frame\": 59, \"minimum_retention\": 0.9, \"primary_candidates\": 84, \"retention\": 0.8333333333333334, \"use_primary\": true}\n"}
,{"stream_name":"stdout","time":2722.18238472,"data":"EDGE_TTA_ACTIVE views = 8 mean_abs_feat_delta = 0.170303\n"}
,{"stream_name":"stdout","time":2723.223407001,"data":"SECONDARY_EDGE_TTA_ACTIVE views = 8 weight = 0.75 mean_abs_feat_delta = 0.234632\n"}
,{"stream_name":"stdout","time":2723.226948215,"data":"BIOHUB_RETENTION_GUARD {\"blended_candidates\": 69, \"dataset\": \"6bba_062c8d37\", \"frame\": 60, \"minimum_retention\": 0.9, \"primary_candidates\": 84, \"retention\": 0.8214285714285714, \"use_primary\": true}\n"}
,{"stream_name":"stdout","time":2724.459320954,"data":"EDGE_TTA_ACTIVE views = 8 mean_abs_feat_delta = 0.17031\n"}
,{"stream_name":"stdout","time":2724.927119869,"data":"EDGE_TTA_ACTIVE views = 8 mean_abs_feat_delta = 0.152181\n"}
,{"stream_name":"stdout","time":2725.495366362,"data":"SECONDARY_EDGE_TTA_ACTIVE views = 8 weight = 0.75 mean_abs_feat_delta = 0.225509\n"}
,{"stream_name":"stdout","time":2725.498926937,"data":"BIOHUB_RETENTION_GUARD {\"blended_candidates\": 66, \"dataset\": \"6bba_062c8d37\", \"frame\": 61, \"minimum_retention\": 0.9, \"primary_candidates\": 86, \"retention\": 0.7674418604651163, \"use_primary\": true}\n"}
,{"stream_name":"stdout","time":2726.086595132,"data":"SECONDARY_EDGE_TTA_ACTIVE views = 8 weight = 0.75 mean_abs_feat_delta = 0.204909\n"}
,{"stream_name":"stdout","time":2726.720184719,"data":"EDGE_TTA_ACTIVE views = 8 mean_abs_feat_delta = 0.171505\n"}
,{"stream_name":"stdout","time":2727.16804058,"data":"EDGE_TTA_ACTIVE views = 8 mean_abs_feat_delta = 0.150825\n"}
,{"stream_name":"stdout","time":2727.75823364,"data":"SECONDARY_EDGE_TTA_ACTIVE views = 8 weight = 0.75 mean_abs_feat_delta = 0.233373\n"}
,{"stream_name":"stdout","time":2727.761975486,"data":"BIOHUB_RETENTION_GUARD {\"blended_candidates\": 69, \"dataset\": \"6bba_062c8d37\", \"frame\": 62, \"minimum_retention\": 0.9, \"primary_candidates\": 86, \"retention\": 0.8023255813953488, \"use_primary\": true}\n"}
,{"stream_name":"stdout","time":2728.209672759,"data":"SECONDARY_EDGE_TTA_ACTIVE views = 8 weight = 0.75 mean_abs_feat_delta = 0.201895\n"}
,{"stream_name":"stdout","time":2728.985335424,"data":"EDGE_TTA_ACTIVE views = 8 mean_abs_feat_delta = 0.171491\n"}
,{"stream_name":"stdout","time":2729.466981377,"data":"EDGE_TTA_ACTIVE views = 8 mean_abs_feat_delta = 0.152192\n"}
,{"stream_name":"stdout","time":2730.022935127,"data":"SECONDARY_EDGE_TTA_ACTIVE views = 8 weight = 0.75 mean_abs_feat_delta = 0.237159\n"}
,{"stream_name":"stdout","time":2730.027133942,"data":"BIOHUB_RETENTION_GUARD {\"blended_candidates\": 69, \"dataset\": \"6bba_062c8d37\", \"frame\": 63, \"minimum_retention\": 0.9, \"primary_candidates\": 90, \"retention\": 0.7666666666666667, \"use_primary\": true}\n"}
,{"stream_name":"stdout","time":2730.521590771,"data":"SECONDARY_EDGE_TTA_ACTIVE views = 8 weight = 0.75 mean_abs_feat_delta = 0.204535\n"}
,{"stream_name":"stdout","time":2731.182692875,"data":"EDGE_TTA_ACTIVE views = 8 mean_abs_feat_delta = 0.17172\n"}
,{"stream_name":"stdout","time":2731.753935873,"data":"EDGE_TTA_ACTIVE views = 8 mean_abs_feat_delta = 0.151446\n"}
,{"stream_name":"stdout","time":2732.218536957,"data":"SECONDARY_EDGE_TTA_ACTIVE views = 8 weight = 0.75 mean_abs_feat_delta = 0.239483\n"}
,{"stream_name":"stdout","time":2732.222739927,"data":"BIOHUB_RETENTION_GUARD {\"blended_candidates\": 68, \"dataset\": \"6bba_062c8d37\", \"frame\": 64, \"minimum_retention\": 0.9, \"primary_candidates\": 91, \"retention\": 0.7472527472527473, \"use_primary\": true}\n"}
,{"stream_name":"stdout","time":2732.819220487,"data":"SECONDARY_EDGE_TTA_ACTIVE views = 8 weight = 0.75 mean_abs_feat_delta = 0.203795\n"}
,{"stream_name":"stdout","time":2733.406311218,"data":"EDGE_TTA_ACTIVE views = 8 mean_abs_feat_delta = 0.172095\n"}
,{"stream_name":"stdout","time":2734.043109178,"data":"EDGE_TTA_ACTIVE views = 8 mean_abs_feat_delta = 0.152741\n"}
,{"stream_name":"stdout","time":2734.448074213,"data":"SECONDARY_EDGE_TTA_ACTIVE views = 8 weight = 0.75 mean_abs_feat_delta = 0.237082\n"}
,{"stream_name":"stdout","time":2734.452007333,"data":"BIOHUB_RETENTION_GUARD {\"blended_candidates\": 71, \"dataset\": \"6bba_062c8d37\", \"frame\": 65, \"minimum_retention\": 0.9, \"primary_candidates\": 85, \"retention\": 0.8352941176470589, \"use_primary\": true}\n"}
,{"stream_name":"stdout","time":2735.112833899,"data":"SECONDARY_EDGE_TTA_ACTIVE views = 8 weight = 0.75 mean_abs_feat_delta = 0.202797\n"}
,{"stream_name":"stdout","time":2735.613972329,"data":"EDGE_TTA_ACTIVE views = 8 mean_abs_feat_delta = 0.171825\n"}
,{"stream_name":"stdout","time":2736.417736278,"data":"EDGE_TTA_ACTIVE views = 8 mean_abs_feat_delta = 0.154145\n"}
,{"stream_name":"stdout","time":2736.646809825,"data":"SECONDARY_EDGE_TTA_ACTIVE views = 8 weight = 0.75 mean_abs_feat_delta = 0.234585\n"}
,{"stream_name":"stdout","time":2736.650761682,"data":"BIOHUB_RETENTION_GUARD {\"blended_candidates\": 76, \"dataset\": \"6bba_062c8d37\", \"frame\": 66, \"minimum_retention\": 0.9, \"primary_candidates\": 94, \"retention\": 0.8085106382978723, \"use_primary\": true}\n"}
,{"stream_name":"stdout","time":2737.503789685,"data":"SECONDARY_EDGE_TTA_ACTIVE views = 8 weight = 0.75 mean_abs_feat_delta = 0.205886\n"}
,{"stream_name":"stdout","time":2737.781196721,"data":"EDGE_TTA_ACTIVE views = 8 mean_abs_feat_delta = 0.169545\n"}
,{"stream_name":"stdout","time":2738.767026354,"data":"EDGE_TTA_ACTIVE views = 8 mean_abs_feat_delta = 0.155645\n"}
,{"stream_name":"stdout","time":2738.812046649,"data":"SECONDARY_EDGE_TTA_ACTIVE views = 8 weight = 0.75 mean_abs_feat_delta = 0.240166\n"}
,{"stream_name":"stdout","time":2738.816192519,"data":"BIOHUB_RETENTION_GUARD {\"blended_candidates\": 75, \"dataset\": \"6bba_062c8d37\", \"frame\": 67, \"minimum_retention\": 0.9, \"primary_candidates\": 94, \"retention\": 0.7978723404255319, \"use_primary\": true}\n"}
,{"stream_name":"stdout","time":2739.862325484,"data":"SECONDARY_EDGE_TTA_ACTIVE views = 8 weight = 0.75 mean_abs_feat_delta = 0.205889\n"}
,{"stream_name":"stdout","time":2739.974277985,"data":"EDGE_TTA_ACTIVE views = 8 mean_abs_feat_delta = 0.174944\n"}
,{"stream_name":"stdout","time":2741.001840216,"data":"SECONDARY_EDGE_TTA_ACTIVE views = 8 weight = 0.75 mean_abs_feat_delta = 0.23071\n"}
,{"stream_name":"stdout","time":2741.005877013,"data":"BIOHUB_RETENTION_GUARD {\"blended_candidates\": 72, \"dataset\": \"6bba_062c8d37\", \"frame\": 68, \"minimum_retention\": 0.9, \"primary_candidates\": 94, \"retention\": 0.7659574468085106, \"use_primary\": true}\n"}
,{"stream_name":"stdout","time":2741.201836717,"data":"EDGE_TTA_ACTIVE views = 8 mean_abs_feat_delta = 0.155311\n"}
,{"stream_name":"stdout","time":2742.181524316,"data":"EDGE_TTA_ACTIVE views = 8 mean_abs_feat_delta = 0.175761\n"}
,{"stream_name":"stdout","time":2742.305404115,"data":"SECONDARY_EDGE_TTA_ACTIVE views = 8 weight = 0.75 mean_abs_feat_delta = 0.208457\n"}
,{"stream_name":"stdout","time":2743.212711087,"data":"SECONDARY_EDGE_TTA_ACTIVE views = 8 weight = 0.75 mean_abs_feat_delta = 0.228603\n"}
,{"stream_name":"stdout","time":2743.214590909,"data":"BIOHUB_RETENTION_GUARD {\"blended_candidates\": 72, \"dataset\": \"6bba_062c8d37\", \"frame\": 69, \"minimum_retention\": 0.9, \"primary_candidates\": 89, \"retention\": 0.8089887640449438, \"use_primary\": true}\n"}
,{"stream_name":"stdout","time":2743.64752849,"data":"EDGE_TTA_ACTIVE views = 8 mean_abs_feat_delta = 0.153493\n"}
,{"stream_name":"stdout","time":2744.388693951,"data":"EDGE_TTA_ACTIVE views = 8 mean_abs_feat_delta = 0.17379\n"}
,{"stream_name":"stdout","time":2744.761049476,"data":"SECONDARY_EDGE_TTA_ACTIVE views = 8 weight = 0.75 mean_abs_feat_delta = 0.210367\n"}
,{"stream_name":"stdout","time":2745.41640467,"data":"SECONDARY_EDGE_TTA_ACTIVE views = 8 weight = 0.75 mean_abs_feat_delta = 0.227822\n"}
,{"stream_name":"stdout","time":2745.420360203,"data":"BIOHUB_RETENTION_GUARD {\"blended_candidates\": 66, \"dataset\": \"6bba_062c8d37\", \"frame\": 70, \"minimum_retention\": 0.9, \"primary_candidates\": 81, \"retention\": 0.8148148148148148, \"use_primary\": true}\n"}
,{"stream_name":"stdout","time":2746.058035068,"data":"EDGE_TTA_ACTIVE views = 8 mean_abs_feat_delta = 0.155551\n"}
,{"stream_name":"stdout","time":2746.608785095,"data":"EDGE_TTA_ACTIVE views = 8 mean_abs_feat_delta = 0.172178\n"}
,{"stream_name":"stdout","time":2747.186657233,"data":"SECONDARY_EDGE_TTA_ACTIVE views = 8 weight = 0.75 mean_abs_feat_delta = 0.208181\n"}
,{"stream_name":"stdout","time":2747.63577255,"data":"SECONDARY_EDGE_TTA_ACTIVE views = 8 weight = 0.75 mean_abs_feat_delta = 0.230826\n"}
,{"stream_name":"stdout","time":2747.639519621,"data":"BIOHUB_RETENTION_GUARD {\"blended_candidates\": 67, \"dataset\": \"6bba_062c8d37\", \"frame\": 71, \"minimum_retention\": 0.9, \"primary_candidates\": 88, \"retention\": 0.7613636363636364, \"use_primary\": true}\n"}
,{"stream_name":"stdout","time":2748.554943652,"data":"EDGE_TTA_ACTIVE views = 8 mean_abs_feat_delta = 0.155191\n"}
,{"stream_name":"stdout","time":2748.818783402,"data":"EDGE_TTA_ACTIVE views = 8 mean_abs_feat_delta = 0.172412\n"}
,{"stream_name":"stdout","time":2749.6883761,"data":"SECONDARY_EDGE_TTA_ACTIVE views = 8 weight = 0.75 mean_abs_feat_delta = 0.20495\n"}
,{"stream_name":"stdout","time":2749.842963586,"data":"SECONDARY_EDGE_TTA_ACTIVE views = 8 weight = 0.75 mean_abs_feat_delta = 0.233825\n"}
,{"stream_name":"stdout","time":2749.846941446,"data":"BIOHUB_RETENTION_GUARD {\"blended_candidates\": 67, \"dataset\": \"6bba_062c8d37\", \"frame\": 72, \"minimum_retention\": 0.9, \"primary_candidates\": 87, \"retention\": 0.7701149425287356, \"use_primary\": true}\n"}
,{"stream_name":"stdout","time":2750.987224498,"data":"EDGE_TTA_ACTIVE views = 8 mean_abs_feat_delta = 0.173469\n"}
,{"stream_name":"stdout","time":2751.025791205,"data":"EDGE_TTA_ACTIVE views = 8 mean_abs_feat_delta = 0.157433\n"}
,{"stream_name":"stdout","time":2752.005272143,"data":"SECONDARY_EDGE_TTA_ACTIVE views = 8 weight = 0.75 mean_abs_feat_delta = 0.231076\n"}
,{"stream_name":"stdout","time":2752.009303311,"data":"BIOHUB_RETENTION_GUARD {\"blended_candidates\": 65, \"dataset\": \"6bba_062c8d37\", \"frame\": 73, \"minimum_retention\": 0.9, \"primary_candidates\": 85, \"retention\": 0.7647058823529411, \"use_primary\": true}\n"}
,{"stream_name":"stdout","time":2752.163192073,"data":"SECONDARY_EDGE_TTA_ACTIVE views = 8 weight = 0.75 mean_abs_feat_delta = 0.212877\n"}
,{"stream_name":"stdout","time":2753.211768406,"data":"EDGE_TTA_ACTIVE views = 8 mean_abs_feat_delta = 0.172971\n"}
,{"stream_name":"stdout","time":2753.480239878,"data":"EDGE_TTA_ACTIVE views = 8 mean_abs_feat_delta = 0.158061\n"}
,{"stream_name":"stdout","time":2754.231019301,"data":"SECONDARY_EDGE_TTA_ACTIVE views = 8 weight = 0.75 mean_abs_feat_delta = 0.231678\n"}
,{"stream_name":"stdout","time":2754.236211132,"data":"BIOHUB_RETENTION_GUARD {\"blended_candidates\": 66, \"dataset\": \"6bba_062c8d37\", \"frame\": 74, \"minimum_retention\": 0.9, \"primary_candidates\": 81, \"retention\": 0.8148148148148148, \"use_primary\": true}\n"}
,{"stream_name":"stdout","time":2754.615106207,"data":"SECONDARY_EDGE_TTA_ACTIVE views = 8 weight = 0.75 mean_abs_feat_delta = 0.207897\n"}
,{"stream_name":"stdout","time":2755.398652819,"data":"EDGE_TTA_ACTIVE views = 8 mean_abs_feat_delta = 0.172056\n"}
,{"stream_name":"stdout","time":2755.992373961,"data":"EDGE_TTA_ACTIVE views = 8 mean_abs_feat_delta = 0.156925\n"}
,{"stream_name":"stdout","time":2756.536194264,"data":"SECONDARY_EDGE_TTA_ACTIVE views = 8 weight = 0.75 mean_abs_feat_delta = 0.232434\n"}
,{"stream_name":"stdout","time":2756.537285987,"data":"BIOHUB_RETENTION_GUARD {\"blended_candidates\": 72, \"dataset\": \"6bba_062c8d37\", \"frame\": 75, \"minimum_retention\": 0.9, \"primary_candidates\": 92, \"retention\": 0.782608695652174, \"use_primary\": true}\n"}
,{"stream_name":"stdout","time":2757.125370701,"data":"SECONDARY_EDGE_TTA_ACTIVE views = 8 weight = 0.75 mean_abs_feat_delta = 0.205793\n"}
,{"stream_name":"stdout","time":2757.588033913,"data":"EDGE_TTA_ACTIVE views = 8 mean_abs_feat_delta = 0.174171\n"}
,{"stream_name":"stdout","time":2758.363346597,"data":"EDGE_TTA_ACTIVE views = 8 mean_abs_feat_delta = 0.155886\n"}
,{"stream_name":"stdout","time":2758.605679286,"data":"SECONDARY_EDGE_TTA_ACTIVE views = 8 weight = 0.75 mean_abs_feat_delta = 0.237438\n"}
,{"stream_name":"stdout","time":2758.609657564,"data":"BIOHUB_RETENTION_GUARD {\"blended_candidates\": 71, \"dataset\": \"6bba_062c8d37\", \"frame\": 76, \"minimum_retention\": 0.9, \"primary_candidates\": 94, \"retention\": 0.7553191489361702, \"use_primary\": true}\n"}
,{"stream_name":"stdout","time":2759.497368922,"data":"SECONDARY_EDGE_TTA_ACTIVE views = 8 weight = 0.75 mean_abs_feat_delta = 0.210728\n"}
,{"stream_name":"stdout","time":2759.778780489,"data":"EDGE_TTA_ACTIVE views = 8 mean_abs_feat_delta = 0.175296\n"}
,{"stream_name":"stdout","time":2760.796643783,"data":"SECONDARY_EDGE_TTA_ACTIVE views = 8 weight = 0.75 mean_abs_feat_delta = 0.236157\n"}
,{"stream_name":"stdout","time":2760.800346883,"data":"BIOHUB_RETENTION_GUARD {\"blended_candidates\": 71, \"dataset\": \"6bba_062c8d37\", \"frame\": 77, \"minimum_retention\": 0.9, \"primary_candidates\": 91, \"retention\": 0.7802197802197802, \"use_primary\": true}\n"}
,{"stream_name":"stdout","time":2760.846692729,"data":"EDGE_TTA_ACTIVE views = 8 mean_abs_feat_delta = 0.154325\n"}
,{"stream_name":"stdout","time":2761.943067157,"data":"EDGE_TTA_ACTIVE views = 8 mean_abs_feat_delta = 0.176269\n"}
,{"stream_name":"stdout","time":2761.966339965,"data":"SECONDARY_EDGE_TTA_ACTIVE views = 8 weight = 0.75 mean_abs_feat_delta = 0.208572\n"}
,{"stream_name":"stdout","time":2762.955235775,"data":"SECONDARY_EDGE_TTA_ACTIVE views = 8 weight = 0.75 mean_abs_feat_delta = 0.235416\n"}
,{"stream_name":"stdout","time":2762.959172521,"data":"BIOHUB_RETENTION_GUARD {\"blended_candidates\": 73, \"dataset\": \"6bba_062c8d37\", \"frame\": 78, \"minimum_retention\": 0.9, \"primary_candidates\": 93, \"retention\": 0.7849462365591398, \"use_primary\": true}\n"}
,{"stream_name":"stdout","time":2763.312850443,"data":"EDGE_TTA_ACTIVE views = 8 mean_abs_feat_delta = 0.152551\n"}
,{"stream_name":"stdout","time":2764.102636482,"data":"EDGE_TTA_ACTIVE views = 8 mean_abs_feat_delta = 0.174794\n"}
,{"stream_name":"stdout","time":2764.417482898,"data":"SECONDARY_EDGE_TTA_ACTIVE views = 8 weight = 0.75 mean_abs_feat_delta = 0.20793\n"}
,{"stream_name":"stdout","time":2765.120085807,"data":"SECONDARY_EDGE_TTA_ACTIVE views = 8 weight = 0.75 mean_abs_feat_delta = 0.232783\n"}
,{"stream_name":"stdout","time":2765.124032162,"data":"BIOHUB_RETENTION_GUARD {\"blended_candidates\": 69, \"dataset\": \"6bba_062c8d37\", \"frame\": 79, \"minimum_retention\": 0.9, \"primary_candidates\": 86, \"retention\": 0.8023255813953488, \"use_primary\": true}\n"}
,{"stream_name":"stdout","time":2765.724656942,"data":"EDGE_TTA_ACTIVE views = 8 mean_abs_feat_delta = 0.152821\n"}
,{"stream_name":"stdout","time":2766.290535078,"data":"EDGE_TTA_ACTIVE views = 8 mean_abs_feat_delta = 0.174001\n"}
,{"stream_name":"stdout","time":2766.824319739,"data":"SECONDARY_EDGE_TTA_ACTIVE views = 8 weight = 0.75 mean_abs_feat_delta = 0.21153\n"}
,{"stream_name":"stdout","time":2767.308361696,"data":"SECONDARY_EDGE_TTA_ACTIVE views = 8 weight = 0.75 mean_abs_feat_delta = 0.231063\n"}
,{"stream_name":"stdout","time":2767.312152115,"data":"BIOHUB_RETENTION_GUARD {\"blended_candidates\": 67, \"dataset\": \"6bba_062c8d37\", \"frame\": 80, \"minimum_retention\": 0.9, \"primary_candidates\": 89, \"retention\": 0.7528089887640449, \"use_primary\": true}\n"}
,{"stream_name":"stdout","time":2768.146112768,"data":"EDGE_TTA_ACTIVE views = 8 mean_abs_feat_delta = 0.15679\n"}
,{"stream_name":"stdout","time":2768.412056224,"data":"EDGE_TTA_ACTIVE views = 8 mean_abs_feat_delta = 0.1731\n"}
,{"stream_name":"stdout","time":2769.240134944,"data":"SECONDARY_EDGE_TTA_ACTIVE views = 8 weight = 0.75 mean_abs_feat_delta = 0.215961\n"}
,{"stream_name":"stdout","time":2769.433916521,"data":"SECONDARY_EDGE_TTA_ACTIVE views = 8 weight = 0.75 mean_abs_feat_delta = 0.234197\n"}
,{"stream_name":"stdout","time":2769.438325425,"data":"BIOHUB_RETENTION_GUARD {\"blended_candidates\": 72, \"dataset\": \"6bba_062c8d37\", \"frame\": 81, \"minimum_retention\": 0.9, \"primary_candidates\": 86, \"retention\": 0.8372093023255814, \"use_primary\": true}\n"}
,{"stream_name":"stdout","time":2770.497126721,"data":"EDGE_TTA_ACTIVE views = 8 mean_abs_feat_delta = 0.158304\n"}
,{"stream_name":"stdout","time":2770.627215412,"data":"EDGE_TTA_ACTIVE views = 8 mean_abs_feat_delta = 0.172516\n"}
,{"stream_name":"stdout","time":2771.584331208,"data":"SECONDARY_EDGE_TTA_ACTIVE views = 8 weight = 0.75 mean_abs_feat_delta = 0.210734\n"}
,{"stream_name":"stdout","time":2771.645852246,"data":"SECONDARY_EDGE_TTA_ACTIVE views = 8 weight = 0.75 mean_abs_feat_delta = 0.233029\n"}
,{"stream_name":"stdout","time":2771.649806666,"data":"BIOHUB_RETENTION_GUARD {\"blended_candidates\": 70, \"dataset\": \"6bba_062c8d37\", \"frame\": 82, \"minimum_retention\": 0.9, \"primary_candidates\": 90, \"retention\": 0.7777777777777778, \"use_primary\": true}\n"}
,{"stream_name":"stdout","time":2772.793070581,"data":"EDGE_TTA_ACTIVE views = 8 mean_abs_feat_delta = 0.173351\n"}
,{"stream_name":"stdout","time":2772.87099347,"data":"EDGE_TTA_ACTIVE views = 8 mean_abs_feat_delta = 0.158742\n"}
,{"stream_name":"stdout","time":2773.812933962,"data":"SECONDARY_EDGE_TTA_ACTIVE views = 8 weight = 0.75 mean_abs_feat_delta = 0.236935\n"}
,{"stream_name":"stdout","time":2773.816582198,"data":"BIOHUB_RETENTION_GUARD {\"blended_candidates\": 71, \"dataset\": \"6bba_062c8d37\", \"frame\": 83, \"minimum_retention\": 0.9, \"primary_candidates\": 91, \"retention\": 0.7802197802197802, \"use_primary\": true}\n"}
,{"stream_name":"stdout","time":2773.950190872,"data":"SECONDARY_EDGE_TTA_ACTIVE views = 8 weight = 0.75 mean_abs_feat_delta = 0.210047\n"}
,{"stream_name":"stdout","time":2774.988334392,"data":"EDGE_TTA_ACTIVE views = 8 mean_abs_feat_delta = 0.175255\n"}
,{"stream_name":"stdout","time":2775.251530578,"data":"EDGE_TTA_ACTIVE views = 8 mean_abs_feat_delta = 0.156206\n"}
,{"stream_name":"stdout","time":2776.007336179,"data":"SECONDARY_EDGE_TTA_ACTIVE views = 8 weight = 0.75 mean_abs_feat_delta = 0.234086\n"}
,{"stream_name":"stdout","time":2776.012041252,"data":"BIOHUB_RETENTION_GUARD {\"blended_candidates\": 72, \"dataset\": \"6bba_062c8d37\", \"frame\": 84, \"minimum_retention\": 0.9, \"primary_candidates\": 90, \"retention\": 0.8, \"use_primary\": true}\n"}
,{"stream_name":"stdout","time":2776.328232808,"data":"SECONDARY_EDGE_TTA_ACTIVE views = 8 weight = 0.75 mean_abs_feat_delta = 0.208912\n"}
,{"stream_name":"stdout","time":2777.152370576,"data":"EDGE_TTA_ACTIVE views = 8 mean_abs_feat_delta = 0.175901\n"}
,{"stream_name":"stdout","time":2777.597056458,"data":"EDGE_TTA_ACTIVE views = 8 mean_abs_feat_delta = 0.155107\n"}
,{"stream_name":"stdout","time":2778.174846113,"data":"SECONDARY_EDGE_TTA_ACTIVE views = 8 weight = 0.75 mean_abs_feat_delta = 0.227107\n"}
,{"stream_name":"stdout","time":2778.178829929,"data":"BIOHUB_RETENTION_GUARD {\"blended_candidates\": 71, \"dataset\": \"6bba_062c8d37\", \"frame\": 85, \"minimum_retention\": 0.9, \"primary_candidates\": 102, \"retention\": 0.696078431372549, \"use_primary\": true}\n"}
,{"stream_name":"stdout","time":2778.668186643,"data":"SECONDARY_EDGE_TTA_ACTIVE views = 8 weight = 0.75 mean_abs_feat_delta = 0.208993\n"}
,{"stream_name":"stdout","time":2779.355322046,"data":"EDGE_TTA_ACTIVE views = 8 mean_abs_feat_delta = 0.176333\n"}
,{"stream_name":"stdout","time":2779.967403925,"data":"EDGE_TTA_ACTIVE views = 8 mean_abs_feat_delta = 0.155649\n"}
,{"stream_name":"stdout","time":2780.378685834,"data":"SECONDARY_EDGE_TTA_ACTIVE views = 8 weight = 0.75 mean_abs_feat_delta = 0.229753\n"}
,{"stream_name":"stdout","time":2780.38249198,"data":"BIOHUB_RETENTION_GUARD {\"blended_candidates\": 77, \"dataset\": \"6bba_062c8d37\", \"frame\": 86, \"minimum_retention\": 0.9, \"primary_candidates\": 96, \"retention\": 0.8020833333333334, \"use_primary\": true}\n"}
,{"stream_name":"stdout","time":2781.03286358,"data":"SECONDARY_EDGE_TTA_ACTIVE views = 8 weight = 0.75 mean_abs_feat_delta = 0.20797\n"}
,{"stream_name":"stdout","time":2781.562902769,"data":"EDGE_TTA_ACTIVE views = 8 mean_abs_feat_delta = 0.17554\n"}
,{"stream_name":"stdout","time":2782.274669248,"data":"EDGE_TTA_ACTIVE views = 8 mean_abs_feat_delta = 0.155975\n"}
,{"stream_name":"stdout","time":2782.586705232,"data":"SECONDARY_EDGE_TTA_ACTIVE views = 8 weight = 0.75 mean_abs_feat_delta = 0.233349\n"}
,{"stream_name":"stdout","time":2782.590537376,"data":"BIOHUB_RETENTION_GUARD {\"blended_candidates\": 73, \"dataset\": \"6bba_062c8d37\", \"frame\": 87, \"minimum_retention\": 0.9, \"primary_candidates\": 94, \"retention\": 0.776595744680851, \"use_primary\": true}\n"}
,{"stream_name":"stdout","time":2783.336093809,"data":"SECONDARY_EDGE_TTA_ACTIVE views = 8 weight = 0.75 mean_abs_feat_delta = 0.209647\n"}
,{"stream_name":"stdout","time":2783.75515302,"data":"EDGE_TTA_ACTIVE views = 8 mean_abs_feat_delta = 0.175296\n"}
,{"stream_name":"stdout","time":2784.58551678,"data":"EDGE_TTA_ACTIVE views = 8 mean_abs_feat_delta = 0.15294\n"}
,{"stream_name":"stdout","time":2784.779598233,"data":"SECONDARY_EDGE_TTA_ACTIVE views = 8 weight = 0.75 mean_abs_feat_delta = 0.228601\n"}
,{"stream_name":"stdout","time":2784.783658222,"data":"BIOHUB_RETENTION_GUARD {\"blended_candidates\": 75, \"dataset\": \"6bba_062c8d37\", \"frame\": 88, \"minimum_retention\": 0.9, \"primary_candidates\": 97, \"retention\": 0.7731958762886598, \"use_primary\": true}\n"}
,{"stream_name":"stdout","time":2785.639699465,"data":"SECONDARY_EDGE_TTA_ACTIVE views = 8 weight = 0.75 mean_abs_feat_delta = 0.209978\n"}
,{"stream_name":"stdout","time":2785.898414282,"data":"EDGE_TTA_ACTIVE views = 8 mean_abs_feat_delta = 0.177817\n"}
,{"stream_name":"stdout","time":2787.028343389,"data":"EDGE_TTA_ACTIVE views = 8 mean_abs_feat_delta = 0.153668\n"}
,{"stream_name":"stdout","time":2787.029231644,"data":"SECONDARY_EDGE_TTA_ACTIVE views = 8 weight = 0.75 mean_abs_feat_delta = 0.229547\n"}
,{"stream_name":"stdout","time":2787.030007799,"data":"BIOHUB_RETENTION_GUARD {\"blended_candidates\": 69, \"dataset\": \"6bba_062c8d37\", \"frame\": 89, \"minimum_retention\": 0.9, \"primary_candidates\": 89, \"retention\": 0.7752808988764045, \"use_primary\": true}\n"}
,{"stream_name":"stdout","time":2787.953540479,"data":"SECONDARY_EDGE_TTA_ACTIVE views = 8 weight = 0.75 mean_abs_feat_delta = 0.226724\n"}
,{"stream_name":"stdout","time":2788.076587415,"data":"EDGE_TTA_ACTIVE views = 8 mean_abs_feat_delta = 0.179355\n"}
,{"stream_name":"stdout","time":2789.106314287,"data":"SECONDARY_EDGE_TTA_ACTIVE views = 8 weight = 0.75 mean_abs_feat_delta = 0.228595\n"}
,{"stream_name":"stdout","time":2789.110347335,"data":"BIOHUB_RETENTION_GUARD {\"blended_candidates\": 75, \"dataset\": \"6bba_062c8d37\", \"frame\": 90, \"minimum_retention\": 0.9, \"primary_candidates\": 94, \"retention\": 0.7978723404255319, \"use_primary\": true}\n"}
,{"stream_name":"stdout","time":2789.198678338,"data":"EDGE_TTA_ACTIVE views = 8 mean_abs_feat_delta = 0.151438\n"}
,{"stream_name":"stdout","time":2790.253906862,"data":"SECONDARY_EDGE_TTA_ACTIVE views = 8 weight = 0.75 mean_abs_feat_delta = 0.212438\n"}
,{"stream_name":"stdout","time":2790.283814295,"data":"EDGE_TTA_ACTIVE views = 8 mean_abs_feat_delta = 0.178304\n"}
,{"stream_name":"stdout","time":2791.31281044,"data":"SECONDARY_EDGE_TTA_ACTIVE views = 8 weight = 0.75 mean_abs_feat_delta = 0.228195\n"}
,{"stream_name":"stdout","time":2791.316508129,"data":"BIOHUB_RETENTION_GUARD {\"blended_candidates\": 69, \"dataset\": \"6bba_062c8d37\", \"frame\": 91, \"minimum_retention\": 0.9, \"primary_candidates\": 86, \"retention\": 0.8023255813953488, \"use_primary\": true}\n"}
,{"stream_name":"stdout","time":2791.495750921,"data":"EDGE_TTA_ACTIVE views = 8 mean_abs_feat_delta = 0.151343\n"}
,{"stream_name":"stdout","time":2792.533744493,"data":"EDGE_TTA_ACTIVE views = 8 mean_abs_feat_delta = 0.175957\n"}
,{"stream_name":"stdout","time":2792.54672502,"data":"SECONDARY_EDGE_TTA_ACTIVE views = 8 weight = 0.75 mean_abs_feat_delta = 0.217052\n"}
,{"stream_name":"stdout","time":2793.562355319,"data":"SECONDARY_EDGE_TTA_ACTIVE views = 8 weight = 0.75 mean_abs_feat_delta = 0.229762\n"}
,{"stream_name":"stdout","time":2793.565789493,"data":"BIOHUB_RETENTION_GUARD {\"blended_candidates\": 70, \"dataset\": \"6bba_062c8d37\", \"frame\": 92, \"minimum_retention\": 0.9, \"primary_candidates\": 90, \"retention\": 0.7777777777777778, \"use_primary\": true}\n"}
,{"stream_name":"stdout","time":2793.819481273,"data":"EDGE_TTA_ACTIVE views = 8 mean_abs_feat_delta = 0.150208\n"}
,{"stream_name":"stdout","time":2794.713774295,"data":"EDGE_TTA_ACTIVE views = 8 mean_abs_feat_delta = 0.175961\n"}
,{"stream_name":"stdout","time":2794.865637713,"data":"SECONDARY_EDGE_TTA_ACTIVE views = 8 weight = 0.75 mean_abs_feat_delta = 0.214047\n"}
,{"stream_name":"stdout","time":2795.747621027,"data":"SECONDARY_EDGE_TTA_ACTIVE views = 8 weight = 0.75 mean_abs_feat_delta = 0.232584\n"}
,{"stream_name":"stdout","time":2795.75116947,"data":"BIOHUB_RETENTION_GUARD {\"blended_candidates\": 68, \"dataset\": \"6bba_062c8d37\", \"frame\": 93, \"minimum_retention\": 0.9, \"primary_candidates\": 83, \"retention\": 0.8192771084337349, \"use_primary\": true}\n"}
,{"stream_name":"stdout","time":2796.098447161,"data":"EDGE_TTA_ACTIVE views = 8 mean_abs_feat_delta = 0.153338\n"}
,{"stream_name":"stdout","time":2796.870764484,"data":"EDGE_TTA_ACTIVE views = 8 mean_abs_feat_delta = 0.176022\n"}
,{"stream_name":"stdout","time":2797.14776237,"data":"SECONDARY_EDGE_TTA_ACTIVE views = 8 weight = 0.75 mean_abs_feat_delta = 0.208668\n"}
,{"stream_name":"stdout","time":2797.904985588,"data":"SECONDARY_EDGE_TTA_ACTIVE views = 8 weight = 0.75 mean_abs_feat_delta = 0.235095\n"}
,{"stream_name":"stdout","time":2797.908722609,"data":"BIOHUB_RETENTION_GUARD {\"blended_candidates\": 65, \"dataset\": \"6bba_062c8d37\", \"frame\": 94, \"minimum_retention\": 0.9, \"primary_candidates\": 83, \"retention\": 0.7831325301204819, \"use_primary\": true}\n"}
,{"stream_name":"stdout","time":2798.367169927,"data":"EDGE_TTA_ACTIVE views = 8 mean_abs_feat_delta = 0.156087\n"}
,{"stream_name":"stdout","time":2799.066570372,"data":"EDGE_TTA_ACTIVE views = 8 mean_abs_feat_delta = 0.174962\n"}
,{"stream_name":"stdout","time":2799.412614715,"data":"SECONDARY_EDGE_TTA_ACTIVE views = 8 weight = 0.75 mean_abs_feat_delta = 0.210105\n"}
,{"stream_name":"stdout","time":2800.100407837,"data":"SECONDARY_EDGE_TTA_ACTIVE views = 8 weight = 0.75 mean_abs_feat_delta = 0.235651\n"}
,{"stream_name":"stdout","time":2800.104242668,"data":"BIOHUB_RETENTION_GUARD {\"blended_candidates\": 72, \"dataset\": \"6bba_062c8d37\", \"frame\": 95, \"minimum_retention\": 0.9, \"primary_candidates\": 89, \"retention\": 0.8089887640449438, \"use_primary\": true}\n"}
,{"stream_name":"stdout","time":2800.65128304,"data":"EDGE_TTA_ACTIVE views = 8 mean_abs_feat_delta = 0.155811\n"}
,{"stream_name":"stdout","time":2801.296229409,"data":"EDGE_TTA_ACTIVE views = 8 mean_abs_feat_delta = 0.1731\n"}
,{"stream_name":"stdout","time":2801.694668439,"data":"SECONDARY_EDGE_TTA_ACTIVE views = 8 weight = 0.75 mean_abs_feat_delta = 0.213564\n"}
,{"stream_name":"stdout","time":2802.338188927,"data":"SECONDARY_EDGE_TTA_ACTIVE views = 8 weight = 0.75 mean_abs_feat_delta = 0.235513\n"}
,{"stream_name":"stdout","time":2802.34195754,"data":"BIOHUB_RETENTION_GUARD {\"blended_candidates\": 62, \"dataset\": \"6bba_062c8d37\", \"frame\": 96, \"minimum_retention\": 0.9, \"primary_candidates\": 87, \"retention\": 0.7126436781609196, \"use_primary\": true}\n"}
,{"stream_name":"stdout","time":2802.973642955,"data":"EDGE_TTA_ACTIVE views = 8 mean_abs_feat_delta = 0.160447\n"}
,{"stream_name":"stdout","time":2803.524582348,"data":"EDGE_TTA_ACTIVE views = 8 mean_abs_feat_delta = 0.17315\n"}
,{"stream_name":"stdout","time":2804.023031818,"data":"SECONDARY_EDGE_TTA_ACTIVE views = 8 weight = 0.75 mean_abs_feat_delta = 0.21043\n"}
,{"stream_name":"stdout","time":2804.564641474,"data":"SECONDARY_EDGE_TTA_ACTIVE views = 8 weight = 0.75 mean_abs_feat_delta = 0.22943\n"}
,{"stream_name":"stdout","time":2804.568166892,"data":"BIOHUB_RETENTION_GUARD {\"blended_candidates\": 74, \"dataset\": \"6bba_062c8d37\", \"frame\": 97, \"minimum_retention\": 0.9, \"primary_candidates\": 90, \"retention\": 0.8222222222222222, \"use_primary\": true}\n"}
,{"stream_name":"stdout","time":2805.273857635,"data":"EDGE_TTA_ACTIVE views = 8 mean_abs_feat_delta = 0.160188\n"}
,{"stream_name":"stdout","time":2805.662582709,"data":"EDGE_TTA_ACTIVE views = 8 mean_abs_feat_delta = 0.175077\n"}
,{"stream_name":"stdout","time":2806.318473229,"data":"SECONDARY_EDGE_TTA_ACTIVE views = 8 weight = 0.75 mean_abs_feat_delta = 0.224605\n"}
,{"stream_name":"stdout","time":2806.698311053,"data":"SECONDARY_EDGE_TTA_ACTIVE views = 8 weight = 0.75 mean_abs_feat_delta = 0.231691\n"}
,{"stream_name":"stdout","time":2806.702060205,"data":"BIOHUB_RETENTION_GUARD {\"blended_candidates\": 72, \"dataset\": \"6bba_062c8d37\", \"frame\": 98, \"minimum_retention\": 0.9, \"primary_candidates\": 91, \"retention\": 0.7912087912087912, \"use_primary\": true}\n"}
,{"stream_name":"stdout","time":2807.510394735,"data":"EDGE_TTA_ACTIVE views = 8 mean_abs_feat_delta = 0.16161\n"}
,{"stream_name":"stdout","time":2807.912458438,"data":"EDGE_TTA_ACTIVE views = 8 mean_abs_feat_delta = 0.174563\n"}
,{"stream_name":"stdout","time":2808.561395881,"data":"SECONDARY_EDGE_TTA_ACTIVE views = 8 weight = 0.75 mean_abs_feat_delta = 0.210253\n"}
,{"stream_name":"stdout","time":2808.955086042,"data":"SECONDARY_EDGE_TTA_ACTIVE views = 8 weight = 0.75 mean_abs_feat_delta = 0.23213\n"}
,{"stream_name":"stdout","time":2808.958977671,"data":"BIOHUB_RETENTION_GUARD {\"blended_candidates\": 76, \"dataset\": \"6bba_062c8d37\", \"frame\": 99, \"minimum_retention\": 0.9, \"primary_candidates\": 99, \"retention\": 0.7676767676767676, \"use_primary\": true}\n"}
,{"stream_name":"stdout","time":2809.805723281,"data":"EDGE_TTA_ACTIVE views = 8 mean_abs_feat_delta = 0.15914\n"}
,{"stream_name":"stdout","time":2810.853504665,"data":"SECONDARY_EDGE_TTA_ACTIVE views = 8 weight = 0.75 mean_abs_feat_delta = 0.217533\n"}
,{"stream_name":"stdout","time":2812.159667391,"data":"EDGE_TTA_ACTIVE views = 8 mean_abs_feat_delta = 0.159577\n"}
,{"stream_name":"stdout","time":2813.213149547,"data":"SECONDARY_EDGE_TTA_ACTIVE views = 8 weight = 0.75 mean_abs_feat_delta = 0.215734\n"}
,{"stream_name":"stdout","time":2814.457627779,"data":"EDGE_TTA_ACTIVE views = 8 mean_abs_feat_delta = 0.155037\n"}
,{"stream_name":"stdout","time":2815.51153988,"data":"SECONDARY_EDGE_TTA_ACTIVE views = 8 weight = 0.75 mean_abs_feat_delta = 0.199979\n"}
,{"stream_name":"stdout","time":2815.57491449,"data":"EDGE_TTA_ACTIVE views = 8 mean_abs_feat_delta = 0.252245\n"}
,{"stream_name":"stdout","time":2816.588711679,"data":"SECONDARY_EDGE_TTA_ACTIVE views = 8 weight = 0.75 mean_abs_feat_delta = 0.261628\n"}
,{"stream_name":"stdout","time":2816.663067228,"data":"EDGE_TTA_ACTIVE views = 8 mean_abs_feat_delta = 0.152239\n"}
,{"stream_name":"stdout","time":2817.847112595,"data":"SECONDARY_EDGE_TTA_ACTIVE views = 8 weight = 0.75 mean_abs_feat_delta = 0.196398\n"}
,{"stream_name":"stdout","time":2817.848117365,"data":"EDGE_TTA_ACTIVE views = 8 mean_abs_feat_delta = 0.252378\n"}
,{"stream_name":"stdout","time":2818.819637612,"data":"SECONDARY_EDGE_TTA_ACTIVE views = 8 weight = 0.75 mean_abs_feat_delta = 0.259644\n"}
,{"stream_name":"stdout","time":2819.058542767,"data":"EDGE_TTA_ACTIVE views = 8 mean_abs_feat_delta = 0.158785\n"}
,{"stream_name":"stdout","time":2820.00393323,"data":"EDGE_TTA_ACTIVE views = 8 mean_abs_feat_delta = 0.254383\n"}
,{"stream_name":"stdout","time":2820.119985738,"data":"SECONDARY_EDGE_TTA_ACTIVE views = 8 weight = 0.75 mean_abs_feat_delta = 0.207084\n"}
,{"stream_name":"stdout","time":2821.023181143,"data":"SECONDARY_EDGE_TTA_ACTIVE views = 8 weight = 0.75 mean_abs_feat_delta = 0.260273\n"}
,{"stream_name":"stdout","time":2821.36696553,"data":"EDGE_TTA_ACTIVE views = 8 mean_abs_feat_delta = 0.157771\n"}
,{"stream_name":"stdout","time":2822.216798088,"data":"EDGE_TTA_ACTIVE views = 8 mean_abs_feat_delta = 0.254086\n"}
,{"stream_name":"stdout","time":2822.43192614,"data":"SECONDARY_EDGE_TTA_ACTIVE views = 8 weight = 0.75 mean_abs_feat_delta = 0.207082\n"}
,{"stream_name":"stdout","time":2823.242315382,"data":"SECONDARY_EDGE_TTA_ACTIVE views = 8 weight = 0.75 mean_abs_feat_delta = 0.259018\n"}
,{"stream_name":"stdout","time":2823.718520245,"data":"EDGE_TTA_ACTIVE views = 8 mean_abs_feat_delta = 0.157037\n"}
,{"stream_name":"stdout","time":2824.431654802,"data":"EDGE_TTA_ACTIVE views = 8 mean_abs_feat_delta = 0.25149\n"}
,{"stream_name":"stdout","time":2824.787474283,"data":"SECONDARY_EDGE_TTA_ACTIVE views = 8 weight = 0.75 mean_abs_feat_delta = 0.211819\n"}
,{"stream_name":"stdout","time":2825.460648307,"data":"SECONDARY_EDGE_TTA_ACTIVE views = 8 weight = 0.75 mean_abs_feat_delta = 0.260044\n"}
,{"stream_name":"stdout","time":2826.069229338,"data":"EDGE_TTA_ACTIVE views = 8 mean_abs_feat_delta = 0.159915\n"}
,{"stream_name":"stdout","time":2826.658376221,"data":"EDGE_TTA_ACTIVE views = 8 mean_abs_feat_delta = 0.249897\n"}
,{"stream_name":"stdout","time":2827.139459097,"data":"SECONDARY_EDGE_TTA_ACTIVE views = 8 weight = 0.75 mean_abs_feat_delta = 0.210743\n"}
,{"stream_name":"stdout","time":2827.691813144,"data":"SECONDARY_EDGE_TTA_ACTIVE views = 8 weight = 0.75 mean_abs_feat_delta = 0.260377\n"}
,{"stream_name":"stdout","time":2828.379085803,"data":"EDGE_TTA_ACTIVE views = 8 mean_abs_feat_delta = 0.157854\n"}
,{"stream_name":"stdout","time":2828.894375636,"data":"EDGE_TTA_ACTIVE views = 8 mean_abs_feat_delta = 0.252166\n"}
,{"stream_name":"stdout","time":2829.452318025,"data":"SECONDARY_EDGE_TTA_ACTIVE views = 8 weight = 0.75 mean_abs_feat_delta = 0.20555\n"}
,{"stream_name":"stdout","time":2829.935451765,"data":"SECONDARY_EDGE_TTA_ACTIVE views = 8 weight = 0.75 mean_abs_feat_delta = 0.258496\n"}
,{"stream_name":"stdout","time":2830.725240804,"data":"EDGE_TTA_ACTIVE views = 8 mean_abs_feat_delta = 0.155489\n"}
,{"stream_name":"stdout","time":2831.077499994,"data":"EDGE_TTA_ACTIVE views = 8 mean_abs_feat_delta = 0.24746\n"}
,{"stream_name":"stdout","time":2831.80204362,"data":"SECONDARY_EDGE_TTA_ACTIVE views = 8 weight = 0.75 mean_abs_feat_delta = 0.204003\n"}
,{"stream_name":"stdout","time":2832.12484153,"data":"SECONDARY_EDGE_TTA_ACTIVE views = 8 weight = 0.75 mean_abs_feat_delta = 0.255413\n"}
,{"stream_name":"stdout","time":2833.112935077,"data":"EDGE_TTA_ACTIVE views = 8 mean_abs_feat_delta = 0.15852\n"}
,{"stream_name":"stdout","time":2833.310809087,"data":"EDGE_TTA_ACTIVE views = 8 mean_abs_feat_delta = 0.242245\n"}
,{"stream_name":"stdout","time":2834.190583933,"data":"SECONDARY_EDGE_TTA_ACTIVE views = 8 weight = 0.75 mean_abs_feat_delta = 0.206577\n"}
,{"stream_name":"stdout","time":2834.36182822,"data":"SECONDARY_EDGE_TTA_ACTIVE views = 8 weight = 0.75 mean_abs_feat_delta = 0.252694\n"}
,{"stream_name":"stdout","time":2835.473722463,"data":"EDGE_TTA_ACTIVE views = 8 mean_abs_feat_delta = 0.160895\n"}
,{"stream_name":"stdout","time":2835.598513492,"data":"EDGE_TTA_ACTIVE views = 8 mean_abs_feat_delta = 0.240878\n"}
,{"stream_name":"stdout","time":2836.557218517,"data":"SECONDARY_EDGE_TTA_ACTIVE views = 8 weight = 0.75 mean_abs_feat_delta = 0.21238\n"}
,{"stream_name":"stdout","time":2836.65436991,"data":"SECONDARY_EDGE_TTA_ACTIVE views = 8 weight = 0.75 mean_abs_feat_delta = 0.256998\n"}
,{"stream_name":"stdout","time":2837.811992269,"data":"EDGE_TTA_ACTIVE views = 8 mean_abs_feat_delta = 0.16048\n"}
,{"stream_name":"stdout","time":2837.883335953,"data":"EDGE_TTA_ACTIVE views = 8 mean_abs_feat_delta = 0.24268\n"}
,{"stream_name":"stdout","time":2838.894731292,"data":"SECONDARY_EDGE_TTA_ACTIVE views = 8 weight = 0.75 mean_abs_feat_delta = 0.217798\n"}
,{"stream_name":"stdout","time":2838.944876123,"data":"SECONDARY_EDGE_TTA_ACTIVE views = 8 weight = 0.75 mean_abs_feat_delta = 0.260222\n"}
,{"stream_name":"stdout","time":2840.19823758,"data":"EDGE_TTA_ACTIVE views = 8 mean_abs_feat_delta = 0.154967\n"}
,{"stream_name":"stdout","time":2840.199608401,"data":"EDGE_TTA_ACTIVE views = 8 mean_abs_feat_delta = 0.245337\n"}
,{"stream_name":"stdout","time":2841.25809782,"data":"SECONDARY_EDGE_TTA_ACTIVE views = 8 weight = 0.75 mean_abs_feat_delta = 0.264548\n"}
,{"stream_name":"stdout","time":2841.278306064,"data":"SECONDARY_EDGE_TTA_ACTIVE views = 8 weight = 0.75 mean_abs_feat_delta = 0.232881\n"}
,{"stream_name":"stdout","time":2842.482891202,"data":"EDGE_TTA_ACTIVE views = 8 mean_abs_feat_delta = 0.243625\n"}
,{"stream_name":"stdout","time":2842.561964749,"data":"EDGE_TTA_ACTIVE views = 8 mean_abs_feat_delta = 0.159087\n"}
,{"stream_name":"stdout","time":2843.537143027,"data":"SECONDARY_EDGE_TTA_ACTIVE views = 8 weight = 0.75 mean_abs_feat_delta = 0.26289\n"}
,{"stream_name":"stdout","time":2843.648333488,"data":"SECONDARY_EDGE_TTA_ACTIVE views = 8 weight = 0.75 mean_abs_feat_delta = 0.211001\n"}
,{"stream_name":"stdout","time":2844.74435517,"data":"EDGE_TTA_ACTIVE views = 8 mean_abs_feat_delta = 0.241916\n"}
,{"stream_name":"stdout","time":2844.919304234,"data":"EDGE_TTA_ACTIVE views = 8 mean_abs_feat_delta = 0.160701\n"}
,{"stream_name":"stdout","time":2845.79330848,"data":"SECONDARY_EDGE_TTA_ACTIVE views = 8 weight = 0.75 mean_abs_feat_delta = 0.257635\n"}
,{"stream_name":"stdout","time":2845.995705101,"data":"SECONDARY_EDGE_TTA_ACTIVE views = 8 weight = 0.75 mean_abs_feat_delta = 0.212616\n"}
,{"stream_name":"stdout","time":2847.00392139,"data":"EDGE_TTA_ACTIVE views = 8 mean_abs_feat_delta = 0.243846\n"}
,{"stream_name":"stdout","time":2847.295987267,"data":"EDGE_TTA_ACTIVE views = 8 mean_abs_feat_delta = 0.157723\n"}
,{"stream_name":"stdout","time":2848.168151838,"data":"SECONDARY_EDGE_TTA_ACTIVE views = 8 weight = 0.75 mean_abs_feat_delta = 0.25605\n"}
,{"stream_name":"stdout","time":2848.381438116,"data":"SECONDARY_EDGE_TTA_ACTIVE views = 8 weight = 0.75 mean_abs_feat_delta = 0.21261\n"}
,{"stream_name":"stdout","time":2849.316326111,"data":"EDGE_TTA_ACTIVE views = 8 mean_abs_feat_delta = 0.242105\n"}
,{"stream_name":"stdout","time":2849.620512625,"data":"EDGE_TTA_ACTIVE views = 8 mean_abs_feat_delta = 0.159749\n"}
,{"stream_name":"stdout","time":2850.354647481,"data":"SECONDARY_EDGE_TTA_ACTIVE views = 8 weight = 0.75 mean_abs_feat_delta = 0.261539\n"}
,{"stream_name":"stdout","time":2850.697412731,"data":"SECONDARY_EDGE_TTA_ACTIVE views = 8 weight = 0.75 mean_abs_feat_delta = 0.212811\n"}
,{"stream_name":"stdout","time":2851.494411239,"data":"EDGE_TTA_ACTIVE views = 8 mean_abs_feat_delta = 0.243864\n"}
,{"stream_name":"stdout","time":2851.928670206,"data":"EDGE_TTA_ACTIVE views = 8 mean_abs_feat_delta = 0.160757\n"}
,{"stream_name":"stdout","time":2852.526873261,"data":"SECONDARY_EDGE_TTA_ACTIVE views = 8 weight = 0.75 mean_abs_feat_delta = 0.262505\n"}
,{"stream_name":"stdout","time":2853.006367319,"data":"SECONDARY_EDGE_TTA_ACTIVE views = 8 weight = 0.75 mean_abs_feat_delta = 0.215936\n"}
,{"stream_name":"stdout","time":2853.784592933,"data":"EDGE_TTA_ACTIVE views = 8 mean_abs_feat_delta = 0.245357\n"}
,{"stream_name":"stdout","time":2854.242706196,"data":"EDGE_TTA_ACTIVE views = 8 mean_abs_feat_delta = 0.16007\n"}
,{"stream_name":"stdout","time":2854.814075807,"data":"SECONDARY_EDGE_TTA_ACTIVE views = 8 weight = 0.75 mean_abs_feat_delta = 0.261831\n"}
,{"stream_name":"stdout","time":2855.318079071,"data":"SECONDARY_EDGE_TTA_ACTIVE views = 8 weight = 0.75 mean_abs_feat_delta = 0.218047\n"}
,{"stream_name":"stdout","time":2855.98140642,"data":"EDGE_TTA_ACTIVE views = 8 mean_abs_feat_delta = 0.23922\n"}
,{"stream_name":"stdout","time":2856.584027668,"data":"EDGE_TTA_ACTIVE views = 8 mean_abs_feat_delta = 0.159688\n"}
,{"stream_name":"stdout","time":2857.008505819,"data":"SECONDARY_EDGE_TTA_ACTIVE views = 8 weight = 0.75 mean_abs_feat_delta = 0.264817\n"}
,{"stream_name":"stdout","time":2857.6571602,"data":"SECONDARY_EDGE_TTA_ACTIVE views = 8 weight = 0.75 mean_abs_feat_delta = 0.215395\n"}
,{"stream_name":"stdout","time":2858.169237127,"data":"EDGE_TTA_ACTIVE views = 8 mean_abs_feat_delta = 0.236996\n"}
,{"stream_name":"stdout","time":2858.938932262,"data":"EDGE_TTA_ACTIVE views = 8 mean_abs_feat_delta = 0.159207\n"}
,{"stream_name":"stdout","time":2859.19713568,"data":"SECONDARY_EDGE_TTA_ACTIVE views = 8 weight = 0.75 mean_abs_feat_delta = 0.26002\n"}
,{"stream_name":"stdout","time":2860.010568591,"data":"SECONDARY_EDGE_TTA_ACTIVE views = 8 weight = 0.75 mean_abs_feat_delta = 0.212795\n"}
,{"stream_name":"stdout","time":2860.388406652,"data":"EDGE_TTA_ACTIVE views = 8 mean_abs_feat_delta = 0.23518\n"}
,{"stream_name":"stdout","time":2861.332843111,"data":"EDGE_TTA_ACTIVE views = 8 mean_abs_feat_delta = 0.159444\n"}
,{"stream_name":"stdout","time":2861.412205669,"data":"SECONDARY_EDGE_TTA_ACTIVE views = 8 weight = 0.75 mean_abs_feat_delta = 0.259113\n"}
,{"stream_name":"stdout","time":2862.400121691,"data":"SECONDARY_EDGE_TTA_ACTIVE views = 8 weight = 0.75 mean_abs_feat_delta = 0.216027\n"}
,{"stream_name":"stdout","time":2862.626947098,"data":"EDGE_TTA_ACTIVE views = 8 mean_abs_feat_delta = 0.235343\n"}
,{"stream_name":"stdout","time":2863.654112124,"data":"SECONDARY_EDGE_TTA_ACTIVE views = 8 weight = 0.75 mean_abs_feat_delta = 0.257712\n"}
,{"stream_name":"stdout","time":2863.722335109,"data":"EDGE_TTA_ACTIVE views = 8 mean_abs_feat_delta = 0.158188\n"}
,{"stream_name":"stdout","time":2864.787456443,"data":"SECONDARY_EDGE_TTA_ACTIVE views = 8 weight = 0.75 mean_abs_feat_delta = 0.216681\n"}
,{"stream_name":"stdout","time":2864.900943864,"data":"EDGE_TTA_ACTIVE views = 8 mean_abs_feat_delta = 0.232559\n"}
,{"stream_name":"stdout","time":2865.924444125,"data":"SECONDARY_EDGE_TTA_ACTIVE views = 8 weight = 0.75 mean_abs_feat_delta = 0.252306\n"}
,{"stream_name":"stdout","time":2866.017331049,"data":"EDGE_TTA_ACTIVE views = 8 mean_abs_feat_delta = 0.157836\n"}
,{"stream_name":"stdout","time":2867.084944006,"data":"SECONDARY_EDGE_TTA_ACTIVE views = 8 weight = 0.75 mean_abs_feat_delta = 0.219376\n"}
,{"stream_name":"stdout","time":2867.104898945,"data":"EDGE_TTA_ACTIVE views = 8 mean_abs_feat_delta = 0.234846\n"}
,{"stream_name":"stdout","time":2868.128213629,"data":"SECONDARY_EDGE_TTA_ACTIVE views = 8 weight = 0.75 mean_abs_feat_delta = 0.251268\n"}
,{"stream_name":"stdout","time":2868.331660006,"data":"EDGE_TTA_ACTIVE views = 8 mean_abs_feat_delta = 0.160893\n"}
,{"stream_name":"stdout","time":2869.311527872,"data":"EDGE_TTA_ACTIVE views = 8 mean_abs_feat_delta = 0.232515\n"}
,{"stream_name":"stdout","time":2869.389183661,"data":"SECONDARY_EDGE_TTA_ACTIVE views = 8 weight = 0.75 mean_abs_feat_delta = 0.218097\n"}
,{"stream_name":"stdout","time":2870.331661339,"data":"SECONDARY_EDGE_TTA_ACTIVE views = 8 weight = 0.75 mean_abs_feat_delta = 0.248744\n"}
,{"stream_name":"stdout","time":2870.674938219,"data":"EDGE_TTA_ACTIVE views = 8 mean_abs_feat_delta = 0.159905\n"}
,{"stream_name":"stdout","time":2871.486908738,"data":"EDGE_TTA_ACTIVE views = 8 mean_abs_feat_delta = 0.232161\n"}
,{"stream_name":"stdout","time":2871.737232426,"data":"SECONDARY_EDGE_TTA_ACTIVE views = 8 weight = 0.75 mean_abs_feat_delta = 0.217645\n"}
,{"stream_name":"stdout","time":2872.511368896,"data":"SECONDARY_EDGE_TTA_ACTIVE views = 8 weight = 0.75 mean_abs_feat_delta = 0.250506\n"}
,{"stream_name":"stdout","time":2872.991935105,"data":"EDGE_TTA_ACTIVE views = 8 mean_abs_feat_delta = 0.157661\n"}
,{"stream_name":"stdout","time":2873.755189294,"data":"EDGE_TTA_ACTIVE views = 8 mean_abs_feat_delta = 0.229705\n"}
,{"stream_name":"stdout","time":2874.051879069,"data":"SECONDARY_EDGE_TTA_ACTIVE views = 8 weight = 0.75 mean_abs_feat_delta = 0.217868\n"}
,{"stream_name":"stdout","time":2874.779917074,"data":"SECONDARY_EDGE_TTA_ACTIVE views = 8 weight = 0.75 mean_abs_feat_delta = 0.249242\n"}
,{"stream_name":"stdout","time":2875.306645554,"data":"EDGE_TTA_ACTIVE views = 8 mean_abs_feat_delta = 0.15816\n"}
,{"stream_name":"stdout","time":2875.918091903,"data":"EDGE_TTA_ACTIVE views = 8 mean_abs_feat_delta = 0.227665\n"}
,{"stream_name":"stdout","time":2876.361817525,"data":"SECONDARY_EDGE_TTA_ACTIVE views = 8 weight = 0.75 mean_abs_feat_delta = 0.23668\n"}
,{"stream_name":"stdout","time":2876.93851273,"data":"SECONDARY_EDGE_TTA_ACTIVE views = 8 weight = 0.75 mean_abs_feat_delta = 0.252993\n"}
,{"stream_name":"stdout","time":2877.589125088,"data":"EDGE_TTA_ACTIVE views = 8 mean_abs_feat_delta = 0.159952\n"}
,{"stream_name":"stdout","time":2878.319293678,"data":"EDGE_TTA_ACTIVE views = 8 mean_abs_feat_delta = 0.225214\n"}
,{"stream_name":"stdout","time":2878.647803351,"data":"SECONDARY_EDGE_TTA_ACTIVE views = 8 weight = 0.75 mean_abs_feat_delta = 0.216736\n"}
,{"stream_name":"stdout","time":2879.194619701,"data":"SECONDARY_EDGE_TTA_ACTIVE views = 8 weight = 0.75 mean_abs_feat_delta = 0.255776\n"}
,{"stream_name":"stdout","time":2879.926577745,"data":"EDGE_TTA_ACTIVE views = 8 mean_abs_feat_delta = 0.157154\n"}
,{"stream_name":"stdout","time":2880.394309069,"data":"EDGE_TTA_ACTIVE views = 8 mean_abs_feat_delta = 0.22209\n"}
,{"stream_name":"stdout","time":2880.987714279,"data":"SECONDARY_EDGE_TTA_ACTIVE views = 8 weight = 0.75 mean_abs_feat_delta = 0.223107\n"}
,{"stream_name":"stdout","time":2881.417525325,"data":"SECONDARY_EDGE_TTA_ACTIVE views = 8 weight = 0.75 mean_abs_feat_delta = 0.255242\n"}
,{"stream_name":"stdout","time":2882.26960357,"data":"EDGE_TTA_ACTIVE views = 8 mean_abs_feat_delta = 0.161349\n"}
,{"stream_name":"stdout","time":2882.571221746,"data":"EDGE_TTA_ACTIVE views = 8 mean_abs_feat_delta = 0.223963\n"}
,{"stream_name":"stdout","time":2883.33125842,"data":"SECONDARY_EDGE_TTA_ACTIVE views = 8 weight = 0.75 mean_abs_feat_delta = 0.217137\n"}
,{"stream_name":"stdout","time":2883.594922599,"data":"SECONDARY_EDGE_TTA_ACTIVE views = 8 weight = 0.75 mean_abs_feat_delta = 0.2511\n"}
,{"stream_name":"stdout","time":2884.607426248,"data":"EDGE_TTA_ACTIVE views = 8 mean_abs_feat_delta = 0.161769\n"}
,{"stream_name":"stdout","time":2884.757415288,"data":"EDGE_TTA_ACTIVE views = 8 mean_abs_feat_delta = 0.224519\n"}
,{"stream_name":"stdout","time":2885.670049262,"data":"SECONDARY_EDGE_TTA_ACTIVE views = 8 weight = 0.75 mean_abs_feat_delta = 0.213965\n"}
,{"stream_name":"stdout","time":2885.777601571,"data":"SECONDARY_EDGE_TTA_ACTIVE views = 8 weight = 0.75 mean_abs_feat_delta = 0.249793\n"}
,{"stream_name":"stdout","time":2886.89980915,"data":"EDGE_TTA_ACTIVE views = 8 mean_abs_feat_delta = 0.159959\n"}
,{"stream_name":"stdout","time":2886.965661638,"data":"EDGE_TTA_ACTIVE views = 8 mean_abs_feat_delta = 0.223022\n"}
,{"stream_name":"stdout","time":2887.957814781,"data":"SECONDARY_EDGE_TTA_ACTIVE views = 8 weight = 0.75 mean_abs_feat_delta = 0.217877\n"}
,{"stream_name":"stdout","time":2887.989077261,"data":"SECONDARY_EDGE_TTA_ACTIVE views = 8 weight = 0.75 mean_abs_feat_delta = 0.252106\n"}
,{"stream_name":"stdout","time":2889.213685554,"data":"EDGE_TTA_ACTIVE views = 8 mean_abs_feat_delta = 0.224961\n"}
,{"stream_name":"stdout","time":2889.249759603,"data":"EDGE_TTA_ACTIVE views = 8 mean_abs_feat_delta = 0.161001\n"}
,{"stream_name":"stdout","time":2890.235172044,"data":"SECONDARY_EDGE_TTA_ACTIVE views = 8 weight = 0.75 mean_abs_feat_delta = 0.256297\n"}
,{"stream_name":"stdout","time":2890.311878992,"data":"SECONDARY_EDGE_TTA_ACTIVE views = 8 weight = 0.75 mean_abs_feat_delta = 0.214735\n"}
,{"stream_name":"stdout","time":2891.42409268,"data":"EDGE_TTA_ACTIVE views = 8 mean_abs_feat_delta = 0.222208\n"}
,{"stream_name":"stdout","time":2891.539282768,"data":"EDGE_TTA_ACTIVE views = 8 mean_abs_feat_delta = 0.160783\n"}
,{"stream_name":"stdout","time":2892.446152156,"data":"SECONDARY_EDGE_TTA_ACTIVE views = 8 weight = 0.75 mean_abs_feat_delta = 0.259811\n"}
,{"stream_name":"stdout","time":2892.605636686,"data":"SECONDARY_EDGE_TTA_ACTIVE views = 8 weight = 0.75 mean_abs_feat_delta = 0.214595\n"}
,{"stream_name":"stdout","time":2893.640671632,"data":"EDGE_TTA_ACTIVE views = 8 mean_abs_feat_delta = 0.224726\n"}
,{"stream_name":"stdout","time":2893.928875483,"data":"EDGE_TTA_ACTIVE views = 8 mean_abs_feat_delta = 0.160077\n"}
,{"stream_name":"stdout","time":2894.663465771,"data":"SECONDARY_EDGE_TTA_ACTIVE views = 8 weight = 0.75 mean_abs_feat_delta = 0.255512\n"}
,{"stream_name":"stdout","time":2894.995941457,"data":"SECONDARY_EDGE_TTA_ACTIVE views = 8 weight = 0.75 mean_abs_feat_delta = 0.214519\n"}
,{"stream_name":"stdout","time":2895.84522951,"data":"EDGE_TTA_ACTIVE views = 8 mean_abs_feat_delta = 0.22599\n"}
,{"stream_name":"stdout","time":2896.233606241,"data":"EDGE_TTA_ACTIVE views = 8 mean_abs_feat_delta = 0.161673\n"}
,{"stream_name":"stdout","time":2896.87254786,"data":"SECONDARY_EDGE_TTA_ACTIVE views = 8 weight = 0.75 mean_abs_feat_delta = 0.249417\n"}
,{"stream_name":"stdout","time":2897.294926896,"data":"SECONDARY_EDGE_TTA_ACTIVE views = 8 weight = 0.75 mean_abs_feat_delta = 0.221862\n"}
,{"stream_name":"stdout","time":2898.065333553,"data":"EDGE_TTA_ACTIVE views = 8 mean_abs_feat_delta = 0.221709\n"}
,{"stream_name":"stdout","time":2898.508684145,"data":"EDGE_TTA_ACTIVE views = 8 mean_abs_feat_delta = 0.158636\n"}
,{"stream_name":"stdout","time":2899.092501492,"data":"SECONDARY_EDGE_TTA_ACTIVE views = 8 weight = 0.75 mean_abs_feat_delta = 0.247742\n"}
,{"stream_name":"stdout","time":2899.575720564,"data":"SECONDARY_EDGE_TTA_ACTIVE views = 8 weight = 0.75 mean_abs_feat_delta = 0.241752\n"}
,{"stream_name":"stdout","time":2900.25796779,"data":"EDGE_TTA_ACTIVE views = 8 mean_abs_feat_delta = 0.221444\n"}
,{"stream_name":"stdout","time":2900.839343428,"data":"EDGE_TTA_ACTIVE views = 8 mean_abs_feat_delta = 0.160908\n"}
,{"stream_name":"stdout","time":2901.28549801,"data":"SECONDARY_EDGE_TTA_ACTIVE views = 8 weight = 0.75 mean_abs_feat_delta = 0.242204\n"}
,{"stream_name":"stdout","time":2901.906733123,"data":"SECONDARY_EDGE_TTA_ACTIVE views = 8 weight = 0.75 mean_abs_feat_delta = 0.223141\n"}
,{"stream_name":"stdout","time":2902.446217578,"data":"EDGE_TTA_ACTIVE views = 8 mean_abs_feat_delta = 0.22542\n"}
,{"stream_name":"stdout","time":2903.172497586,"data":"EDGE_TTA_ACTIVE views = 8 mean_abs_feat_delta = 0.155895\n"}
,{"stream_name":"stdout","time":2903.472704953,"data":"SECONDARY_EDGE_TTA_ACTIVE views = 8 weight = 0.75 mean_abs_feat_delta = 0.245859\n"}
,{"stream_name":"stdout","time":2904.238980178,"data":"SECONDARY_EDGE_TTA_ACTIVE views = 8 weight = 0.75 mean_abs_feat_delta = 0.222445\n"}
,{"stream_name":"stdout","time":2904.630891465,"data":"EDGE_TTA_ACTIVE views = 8 mean_abs_feat_delta = 0.226336\n"}
,{"stream_name":"stdout","time":2905.501194942,"data":"EDGE_TTA_ACTIVE views = 8 mean_abs_feat_delta = 0.154469\n"}
,{"stream_name":"stdout","time":2905.661031016,"data":"SECONDARY_EDGE_TTA_ACTIVE views = 8 weight = 0.75 mean_abs_feat_delta = 0.252442\n"}
,{"stream_name":"stdout","time":2906.569128761,"data":"SECONDARY_EDGE_TTA_ACTIVE views = 8 weight = 0.75 mean_abs_feat_delta = 0.221178\n"}
,{"stream_name":"stdout","time":2906.781964785,"data":"EDGE_TTA_ACTIVE views = 8 mean_abs_feat_delta = 0.228534\n"}
,{"stream_name":"stdout","time":2907.792314449,"data":"EDGE_TTA_ACTIVE views = 8 mean_abs_feat_delta = 0.158621\n"}
,{"stream_name":"stdout","time":2907.810641995,"data":"SECONDARY_EDGE_TTA_ACTIVE views = 8 weight = 0.75 mean_abs_feat_delta = 0.24958\n"}
,{"stream_name":"stdout","time":2908.997487901,"data":"SECONDARY_EDGE_TTA_ACTIVE views = 8 weight = 0.75 mean_abs_feat_delta = 0.2276\n"}
,{"stream_name":"stdout","time":2908.998408281,"data":"EDGE_TTA_ACTIVE views = 8 mean_abs_feat_delta = 0.226425\n"}
,{"stream_name":"stdout","time":2909.981211249,"data":"SECONDARY_EDGE_TTA_ACTIVE views = 8 weight = 0.75 mean_abs_feat_delta = 0.247268\n"}
,{"stream_name":"stdout","time":2910.095462979,"data":"EDGE_TTA_ACTIVE views = 8 mean_abs_feat_delta = 0.158876\n"}
,{"stream_name":"stdout","time":2911.12079726,"data":"EDGE_TTA_ACTIVE views = 8 mean_abs_feat_delta = 0.225415\n"}
,{"stream_name":"stdout","time":2911.161365084,"data":"SECONDARY_EDGE_TTA_ACTIVE views = 8 weight = 0.75 mean_abs_feat_delta = 0.249655\n"}
,{"stream_name":"stdout","time":2912.150502648,"data":"SECONDARY_EDGE_TTA_ACTIVE views = 8 weight = 0.75 mean_abs_feat_delta = 0.245553\n"}
,{"stream_name":"stdout","time":2912.380162229,"data":"EDGE_TTA_ACTIVE views = 8 mean_abs_feat_delta = 0.160207\n"}
,{"stream_name":"stdout","time":2913.313033262,"data":"EDGE_TTA_ACTIVE views = 8 mean_abs_feat_delta = 0.225598\n"}
,{"stream_name":"stdout","time":2913.450653952,"data":"SECONDARY_EDGE_TTA_ACTIVE views = 8 weight = 0.75 mean_abs_feat_delta = 0.222273\n"}
,{"stream_name":"stdout","time":2914.341060671,"data":"SECONDARY_EDGE_TTA_ACTIVE views = 8 weight = 0.75 mean_abs_feat_delta = 0.244675\n"}
,{"stream_name":"stdout","time":2914.710140659,"data":"EDGE_TTA_ACTIVE views = 8 mean_abs_feat_delta = 0.155137\n"}
,{"stream_name":"stdout","time":2915.506738573,"data":"EDGE_TTA_ACTIVE views = 8 mean_abs_feat_delta = 0.227498\n"}
,{"stream_name":"stdout","time":2915.77856228,"data":"SECONDARY_EDGE_TTA_ACTIVE views = 8 weight = 0.75 mean_abs_feat_delta = 0.238191\n"}
,{"stream_name":"stdout","time":2916.538895889,"data":"SECONDARY_EDGE_TTA_ACTIVE views = 8 weight = 0.75 mean_abs_feat_delta = 0.246191\n"}
,{"stream_name":"stdout","time":2917.00984138,"data":"EDGE_TTA_ACTIVE views = 8 mean_abs_feat_delta = 0.157376\n"}
,{"stream_name":"stdout","time":2917.664706422,"data":"EDGE_TTA_ACTIVE views = 8 mean_abs_feat_delta = 0.228128\n"}
,{"stream_name":"stdout","time":2918.079730506,"data":"SECONDARY_EDGE_TTA_ACTIVE views = 8 weight = 0.75 mean_abs_feat_delta = 0.222817\n"}
,{"stream_name":"stdout","time":2918.698104094,"data":"SECONDARY_EDGE_TTA_ACTIVE views = 8 weight = 0.75 mean_abs_feat_delta = 0.240071\n"}
,{"stream_name":"stdout","time":2919.317171584,"data":"EDGE_TTA_ACTIVE views = 8 mean_abs_feat_delta = 0.158754\n"}
,{"stream_name":"stdout","time":2919.887223934,"data":"EDGE_TTA_ACTIVE views = 8 mean_abs_feat_delta = 0.225142\n"}
,{"stream_name":"stdout","time":2920.388124992,"data":"SECONDARY_EDGE_TTA_ACTIVE views = 8 weight = 0.75 mean_abs_feat_delta = 0.228649\n"}
,{"stream_name":"stdout","time":2920.92027607,"data":"SECONDARY_EDGE_TTA_ACTIVE views = 8 weight = 0.75 mean_abs_feat_delta = 0.239234\n"}
,{"stream_name":"stdout","time":2921.626134649,"data":"EDGE_TTA_ACTIVE views = 8 mean_abs_feat_delta = 0.157585\n"}
,{"stream_name":"stdout","time":2922.110283457,"data":"EDGE_TTA_ACTIVE views = 8 mean_abs_feat_delta = 0.217851\n"}
,{"stream_name":"stdout","time":2922.695818282,"data":"SECONDARY_EDGE_TTA_ACTIVE views = 8 weight = 0.75 mean_abs_feat_delta = 0.244711\n"}
,{"stream_name":"stdout","time":2923.143838511,"data":"SECONDARY_EDGE_TTA_ACTIVE views = 8 weight = 0.75 mean_abs_feat_delta = 0.23907\n"}
,{"stream_name":"stdout","time":2923.976118204,"data":"EDGE_TTA_ACTIVE views = 8 mean_abs_feat_delta = 0.159302\n"}
,{"stream_name":"stdout","time":2924.33931636,"data":"EDGE_TTA_ACTIVE views = 8 mean_abs_feat_delta = 0.218408\n"}
,{"stream_name":"stdout","time":2925.050258517,"data":"SECONDARY_EDGE_TTA_ACTIVE views = 8 weight = 0.75 mean_abs_feat_delta = 0.224498\n"}
,{"stream_name":"stdout","time":2925.373570884,"data":"SECONDARY_EDGE_TTA_ACTIVE views = 8 weight = 0.75 mean_abs_feat_delta = 0.240973\n"}
,{"stream_name":"stdout","time":2926.313695417,"data":"EDGE_TTA_ACTIVE views = 8 mean_abs_feat_delta = 0.157618\n"}
,{"stream_name":"stdout","time":2926.507043513,"data":"EDGE_TTA_ACTIVE views = 8 mean_abs_feat_delta = 0.220773\n"}
,{"stream_name":"stdout","time":2927.386869885,"data":"SECONDARY_EDGE_TTA_ACTIVE views = 8 weight = 0.75 mean_abs_feat_delta = 0.222975\n"}
,{"stream_name":"stdout","time":2927.543228752,"data":"SECONDARY_EDGE_TTA_ACTIVE views = 8 weight = 0.75 mean_abs_feat_delta = 0.241149\n"}
,{"stream_name":"stdout","time":2928.624750577,"data":"EDGE_TTA_ACTIVE views = 8 mean_abs_feat_delta = 0.156348\n"}
,{"stream_name":"stdout","time":2928.709594348,"data":"EDGE_TTA_ACTIVE views = 8 mean_abs_feat_delta = 0.221123\n"}
,{"stream_name":"stdout","time":2929.69856448,"data":"SECONDARY_EDGE_TTA_ACTIVE views = 8 weight = 0.75 mean_abs_feat_delta = 0.216934\n"}
,{"stream_name":"stdout","time":2929.74308121,"data":"SECONDARY_EDGE_TTA_ACTIVE views = 8 weight = 0.75 mean_abs_feat_delta = 0.239348\n"}
,{"stream_name":"stdout","time":2930.928755027,"data":"EDGE_TTA_ACTIVE views = 8 mean_abs_feat_delta = 0.223265\n"}
,{"stream_name":"stdout","time":2930.985017012,"data":"EDGE_TTA_ACTIVE views = 8 mean_abs_feat_delta = 0.154963\n"}
,{"stream_name":"stdout","time":2931.965001783,"data":"SECONDARY_EDGE_TTA_ACTIVE views = 8 weight = 0.75 mean_abs_feat_delta = 0.242865\n"}
,{"stream_name":"stdout","time":2932.060420365,"data":"SECONDARY_EDGE_TTA_ACTIVE views = 8 weight = 0.75 mean_abs_feat_delta = 0.233215\n"}
,{"stream_name":"stdout","time":2933.091847632,"data":"EDGE_TTA_ACTIVE views = 8 mean_abs_feat_delta = 0.219892\n"}
,{"stream_name":"stdout","time":2933.243374573,"data":"EDGE_TTA_ACTIVE views = 8 mean_abs_feat_delta = 0.158802\n"}
,{"stream_name":"stdout","time":2934.126869228,"data":"SECONDARY_EDGE_TTA_ACTIVE views = 8 weight = 0.75 mean_abs_feat_delta = 0.240063\n"}
,{"stream_name":"stdout","time":2934.317994032,"data":"SECONDARY_EDGE_TTA_ACTIVE views = 8 weight = 0.75 mean_abs_feat_delta = 0.22335\n"}
,{"stream_name":"stdout","time":2935.328330021,"data":"EDGE_TTA_ACTIVE views = 8 mean_abs_feat_delta = 0.215888\n"}
,{"stream_name":"stdout","time":2935.549678447,"data":"EDGE_TTA_ACTIVE views = 8 mean_abs_feat_delta = 0.158194\n"}
,{"stream_name":"stdout","time":2936.363088056,"data":"SECONDARY_EDGE_TTA_ACTIVE views = 8 weight = 0.75 mean_abs_feat_delta = 0.240997\n"}
,{"stream_name":"stdout","time":2936.623316381,"data":"SECONDARY_EDGE_TTA_ACTIVE views = 8 weight = 0.75 mean_abs_feat_delta = 0.223991\n"}
,{"stream_name":"stdout","time":2937.496051863,"data":"EDGE_TTA_ACTIVE views = 8 mean_abs_feat_delta = 0.217199\n"}
,{"stream_name":"stdout","time":2937.889054631,"data":"EDGE_TTA_ACTIVE views = 8 mean_abs_feat_delta = 0.153547\n"}
,{"stream_name":"stdout","time":2938.528530207,"data":"SECONDARY_EDGE_TTA_ACTIVE views = 8 weight = 0.75 mean_abs_feat_delta = 0.238986\n"}
,{"stream_name":"stdout","time":2938.957747879,"data":"SECONDARY_EDGE_TTA_ACTIVE views = 8 weight = 0.75 mean_abs_feat_delta = 0.226702\n"}
,{"stream_name":"stdout","time":2939.837814937,"data":"EDGE_TTA_ACTIVE views = 8 mean_abs_feat_delta = 0.214923\n"}
,{"stream_name":"stdout","time":2940.204455545,"data":"EDGE_TTA_ACTIVE views = 8 mean_abs_feat_delta = 0.147961\n"}
,{"stream_name":"stdout","time":2940.717495535,"data":"SECONDARY_EDGE_TTA_ACTIVE views = 8 weight = 0.75 mean_abs_feat_delta = 0.235807\n"}
,{"stream_name":"stdout","time":2941.278835159,"data":"SECONDARY_EDGE_TTA_ACTIVE views = 8 weight = 0.75 mean_abs_feat_delta = 0.212977\n"}
,{"stream_name":"stdout","time":2941.880752763,"data":"EDGE_TTA_ACTIVE views = 8 mean_abs_feat_delta = 0.212978\n"}
,{"stream_name":"stdout","time":2942.553990816,"data":"EDGE_TTA_ACTIVE views = 8 mean_abs_feat_delta = 0.147158\n"}
,{"stream_name":"stdout","time":2942.914121958,"data":"SECONDARY_EDGE_TTA_ACTIVE views = 8 weight = 0.75 mean_abs_feat_delta = 0.235973\n"}
,{"stream_name":"stdout","time":2943.62243581,"data":"SECONDARY_EDGE_TTA_ACTIVE views = 8 weight = 0.75 mean_abs_feat_delta = 0.21183\n"}
,{"stream_name":"stdout","time":2944.109459581,"data":"EDGE_TTA_ACTIVE views = 8 mean_abs_feat_delta = 0.214256\n"}
,{"stream_name":"stdout","time":2944.877899924,"data":"EDGE_TTA_ACTIVE views = 8 mean_abs_feat_delta = 0.156288\n"}
,{"stream_name":"stdout","time":2945.14112238,"data":"SECONDARY_EDGE_TTA_ACTIVE views = 8 weight = 0.75 mean_abs_feat_delta = 0.23251\n"}
,{"stream_name":"stdout","time":2945.94586314,"data":"SECONDARY_EDGE_TTA_ACTIVE views = 8 weight = 0.75 mean_abs_feat_delta = 0.224569\n"}
,{"stream_name":"stdout","time":2946.333130646,"data":"EDGE_TTA_ACTIVE views = 8 mean_abs_feat_delta = 0.214796\n"}
,{"stream_name":"stdout","time":2947.185630974,"data":"EDGE_TTA_ACTIVE views = 8 mean_abs_feat_delta = 0.158418\n"}
,{"stream_name":"stdout","time":2947.366644901,"data":"SECONDARY_EDGE_TTA_ACTIVE views = 8 weight = 0.75 mean_abs_feat_delta = 0.23487\n"}
,{"stream_name":"stdout","time":2948.254032598,"data":"SECONDARY_EDGE_TTA_ACTIVE views = 8 weight = 0.75 mean_abs_feat_delta = 0.225751\n"}
,{"stream_name":"stdout","time":2948.471170683,"data":"EDGE_TTA_ACTIVE views = 8 mean_abs_feat_delta = 0.213894\n"}
,{"stream_name":"stdout","time":2949.502368484,"data":"SECONDARY_EDGE_TTA_ACTIVE views = 8 weight = 0.75 mean_abs_feat_delta = 0.236062\n"}
,{"stream_name":"stdout","time":2949.510924536,"data":"EDGE_TTA_ACTIVE views = 8 mean_abs_feat_delta = 0.157837\n"}
,{"stream_name":"stdout","time":2950.577988521,"data":"SECONDARY_EDGE_TTA_ACTIVE views = 8 weight = 0.75 mean_abs_feat_delta = 0.228961\n"}
,{"stream_name":"stdout","time":2950.663338828,"data":"EDGE_TTA_ACTIVE views = 8 mean_abs_feat_delta = 0.212118\n"}
,{"stream_name":"stdout","time":2951.688106836,"data":"SECONDARY_EDGE_TTA_ACTIVE views = 8 weight = 0.75 mean_abs_feat_delta = 0.236109\n"}
,{"stream_name":"stdout","time":2951.820951353,"data":"EDGE_TTA_ACTIVE views = 8 mean_abs_feat_delta = 0.153797\n"}
,{"stream_name":"stdout","time":2952.855928376,"data":"EDGE_TTA_ACTIVE views = 8 mean_abs_feat_delta = 0.210422\n"}
,{"stream_name":"stdout","time":2952.889422184,"data":"SECONDARY_EDGE_TTA_ACTIVE views = 8 weight = 0.75 mean_abs_feat_delta = 0.223144\n"}
,{"stream_name":"stdout","time":2953.888805697,"data":"SECONDARY_EDGE_TTA_ACTIVE views = 8 weight = 0.75 mean_abs_feat_delta = 0.237271\n"}
,{"stream_name":"stdout","time":2954.09573017,"data":"EDGE_TTA_ACTIVE views = 8 mean_abs_feat_delta = 0.149977\n"}
,{"stream_name":"stdout","time":2955.084405138,"data":"EDGE_TTA_ACTIVE views = 8 mean_abs_feat_delta = 0.211782\n"}
,{"stream_name":"stdout","time":2955.165165362,"data":"SECONDARY_EDGE_TTA_ACTIVE views = 8 weight = 0.75 mean_abs_feat_delta = 0.24042\n"}
,{"stream_name":"stdout","time":2956.116622846,"data":"SECONDARY_EDGE_TTA_ACTIVE views = 8 weight = 0.75 mean_abs_feat_delta = 0.238368\n"}
,{"stream_name":"stdout","time":2957.294857821,"data":"EDGE_TTA_ACTIVE views = 8 mean_abs_feat_delta = 0.211073\n"}
,{"stream_name":"stdout","time":2958.325282606,"data":"SECONDARY_EDGE_TTA_ACTIVE views = 8 weight = 0.75 mean_abs_feat_delta = 0.238582\n"}
,{"stream_name":"stdout","time":2959.505867436,"data":"EDGE_TTA_ACTIVE views = 8 mean_abs_feat_delta = 0.2086\n"}
,{"stream_name":"stdout","time":2960.5370961,"data":"SECONDARY_EDGE_TTA_ACTIVE views = 8 weight = 0.75 mean_abs_feat_delta = 0.239577\n"}
,{"stream_name":"stdout","time":2961.758859042,"data":"EDGE_TTA_ACTIVE views = 8 mean_abs_feat_delta = 0.204778\n"}
,{"stream_name":"stdout","time":2962.78790441,"data":"SECONDARY_EDGE_TTA_ACTIVE views = 8 weight = 0.75 mean_abs_feat_delta = 0.236484\n"}
,{"stream_name":"stdout","time":2963.964929344,"data":"EDGE_TTA_ACTIVE views = 8 mean_abs_feat_delta = 0.204511\n"}
,{"stream_name":"stdout","time":2964.994984281,"data":"SECONDARY_EDGE_TTA_ACTIVE views = 8 weight = 0.75 mean_abs_feat_delta = 0.237993\n"}
,{"stream_name":"stdout","time":2966.214474569,"data":"EDGE_TTA_ACTIVE views = 8 mean_abs_feat_delta = 0.204905\n"}
,{"stream_name":"stdout","time":2967.244441267,"data":"SECONDARY_EDGE_TTA_ACTIVE views = 8 weight = 0.75 mean_abs_feat_delta = 0.237807\n"}
,{"stream_name":"stdout","time":2968.435412287,"data":"EDGE_TTA_ACTIVE views = 8 mean_abs_feat_delta = 0.205749\n"}
,{"stream_name":"stdout","time":2969.464958504,"data":"SECONDARY_EDGE_TTA_ACTIVE views = 8 weight = 0.75 mean_abs_feat_delta = 0.23964\n"}
,{"stream_name":"stdout","time":2970.771688276,"data":"EDGE_TTA_ACTIVE views = 8 mean_abs_feat_delta = 0.206154\n"}
,{"stream_name":"stdout","time":2971.645783095,"data":"SECONDARY_EDGE_TTA_ACTIVE views = 8 weight = 0.75 mean_abs_feat_delta = 0.238017\n"}
,{"stream_name":"stdout","time":2972.798226969,"data":"EDGE_TTA_ACTIVE views = 8 mean_abs_feat_delta = 0.203956\n"}
,{"stream_name":"stdout","time":2973.825062346,"data":"SECONDARY_EDGE_TTA_ACTIVE views = 8 weight = 0.75 mean_abs_feat_delta = 0.238274\n"}
,{"stream_name":"stdout","time":2974.981084622,"data":"EDGE_TTA_ACTIVE views = 8 mean_abs_feat_delta = 0.202861\n"}
,{"stream_name":"stdout","time":2976.011110187,"data":"SECONDARY_EDGE_TTA_ACTIVE views = 8 weight = 0.75 mean_abs_feat_delta = 0.237859\n"}
,{"stream_name":"stdout","time":2977.121690961,"data":"EDGE_TTA_ACTIVE views = 8 mean_abs_feat_delta = 0.204206\n"}
,{"stream_name":"stdout","time":2978.153117254,"data":"SECONDARY_EDGE_TTA_ACTIVE views = 8 weight = 0.75 mean_abs_feat_delta = 0.240778\n"}
,{"stream_name":"stdout","time":2979.308254713,"data":"EDGE_TTA_ACTIVE views = 8 mean_abs_feat_delta = 0.204025\n"}
,{"stream_name":"stdout","time":2980.336693945,"data":"SECONDARY_EDGE_TTA_ACTIVE views = 8 weight = 0.75 mean_abs_feat_delta = 0.237089\n"}
,{"stream_name":"stdout","time":2981.231079032,"data":"Saved 4 predictions to /kaggle/working/tracking_repo/predictions/unknown/unet_transformer_val_gpu1/split_0\n"}
,{"stream_name":"stdout","time":2981.504243982,"data":"EDGE_TTA_ACTIVE views = 8 mean_abs_feat_delta = 0.202736\n"}
,{"stream_name":"stdout","time":2982.535370116,"data":"SECONDARY_EDGE_TTA_ACTIVE views = 8 weight = 0.75 mean_abs_feat_delta = 0.235941\n"}
,{"stream_name":"stdout","time":2983.728334965,"data":"EDGE_TTA_ACTIVE views = 8 mean_abs_feat_delta = 0.203205\n"}
,{"stream_name":"stdout","time":2984.754430203,"data":"SECONDARY_EDGE_TTA_ACTIVE views = 8 weight = 0.75 mean_abs_feat_delta = 0.235451\n"}
,{"stream_name":"stdout","time":2985.874689631,"data":"EDGE_TTA_ACTIVE views = 8 mean_abs_feat_delta = 0.20415\n"}
,{"stream_name":"stdout","time":2986.906722557,"data":"SECONDARY_EDGE_TTA_ACTIVE views = 8 weight = 0.75 mean_abs_feat_delta = 0.232827\n"}
,{"stream_name":"stdout","time":2988.003191935,"data":"EDGE_TTA_ACTIVE views = 8 mean_abs_feat_delta = 0.203201\n"}
,{"stream_name":"stdout","time":2989.036214801,"data":"SECONDARY_EDGE_TTA_ACTIVE views = 8 weight = 0.75 mean_abs_feat_delta = 0.235531\n"}
,{"stream_name":"stdout","time":2990.177380771,"data":"EDGE_TTA_ACTIVE views = 8 mean_abs_feat_delta = 0.200058\n"}
,{"stream_name":"stdout","time":2991.208720217,"data":"SECONDARY_EDGE_TTA_ACTIVE views = 8 weight = 0.75 mean_abs_feat_delta = 0.232285\n"}
,{"stream_name":"stdout","time":2992.382667716,"data":"EDGE_TTA_ACTIVE views = 8 mean_abs_feat_delta = 0.200311\n"}
,{"stream_name":"stdout","time":2993.414309969,"data":"SECONDARY_EDGE_TTA_ACTIVE views = 8 weight = 0.75 mean_abs_feat_delta = 0.230336\n"}
,{"stream_name":"stdout","time":2994.560063385,"data":"EDGE_TTA_ACTIVE views = 8 mean_abs_feat_delta = 0.198058\n"}
,{"stream_name":"stdout","time":2995.590390106,"data":"SECONDARY_EDGE_TTA_ACTIVE views = 8 weight = 0.75 mean_abs_feat_delta = 0.230028\n"}
,{"stream_name":"stdout","time":2996.736451595,"data":"EDGE_TTA_ACTIVE views = 8 mean_abs_feat_delta = 0.197678\n"}
,{"stream_name":"stdout","time":2997.76595299,"data":"SECONDARY_EDGE_TTA_ACTIVE views = 8 weight = 0.75 mean_abs_feat_delta = 0.22852\n"}
,{"stream_name":"stdout","time":2998.912359438,"data":"EDGE_TTA_ACTIVE views = 8 mean_abs_feat_delta = 0.199775\n"}
,{"stream_name":"stdout","time":2999.940636646,"data":"SECONDARY_EDGE_TTA_ACTIVE views = 8 weight = 0.75 mean_abs_feat_delta = 0.229654\n"}
,{"stream_name":"stdout","time":2999.944355047,"data":"BIOHUB_RETENTION_GUARD {\"blended_candidates\": 65, \"dataset\": \"6bba_085bf656\", \"frame\": 84, \"minimum_retention\": 0.9, \"primary_candidates\": 73, \"retention\": 0.8904109589041096, \"use_primary\": true}\n"}
,{"stream_name":"stdout","time":3001.152814442,"data":"EDGE_TTA_ACTIVE views = 8 mean_abs_feat_delta = 0.202986\n"}
,{"stream_name":"stdout","time":3002.08959984,"data":"SECONDARY_EDGE_TTA_ACTIVE views = 8 weight = 0.75 mean_abs_feat_delta = 0.233875\n"}
,{"stream_name":"stdout","time":3003.239425949,"data":"EDGE_TTA_ACTIVE views = 8 mean_abs_feat_delta = 0.2048\n"}
,{"stream_name":"stdout","time":3004.271053281,"data":"SECONDARY_EDGE_TTA_ACTIVE views = 8 weight = 0.75 mean_abs_feat_delta = 0.236398\n"}
,{"stream_name":"stdout","time":3005.454031808,"data":"EDGE_TTA_ACTIVE views = 8 mean_abs_feat_delta = 0.205137\n"}
,{"stream_name":"stdout","time":3006.480735069,"data":"SECONDARY_EDGE_TTA_ACTIVE views = 8 weight = 0.75 mean_abs_feat_delta = 0.231312\n"}
,{"stream_name":"stdout","time":3007.608475268,"data":"EDGE_TTA_ACTIVE views = 8 mean_abs_feat_delta = 0.201742\n"}
,{"stream_name":"stdout","time":3008.634458205,"data":"SECONDARY_EDGE_TTA_ACTIVE views = 8 weight = 0.75 mean_abs_feat_delta = 0.231049\n"}
,{"stream_name":"stdout","time":3009.801304419,"data":"EDGE_TTA_ACTIVE views = 8 mean_abs_feat_delta = 0.198896\n"}
,{"stream_name":"stdout","time":3010.82973207,"data":"SECONDARY_EDGE_TTA_ACTIVE views = 8 weight = 0.75 mean_abs_feat_delta = 0.231387\n"}
,{"stream_name":"stdout","time":3012.005764675,"data":"EDGE_TTA_ACTIVE views = 8 mean_abs_feat_delta = 0.198315\n"}
,{"stream_name":"stdout","time":3013.031085278,"data":"SECONDARY_EDGE_TTA_ACTIVE views = 8 weight = 0.75 mean_abs_feat_delta = 0.228925\n"}
,{"stream_name":"stdout","time":3014.180120588,"data":"EDGE_TTA_ACTIVE views = 8 mean_abs_feat_delta = 0.196748\n"}
,{"stream_name":"stdout","time":3015.207962581,"data":"SECONDARY_EDGE_TTA_ACTIVE views = 8 weight = 0.75 mean_abs_feat_delta = 0.233001\n"}
,{"stream_name":"stdout","time":3016.414043077,"data":"EDGE_TTA_ACTIVE views = 8 mean_abs_feat_delta = 0.197441\n"}
,{"stream_name":"stdout","time":3017.440143656,"data":"SECONDARY_EDGE_TTA_ACTIVE views = 8 weight = 0.75 mean_abs_feat_delta = 0.231556\n"}
,{"stream_name":"stdout","time":3018.594127895,"data":"EDGE_TTA_ACTIVE views = 8 mean_abs_feat_delta = 0.197293\n"}
,{"stream_name":"stdout","time":3019.623825748,"data":"SECONDARY_EDGE_TTA_ACTIVE views = 8 weight = 0.75 mean_abs_feat_delta = 0.231264\n"}
,{"stream_name":"stdout","time":3020.798175806,"data":"EDGE_TTA_ACTIVE views = 8 mean_abs_feat_delta = 0.196746\n"}
,{"stream_name":"stdout","time":3021.817813225,"data":"SECONDARY_EDGE_TTA_ACTIVE views = 8 weight = 0.75 mean_abs_feat_delta = 0.229436\n"}
,{"stream_name":"stdout","time":3022.967048715,"data":"EDGE_TTA_ACTIVE views = 8 mean_abs_feat_delta = 0.198037\n"}
,{"stream_name":"stdout","time":3023.994189727,"data":"SECONDARY_EDGE_TTA_ACTIVE views = 8 weight = 0.75 mean_abs_feat_delta = 0.229138\n"}
,{"stream_name":"stdout","time":3025.139273859,"data":"EDGE_TTA_ACTIVE views = 8 mean_abs_feat_delta = 0.200089\n"}
,{"stream_name":"stdout","time":3026.167887206,"data":"SECONDARY_EDGE_TTA_ACTIVE views = 8 weight = 0.75 mean_abs_feat_delta = 0.22983\n"}
,{"stream_name":"stdout","time":3027.345401706,"data":"EDGE_TTA_ACTIVE views = 8 mean_abs_feat_delta = 0.197363\n"}
,{"stream_name":"stdout","time":3028.371595617,"data":"SECONDARY_EDGE_TTA_ACTIVE views = 8 weight = 0.75 mean_abs_feat_delta = 0.230204\n"}
,{"stream_name":"stdout","time":3029.519518593,"data":"EDGE_TTA_ACTIVE views = 8 mean_abs_feat_delta = 0.194095\n"}
,{"stream_name":"stdout","time":3030.546126676,"data":"SECONDARY_EDGE_TTA_ACTIVE views = 8 weight = 0.75 mean_abs_feat_delta = 0.230942\n"}
,{"stream_name":"stdout","time":3031.77938027,"data":"EDGE_TTA_ACTIVE views = 8 mean_abs_feat_delta = 0.191974\n"}
,{"stream_name":"stdout","time":3032.712956706,"data":"SECONDARY_EDGE_TTA_ACTIVE views = 8 weight = 0.75 mean_abs_feat_delta = 0.226047\n"}
,{"stream_name":"stdout","time":3040.02039613,"data":"Saved 4 predictions to /kaggle/working/tracking_repo/predictions/unknown/unet_transformer_val_gpu0/split_0\n"}
,{"stream_name":"stdout","time":3041.768266679,"data":"VALIDATOR prediction minutes: 18.1\n"}
,{"stream_name":"stdout","time":3158.977091952,"data":"[44b6_12dfb391] after edge-filter+motion-relink: 60929 nodes, 58962 edges\n"}
,{"stream_name":"stdout","time":3170.160681684,"data":"[44b6_12dfb391] after gap-closing (single-frame + gap2): 61314 nodes, 59665 edges\n"}
,{"stream_name":"stdout","time":3200.480937908,"data":"[44b6_12dfb391] after safe-division repair: 61314 nodes, 59723 edges (geometric_candidates = 231, deepcenter_rejected = 173, post_veto_candidates = 58, added = 58, cap_skipped = 0, mutual_nn_rejected = 70, divergence_rejected = 1797)\n"}
,{"stream_name":"stdout","time":3200.48101284,"data":"[44b6_12dfb391] after division-geometry-filter+prune-isolated: 61312 nodes, 59723 edges\n"}
,{"stream_name":"stdout","time":3200.481021373,"data":"[44b6_12dfb391] after short-track filtering: 60700 nodes, 59248 edges (components_removed = 137)\n"}
,{"stream_name":"stdout","time":3212.043294219,"data":"[44b6_12dfb391] FINAL: 60700 nodes, 59248 edges\n"}
,{"stream_name":"stdout","time":3231.699277027,"data":"[44b6_267148e4] after edge-filter+motion-relink: 24677 nodes, 23147 edges\n"}
,{"stream_name":"stdout","time":3244.634107034,"data":"[44b6_267148e4] after gap-closing (single-frame + gap2): 24953 nodes, 23652 edges\n"}
,{"stream_name":"stdout","time":3271.777973523,"data":"[44b6_267148e4] after safe-division repair: 24953 nodes, 23683 edges (geometric_candidates = 220, deepcenter_rejected = 180, post_veto_candidates = 40, added = 31, cap_skipped = 0, mutual_nn_rejected = 138, divergence_rejected = 1101)\n"}
,{"stream_name":"stdout","time":3271.778010444,"data":"[44b6_267148e4] after division-geometry-filter+prune-isolated: 24944 nodes, 23683 edges\n"}
,{"stream_name":"stdout","time":3271.778016502,"data":"[44b6_267148e4] after short-track filtering: 24223 nodes, 23133 edges (components_removed = 171)\n"}
,{"stream_name":"stdout","time":3276.228627447,"data":"[44b6_267148e4] FINAL: 24223 nodes, 23133 edges\n"}
,{"stream_name":"stdout","time":3388.838879322,"data":"[44b6_2a2eff9f] after edge-filter+motion-relink: 60792 nodes, 57926 edges\n"}
,{"stream_name":"stdout","time":3404.201657039,"data":"[44b6_2a2eff9f] after gap-closing (single-frame + gap2): 61342 nodes, 58950 edges\n"}
,{"stream_name":"stdout","time":3438.896208901,"data":"[44b6_2a2eff9f] after safe-division repair: 61342 nodes, 58995 edges (geometric_candidates = 487, deepcenter_rejected = 442, post_veto_candidates = 45, added = 45, cap_skipped = 0, mutual_nn_rejected = 120, divergence_rejected = 2796)\n"}
,{"stream_name":"stdout","time":3438.89626507,"data":"[44b6_2a2eff9f] after division-geometry-filter+prune-isolated: 61341 nodes, 58995 edges\n"}
,{"stream_name":"stdout","time":3438.896274457,"data":"[44b6_2a2eff9f] after short-track filtering: 60207 nodes, 58114 edges (components_removed = 253)\n"}
,{"stream_name":"stdout","time":3450.432798494,"data":"[44b6_2a2eff9f] FINAL: 60207 nodes, 58114 edges\n"}
,{"stream_name":"stdout","time":3453.396160805,"data":"[44b6_341df25f] after edge-filter+motion-relink: 9247 nodes, 8890 edges\n"}
,{"stream_name":"stdout","time":3455.787484162,"data":"[44b6_341df25f] after gap-closing (single-frame + gap2): 9302 nodes, 8988 edges\n"}
,{"stream_name":"stdout","time":3466.220698794,"data":"[44b6_341df25f] after safe-division repair: 9302 nodes, 8999 edges (geometric_candidates = 40, deepcenter_rejected = 28, post_veto_candidates = 12, added = 11, cap_skipped = 0, mutual_nn_rejected = 5, divergence_rejected = 162)\n"}
,{"stream_name":"stdout","time":3466.220753137,"data":"[44b6_341df25f] after division-geometry-filter+prune-isolated: 9298 nodes, 8999 edges\n"}
,{"stream_name":"stdout","time":3466.220758833,"data":"[44b6_341df25f] after short-track filtering: 9156 nodes, 8889 edges (components_removed = 32)\n"}
,{"stream_name":"stdout","time":3467.908009237,"data":"[44b6_341df25f] FINAL: 9156 nodes, 8889 edges\n"}
,{"stream_name":"stdout","time":3470.190190813,"data":"[6bba_062c8d37] after edge-filter+motion-relink: 7872 nodes, 7354 edges\n"}
,{"stream_name":"stdout","time":3472.947950119,"data":"[6bba_062c8d37] after gap-closing (single-frame + gap2): 7958 nodes, 7505 edges\n"}
,{"stream_name":"stdout","time":3479.068430304,"data":"[6bba_062c8d37] after safe-division repair: 7958 nodes, 7509 edges (geometric_candidates = 23, deepcenter_rejected = 19, post_veto_candidates = 4, added = 4, cap_skipped = 0, mutual_nn_rejected = 7, divergence_rejected = 130)\n"}
,{"stream_name":"stdout","time":3479.068486814,"data":"[6bba_062c8d37] after division-geometry-filter+prune-isolated: 7942 nodes, 7509 edges\n"}
,{"stream_name":"stdout","time":3479.068493641,"data":"[6bba_062c8d37] after short-track filtering: 7579 nodes, 7234 edges (components_removed = 88)\n"}
,{"stream_name":"stdout","time":3480.535134331,"data":"[6bba_062c8d37] FINAL: 7579 nodes, 7234 edges\n"}
,{"stream_name":"stdout","time":3550.636127118,"data":"[6bba_07e24132] after edge-filter+motion-relink: 47682 nodes, 45345 edges\n"}
,{"stream_name":"stdout","time":3566.855839121,"data":"[6bba_07e24132] after gap-closing (single-frame + gap2): 48169 nodes, 46251 edges\n"}
,{"stream_name":"stdout","time":3595.259777392,"data":"[6bba_07e24132] after safe-division repair: 48169 nodes, 46263 edges (geometric_candidates = 308, deepcenter_rejected = 296, post_veto_candidates = 12, added = 12, cap_skipped = 0, mutual_nn_rejected = 168, divergence_rejected = 2023)\n"}
,{"stream_name":"stdout","time":3595.259833934,"data":"[6bba_07e24132] after division-geometry-filter+prune-isolated: 48165 nodes, 46263 edges\n"}
,{"stream_name":"stdout","time":3595.259841511,"data":"[6bba_07e24132] after short-track filtering: 47020 nodes, 45372 edges (components_removed = 254)\n"}
,{"stream_name":"stdout","time":3604.169684564,"data":"[6bba_07e24132] FINAL: 47020 nodes, 45372 edges\n"}
,{"stream_name":"stdout","time":3607.086226543,"data":"[6bba_085bf656] after edge-filter+motion-relink: 9044 nodes, 8666 edges\n"}
,{"stream_name":"stdout","time":3608.193025234,"data":"[6bba_085bf656] after gap-closing (single-frame + gap2): 9073 nodes, 8717 edges\n"}
,{"stream_name":"stdout","time":3617.594024207,"data":"[6bba_085bf656] after safe-division repair: 9073 nodes, 8726 edges (geometric_candidates = 36, deepcenter_rejected = 27, post_veto_candidates = 9, added = 9, cap_skipped = 0, mutual_nn_rejected = 5, divergence_rejected = 125)\n"}
,{"stream_name":"stdout","time":3617.594072238,"data":"[6bba_085bf656] after division-geometry-filter+prune-isolated: 9067 nodes, 8726 edges\n"}
,{"stream_name":"stdout","time":3617.59407998,"data":"[6bba_085bf656] after short-track filtering: 8874 nodes, 8578 edges (components_removed = 45)\n"}
,{"stream_name":"stdout","time":3619.258513254,"data":"[6bba_085bf656] FINAL: 8874 nodes, 8578 edges\n"}
,{"stream_name":"stdout","time":3649.271089653,"data":"[6bba_09961292] after edge-filter+motion-relink: 31238 nodes, 30026 edges\n"}
,{"stream_name":"stdout","time":3656.308032031,"data":"[6bba_09961292] after gap-closing (single-frame + gap2): 31502 nodes, 30516 edges\n"}
,{"stream_name":"stdout","time":3675.483949034,"data":"[6bba_09961292] after safe-division repair: 31502 nodes, 30539 edges (geometric_candidates = 109, deepcenter_rejected = 84, post_veto_candidates = 25, added = 23, cap_skipped = 0, mutual_nn_rejected = 49, divergence_rejected = 1064)\n"}
,{"stream_name":"stdout","time":3675.484021695,"data":"[6bba_09961292] after division-geometry-filter+prune-isolated: 31500 nodes, 30539 edges\n"}
,{"stream_name":"stdout","time":3675.484030368,"data":"[6bba_09961292] after short-track filtering: 31114 nodes, 30239 edges (components_removed = 86)\n"}
,{"stream_name":"stdout","time":3681.543071659,"data":"[6bba_09961292] FINAL: 31114 nodes, 30239 edges\n"}
,{"stream_name":"stdout","time":3681.543109206,"data":"VALIDATOR base proxy: 0.920706\n"}
,{"stream_name":"stdout","time":3681.543116694,"data":"VALIDATOR base adjusted edge: 0.895706\n"}
,{"stream_name":"stdout","time":3795.988050157,"data":"[44b6_12dfb391] after edge-filter+motion-relink: 60929 nodes, 58962 edges\n"}
,{"stream_name":"stdout","time":3802.629270328,"data":"[44b6_12dfb391] after gap-closing (single-frame + gap2): 61305 nodes, 59646 edges\n"}
,{"stream_name":"stdout","time":3833.355775021,"data":"[44b6_12dfb391] after safe-division repair: 61305 nodes, 59705 edges (geometric_candidates = 232, deepcenter_rejected = 173, post_veto_candidates = 59, added = 59, cap_skipped = 0, mutual_nn_rejected = 70, divergence_rejected = 1820)\n"}
,{"stream_name":"stdout","time":3833.355823925,"data":"[44b6_12dfb391] after division-geometry-filter+prune-isolated: 61303 nodes, 59705 edges\n"}
,{"stream_name":"stdout","time":3833.355830417,"data":"[44b6_12dfb391] after short-track filtering: 60682 nodes, 59223 edges (components_removed = 139)\n"}
,{"stream_name":"stdout","time":3844.5563867,"data":"[44b6_12dfb391] FINAL: 60682 nodes, 59223 edges\n"}
,{"stream_name":"stdout","time":3864.346091886,"data":"[44b6_267148e4] after edge-filter+motion-relink: 24677 nodes, 23147 edges\n"}
,{"stream_name":"stdout","time":3872.711479608,"data":"[44b6_267148e4] after gap-closing (single-frame + gap2): 24948 nodes, 23642 edges\n"}
,{"stream_name":"stdout","time":3899.720654969,"data":"[44b6_267148e4] after safe-division repair: 24948 nodes, 23673 edges (geometric_candidates = 222, deepcenter_rejected = 182, post_veto_candidates = 40, added = 31, cap_skipped = 0, mutual_nn_rejected = 140, divergence_rejected = 1107)\n"}
,{"stream_name":"stdout","time":3899.720695209,"data":"[44b6_267148e4] after division-geometry-filter+prune-isolated: 24939 nodes, 23673 edges\n"}
,{"stream_name":"stdout","time":3899.720711643,"data":"[44b6_267148e4] after short-track filtering: 24216 nodes, 23122 edges (components_removed = 172)\n"}
,{"stream_name":"stdout","time":3904.315561235,"data":"[44b6_267148e4] FINAL: 24216 nodes, 23122 edges\n"}
,{"stream_name":"stdout","time":4015.243287351,"data":"[44b6_2a2eff9f] after edge-filter+motion-relink: 60792 nodes, 57926 edges\n"}
,{"stream_name":"stdout","time":4024.104079956,"data":"[44b6_2a2eff9f] after gap-closing (single-frame + gap2): 61336 nodes, 58938 edges\n"}
,{"stream_name":"stdout","time":4058.672462841,"data":"[44b6_2a2eff9f] after safe-division repair: 61336 nodes, 58983 edges (geometric_candidates = 487, deepcenter_rejected = 442, post_veto_candidates = 45, added = 45, cap_skipped = 0, mutual_nn_rejected = 120, divergence_rejected = 2812)\n"}
,{"stream_name":"stdout","time":4058.672501034,"data":"[44b6_2a2eff9f] after division-geometry-filter+prune-isolated: 61335 nodes, 58983 edges\n"}
,{"stream_name":"stdout","time":4058.672506552,"data":"[44b6_2a2eff9f] after short-track filtering: 60193 nodes, 58096 edges (components_removed = 255)\n"}
,{"stream_name":"stdout","time":4069.932933748,"data":"[44b6_2a2eff9f] FINAL: 60193 nodes, 58096 edges\n"}
,{"stream_name":"stdout","time":4072.848933638,"data":"[44b6_341df25f] after edge-filter+motion-relink: 9247 nodes, 8890 edges\n"}
,{"stream_name":"stdout","time":4073.878159721,"data":"[44b6_341df25f] after gap-closing (single-frame + gap2): 9302 nodes, 8988 edges\n"}
,{"stream_name":"stdout","time":4084.205662964,"data":"[44b6_341df25f] after safe-division repair: 9302 nodes, 8999 edges (geometric_candidates = 40, deepcenter_rejected = 28, post_veto_candidates = 12, added = 11, cap_skipped = 0, mutual_nn_rejected = 5, divergence_rejected = 162)\n"}
,{"stream_name":"stdout","time":4084.205712211,"data":"[44b6_341df25f] after division-geometry-filter+prune-isolated: 9298 nodes, 8999 edges\n"}
,{"stream_name":"stdout","time":4084.205719048,"data":"[44b6_341df25f] after short-track filtering: 9156 nodes, 8889 edges (components_removed = 32)\n"}
,{"stream_name":"stdout","time":4085.807525934,"data":"[44b6_341df25f] FINAL: 9156 nodes, 8889 edges\n"}
,{"stream_name":"stdout","time":4087.901152798,"data":"[6bba_062c8d37] after edge-filter+motion-relink: 7872 nodes, 7354 edges\n"}
,{"stream_name":"stdout","time":4089.827521406,"data":"[6bba_062c8d37] after gap-closing (single-frame + gap2): 7958 nodes, 7505 edges\n"}
,{"stream_name":"stdout","time":4096.115590564,"data":"[6bba_062c8d37] after safe-division repair: 7958 nodes, 7509 edges (geometric_candidates = 23, deepcenter_rejected = 19, post_veto_candidates = 4, added = 4, cap_skipped = 0, mutual_nn_rejected = 7, divergence_rejected = 130)\n"}
,{"stream_name":"stdout","time":4096.115651195,"data":"[6bba_062c8d37] after division-geometry-filter+prune-isolated: 7942 nodes, 7509 edges\n"}
,{"stream_name":"stdout","time":4096.115659296,"data":"[6bba_062c8d37] after short-track filtering: 7579 nodes, 7234 edges (components_removed = 88)\n"}
,{"stream_name":"stdout","time":4097.732353199,"data":"[6bba_062c8d37] FINAL: 7579 nodes, 7234 edges\n"}
,{"stream_name":"stdout","time":4166.321012367,"data":"[6bba_07e24132] after edge-filter+motion-relink: 47682 nodes, 45345 edges\n"}
,{"stream_name":"stdout","time":4175.088095812,"data":"[6bba_07e24132] after gap-closing (single-frame + gap2): 48162 nodes, 46237 edges\n"}
,{"stream_name":"stdout","time":4203.93833591,"data":"[6bba_07e24132] after safe-division repair: 48162 nodes, 46249 edges (geometric_candidates = 309, deepcenter_rejected = 297, post_veto_candidates = 12, added = 12, cap_skipped = 0, mutual_nn_rejected = 170, divergence_rejected = 2038)\n"}
,{"stream_name":"stdout","time":4203.938392804,"data":"[6bba_07e24132] after division-geometry-filter+prune-isolated: 48158 nodes, 46249 edges\n"}
,{"stream_name":"stdout","time":4203.938399567,"data":"[6bba_07e24132] after short-track filtering: 47005 nodes, 45352 edges (components_removed = 256)\n"}
,{"stream_name":"stdout","time":4212.691823094,"data":"[6bba_07e24132] FINAL: 47005 nodes, 45352 edges\n"}
,{"stream_name":"stdout","time":4215.580185052,"data":"[6bba_085bf656] after edge-filter+motion-relink: 9044 nodes, 8666 edges\n"}
,{"stream_name":"stdout","time":4216.346199477,"data":"[6bba_085bf656] after gap-closing (single-frame + gap2): 9073 nodes, 8717 edges\n"}
,{"stream_name":"stdout","time":4226.291666053,"data":"[6bba_085bf656] after safe-division repair: 9073 nodes, 8726 edges (geometric_candidates = 36, deepcenter_rejected = 27, post_veto_candidates = 9, added = 9, cap_skipped = 0, mutual_nn_rejected = 5, divergence_rejected = 125)\n"}
,{"stream_name":"stdout","time":4226.291717515,"data":"[6bba_085bf656] after division-geometry-filter+prune-isolated: 9067 nodes, 8726 edges\n"}
,{"stream_name":"stdout","time":4226.29172565,"data":"[6bba_085bf656] after short-track filtering: 8874 nodes, 8578 edges (components_removed = 45)\n"}
,{"stream_name":"stdout","time":4228.160491199,"data":"[6bba_085bf656] FINAL: 8874 nodes, 8578 edges\n"}
,{"stream_name":"stdout","time":4257.782282004,"data":"[6bba_09961292] after edge-filter+motion-relink: 31238 nodes, 30026 edges\n"}
,{"stream_name":"stdout","time":4263.153091456,"data":"[6bba_09961292] after gap-closing (single-frame + gap2): 31496 nodes, 30504 edges\n"}
,{"stream_name":"stdout","time":4282.208490343,"data":"[6bba_09961292] after safe-division repair: 31496 nodes, 30529 edges (geometric_candidates = 111, deepcenter_rejected = 84, post_veto_candidates = 27, added = 25, cap_skipped = 0, mutual_nn_rejected = 50, divergence_rejected = 1077)\n"}
,{"stream_name":"stdout","time":4282.208542687,"data":"[6bba_09961292] after division-geometry-filter+prune-isolated: 31494 nodes, 30529 edges\n"}
,{"stream_name":"stdout","time":4282.208547645,"data":"[6bba_09961292] after short-track filtering: 31108 nodes, 30229 edges (components_removed = 86)\n"}
,{"stream_name":"stdout","time":4288.327323682,"data":"[6bba_09961292] FINAL: 31108 nodes, 30229 edges\n"}
,{"stream_name":"stdout","time":4288.327378093,"data":"VALIDATOR candidate: gap45 proxy = 0.920721 adjusted edge = 0.895721\n"}
,{"stream_name":"stdout","time":4402.604158231,"data":"[44b6_12dfb391] after edge-filter+motion-relink: 60929 nodes, 58959 edges\n"}
,{"stream_name":"stdout","time":4413.98698685,"data":"[44b6_12dfb391] after gap-closing (single-frame + gap2): 61316 nodes, 59665 edges\n"}
,{"stream_name":"stdout","time":4444.918001783,"data":"[44b6_12dfb391] after safe-division repair: 61316 nodes, 59723 edges (geometric_candidates = 234, deepcenter_rejected = 176, post_veto_candidates = 58, added = 58, cap_skipped = 0, mutual_nn_rejected = 69, divergence_rejected = 1802)\n"}
,{"stream_name":"stdout","time":4444.91804683,"data":"[44b6_12dfb391] after division-geometry-filter+prune-isolated: 61315 nodes, 59723 edges\n"}
,{"stream_name":"stdout","time":4444.91805507,"data":"[44b6_12dfb391] after short-track filtering: 60703 nodes, 59248 edges (components_removed = 137)\n"}
,{"stream_name":"stdout","time":4456.646658634,"data":"[44b6_12dfb391] FINAL: 60703 nodes, 59248 edges\n"}
,{"stream_name":"stdout","time":4476.768712126,"data":"[44b6_267148e4] after edge-filter+motion-relink: 24677 nodes, 23149 edges\n"}
,{"stream_name":"stdout","time":4489.197870949,"data":"[44b6_267148e4] after gap-closing (single-frame + gap2): 24952 nodes, 23652 edges\n"}
,{"stream_name":"stdout","time":4516.097363088,"data":"[44b6_267148e4] after safe-division repair: 24952 nodes, 23682 edges (geometric_candidates = 222, deepcenter_rejected = 180, post_veto_candidates = 42, added = 30, cap_skipped = 0, mutual_nn_rejected = 132, divergence_rejected = 1103)\n"}
,{"stream_name":"stdout","time":4516.097450425,"data":"[44b6_267148e4] after division-geometry-filter+prune-isolated: 24943 nodes, 23682 edges\n"}
,{"stream_name":"stdout","time":4516.097459088,"data":"[44b6_267148e4] after short-track filtering: 24212 nodes, 23123 edges (components_removed = 172)\n"}
,{"stream_name":"stdout","time":4520.69563279,"data":"[44b6_267148e4] FINAL: 24212 nodes, 23123 edges\n"}
,{"stream_name":"stdout","time":4633.096309398,"data":"[44b6_2a2eff9f] after edge-filter+motion-relink: 60792 nodes, 57924 edges\n"}
,{"stream_name":"stdout","time":4648.330662577,"data":"[44b6_2a2eff9f] after gap-closing (single-frame + gap2): 61345 nodes, 58954 edges\n"}
,{"stream_name":"stdout","time":4682.89028337,"data":"[44b6_2a2eff9f] after safe-division repair: 61345 nodes, 58999 edges (geometric_candidates = 491, deepcenter_rejected = 446, post_veto_candidates = 45, added = 45, cap_skipped = 0, mutual_nn_rejected = 120, divergence_rejected = 2793)\n"}
,{"stream_name":"stdout","time":4682.890355391,"data":"[44b6_2a2eff9f] after division-geometry-filter+prune-isolated: 61344 nodes, 58999 edges\n"}
,{"stream_name":"stdout","time":4682.890363433,"data":"[44b6_2a2eff9f] after short-track filtering: 60210 nodes, 58118 edges (components_removed = 253)\n"}
,{"stream_name":"stdout","time":4694.85085645,"data":"[44b6_2a2eff9f] FINAL: 60210 nodes, 58118 edges\n"}
,{"stream_name":"stdout","time":4697.798963812,"data":"[44b6_341df25f] after edge-filter+motion-relink: 9247 nodes, 8890 edges\n"}
,{"stream_name":"stdout","time":4700.196051285,"data":"[44b6_341df25f] after gap-closing (single-frame + gap2): 9302 nodes, 8988 edges\n"}
,{"stream_name":"stdout","time":4710.564978346,"data":"[44b6_341df25f] after safe-division repair: 9302 nodes, 8999 edges (geometric_candidates = 40, deepcenter_rejected = 28, post_veto_candidates = 12, added = 11, cap_skipped = 0, mutual_nn_rejected = 5, divergence_rejected = 162)\n"}
,{"stream_name":"stdout","time":4710.565056795,"data":"[44b6_341df25f] after division-geometry-filter+prune-isolated: 9298 nodes, 8999 edges\n"}
,{"stream_name":"stdout","time":4710.565061669,"data":"[44b6_341df25f] after short-track filtering: 9156 nodes, 8889 edges (components_removed = 32)\n"}
,{"stream_name":"stdout","time":4712.339309023,"data":"[44b6_341df25f] FINAL: 9156 nodes, 8889 edges\n"}
,{"stream_name":"stdout","time":4714.603985796,"data":"[6bba_062c8d37] after edge-filter+motion-relink: 7872 nodes, 7360 edges\n"}
,{"stream_name":"stdout","time":4717.273682997,"data":"[6bba_062c8d37] after gap-closing (single-frame + gap2): 7956 nodes, 7508 edges\n"}
,{"stream_name":"stdout","time":4723.001581413,"data":"[6bba_062c8d37] after safe-division repair: 7956 nodes, 7512 edges (geometric_candidates = 22, deepcenter_rejected = 18, post_veto_candidates = 4, added = 4, cap_skipped = 0, mutual_nn_rejected = 6, divergence_rejected = 125)\n"}
,{"stream_name":"stdout","time":4723.001646276,"data":"[6bba_062c8d37] after division-geometry-filter+prune-isolated: 7940 nodes, 7512 edges\n"}
,{"stream_name":"stdout","time":4723.001655781,"data":"[6bba_062c8d37] after short-track filtering: 7582 nodes, 7241 edges (components_removed = 87)\n"}
,{"stream_name":"stdout","time":4724.461276995,"data":"[6bba_062c8d37] FINAL: 7582 nodes, 7241 edges\n"}
,{"stream_name":"stdout","time":4794.284094431,"data":"[6bba_07e24132] after edge-filter+motion-relink: 47682 nodes, 45345 edges\n"}
,{"stream_name":"stdout","time":4810.443409781,"data":"[6bba_07e24132] after gap-closing (single-frame + gap2): 48170 nodes, 46253 edges\n"}
,{"stream_name":"stdout","time":4838.909243688,"data":"[6bba_07e24132] after safe-division repair: 48170 nodes, 46265 edges (geometric_candidates = 315, deepcenter_rejected = 303, post_veto_candidates = 12, added = 12, cap_skipped = 0, mutual_nn_rejected = 171, divergence_rejected = 2012)\n"}
,{"stream_name":"stdout","time":4838.909361841,"data":"[6bba_07e24132] after division-geometry-filter+prune-isolated: 48164 nodes, 46265 edges\n"}
,{"stream_name":"stdout","time":4838.909369889,"data":"[6bba_07e24132] after short-track filtering: 47025 nodes, 45379 edges (components_removed = 253)\n"}
,{"stream_name":"stdout","time":4847.660293502,"data":"[6bba_07e24132] FINAL: 47025 nodes, 45379 edges\n"}
,{"stream_name":"stdout","time":4850.559924733,"data":"[6bba_085bf656] after edge-filter+motion-relink: 9044 nodes, 8666 edges\n"}
,{"stream_name":"stdout","time":4851.747756993,"data":"[6bba_085bf656] after gap-closing (single-frame + gap2): 9073 nodes, 8717 edges\n"}
,{"stream_name":"stdout","time":4861.138513501,"data":"[6bba_085bf656] after safe-division repair: 9073 nodes, 8726 edges (geometric_candidates = 36, deepcenter_rejected = 27, post_veto_candidates = 9, added = 9, cap_skipped = 0, mutual_nn_rejected = 5, divergence_rejected = 124)\n"}
,{"stream_name":"stdout","time":4861.138564991,"data":"[6bba_085bf656] after division-geometry-filter+prune-isolated: 9067 nodes, 8726 edges\n"}
,{"stream_name":"stdout","time":4861.138572469,"data":"[6bba_085bf656] after short-track filtering: 8874 nodes, 8578 edges (components_removed = 45)\n"}
,{"stream_name":"stdout","time":4862.78997719,"data":"[6bba_085bf656] FINAL: 8874 nodes, 8578 edges\n"}
,{"stream_name":"stdout","time":4892.679354156,"data":"[6bba_09961292] after edge-filter+motion-relink: 31238 nodes, 30027 edges\n"}
,{"stream_name":"stdout","time":4899.673293067,"data":"[6bba_09961292] after gap-closing (single-frame + gap2): 31504 nodes, 30522 edges\n"}
,{"stream_name":"stdout","time":4918.504142267,"data":"[6bba_09961292] after safe-division repair: 31504 nodes, 30545 edges (geometric_candidates = 108, deepcenter_rejected = 83, post_veto_candidates = 25, added = 23, cap_skipped = 0, mutual_nn_rejected = 46, divergence_rejected = 1069)\n"}
,{"stream_name":"stdout","time":4918.504191508,"data":"[6bba_09961292] after division-geometry-filter+prune-isolated: 31503 nodes, 30545 edges\n"}
,{"stream_name":"stdout","time":4918.504196216,"data":"[6bba_09961292] after short-track filtering: 31117 nodes, 30245 edges (components_removed = 86)\n"}
,{"stream_name":"stdout","time":4924.637738092,"data":"[6bba_09961292] FINAL: 31117 nodes, 30245 edges\n"}
,{"stream_name":"stdout","time":4924.637774624,"data":"VALIDATOR candidate: tight55 proxy = 0.921744 adjusted edge = 0.896744\n"}
,{"stream_name":"stdout","time":5037.159950836,"data":"[44b6_12dfb391] after edge-filter+motion-relink: 60929 nodes, 58936 edges\n"}
,{"stream_name":"stdout","time":5048.769685323,"data":"[44b6_12dfb391] after gap-closing (single-frame + gap2): 61329 nodes, 59668 edges\n"}
,{"stream_name":"stdout","time":5079.344651101,"data":"[44b6_12dfb391] after safe-division repair: 61329 nodes, 59727 edges (geometric_candidates = 237, deepcenter_rejected = 178, post_veto_candidates = 59, added = 59, cap_skipped = 0, mutual_nn_rejected = 71, divergence_rejected = 1821)\n"}
,{"stream_name":"stdout","time":5079.344699095,"data":"[44b6_12dfb391] after division-geometry-filter+prune-isolated: 61327 nodes, 59727 edges\n"}
,{"stream_name":"stdout","time":5079.344707358,"data":"[44b6_12dfb391] after short-track filtering: 60702 nodes, 59242 edges (components_removed = 140)\n"}
,{"stream_name":"stdout","time":5090.625807974,"data":"[44b6_12dfb391] FINAL: 60702 nodes, 59242 edges\n"}
,{"stream_name":"stdout","time":5110.227084909,"data":"[44b6_267148e4] after edge-filter+motion-relink: 24677 nodes, 23091 edges\n"}
,{"stream_name":"stdout","time":5122.927968724,"data":"[44b6_267148e4] after gap-closing (single-frame + gap2): 24965 nodes, 23619 edges\n"}
,{"stream_name":"stdout","time":5150.227910982,"data":"[44b6_267148e4] after safe-division repair: 24965 nodes, 23650 edges (geometric_candidates = 224, deepcenter_rejected = 184, post_veto_candidates = 40, added = 31, cap_skipped = 0, mutual_nn_rejected = 145, divergence_rejected = 1121)\n"}
,{"stream_name":"stdout","time":5150.227954481,"data":"[44b6_267148e4] after division-geometry-filter+prune-isolated: 24954 nodes, 23650 edges\n"}
,{"stream_name":"stdout","time":5150.227962257,"data":"[44b6_267148e4] after short-track filtering: 24184 nodes, 23065 edges (components_removed = 185)\n"}
,{"stream_name":"stdout","time":5154.76131345,"data":"[44b6_267148e4] FINAL: 24184 nodes, 23065 edges\n"}
,{"stream_name":"stdout","time":5266.178929267,"data":"[44b6_2a2eff9f] after edge-filter+motion-relink: 60792 nodes, 57891 edges\n"}
,{"stream_name":"stdout","time":5282.111913412,"data":"[44b6_2a2eff9f] after gap-closing (single-frame + gap2): 61352 nodes, 58933 edges\n"}
,{"stream_name":"stdout","time":5316.616326656,"data":"[44b6_2a2eff9f] after safe-division repair: 61352 nodes, 58980 edges (geometric_candidates = 498, deepcenter_rejected = 451, post_veto_candidates = 47, added = 47, cap_skipped = 0, mutual_nn_rejected = 124, divergence_rejected = 2831)\n"}
,{"stream_name":"stdout","time":5316.616366241,"data":"[44b6_2a2eff9f] after division-geometry-filter+prune-isolated: 61350 nodes, 58980 edges\n"}
,{"stream_name":"stdout","time":5316.616371831,"data":"[44b6_2a2eff9f] after short-track filtering: 60208 nodes, 58093 edges (components_removed = 255)\n"}
,{"stream_name":"stdout","time":5327.686675325,"data":"[44b6_2a2eff9f] FINAL: 60208 nodes, 58093 edges\n"}
,{"stream_name":"stdout","time":5330.605965094,"data":"[44b6_341df25f] after edge-filter+motion-relink: 9247 nodes, 8882 edges\n"}
,{"stream_name":"stdout","time":5332.976134176,"data":"[44b6_341df25f] after gap-closing (single-frame + gap2): 9306 nodes, 8987 edges\n"}
,{"stream_name":"stdout","time":5343.197282893,"data":"[44b6_341df25f] after safe-division repair: 9306 nodes, 8998 edges (geometric_candidates = 40, deepcenter_rejected = 28, post_veto_candidates = 12, added = 11, cap_skipped = 0, mutual_nn_rejected = 5, divergence_rejected = 166)\n"}
,{"stream_name":"stdout","time":5343.197328933,"data":"[44b6_341df25f] after division-geometry-filter+prune-isolated: 9300 nodes, 8998 edges\n"}
,{"stream_name":"stdout","time":5343.19733615,"data":"[44b6_341df25f] after short-track filtering: 9153 nodes, 8884 edges (components_removed = 33)\n"}
,{"stream_name":"stdout","time":5344.864291009,"data":"[44b6_341df25f] FINAL: 9153 nodes, 8884 edges\n"}
,{"stream_name":"stdout","time":5347.124198032,"data":"[6bba_062c8d37] after edge-filter+motion-relink: 7872 nodes, 7330 edges\n"}
,{"stream_name":"stdout","time":5350.480957052,"data":"[6bba_062c8d37] after gap-closing (single-frame + gap2): 7961 nodes, 7486 edges\n"}
,{"stream_name":"stdout","time":5356.247413246,"data":"[6bba_062c8d37] after safe-division repair: 7961 nodes, 7490 edges (geometric_candidates = 22, deepcenter_rejected = 18, post_veto_candidates = 4, added = 4, cap_skipped = 0, mutual_nn_rejected = 7, divergence_rejected = 134)\n"}
,{"stream_name":"stdout","time":5356.247455432,"data":"[6bba_062c8d37] after division-geometry-filter+prune-isolated: 7943 nodes, 7490 edges\n"}
,{"stream_name":"stdout","time":5356.247461519,"data":"[6bba_062c8d37] after short-track filtering: 7557 nodes, 7200 edges (components_removed = 96)\n"}
,{"stream_name":"stdout","time":5357.701403173,"data":"[6bba_062c8d37] FINAL: 7557 nodes, 7200 edges\n"}
,{"stream_name":"stdout","time":5426.494918682,"data":"[6bba_07e24132] after edge-filter+motion-relink: 47682 nodes, 45288 edges\n"}
,{"stream_name":"stdout","time":5443.393704876,"data":"[6bba_07e24132] after gap-closing (single-frame + gap2): 48184 nodes, 46224 edges\n"}
,{"stream_name":"stdout","time":5471.834115759,"data":"[6bba_07e24132] after safe-division repair: 48184 nodes, 46236 edges (geometric_candidates = 312, deepcenter_rejected = 300, post_veto_candidates = 12, added = 12, cap_skipped = 0, mutual_nn_rejected = 169, divergence_rejected = 2069)\n"}
,{"stream_name":"stdout","time":5471.834157841,"data":"[6bba_07e24132] after division-geometry-filter+prune-isolated: 48178 nodes, 46236 edges\n"}
,{"stream_name":"stdout","time":5471.834165621,"data":"[6bba_07e24132] after short-track filtering: 46975 nodes, 45303 edges (components_removed = 270)\n"}
,{"stream_name":"stdout","time":5480.896308965,"data":"[6bba_07e24132] FINAL: 46975 nodes, 45303 edges\n"}
,{"stream_name":"stdout","time":5483.932973703,"data":"[6bba_085bf656] after edge-filter+motion-relink: 9044 nodes, 8657 edges\n"}
,{"stream_name":"stdout","time":5485.223373749,"data":"[6bba_085bf656] after gap-closing (single-frame + gap2): 9079 nodes, 8718 edges\n"}
,{"stream_name":"stdout","time":5494.924230164,"data":"[6bba_085bf656] after safe-division repair: 9079 nodes, 8727 edges (geometric_candidates = 36, deepcenter_rejected = 27, post_veto_candidates = 9, added = 9, cap_skipped = 0, mutual_nn_rejected = 5, divergence_rejected = 126)\n"}
,{"stream_name":"stdout","time":5494.924306954,"data":"[6bba_085bf656] after division-geometry-filter+prune-isolated: 9071 nodes, 8727 edges\n"}
,{"stream_name":"stdout","time":5494.924319244,"data":"[6bba_085bf656] after short-track filtering: 8877 nodes, 8579 edges (components_removed = 46)\n"}
,{"stream_name":"stdout","time":5496.613042403,"data":"[6bba_085bf656] FINAL: 8877 nodes, 8579 edges\n"}
,{"stream_name":"stdout","time":5526.86071953,"data":"[6bba_09961292] after edge-filter+motion-relink: 31238 nodes, 30003 edges\n"}
,{"stream_name":"stdout","time":5534.033398764,"data":"[6bba_09961292] after gap-closing (single-frame + gap2): 31512 nodes, 30512 edges\n"}
,{"stream_name":"stdout","time":5553.438397803,"data":"[6bba_09961292] after safe-division repair: 31512 nodes, 30537 edges (geometric_candidates = 112, deepcenter_rejected = 85, post_veto_candidates = 27, added = 25, cap_skipped = 0, mutual_nn_rejected = 53, divergence_rejected = 1079)\n"}
,{"stream_name":"stdout","time":5553.438458232,"data":"[6bba_09961292] after division-geometry-filter+prune-isolated: 31510 nodes, 30537 edges\n"}
,{"stream_name":"stdout","time":5553.438465877,"data":"[6bba_09961292] after short-track filtering: 31106 nodes, 30223 edges (components_removed = 90)\n"}
,{"stream_name":"stdout","time":5559.538064435,"data":"[6bba_09961292] FINAL: 31106 nodes, 30223 edges\n"}
,{"stream_name":"stdout","time":5559.690635929,"data":"VALIDATOR candidate: relaxed9 proxy = 0.92036 adjusted edge = 0.89683\n"}
,{"stream_name":"stdout","time":5674.277591621,"data":"[44b6_12dfb391] after edge-filter+motion-relink: 60929 nodes, 58964 edges\n"}
,{"stream_name":"stdout","time":5685.64408502,"data":"[44b6_12dfb391] after gap-closing (single-frame + gap2): 61315 nodes, 59669 edges\n"}
,{"stream_name":"stdout","time":5716.254527858,"data":"[44b6_12dfb391] after safe-division repair: 61315 nodes, 59726 edges (geometric_candidates = 230, deepcenter_rejected = 173, post_veto_candidates = 57, added = 57, cap_skipped = 0, mutual_nn_rejected = 70, divergence_rejected = 1792)\n"}
,{"stream_name":"stdout","time":5716.254564539,"data":"[44b6_12dfb391] after division-geometry-filter+prune-isolated: 61313 nodes, 59726 edges\n"}
,{"stream_name":"stdout","time":5716.254570721,"data":"[44b6_12dfb391] after short-track filtering: 60708 nodes, 59256 edges (components_removed = 135)\n"}
,{"stream_name":"stdout","time":5728.04958707,"data":"[44b6_12dfb391] FINAL: 60708 nodes, 59256 edges\n"}
,{"stream_name":"stdout","time":5748.29660348,"data":"[44b6_267148e4] after edge-filter+motion-relink: 24677 nodes, 23150 edges\n"}
,{"stream_name":"stdout","time":5760.79822662,"data":"[44b6_267148e4] after gap-closing (single-frame + gap2): 24952 nodes, 23653 edges\n"}
,{"stream_name":"stdout","time":5787.746351734,"data":"[44b6_267148e4] after safe-division repair: 24952 nodes, 23684 edges (geometric_candidates = 222, deepcenter_rejected = 181, post_veto_candidates = 41, added = 31, cap_skipped = 0, mutual_nn_rejected = 141, divergence_rejected = 1095)\n"}
,{"stream_name":"stdout","time":5787.746392613,"data":"[44b6_267148e4] after division-geometry-filter+prune-isolated: 24943 nodes, 23684 edges\n"}
,{"stream_name":"stdout","time":5787.746400375,"data":"[44b6_267148e4] after short-track filtering: 24221 nodes, 23132 edges (components_removed = 170)\n"}
,{"stream_name":"stdout","time":5792.350856949,"data":"[44b6_267148e4] FINAL: 24221 nodes, 23132 edges\n"}
,{"stream_name":"stdout","time":5905.698493178,"data":"[44b6_2a2eff9f] after edge-filter+motion-relink: 60792 nodes, 57926 edges\n"}
,{"stream_name":"stdout","time":5921.176715919,"data":"[44b6_2a2eff9f] after gap-closing (single-frame + gap2): 61342 nodes, 58950 edges\n"}
,{"stream_name":"stdout","time":5955.569245218,"data":"[44b6_2a2eff9f] after safe-division repair: 61342 nodes, 58995 edges (geometric_candidates = 487, deepcenter_rejected = 442, post_veto_candidates = 45, added = 45, cap_skipped = 0, mutual_nn_rejected = 120, divergence_rejected = 2797)\n"}
,{"stream_name":"stdout","time":5955.569315561,"data":"[44b6_2a2eff9f] after division-geometry-filter+prune-isolated: 61340 nodes, 58995 edges\n"}
,{"stream_name":"stdout","time":5955.569324679,"data":"[44b6_2a2eff9f] after short-track filtering: 60209 nodes, 58116 edges (components_removed = 252)\n"}
,{"stream_name":"stdout","time":5967.042353636,"data":"[44b6_2a2eff9f] FINAL: 60209 nodes, 58116 edges\n"}
,{"stream_name":"stdout","time":5970.049623654,"data":"[44b6_341df25f] after edge-filter+motion-relink: 9247 nodes, 8890 edges\n"}
,{"stream_name":"stdout","time":5972.429814787,"data":"[44b6_341df25f] after gap-closing (single-frame + gap2): 9302 nodes, 8988 edges\n"}
,{"stream_name":"stdout","time":5982.797554876,"data":"[44b6_341df25f] after safe-division repair: 9302 nodes, 8999 edges (geometric_candidates = 40, deepcenter_rejected = 28, post_veto_candidates = 12, added = 11, cap_skipped = 0, mutual_nn_rejected = 5, divergence_rejected = 162)\n"}
,{"stream_name":"stdout","time":5982.79760492,"data":"[44b6_341df25f] after division-geometry-filter+prune-isolated: 9298 nodes, 8999 edges\n"}
,{"stream_name":"stdout","time":5982.797613302,"data":"[44b6_341df25f] after short-track filtering: 9156 nodes, 8889 edges (components_removed = 32)\n"}
,{"stream_name":"stdout","time":5984.452775809,"data":"[44b6_341df25f] FINAL: 9156 nodes, 8889 edges\n"}
,{"stream_name":"stdout","time":5986.679208164,"data":"[6bba_062c8d37] after edge-filter+motion-relink: 7872 nodes, 7354 edges\n"}
,{"stream_name":"stdout","time":5989.227098973,"data":"[6bba_062c8d37] after gap-closing (single-frame + gap2): 7958 nodes, 7505 edges\n"}
,{"stream_name":"stdout","time":5995.249032729,"data":"[6bba_062c8d37] after safe-division repair: 7958 nodes, 7509 edges (geometric_candidates = 23, deepcenter_rejected = 19, post_veto_candidates = 4, added = 4, cap_skipped = 0, mutual_nn_rejected = 7, divergence_rejected = 130)\n"}
,{"stream_name":"stdout","time":5995.249083138,"data":"[6bba_062c8d37] after division-geometry-filter+prune-isolated: 7942 nodes, 7509 edges\n"}
,{"stream_name":"stdout","time":5995.249091358,"data":"[6bba_062c8d37] after short-track filtering: 7579 nodes, 7234 edges (components_removed = 88)\n"}
,{"stream_name":"stdout","time":5996.722998656,"data":"[6bba_062c8d37] FINAL: 7579 nodes, 7234 edges\n"}
,{"stream_name":"stdout","time":6065.754404926,"data":"[6bba_07e24132] after edge-filter+motion-relink: 47682 nodes, 45344 edges\n"}
,{"stream_name":"stdout","time":6081.718460477,"data":"[6bba_07e24132] after gap-closing (single-frame + gap2): 48169 nodes, 46250 edges\n"}
,{"stream_name":"stdout","time":6110.265406361,"data":"[6bba_07e24132] after safe-division repair: 48169 nodes, 46263 edges (geometric_candidates = 308, deepcenter_rejected = 295, post_veto_candidates = 13, added = 13, cap_skipped = 0, mutual_nn_rejected = 170, divergence_rejected = 2022)\n"}
,{"stream_name":"stdout","time":6110.265446821,"data":"[6bba_07e24132] after division-geometry-filter+prune-isolated: 48166 nodes, 46263 edges\n"}
,{"stream_name":"stdout","time":6110.265453862,"data":"[6bba_07e24132] after short-track filtering: 47024 nodes, 45374 edges (components_removed = 253)\n"}
,{"stream_name":"stdout","time":6119.07061699,"data":"[6bba_07e24132] FINAL: 47024 nodes, 45374 edges\n"}
,{"stream_name":"stdout","time":6122.19485624,"data":"[6bba_085bf656] after edge-filter+motion-relink: 9044 nodes, 8666 edges\n"}
,{"stream_name":"stdout","time":6123.332723325,"data":"[6bba_085bf656] after gap-closing (single-frame + gap2): 9073 nodes, 8717 edges\n"}
,{"stream_name":"stdout","time":6132.71521708,"data":"[6bba_085bf656] after safe-division repair: 9073 nodes, 8726 edges (geometric_candidates = 36, deepcenter_rejected = 27, post_veto_candidates = 9, added = 9, cap_skipped = 0, mutual_nn_rejected = 5, divergence_rejected = 125)\n"}
,{"stream_name":"stdout","time":6132.715282596,"data":"[6bba_085bf656] after division-geometry-filter+prune-isolated: 9067 nodes, 8726 edges\n"}
,{"stream_name":"stdout","time":6132.715292732,"data":"[6bba_085bf656] after short-track filtering: 8873 nodes, 8577 edges (components_removed = 45)\n"}
,{"stream_name":"stdout","time":6134.411412887,"data":"[6bba_085bf656] FINAL: 8873 nodes, 8577 edges\n"}
,{"stream_name":"stdout","time":6164.101512736,"data":"[6bba_09961292] after edge-filter+motion-relink: 31238 nodes, 30025 edges\n"}
,{"stream_name":"stdout","time":6171.22455939,"data":"[6bba_09961292] after gap-closing (single-frame + gap2): 31504 nodes, 30519 edges\n"}
,{"stream_name":"stdout","time":6190.741506063,"data":"[6bba_09961292] after safe-division repair: 31504 nodes, 30542 edges (geometric_candidates = 110, deepcenter_rejected = 85, post_veto_candidates = 25, added = 23, cap_skipped = 0, mutual_nn_rejected = 49, divergence_rejected = 1063)\n"}
,{"stream_name":"stdout","time":6190.741549641,"data":"[6bba_09961292] after division-geometry-filter+prune-isolated: 31502 nodes, 30542 edges\n"}
,{"stream_name":"stdout","time":6190.741556753,"data":"[6bba_09961292] after short-track filtering: 31111 nodes, 30238 edges (components_removed = 87)\n"}
,{"stream_name":"stdout","time":6196.590237781,"data":"[6bba_09961292] FINAL: 31111 nodes, 30238 edges\n"}
,{"stream_name":"stdout","time":6196.590288945,"data":"VALIDATOR candidate: bonus125 proxy = 0.920403 adjusted edge = 0.895403\n"}
,{"stream_name":"stdout","time":6309.134927879,"data":"[44b6_12dfb391] after edge-filter+motion-relink: 60929 nodes, 58962 edges\n"}
,{"stream_name":"stdout","time":6320.411841475,"data":"[44b6_12dfb391] after gap-closing (single-frame + gap2): 61314 nodes, 59665 edges\n"}
,{"stream_name":"stdout","time":6351.014789657,"data":"[44b6_12dfb391] after safe-division repair: 61314 nodes, 59723 edges (geometric_candidates = 231, deepcenter_rejected = 173, post_veto_candidates = 58, added = 58, cap_skipped = 0, mutual_nn_rejected = 70, divergence_rejected = 1797)\n"}
,{"stream_name":"stdout","time":6351.014833765,"data":"[44b6_12dfb391] after division-geometry-filter+prune-isolated: 61312 nodes, 59723 edges\n"}
,{"stream_name":"stdout","time":6351.014848866,"data":"[44b6_12dfb391] after short-track filtering: 60700 nodes, 59248 edges (components_removed = 137)\n"}
,{"stream_name":"stdout","time":6362.124047888,"data":"[44b6_12dfb391] FINAL: 60700 nodes, 59248 edges\n"}
,{"stream_name":"stdout","time":6381.717570694,"data":"[44b6_267148e4] after edge-filter+motion-relink: 24677 nodes, 23147 edges\n"}
,{"stream_name":"stdout","time":6394.895430674,"data":"[44b6_267148e4] after gap-closing (single-frame + gap2): 24953 nodes, 23652 edges\n"}
,{"stream_name":"stdout","time":6421.935418222,"data":"[44b6_267148e4] after safe-division repair: 24953 nodes, 23683 edges (geometric_candidates = 220, deepcenter_rejected = 180, post_veto_candidates = 40, added = 31, cap_skipped = 0, mutual_nn_rejected = 138, divergence_rejected = 1101)\n"}
,{"stream_name":"stdout","time":6421.935454672,"data":"[44b6_267148e4] after division-geometry-filter+prune-isolated: 24944 nodes, 23683 edges\n"}
,{"stream_name":"stdout","time":6421.935460849,"data":"[44b6_267148e4] after short-track filtering: 24223 nodes, 23133 edges (components_removed = 171)\n"}
,{"stream_name":"stdout","time":6426.208845829,"data":"[44b6_267148e4] FINAL: 24223 nodes, 23133 edges\n"}
,{"stream_name":"stdout","time":6536.663798344,"data":"[44b6_2a2eff9f] after edge-filter+motion-relink: 60792 nodes, 57926 edges\n"}
,{"stream_name":"stdout","time":6551.935024451,"data":"[44b6_2a2eff9f] after gap-closing (single-frame + gap2): 61342 nodes, 58950 edges\n"}
,{"stream_name":"stdout","time":6586.225025098,"data":"[44b6_2a2eff9f] after safe-division repair: 61342 nodes, 58995 edges (geometric_candidates = 487, deepcenter_rejected = 442, post_veto_candidates = 45, added = 45, cap_skipped = 0, mutual_nn_rejected = 120, divergence_rejected = 2796)\n"}
,{"stream_name":"stdout","time":6586.225067473,"data":"[44b6_2a2eff9f] after division-geometry-filter+prune-isolated: 61341 nodes, 58995 edges\n"}
,{"stream_name":"stdout","time":6586.225074998,"data":"[44b6_2a2eff9f] after short-track filtering: 60207 nodes, 58114 edges (components_removed = 253)\n"}
,{"stream_name":"stdout","time":6597.402061571,"data":"[44b6_2a2eff9f] FINAL: 60207 nodes, 58114 edges\n"}
,{"stream_name":"stdout","time":6600.310192032,"data":"[44b6_341df25f] after edge-filter+motion-relink: 9247 nodes, 8890 edges\n"}
,{"stream_name":"stdout","time":6602.753540212,"data":"[44b6_341df25f] after gap-closing (single-frame + gap2): 9302 nodes, 8988 edges\n"}
,{"stream_name":"stdout","time":6613.185961872,"data":"[44b6_341df25f] after safe-division repair: 9302 nodes, 8999 edges (geometric_candidates = 40, deepcenter_rejected = 28, post_veto_candidates = 12, added = 11, cap_skipped = 0, mutual_nn_rejected = 5, divergence_rejected = 162)\n"}
,{"stream_name":"stdout","time":6613.186012288,"data":"[44b6_341df25f] after division-geometry-filter+prune-isolated: 9298 nodes, 8999 edges\n"}
,{"stream_name":"stdout","time":6613.186020402,"data":"[44b6_341df25f] after short-track filtering: 9156 nodes, 8889 edges (components_removed = 32)\n"}
,{"stream_name":"stdout","time":6615.036706198,"data":"[44b6_341df25f] FINAL: 9156 nodes, 8889 edges\n"}
,{"stream_name":"stdout","time":6617.27191107,"data":"[6bba_062c8d37] after edge-filter+motion-relink: 7872 nodes, 7354 edges\n"}
,{"stream_name":"stdout","time":6619.873800662,"data":"[6bba_062c8d37] after gap-closing (single-frame + gap2): 7958 nodes, 7505 edges\n"}
,{"stream_name":"stdout","time":6625.910349176,"data":"[6bba_062c8d37] after safe-division repair: 7958 nodes, 7509 edges (geometric_candidates = 23, deepcenter_rejected = 19, post_veto_candidates = 4, added = 4, cap_skipped = 0, mutual_nn_rejected = 7, divergence_rejected = 130)\n"}
,{"stream_name":"stdout","time":6625.910394918,"data":"[6bba_062c8d37] after division-geometry-filter+prune-isolated: 7942 nodes, 7509 edges\n"}
,{"stream_name":"stdout","time":6625.910422741,"data":"[6bba_062c8d37] after short-track filtering: 7579 nodes, 7234 edges (components_removed = 88)\n"}
,{"stream_name":"stdout","time":6627.322167183,"data":"[6bba_062c8d37] FINAL: 7579 nodes, 7234 edges\n"}
,{"stream_name":"stdout","time":6696.015320249,"data":"[6bba_07e24132] after edge-filter+motion-relink: 47682 nodes, 45345 edges\n"}
,{"stream_name":"stdout","time":6711.852546429,"data":"[6bba_07e24132] after gap-closing (single-frame + gap2): 48169 nodes, 46251 edges\n"}
,{"stream_name":"stdout","time":6740.228710591,"data":"[6bba_07e24132] after safe-division repair: 48169 nodes, 46263 edges (geometric_candidates = 308, deepcenter_rejected = 296, post_veto_candidates = 12, added = 12, cap_skipped = 0, mutual_nn_rejected = 168, divergence_rejected = 2023)\n"}
,{"stream_name":"stdout","time":6740.228741221,"data":"[6bba_07e24132] after division-geometry-filter+prune-isolated: 48165 nodes, 46263 edges\n"}
,{"stream_name":"stdout","time":6740.228770853,"data":"[6bba_07e24132] after short-track filtering: 47020 nodes, 45372 edges (components_removed = 254)\n"}
,{"stream_name":"stdout","time":6748.96477628,"data":"[6bba_07e24132] FINAL: 47020 nodes, 45372 edges\n"}
,{"stream_name":"stdout","time":6751.918692475,"data":"[6bba_085bf656] after edge-filter+motion-relink: 9044 nodes, 8666 edges\n"}
,{"stream_name":"stdout","time":6753.085506348,"data":"[6bba_085bf656] after gap-closing (single-frame + gap2): 9073 nodes, 8717 edges\n"}
,{"stream_name":"stdout","time":6762.640539412,"data":"[6bba_085bf656] after safe-division repair: 9073 nodes, 8726 edges (geometric_candidates = 36, deepcenter_rejected = 27, post_veto_candidates = 9, added = 9, cap_skipped = 0, mutual_nn_rejected = 5, divergence_rejected = 125)\n"}
,{"stream_name":"stdout","time":6762.640667906,"data":"[6bba_085bf656] after division-geometry-filter+prune-isolated: 9067 nodes, 8726 edges\n"}
,{"stream_name":"stdout","time":6762.640682548,"data":"[6bba_085bf656] after short-track filtering: 8874 nodes, 8578 edges (components_removed = 45)\n"}
,{"stream_name":"stdout","time":6764.353336043,"data":"[6bba_085bf656] FINAL: 8874 nodes, 8578 edges\n"}
,{"stream_name":"stdout","time":6793.997191323,"data":"[6bba_09961292] after edge-filter+motion-relink: 31238 nodes, 30026 edges\n"}
,{"stream_name":"stdout","time":6800.896130647,"data":"[6bba_09961292] after gap-closing (single-frame + gap2): 31502 nodes, 30516 edges\n"}
,{"stream_name":"stdout","time":6819.96567564,"data":"[6bba_09961292] after safe-division repair: 31502 nodes, 30539 edges (geometric_candidates = 109, deepcenter_rejected = 84, post_veto_candidates = 25, added = 23, cap_skipped = 0, mutual_nn_rejected = 49, divergence_rejected = 1064)\n"}
,{"stream_name":"stdout","time":6819.965731348,"data":"[6bba_09961292] after division-geometry-filter+prune-isolated: 31500 nodes, 30539 edges\n"}
,{"stream_name":"stdout","time":6819.965736435,"data":"[6bba_09961292] after short-track filtering: 31114 nodes, 30239 edges (components_removed = 86)\n"}
,{"stream_name":"stdout","time":6826.080865043,"data":"[6bba_09961292] FINAL: 31114 nodes, 30239 edges\n"}
,{"stream_name":"stdout","time":6826.080898689,"data":"VALIDATOR candidate: gap2step40 proxy = 0.920706 adjusted edge = 0.895706\n"}
,{"stream_name":"stdout","time":6938.670593324,"data":"[44b6_12dfb391] after edge-filter+motion-relink: 60929 nodes, 58962 edges\n"}
,{"stream_name":"stdout","time":6949.703815995,"data":"[44b6_12dfb391] after gap-closing (single-frame + gap2): 61314 nodes, 59665 edges\n"}
,{"stream_name":"stdout","time":6980.105830669,"data":"[44b6_12dfb391] after safe-division repair: 61314 nodes, 59723 edges (geometric_candidates = 231, deepcenter_rejected = 173, post_veto_candidates = 58, added = 58, cap_skipped = 0, mutual_nn_rejected = 70, divergence_rejected = 1797)\n"}
,{"stream_name":"stdout","time":6980.105884846,"data":"[44b6_12dfb391] after division-geometry-filter+prune-isolated: 61312 nodes, 59723 edges\n"}
,{"stream_name":"stdout","time":6980.105891051,"data":"[44b6_12dfb391] after short-track filtering: 60700 nodes, 59248 edges (components_removed = 137)\n"}
,{"stream_name":"stdout","time":6991.60691531,"data":"[44b6_12dfb391] FINAL: 60700 nodes, 59248 edges\n"}
,{"stream_name":"stdout","time":7011.191434522,"data":"[44b6_267148e4] after edge-filter+motion-relink: 24677 nodes, 23147 edges\n"}
,{"stream_name":"stdout","time":7023.925388348,"data":"[44b6_267148e4] after gap-closing (single-frame + gap2): 24953 nodes, 23652 edges\n"}
,{"stream_name":"stdout","time":7050.82960553,"data":"[44b6_267148e4] after safe-division repair: 24953 nodes, 23683 edges (geometric_candidates = 220, deepcenter_rejected = 180, post_veto_candidates = 40, added = 31, cap_skipped = 0, mutual_nn_rejected = 138, divergence_rejected = 1101)\n"}
,{"stream_name":"stdout","time":7050.829641216,"data":"[44b6_267148e4] after division-geometry-filter+prune-isolated: 24944 nodes, 23683 edges\n"}
,{"stream_name":"stdout","time":7050.829647547,"data":"[44b6_267148e4] after short-track filtering: 24223 nodes, 23133 edges (components_removed = 171)\n"}
,{"stream_name":"stdout","time":7055.331651704,"data":"[44b6_267148e4] FINAL: 24223 nodes, 23133 edges\n"}
,{"stream_name":"stdout","time":7166.616000193,"data":"[44b6_2a2eff9f] after edge-filter+motion-relink: 60792 nodes, 57926 edges\n"}
,{"stream_name":"stdout","time":7181.733109737,"data":"[44b6_2a2eff9f] after gap-closing (single-frame + gap2): 61342 nodes, 58950 edges\n"}
,{"stream_name":"stdout","time":7216.053317265,"data":"[44b6_2a2eff9f] after safe-division repair: 61342 nodes, 58995 edges (geometric_candidates = 487, deepcenter_rejected = 442, post_veto_candidates = 45, added = 45, cap_skipped = 0, mutual_nn_rejected = 120, divergence_rejected = 2796)\n"}
,{"stream_name":"stdout","time":7216.053384198,"data":"[44b6_2a2eff9f] after division-geometry-filter+prune-isolated: 61341 nodes, 58995 edges\n"}
,{"stream_name":"stdout","time":7216.053391467,"data":"[44b6_2a2eff9f] after short-track filtering: 60207 nodes, 58114 edges (components_removed = 253)\n"}
,{"stream_name":"stdout","time":7227.474209678,"data":"[44b6_2a2eff9f] FINAL: 60207 nodes, 58114 edges\n"}
,{"stream_name":"stdout","time":7230.574706329,"data":"[44b6_341df25f] after edge-filter+motion-relink: 9247 nodes, 8890 edges\n"}
,{"stream_name":"stdout","time":7232.992096146,"data":"[44b6_341df25f] after gap-closing (single-frame + gap2): 9302 nodes, 8988 edges\n"}
,{"stream_name":"stdout","time":7243.383892803,"data":"[44b6_341df25f] after safe-division repair: 9302 nodes, 8999 edges (geometric_candidates = 40, deepcenter_rejected = 28, post_veto_candidates = 12, added = 11, cap_skipped = 0, mutual_nn_rejected = 5, divergence_rejected = 162)\n"}
,{"stream_name":"stdout","time":7243.383944332,"data":"[44b6_341df25f] after division-geometry-filter+prune-isolated: 9298 nodes, 8999 edges\n"}
,{"stream_name":"stdout","time":7243.383953232,"data":"[44b6_341df25f] after short-track filtering: 9156 nodes, 8889 edges (components_removed = 32)\n"}
,{"stream_name":"stdout","time":7245.114924665,"data":"[44b6_341df25f] FINAL: 9156 nodes, 8889 edges\n"}
,{"stream_name":"stdout","time":7247.413849471,"data":"[6bba_062c8d37] after edge-filter+motion-relink: 7872 nodes, 7354 edges\n"}
,{"stream_name":"stdout","time":7250.079435192,"data":"[6bba_062c8d37] after gap-closing (single-frame + gap2): 7958 nodes, 7505 edges\n"}
,{"stream_name":"stdout","time":7256.153138989,"data":"[6bba_062c8d37] after safe-division repair: 7958 nodes, 7509 edges (geometric_candidates = 23, deepcenter_rejected = 19, post_veto_candidates = 4, added = 4, cap_skipped = 0, mutual_nn_rejected = 7, divergence_rejected = 130)\n"}
,{"stream_name":"stdout","time":7256.153216358,"data":"[6bba_062c8d37] after division-geometry-filter+prune-isolated: 7942 nodes, 7509 edges\n"}
,{"stream_name":"stdout","time":7256.15322255,"data":"[6bba_062c8d37] after short-track filtering: 7579 nodes, 7234 edges (components_removed = 88)\n"}
,{"stream_name":"stdout","time":7257.631464539,"data":"[6bba_062c8d37] FINAL: 7579 nodes, 7234 edges\n"}
,{"stream_name":"stdout","time":7326.265605357,"data":"[6bba_07e24132] after edge-filter+motion-relink: 47682 nodes, 45345 edges\n"}
,{"stream_name":"stdout","time":7342.209210605,"data":"[6bba_07e24132] after gap-closing (single-frame + gap2): 48169 nodes, 46251 edges\n"}
,{"stream_name":"stdout","time":7370.574661699,"data":"[6bba_07e24132] after safe-division repair: 48169 nodes, 46263 edges (geometric_candidates = 308, deepcenter_rejected = 296, post_veto_candidates = 12, added = 12, cap_skipped = 0, mutual_nn_rejected = 168, divergence_rejected = 2023)\n"}
,{"stream_name":"stdout","time":7370.574703002,"data":"[6bba_07e24132] after division-geometry-filter+prune-isolated: 48165 nodes, 46263 edges\n"}
,{"stream_name":"stdout","time":7370.57470924,"data":"[6bba_07e24132] after short-track filtering: 47020 nodes, 45372 edges (components_removed = 254)\n"}
,{"stream_name":"stdout","time":7379.611349812,"data":"[6bba_07e24132] FINAL: 47020 nodes, 45372 edges\n"}
,{"stream_name":"stdout","time":7382.554793587,"data":"[6bba_085bf656] after edge-filter+motion-relink: 9044 nodes, 8666 edges\n"}
,{"stream_name":"stdout","time":7383.616059316,"data":"[6bba_085bf656] after gap-closing (single-frame + gap2): 9073 nodes, 8717 edges\n"}
,{"stream_name":"stdout","time":7392.971698112,"data":"[6bba_085bf656] after safe-division repair: 9073 nodes, 8726 edges (geometric_candidates = 36, deepcenter_rejected = 27, post_veto_candidates = 9, added = 9, cap_skipped = 0, mutual_nn_rejected = 5, divergence_rejected = 125)\n"}
,{"stream_name":"stdout","time":7392.971745087,"data":"[6bba_085bf656] after division-geometry-filter+prune-isolated: 9067 nodes, 8726 edges\n"}
,{"stream_name":"stdout","time":7392.971749928,"data":"[6bba_085bf656] after short-track filtering: 8874 nodes, 8578 edges (components_removed = 45)\n"}
,{"stream_name":"stdout","time":7394.653111971,"data":"[6bba_085bf656] FINAL: 8874 nodes, 8578 edges\n"}
,{"stream_name":"stdout","time":7424.548289271,"data":"[6bba_09961292] after edge-filter+motion-relink: 31238 nodes, 30026 edges\n"}
,{"stream_name":"stdout","time":7431.441481539,"data":"[6bba_09961292] after gap-closing (single-frame + gap2): 31502 nodes, 30516 edges\n"}
,{"stream_name":"stdout","time":7450.47949701,"data":"[6bba_09961292] after safe-division repair: 31502 nodes, 30539 edges (geometric_candidates = 109, deepcenter_rejected = 84, post_veto_candidates = 25, added = 23, cap_skipped = 0, mutual_nn_rejected = 49, divergence_rejected = 1064)\n"}
,{"stream_name":"stdout","time":7450.479539839,"data":"[6bba_09961292] after division-geometry-filter+prune-isolated: 31500 nodes, 30539 edges\n"}
,{"stream_name":"stdout","time":7450.479546269,"data":"[6bba_09961292] after short-track filtering: 31114 nodes, 30239 edges (components_removed = 86)\n"}
,{"stream_name":"stdout","time":7456.48174784,"data":"[6bba_09961292] FINAL: 31114 nodes, 30239 edges\n"}
,{"stream_name":"stdout","time":7456.481780908,"data":"VALIDATOR candidate: reuse28 proxy = 0.920706 adjusted edge = 0.895706\n"}
,{"stream_name":"stdout","time":7569.859909097,"data":"[44b6_12dfb391] after edge-filter+motion-relink: 60929 nodes, 58962 edges\n"}
,{"stream_name":"stdout","time":7581.026308168,"data":"[44b6_12dfb391] after gap-closing (single-frame + gap2): 61305 nodes, 59646 edges\n"}
,{"stream_name":"stdout","time":7611.437507422,"data":"[44b6_12dfb391] after safe-division repair: 61305 nodes, 59705 edges (geometric_candidates = 233, deepcenter_rejected = 174, post_veto_candidates = 59, added = 59, cap_skipped = 0, mutual_nn_rejected = 70, divergence_rejected = 1817)\n"}
,{"stream_name":"stdout","time":7611.437544353,"data":"[44b6_12dfb391] after division-geometry-filter+prune-isolated: 61303 nodes, 59705 edges\n"}
,{"stream_name":"stdout","time":7611.620037172,"data":"[44b6_12dfb391] after short-track filtering: 60681 nodes, 59222 edges (components_removed = 139)\n"}
,{"stream_name":"stdout","time":7623.196637125,"data":"[44b6_12dfb391] FINAL: 60681 nodes, 59222 edges\n"}
,{"stream_name":"stdout","time":7643.118734161,"data":"[44b6_267148e4] after edge-filter+motion-relink: 24677 nodes, 23147 edges\n"}
,{"stream_name":"stdout","time":7656.38322732,"data":"[44b6_267148e4] after gap-closing (single-frame + gap2): 24948 nodes, 23642 edges\n"}
,{"stream_name":"stdout","time":7683.764365112,"data":"[44b6_267148e4] after safe-division repair: 24948 nodes, 23673 edges (geometric_candidates = 222, deepcenter_rejected = 182, post_veto_candidates = 40, added = 31, cap_skipped = 0, mutual_nn_rejected = 138, divergence_rejected = 1108)\n"}
,{"stream_name":"stdout","time":7683.76445898,"data":"[44b6_267148e4] after division-geometry-filter+prune-isolated: 24939 nodes, 23673 edges\n"}
,{"stream_name":"stdout","time":7683.764467166,"data":"[44b6_267148e4] after short-track filtering: 24216 nodes, 23122 edges (components_removed = 172)\n"}
,{"stream_name":"stdout","time":7688.244164485,"data":"[44b6_267148e4] FINAL: 24216 nodes, 23122 edges\n"}
,{"stream_name":"stdout","time":7799.268838946,"data":"[44b6_2a2eff9f] after edge-filter+motion-relink: 60792 nodes, 57926 edges\n"}
,{"stream_name":"stdout","time":7814.99383659,"data":"[44b6_2a2eff9f] after gap-closing (single-frame + gap2): 61336 nodes, 58937 edges\n"}
,{"stream_name":"stdout","time":7849.777974479,"data":"[44b6_2a2eff9f] after safe-division repair: 61336 nodes, 58983 edges (geometric_candidates = 487, deepcenter_rejected = 441, post_veto_candidates = 46, added = 46, cap_skipped = 0, mutual_nn_rejected = 120, divergence_rejected = 2814)\n"}
,{"stream_name":"stdout","time":7849.77801274,"data":"[44b6_2a2eff9f] after division-geometry-filter+prune-isolated: 61335 nodes, 58983 edges\n"}
,{"stream_name":"stdout","time":7849.778018929,"data":"[44b6_2a2eff9f] after short-track filtering: 60193 nodes, 58096 edges (components_removed = 255)\n"}
,{"stream_name":"stdout","time":7861.856786237,"data":"[44b6_2a2eff9f] FINAL: 60193 nodes, 58096 edges\n"}
,{"stream_name":"stdout","time":7864.910206065,"data":"[44b6_341df25f] after edge-filter+motion-relink: 9247 nodes, 8890 edges\n"}
,{"stream_name":"stdout","time":7867.320488656,"data":"[44b6_341df25f] after gap-closing (single-frame + gap2): 9302 nodes, 8988 edges\n"}
,{"stream_name":"stdout","time":7877.807000052,"data":"[44b6_341df25f] after safe-division repair: 9302 nodes, 8999 edges (geometric_candidates = 40, deepcenter_rejected = 28, post_veto_candidates = 12, added = 11, cap_skipped = 0, mutual_nn_rejected = 5, divergence_rejected = 162)\n"}
,{"stream_name":"stdout","time":7877.807135847,"data":"[44b6_341df25f] after division-geometry-filter+prune-isolated: 9298 nodes, 8999 edges\n"}
,{"stream_name":"stdout","time":7877.807148604,"data":"[44b6_341df25f] after short-track filtering: 9156 nodes, 8889 edges (components_removed = 32)\n"}
,{"stream_name":"stdout","time":7879.912977712,"data":"[44b6_341df25f] FINAL: 9156 nodes, 8889 edges\n"}
,{"stream_name":"stdout","time":7882.027973395,"data":"[6bba_062c8d37] after edge-filter+motion-relink: 7872 nodes, 7354 edges\n"}
,{"stream_name":"stdout","time":7884.79998855,"data":"[6bba_062c8d37] after gap-closing (single-frame + gap2): 7958 nodes, 7505 edges\n"}
,{"stream_name":"stdout","time":7890.929329039,"data":"[6bba_062c8d37] after safe-division repair: 7958 nodes, 7509 edges (geometric_candidates = 23, deepcenter_rejected = 19, post_veto_candidates = 4, added = 4, cap_skipped = 0, mutual_nn_rejected = 7, divergence_rejected = 130)\n"}
,{"stream_name":"stdout","time":7890.929381716,"data":"[6bba_062c8d37] after division-geometry-filter+prune-isolated: 7942 nodes, 7509 edges\n"}
,{"stream_name":"stdout","time":7890.92938736,"data":"[6bba_062c8d37] after short-track filtering: 7579 nodes, 7234 edges (components_removed = 88)\n"}
,{"stream_name":"stdout","time":7892.429685584,"data":"[6bba_062c8d37] FINAL: 7579 nodes, 7234 edges\n"}
,{"stream_name":"stdout","time":7963.023448818,"data":"[6bba_07e24132] after edge-filter+motion-relink: 47682 nodes, 45345 edges\n"}
,{"stream_name":"stdout","time":7979.056660853,"data":"[6bba_07e24132] after gap-closing (single-frame + gap2): 48161 nodes, 46235 edges\n"}
,{"stream_name":"stdout","time":8007.501685436,"data":"[6bba_07e24132] after safe-division repair: 48161 nodes, 46247 edges (geometric_candidates = 310, deepcenter_rejected = 298, post_veto_candidates = 12, added = 12, cap_skipped = 0, mutual_nn_rejected = 171, divergence_rejected = 2038)\n"}
,{"stream_name":"stdout","time":8007.501724864,"data":"[6bba_07e24132] after division-geometry-filter+prune-isolated: 48157 nodes, 46247 edges\n"}
,{"stream_name":"stdout","time":8007.501731091,"data":"[6bba_07e24132] after short-track filtering: 47004 nodes, 45350 edges (components_removed = 256)\n"}
,{"stream_name":"stdout","time":8017.012753846,"data":"[6bba_07e24132] FINAL: 47004 nodes, 45350 edges\n"}
,{"stream_name":"stdout","time":8020.131285584,"data":"[6bba_085bf656] after edge-filter+motion-relink: 9044 nodes, 8666 edges\n"}
,{"stream_name":"stdout","time":8021.309882858,"data":"[6bba_085bf656] after gap-closing (single-frame + gap2): 9073 nodes, 8717 edges\n"}
,{"stream_name":"stdout","time":8030.784323414,"data":"[6bba_085bf656] after safe-division repair: 9073 nodes, 8726 edges (geometric_candidates = 36, deepcenter_rejected = 27, post_veto_candidates = 9, added = 9, cap_skipped = 0, mutual_nn_rejected = 5, divergence_rejected = 125)\n"}
,{"stream_name":"stdout","time":8030.784382391,"data":"[6bba_085bf656] after division-geometry-filter+prune-isolated: 9067 nodes, 8726 edges\n"}
,{"stream_name":"stdout","time":8030.784388011,"data":"[6bba_085bf656] after short-track filtering: 8874 nodes, 8578 edges (components_removed = 45)\n"}
,{"stream_name":"stdout","time":8032.568974294,"data":"[6bba_085bf656] FINAL: 8874 nodes, 8578 edges\n"}
,{"stream_name":"stdout","time":8063.264349997,"data":"[6bba_09961292] after edge-filter+motion-relink: 31238 nodes, 30026 edges\n"}
,{"stream_name":"stdout","time":8070.19938789,"data":"[6bba_09961292] after gap-closing (single-frame + gap2): 31497 nodes, 30506 edges\n"}
,{"stream_name":"stdout","time":8089.417422066,"data":"[6bba_09961292] after safe-division repair: 31497 nodes, 30529 edges (geometric_candidates = 109, deepcenter_rejected = 84, post_veto_candidates = 25, added = 23, cap_skipped = 0, mutual_nn_rejected = 50, divergence_rejected = 1073)\n"}
,{"stream_name":"stdout","time":8089.417484193,"data":"[6bba_09961292] after division-geometry-filter+prune-isolated: 31495 nodes, 30529 edges\n"}
,{"stream_name":"stdout","time":8089.417489888,"data":"[6bba_09961292] after short-track filtering: 31109 nodes, 30229 edges (components_removed = 86)\n"}
,{"stream_name":"stdout","time":8095.620817595,"data":"[6bba_09961292] FINAL: 31109 nodes, 30229 edges\n"}
,{"stream_name":"stdout","time":8095.620855462,"data":"VALIDATOR candidate: dcgap035 proxy = 0.921017 adjusted edge = 0.896017\n"}
,{"stream_name":"stdout","time":8095.62086139,"data":"VALIDATOR selected config: tight55 {'MOTION_RELINK_TIGHT_UM': 5.5}\n"}
,{"stream_name":"stdout","time":8095.698042665,"data":"VALIDATOR rewriting submission with config: tight55\n"}
,{"stream_name":"stdout","time":8095.69809507,"data":"Found 4 prediction graphs\n"}
,{"stream_name":"stdout","time":8118.221887271,"data":"[44b6_0113de3b] after edge-filter+motion-relink: 26620 nodes, 25688 edges\n"}
,{"stream_name":"stdout","time":8123.244940404,"data":"[44b6_0113de3b] after gap-closing (single-frame + gap2): 26693 nodes, 25821 edges\n"}
,{"stream_name":"stdout","time":8150.205918544,"data":"[44b6_0113de3b] after safe-division repair: 26693 nodes, 25876 edges (geometric_candidates = 184, deepcenter_rejected = 124, post_veto_candidates = 60, added = 55, cap_skipped = 0, mutual_nn_rejected = 71, divergence_rejected = 630)\n"}
,{"stream_name":"stdout","time":8150.205956531,"data":"[44b6_0113de3b] after division-geometry-filter+prune-isolated: 26691 nodes, 25876 edges\n"}
,{"stream_name":"stdout","time":8150.205962693,"data":"[44b6_0113de3b] after short-track filtering: 26444 nodes, 25685 edges (components_removed = 56)\n"}
,{"stream_name":"stdout","time":8155.153270675,"data":"[44b6_0113de3b] FINAL: 26444 nodes, 25685 edges\n"}
,{"stream_name":"stdout","time":8229.881056478,"data":"[44b6_0b24845f] after edge-filter+motion-relink: 48256 nodes, 44880 edges\n"}
,{"stream_name":"stdout","time":8255.388360605,"data":"[44b6_0b24845f] after gap-closing (single-frame + gap2): 48783 nodes, 45850 edges\n"}
,{"stream_name":"stdout","time":8288.777652537,"data":"[44b6_0b24845f] after safe-division repair: 48783 nodes, 45900 edges (geometric_candidates = 851, deepcenter_rejected = 799, post_veto_candidates = 52, added = 50, cap_skipped = 0, mutual_nn_rejected = 207, divergence_rejected = 2381)\n"}
,{"stream_name":"stdout","time":8288.777693154,"data":"[44b6_0b24845f] after division-geometry-filter+prune-isolated: 48770 nodes, 45900 edges\n"}
,{"stream_name":"stdout","time":8288.777699535,"data":"[44b6_0b24845f] after short-track filtering: 46551 nodes, 44174 edges (components_removed = 493)\n"}
,{"stream_name":"stdout","time":8297.92440497,"data":"[44b6_0b24845f] FINAL: 46551 nodes, 44174 edges\n"}
,{"stream_name":"stdout","time":8300.215376668,"data":"[6bba_05b6850b] after edge-filter+motion-relink: 7234 nodes, 6867 edges\n"}
,{"stream_name":"stdout","time":8301.793791329,"data":"[6bba_05b6850b] after gap-closing (single-frame + gap2): 7278 nodes, 6946 edges\n"}
,{"stream_name":"stdout","time":8308.20394092,"data":"[6bba_05b6850b] after safe-division repair: 7278 nodes, 6950 edges (geometric_candidates = 33, deepcenter_rejected = 26, post_veto_candidates = 7, added = 4, cap_skipped = 0, mutual_nn_rejected = 3, divergence_rejected = 108)\n"}
,{"stream_name":"stdout","time":8308.20399214,"data":"[6bba_05b6850b] after division-geometry-filter+prune-isolated: 7274 nodes, 6950 edges\n"}
,{"stream_name":"stdout","time":8308.203997348,"data":"[6bba_05b6850b] after short-track filtering: 6956 nodes, 6708 edges (components_removed = 76)\n"}
,{"stream_name":"stdout","time":8309.528349684,"data":"[6bba_05b6850b] FINAL: 6956 nodes, 6708 edges\n"}
,{"stream_name":"stdout","time":8483.23979752,"data":"[6bba_05db0fb1] after edge-filter+motion-relink: 75510 nodes, 72223 edges\n"}
,{"stream_name":"stdout","time":8498.324019132,"data":"[6bba_05db0fb1] after gap-closing (single-frame + gap2): 76051 nodes, 73249 edges\n"}
,{"stream_name":"stdout","time":8528.228084409,"data":"[6bba_05db0fb1] after safe-division repair: 76051 nodes, 73286 edges (geometric_candidates = 350, deepcenter_rejected = 311, post_veto_candidates = 39, added = 37, cap_skipped = 0, mutual_nn_rejected = 399, divergence_rejected = 3257)\n"}
,{"stream_name":"stdout","time":8528.228121029,"data":"[6bba_05db0fb1] after division-geometry-filter+prune-isolated: 76043 nodes, 73286 edges\n"}
,{"stream_name":"stdout","time":8528.443810539,"data":"[6bba_05db0fb1] after short-track filtering: 74776 nodes, 72300 edges (components_removed = 281)\n"}
,{"stream_name":"stdout","time":8542.481671744,"data":"[6bba_05db0fb1] FINAL: 74776 nodes, 72300 edges\n"}
,{"stream_name":"stdout","time":8543.009221466,"data":"Wrote /kaggle/working/submission.csv with 303,594 rows\n"}
,{"stream_name":"stdout","time":8543.009269159,"data":"Node rows: 154,727 | edge rows: 148,867\n"}
,{"stream_name":"stdout","time":8543.009276651,"data":"Wrote /kaggle/working/run_stats.csv\n"}
,{"stream_name":"stdout","time":8543.598526146,"data":"VALIDATOR final submission rows: 303594\n"}
,{"stream_name":"stdout","time":8543.598579432,"data":"VALIDATOR final config: tight55\n"}
,{"stream_name":"stdout","time":8544.383858229,"data":"{\n"}
,{"stream_name":"stdout","time":8544.383892511,"data":"  \"configuration\": {\n"}
,{"stream_name":"stdout","time":8544.383899456,"data":"    \"bidirectional_primary_weight\": 0.15,\n"}
,{"stream_name":"stdout","time":8544.383905078,"data":"    \"deepcenter_gap_confirm_min_span_um\": 8.5,\n"}
,{"stream_name":"stdout","time":8544.383910712,"data":"    \"deepcenter_gap_threshold\": 0.25,\n"}
,{"stream_name":"stdout","time":8544.383915573,"data":"    \"deepcenter_safe_div_threshold\": 0.2,\n"}
,{"stream_name":"stdout","time":8544.383920004,"data":"    \"deepcenter_tta\": true,\n"}
,{"stream_name":"stdout","time":8544.383924452,"data":"    \"detector_threshold\": 0.965,\n"}
,{"stream_name":"stdout","time":8544.383928965,"data":"    \"edge_candidate_threshold\": 0.48,\n"}
,{"stream_name":"stdout","time":8544.383933436,"data":"    \"fallback_scope\": \"individual_frame\",\n"}
,{"stream_name":"stdout","time":8544.383944895,"data":"    \"gap_close_um\": 5.0,\n"}
,{"stream_name":"stdout","time":8544.383948306,"data":"    \"ilp_appearance_weight\": 0.0,\n"}
,{"stream_name":"stdout","time":8544.383951914,"data":"    \"ilp_disappearance_weight\": 2.0,\n"}
,{"stream_name":"stdout","time":8544.383954943,"data":"    \"minimum_candidate_retention\": 0.9,\n"}
,{"stream_name":"stdout","time":8544.383958024,"data":"    \"safe_div_max_um\": 9.0,\n"}
,{"stream_name":"stdout","time":8544.383961011,"data":"    \"safe_div_sister_max_um\": 14.0,\n"}
,{"stream_name":"stdout","time":8544.383964111,"data":"    \"safe_div_sister_symmetry_tau\": 0.6,\n"}
,{"stream_name":"stdout","time":8544.383967085,"data":"    \"secondary_detection_weight\": 0.8,\n"}
,{"stream_name":"stdout","time":8544.383970137,"data":"    \"secondary_edge_feature_tta\": true,\n"}
,{"stream_name":"stdout","time":8544.383973112,"data":"    \"secondary_edge_feature_tta_weight\": 0.75,\n"}
,{"stream_name":"stdout","time":8544.38397618,"data":"    \"secondary_edge_weight\": 0.15,\n"}
,{"stream_name":"stdout","time":8544.383979223,"data":"    \"secondary_link_mode\": \"low_margin_consensus\",\n"}
,{"stream_name":"stdout","time":8544.3839823,"data":"    \"secondary_low_margin_max\": 0.35\n"}
,{"stream_name":"stdout","time":8544.383985286,"data":"  },\n"}
,{"stream_name":"stdout","time":8544.383988181,"data":"  \"diagnostics\": {\n"}
,{"stream_name":"stdout","time":8544.383991249,"data":"    \"by_movie\": {\n"}
,{"stream_name":"stdout","time":8544.383994248,"data":"      \"44b6_0113de3b\": {\n"}
,{"stream_name":"stdout","time":8544.383997384,"data":"        \"fallback_frames\": 0,\n"}
,{"stream_name":"stdout","time":8544.38400043,"data":"        \"frames\": 100,\n"}
,{"stream_name":"stdout","time":8544.384003417,"data":"        \"median_retention\": 1.0,\n"}
,{"stream_name":"stdout","time":8544.384006441,"data":"        \"minimum_retention\": 0.9651162790697675\n"}
,{"stream_name":"stdout","time":8544.384021546,"data":"      },\n"}
,{"stream_name":"stdout","time":8544.384023976,"data":"      \"44b6_0b24845f\": {\n"}
,{"stream_name":"stdout","time":8544.384026265,"data":"        \"fallback_frames\": 0,\n"}
,{"stream_name":"stdout","time":8544.384028663,"data":"        \"frames\": 100,\n"}
,{"stream_name":"stdout","time":8544.384030966,"data":"        \"median_retention\": 1.0809254556199785,\n"}
,{"stream_name":"stdout","time":8544.384033268,"data":"        \"minimum_retention\": 1.0076335877862594\n"}
,{"stream_name":"stdout","time":8544.384035591,"data":"      },\n"}
,{"stream_name":"stdout","time":8544.384037734,"data":"      \"6bba_05b6850b\": {\n"}
,{"stream_name":"stdout","time":8544.384039924,"data":"        \"fallback_frames\": 19,\n"}
,{"stream_name":"stdout","time":8544.384042174,"data":"        \"frames\": 100,\n"}
,{"stream_name":"stdout","time":8544.384044395,"data":"        \"median_retention\": 0.9520114942528735,\n"}
,{"stream_name":"stdout","time":8544.384046728,"data":"        \"minimum_retention\": 0.788235294117647\n"}
,{"stream_name":"stdout","time":8544.384049032,"data":"      },\n"}
,{"stream_name":"stdout","time":8544.38405116,"data":"      \"6bba_05db0fb1\": {\n"}
,{"stream_name":"stdout","time":8544.384053363,"data":"        \"fallback_frames\": 0,\n"}
,{"stream_name":"stdout","time":8544.384055582,"data":"        \"frames\": 100,\n"}
,{"stream_name":"stdout","time":8544.384057791,"data":"        \"median_retention\": 1.0360622197309417,\n"}
,{"stream_name":"stdout","time":8544.38406005,"data":"        \"minimum_retention\": 1.002534854245881\n"}
,{"stream_name":"stdout","time":8544.384062319,"data":"      }\n"}
,{"stream_name":"stdout","time":8544.384064486,"data":"    },\n"}
,{"stream_name":"stdout","time":8544.384066621,"data":"    \"fallback_frames\": 19,\n"}
,{"stream_name":"stdout","time":8544.384068876,"data":"    \"rows\": 400\n"}
,{"stream_name":"stdout","time":8544.38407107,"data":"  },\n"}
,{"stream_name":"stdout","time":8544.38407321,"data":"  \"experiment\": \"secondary_deepcenter_tta_0947_v1\",\n"}
,{"stream_name":"stdout","time":8544.384075556,"data":"  \"hardware\": {\n"}
,{"stream_name":"stdout","time":8544.384077837,"data":"    \"visible_gpu_count\": 2\n"}
,{"stream_name":"stdout","time":8544.384080103,"data":"  },\n"}
,{"stream_name":"stdout","time":8544.384082266,"data":"  \"leaderboard_feedback_used_for_configuration\": true,\n"}
,{"stream_name":"stdout","time":8544.38410436,"data":"  \"method_attribution\": \"0.933 fixed-90 dual-seed baseline -\u003e 0.934 harmonic mutual-support fusion -\u003e 0.939 wider divisions and calmer fusion -\u003e 0.941 repair-threshold adaptation -\u003e 0.946 primary edge-feature TTA + held-out post-process selection -\u003e 0.947 secondary feature TTA + DeepCenter TTA\",\n"}
,{"stream_name":"stdout","time":8544.384111049,"data":"  \"metric_hack_used\": false,\n"}
,{"stream_name":"stdout","time":8544.384114885,"data":"  \"organizer_labels_used_for_configuration\": false,\n"}
,{"stream_name":"stdout","time":8544.384122713,"data":"  \"parent_experiment\": \"edge_feature_tta_0946_v1\",\n"}
,{"stream_name":"stdout","time":8544.384126862,"data":"  \"public_output_used\": false,\n"}
,{"stream_name":"stdout","time":8544.384130923,"data":"  \"quality_promotion\": {\n"}
,{"stream_name":"stdout","time":8544.384134758,"data":"    \"required_condition\": \"none\",\n"}
,{"stream_name":"stdout","time":8544.384138066,"data":"    \"status\": \"verified_public_lb_0947\",\n"}
,{"stream_name":"stdout","time":8544.38414138,"data":"    \"validated_receipt_sha256\": null\n"}
,{"stream_name":"stdout","time":8544.384149839,"data":"  },\n"}
,{"stream_name":"stdout","time":8544.384153516,"data":"  \"source_kernel\": \"raykkretzschmar/biohub-bidirectional-primary-union13-diagnostic-v1\",\n"}
,{"stream_name":"stdout","time":8544.384157865,"data":"  \"source_notebook_sha256\": \"3e65ca691941949196bf417030ea84fccafe16baaec174b2a63540451bb937e8\",\n"}
,{"stream_name":"stdout","time":8544.384161205,"data":"  \"status\": \"verified_public_lb_0947\",\n"}
,{"stream_name":"stdout","time":8544.38416488,"data":"  \"submission\": {\n"}
,{"stream_name":"stdout","time":8544.384169284,"data":"    \"datasets\": [\n"}
,{"stream_name":"stdout","time":8544.3841747,"data":"      \"44b6_0113de3b\",\n"}
,{"stream_name":"stdout","time":8544.384178248,"data":"      \"44b6_0b24845f\",\n"}
,{"stream_name":"stdout","time":8544.384181481,"data":"      \"6bba_05b6850b\",\n"}
,{"stream_name":"stdout","time":8544.384184826,"data":"      \"6bba_05db0fb1\"\n"}
,{"stream_name":"stdout","time":8544.384188536,"data":"    ],\n"}
,{"stream_name":"stdout","time":8544.384191863,"data":"    \"rows\": 303594,\n"}
,{"stream_name":"stdout","time":8544.384195733,"data":"    \"sha256\": \"d2ea16c3bb919affc3f04dd7b47c2f239dce2f4d56d543038a9b93b7ba7267cb\"\n"}
,{"stream_name":"stdout","time":8544.384199321,"data":"  },\n"}
,{"stream_name":"stdout","time":8544.384202488,"data":"  \"topology\": {\n"}
,{"stream_name":"stdout","time":8544.384205824,"data":"    \"44b6_0113de3b\": {\n"}
,{"stream_name":"stdout","time":8544.384209135,"data":"      \"division_parents\": 55,\n"}
,{"stream_name":"stdout","time":8544.384212432,"data":"      \"edges\": 25685,\n"}
,{"stream_name":"stdout","time":8544.384216125,"data":"      \"max_indegree\": 1,\n"}
,{"stream_name":"stdout","time":8544.384219452,"data":"      \"max_outdegree\": 2,\n"}
,{"stream_name":"stdout","time":8544.384222926,"data":"      \"nodes\": 26444\n"}
,{"stream_name":"stdout","time":8544.384226093,"data":"    },\n"}
,{"stream_name":"stdout","time":8544.384229729,"data":"    \"44b6_0b24845f\": {\n"}
,{"stream_name":"stdout","time":8544.384233127,"data":"      \"division_parents\": 50,\n"}
,{"stream_name":"stdout","time":8544.384236673,"data":"      \"edges\": 44174,\n"}
,{"stream_name":"stdout","time":8544.384241193,"data":"      \"max_indegree\": 1,\n"}
,{"stream_name":"stdout","time":8544.384244758,"data":"      \"max_outdegree\": 2,\n"}
,{"stream_name":"stdout","time":8544.384248514,"data":"      \"nodes\": 46551\n"}
,{"stream_name":"stdout","time":8544.384255108,"data":"    },\n"}
,{"stream_name":"stdout","time":8544.384259145,"data":"    \"6bba_05b6850b\": {\n"}
,{"stream_name":"stdout","time":8544.384281198,"data":"      \"division_parents\": 4,\n"}
,{"stream_name":"stdout","time":8544.384284828,"data":"      \"edges\": 6708,\n"}
,{"stream_name":"stdout","time":8544.384288118,"data":"      \"max_indegree\": 1,\n"}
,{"stream_name":"stdout","time":8544.384291543,"data":"      \"max_outdegree\": 2,\n"}
,{"stream_name":"stdout","time":8544.384294842,"data":"      \"nodes\": 6956\n"}
,{"stream_name":"stdout","time":8544.384298215,"data":"    },\n"}
,{"stream_name":"stdout","time":8544.38430186,"data":"    \"6bba_05db0fb1\": {\n"}
,{"stream_name":"stdout","time":8544.384305854,"data":"      \"division_parents\": 37,\n"}
,{"stream_name":"stdout","time":8544.384309671,"data":"      \"edges\": 72300,\n"}
,{"stream_name":"stdout","time":8544.384312871,"data":"      \"max_indegree\": 1,\n"}
,{"stream_name":"stdout","time":8544.384316133,"data":"      \"max_outdegree\": 2,\n"}
,{"stream_name":"stdout","time":8544.384319703,"data":"      \"nodes\": 74776\n"}
,{"stream_name":"stdout","time":8544.38432954,"data":"    }\n"}
,{"stream_name":"stdout","time":8544.384333159,"data":"  }\n"}
,{"stream_name":"stdout","time":8544.384336836,"data":"}\n"}
,{"stream_name":"stdout","time":8544.384340308,"data":"PRODUCTION SUBMISSION PIPELINE: COMPLETE\n"}
,{"stream_name":"stdout","time":8544.384344429,"data":"Submission path: /kaggle/working/submission.csv\n"}
,{"stream_name":"stdout","time":8544.384348214,"data":"Verified progression preserved: 0.933 -\u003e 0.934 -\u003e 0.939 -\u003e 0.941 -\u003e 0.946 -\u003e 0.947\n"}
,{"stream_name":"stderr","time":8549.671847179,"data":"/usr/local/lib/python3.12/dist-packages/mistune.py:435: SyntaxWarning: invalid escape sequence '\\|'\n"}
,{"stream_name":"stderr","time":8549.671891728,"data":"  cells[i][c] = re.sub('\\\\\\\\\\|', '|', cell)\n"}
,{"stream_name":"stderr","time":8549.807657101,"data":"/usr/local/lib/python3.12/dist-packages/nbconvert/filters/filter_links.py:36: SyntaxWarning: invalid escape sequence '\\_'\n"}
,{"stream_name":"stderr","time":8549.807683432,"data":"  text = re.sub(r'_', '\\_', text) # Escape underscores in display text\n"}
,{"stream_name":"stderr","time":8550.572186222,"data":"[NbConvertApp] Converting notebook __notebook__.ipynb to notebook\n"}
,{"stream_name":"stderr","time":8551.211336298,"data":"[NbConvertApp] Writing 573185 bytes to __notebook__.ipynb\n"}
,{"stream_name":"stderr","time":8553.66785209,"data":"[NbConvertApp] Converting notebook __notebook__.ipynb to html\n"}
,{"stream_name":"stderr","time":8555.258119377,"data":"[NbConvertApp] Writing 1509541 bytes to __results__.html\n"}
]