[{"stream_name":"stderr","time":8.241694723,"data":"0.00s - Debugger warning: It seems that frozen modules are being used, which may\n"}
,{"stream_name":"stderr","time":8.241772654,"data":"0.00s - make the debugger miss breakpoints. Please pass -Xfrozen_modules=off\n"}
,{"stream_name":"stderr","time":8.241779848,"data":"0.00s - to python to disable frozen modules.\n"}
,{"stream_name":"stderr","time":8.24178394,"data":"0.00s - Note: Debugging will proceed. Set PYDEVD_DISABLE_FILE_VALIDATION=1 to disable this validation.\n"}
,{"stream_name":"stderr","time":8.941102008,"data":"0.00s - Debugger warning: It seems that frozen modules are being used, which may\n"}
,{"stream_name":"stderr","time":8.94113596,"data":"0.00s - make the debugger miss breakpoints. Please pass -Xfrozen_modules=off\n"}
,{"stream_name":"stderr","time":8.94114493,"data":"0.00s - to python to disable frozen modules.\n"}
,{"stream_name":"stderr","time":8.941148072,"data":"0.00s - Note: Debugging will proceed. Set PYDEVD_DISABLE_FILE_VALIDATION=1 to disable this validation.\n"}
,{"stream_name":"stdout","time":10.913337491,"data":"BIOHUB_PRESET: harmonic_v3_division_wide\n"}
,{"stream_name":"stdout","time":10.913411995,"data":"BIOHUB_SCORE_AXIS: 0.933 baseline -\u003e 0.934 harmonic fusion -\u003e 0.939 wider divisions/calmer fusion -\u003e 0.941 repair adaptation -\u003e 0.946 primary edge-feature TTA -\u003e 0.947 secondary feature TTA + DeepCenter TTA\n"}
,{"stream_name":"stdout","time":10.913421223,"data":"Configuration guard: PASS\n"}
,{"stream_name":"stdout","time":10.91342609,"data":"Verified score progression: 0.933 -\u003e 0.934 -\u003e 0.939 -\u003e 0.941 -\u003e 0.946 -\u003e 0.947\n"}
,{"stream_name":"stdout","time":10.913431173,"data":"Previous verified configuration: public LB 0.946\n"}
,{"stream_name":"stdout","time":10.913435481,"data":"Current verified configuration: public LB 0.947\n"}
,{"stream_name":"stdout","time":10.913439558,"data":"0.946 primary edge-feature TTA retained with eight aligned D4 views\n"}
,{"stream_name":"stdout","time":10.913443645,"data":"0.947 change: secondary feature TTA blend 0.75 + DeepCenter TTA + safe-div threshold 0.20\n"}
,{"stream_name":"stdout","time":10.913448285,"data":"Reverse-time association weight retained at 0.150\n"}
,{"stream_name":"stdout","time":12.015198783,"data":"Biohub learned UNet + node-transformer + ILP submission\n"}
,{"stream_name":"stdout","time":12.015242528,"data":"COMP_DIR: /kaggle/input/competitions/biohub-cell-tracking-during-development exists: True\n"}
,{"stream_name":"stdout","time":12.015247961,"data":"TEST_DIR: /kaggle/input/competitions/biohub-cell-tracking-during-development/test exists: True\n"}
,{"stream_name":"stdout","time":12.015252346,"data":"{\n"}
,{"stream_name":"stdout","time":12.015256331,"data":"  \"adaptive_short_track_rescue\": true,\n"}
,{"stream_name":"stdout","time":12.015260728,"data":"  \"allow_artifact_fallback\": true,\n"}
,{"stream_name":"stdout","time":12.015264853,"data":"  \"allow_pip_install\": false,\n"}
,{"stream_name":"stdout","time":12.015269072,"data":"  \"deepcenter_checkpoint_default\": \"/kaggle/input/biohub-deepcenter-unet3d-center-prior-v1/weights/full_frame_center/best.pt\",\n"}
,{"stream_name":"stdout","time":12.015274012,"data":"  \"deepcenter_expected_epoch\": 2,\n"}
,{"stream_name":"stdout","time":12.015278279,"data":"  \"deepcenter_gap_add_gate\": true,\n"}
,{"stream_name":"stdout","time":12.015282266,"data":"  \"deepcenter_gap_confirm_min_span_um\": 8.5,\n"}
,{"stream_name":"stdout","time":12.015286259,"data":"  \"deepcenter_gap_threshold\": 0.25,\n"}
,{"stream_name":"stdout","time":12.015290353,"data":"  \"deepcenter_safe_div_add_gate\": true,\n"}
,{"stream_name":"stdout","time":12.015309284,"data":"  \"deepcenter_safe_div_threshold\": 0.2,\n"}
,{"stream_name":"stdout","time":12.015313824,"data":"  \"deepcenter_tta\": true,\n"}
,{"stream_name":"stdout","time":12.015317786,"data":"  \"det_threshold\": 0.965,\n"}
,{"stream_name":"stdout","time":12.015321917,"data":"  \"div_drop_to_single_if_bad\": true,\n"}
,{"stream_name":"stdout","time":12.015325939,"data":"  \"div_parent_max_um\": 10.5,\n"}
,{"stream_name":"stdout","time":12.015329878,"data":"  \"div_sister_max_um\": 8.0,\n"}
,{"stream_name":"stdout","time":12.015333563,"data":"  \"experiment_tag\": \"secondary_deepcenter_tta_0947\",\n"}
,{"stream_name":"stdout","time":12.015337783,"data":"  \"gap2_frame_frac_cap\": 0.006,\n"}
,{"stream_name":"stdout","time":12.015341768,"data":"  \"gap2_max_links_abs\": 180,\n"}
,{"stream_name":"stdout","time":12.015345761,"data":"  \"gap2_max_links_frac\": 0.0045,\n"}
,{"stream_name":"stdout","time":12.015349843,"data":"  \"gap2_max_step_um\": 4.4,\n"}
,{"stream_name":"stdout","time":12.015354109,"data":"  \"gap2_max_total_um\": 10.2,\n"}
,{"stream_name":"stdout","time":12.015358191,"data":"  \"gap2_require_context\": true,\n"}
,{"stream_name":"stdout","time":12.015362391,"data":"  \"gap_close_effective_max_gap\": 1,\n"}
,{"stream_name":"stdout","time":12.015366264,"data":"  \"gap_close_max_added_abs\": 2000,\n"}
,{"stream_name":"stdout","time":12.015370231,"data":"  \"gap_close_max_added_frac\": 0.05,\n"}
,{"stream_name":"stdout","time":12.015374277,"data":"  \"gap_close_max_gap\": 2,\n"}
,{"stream_name":"stdout","time":12.015378261,"data":"  \"gap_close_reuse_existing\": true,\n"}
,{"stream_name":"stdout","time":12.015382261,"data":"  \"gap_close_reuse_um\": 3.2,\n"}
,{"stream_name":"stdout","time":12.0153862,"data":"  \"gap_close_um\": 5.0,\n"}
,{"stream_name":"stdout","time":12.015390096,"data":"  \"gap_density_adaptive\": true,\n"}
,{"stream_name":"stdout","time":12.015394034,"data":"  \"gap_density_gain\": 0.04,\n"}
,{"stream_name":"stdout","time":12.015397947,"data":"  \"gap_density_max_step_delta_um\": 0.125,\n"}
,{"stream_name":"stdout","time":12.015401894,"data":"  \"gap_density_neighbors\": 3,\n"}
,{"stream_name":"stdout","time":12.015405952,"data":"  \"gap_density_reference_um\": 6.5,\n"}
,{"stream_name":"stdout","time":12.015410028,"data":"  \"gap_refine_max_shift_um\": 3.2,\n"}
,{"stream_name":"stdout","time":12.015414089,"data":"  \"gap_refine_synthetic\": true,\n"}
,{"stream_name":"stdout","time":12.015417959,"data":"  \"gap_refine_win_yx\": 3,\n"}
,{"stream_name":"stdout","time":12.015421929,"data":"  \"gap_refine_win_z\": 1,\n"}
,{"stream_name":"stdout","time":12.015425768,"data":"  \"ilp_appearance_weight\": 0.0,\n"}
,{"stream_name":"stdout","time":12.015429586,"data":"  \"ilp_disappearance_weight\": 2.0,\n"}
,{"stream_name":"stdout","time":12.015433681,"data":"  \"ilp_division_weight\": 1.2,\n"}
,{"stream_name":"stdout","time":12.0154377,"data":"  \"ilp_edge_weight\": -1.0,\n"}
,{"stream_name":"stdout","time":12.015441529,"data":"  \"method\": \"unet_transformer\",\n"}
,{"stream_name":"stdout","time":12.01544551,"data":"  \"motion_relink_learned_bonus\": 1.0,\n"}
,{"stream_name":"stdout","time":12.015449428,"data":"  \"motion_relink_max_frame_nodes\": 2600,\n"}
,{"stream_name":"stdout","time":12.015453331,"data":"  \"motion_relink_relaxed_um\": 10.0,\n"}
,{"stream_name":"stdout","time":12.01545733,"data":"  \"motion_relink_tight_um\": 6.0,\n"}
,{"stream_name":"stdout","time":12.015461397,"data":"  \"motion_relink_velocity_weight\": 0.5,\n"}
,{"stream_name":"stdout","time":12.015465482,"data":"  \"output_division_geometry_filter\": false,\n"}
,{"stream_name":"stdout","time":12.015474261,"data":"  \"output_edge_max_um\": 14.0,\n"}
,{"stream_name":"stdout","time":12.015478336,"data":"  \"output_enforce_next_frame\": true,\n"}
,{"stream_name":"stdout","time":12.015483648,"data":"  \"output_filter_short_tracks\": true,\n"}
,{"stream_name":"stdout","time":12.015487783,"data":"  \"output_gap2_recovery\": true,\n"}
,{"stream_name":"stdout","time":12.015491761,"data":"  \"output_gap_close\": true,\n"}
,{"stream_name":"stdout","time":12.015495696,"data":"  \"output_keep_division_components\": true,\n"}
,{"stream_name":"stdout","time":12.015499625,"data":"  \"output_linefit_smooth\": true,\n"}
,{"stream_name":"stdout","time":12.015503583,"data":"  \"output_linefit_weight\": 0.8,\n"}
,{"stream_name":"stdout","time":12.015507322,"data":"  \"output_linefit_window\": 2,\n"}
,{"stream_name":"stdout","time":12.015511131,"data":"  \"output_min_track_len\": 6,\n"}
,{"stream_name":"stdout","time":12.01551493,"data":"  \"output_motion_relink\": true,\n"}
,{"stream_name":"stdout","time":12.015518724,"data":"  \"output_prune_isolated\": true,\n"}
,{"stream_name":"stdout","time":12.015522531,"data":"  \"output_safe_divisions\": true,\n"}
,{"stream_name":"stdout","time":12.015526438,"data":"  \"output_single_child_repair\": false,\n"}
,{"stream_name":"stdout","time":12.01553041,"data":"  \"output_single_parent_repair\": true,\n"}
,{"stream_name":"stdout","time":12.015534189,"data":"  \"primary_artifact_manifest\": \"/kaggle/input/datasets/pilkwang/biohub-tracking-support-pack-50ep-v1/ARTIFACT_MANIFEST.json\",\n"}
,{"stream_name":"stdout","time":12.015538342,"data":"  \"safe_div_existing_child_max_um\": 10.0,\n"}
,{"stream_name":"stdout","time":12.015547823,"data":"  \"safe_div_frame_frac_cap\": 0.0076,\n"}
,{"stream_name":"stdout","time":12.015551992,"data":"  \"safe_div_global_frac_cap\": 0.00375,\n"}
,{"stream_name":"stdout","time":12.015556178,"data":"  \"safe_div_max_um\": 9.0,\n"}
,{"stream_name":"stdout","time":12.015560169,"data":"  \"safe_div_sister_max_um\": 14.0,\n"}
,{"stream_name":"stdout","time":12.015563912,"data":"  \"secondary_edge_feature_tta\": true,\n"}
,{"stream_name":"stdout","time":12.015567519,"data":"  \"secondary_edge_feature_tta_weight\": 0.75,\n"}
,{"stream_name":"stdout","time":12.015571362,"data":"  \"short_track_rescue_max_mean_edge_dist_um\": 3.0,\n"}
,{"stream_name":"stdout","time":12.015575143,"data":"  \"short_track_rescue_max_nodes_abs\": 120,\n"}
,{"stream_name":"stdout","time":12.0155788,"data":"  \"short_track_rescue_max_nodes_frac\": 0.012,\n"}
,{"stream_name":"stdout","time":12.015582711,"data":"  \"short_track_rescue_min_len\": 4,\n"}
,{"stream_name":"stdout","time":12.015586791,"data":"  \"short_track_rescue_min_mean_edge_prob\": 0.88,\n"}
,{"stream_name":"stdout","time":12.015590787,"data":"  \"short_track_rescue_trigger_removed_frac\": 0.1,\n"}
,{"stream_name":"stdout","time":12.015594839,"data":"  \"slice\": \"\",\n"}
,{"stream_name":"stdout","time":12.015598673,"data":"  \"target_artifact_slug\": \"biohub-tracking-support-pack\",\n"}
,{"stream_name":"stdout","time":12.015602727,"data":"  \"unet_batch_size\": 4,\n"}
,{"stream_name":"stdout","time":12.015606618,"data":"  \"use_deepcenter_add_only_gate\": true,\n"}
,{"stream_name":"stdout","time":12.015610453,"data":"  \"use_ilp\": true,\n"}
,{"stream_name":"stdout","time":12.015614373,"data":"  \"weights\": \"weights/unet_transformer/split_0/edge_predictor_best.pth\"\n"}
,{"stream_name":"stdout","time":12.015618615,"data":"}\n"}
,{"stream_name":"stdout","time":12.015627089,"data":"ARTIFACTS: /kaggle/input/datasets/pilkwang/biohub-tracking-support-pack-50ep-v1\n"}
,{"stream_name":"stdout","time":12.015631303,"data":"Has offline wheels: True\n"}
,{"stream_name":"stdout","time":12.015635168,"data":"Artifact name: biohub-tracking-support-pack-400ep-snapshot-v1\n"}
,{"stream_name":"stdout","time":12.015639358,"data":"Weight sha256: 12f6881ee3620a831697ca098ff8f48e687a24225f4e048b538deec3562fe771\n"}
,{"stream_name":"stdout","time":12.015643031,"data":"Weight path: weights/unet_transformer/split_0/edge_predictor_best.pth\n"}
,{"stream_name":"stdout","time":12.783449629,"data":"Installing missing packages from offline package dirs: ['polars']\n"}
,{"stream_name":"stdout","time":12.783488845,"data":"Dependency resolver is disabled with --no-deps to avoid replacing Kaggle numpy/scipy in a live kernel.\n"}
,{"stream_name":"stdout","time":12.7834956,"data":"Offline package dirs: ['/kaggle/input/datasets/pilkwang/biohub-tracking-support-pack-50ep-v1/wheels']\n"}
,{"stream_name":"stdout","time":19.466377623,"data":"Offline dependency install succeeded.\n"}
,{"stream_name":"stdout","time":19.4664244,"data":"Installing missing packages from offline package dirs: ['tracksdata', 'zarr', 'pyscipopt', 'geff', 'geff_spec', 'ilpy', 'imagecodecs', 'rustworkx', 'numcodecs', 'donfig', 'bidict']\n"}
,{"stream_name":"stdout","time":19.466433664,"data":"Dependency resolver is disabled with --no-deps to avoid replacing Kaggle numpy/scipy in a live kernel.\n"}
,{"stream_name":"stdout","time":19.466439749,"data":"Offline package dirs: ['/kaggle/input/datasets/pilkwang/biohub-tracking-support-pack-50ep-v1/wheels']\n"}
,{"stream_name":"stdout","time":48.766474566,"data":"Offline dependency install succeeded.\n"}
,{"stream_name":"stderr","time":57.43035101,"data":"/usr/local/lib/python3.12/dist-packages/dask/array/image.py:7: FutureWarning: `find_available_plugins` is deprecated since version 0.25 and will be removed in version 0.27. The plugin infrastructure of `skimage.io` is deprecated. Instead, use `imageio` or other I/O packages directly.\n"}
,{"stream_name":"stderr","time":57.430384591,"data":"  from skimage.io import imread as sk_imread\n"}
,{"stream_name":"stderr","time":57.4303916,"data":"/usr/lib/python3.12/importlib/__init__.py:90: FutureWarning: `reset_plugins` is deprecated since version 0.25 and will be removed in version 0.27. The plugin infrastructure of `skimage.io` is deprecated. Instead, use `imageio` or other I/O packages directly.\n"}
,{"stream_name":"stderr","time":57.430399123,"data":"  return _bootstrap._gcd_import(name[level:], package, level)\n"}
,{"stream_name":"stderr","time":57.430405225,"data":"\n"}
,{"stream_name":"stderr","time":57.430411281,"data":"/usr/local/lib/python3.12/dist-packages/dask/array/image.py:7: FutureWarning: `find_available_plugins` is deprecated since version 0.25 and will be removed in version 0.27. The plugin infrastructure of `skimage.io` is deprecated. Instead, use `imageio` or other I/O packages directly.\n"}
,{"stream_name":"stderr","time":57.430418357,"data":"  from skimage.io import imread as sk_imread\n"}
,{"stream_name":"stderr","time":57.430424802,"data":"/usr/lib/python3.12/importlib/__init__.py:90: FutureWarning: `reset_plugins` is deprecated since version 0.25 and will be removed in version 0.27. The plugin infrastructure of `skimage.io` is deprecated. Instead, use `imageio` or other I/O packages directly.\n"}
,{"stream_name":"stderr","time":57.430431643,"data":"  return _bootstrap._gcd_import(name[level:], package, level)\n"}
,{"stream_name":"stdout","time":57.717389261,"data":"Required graph/Zarr/ILP packages import successfully.\n"}
,{"stream_name":"stdout","time":57.717428864,"data":"Inference repo: /kaggle/working/tracking_repo\n"}
,{"stream_name":"stdout","time":57.71745412,"data":"Weights: /kaggle/working/tracking_repo/weights/unet_transformer/split_0/edge_predictor_best.pth\n"}
,{"stream_name":"stdout","time":58.397722855,"data":"Support repo Python manifest SHA256: 978b626d1fd1e7397435a437dfe68691defe1572fc3c20e61012d7c9b52ed029\n"}
,{"stream_name":"stdout","time":58.397784074,"data":"Primary materialized SHA256: 12f6881ee3620a831697ca098ff8f48e687a24225f4e048b538deec3562fe771\n"}
,{"stream_name":"stdout","time":58.397788386,"data":"DeepCenter materialized SHA256: 8040999a92f6b7bbd98fa8cf458141e045c0f9ad7c936bdb3b18e1f7edafe2a0\n"}
,{"stream_name":"stdout","time":481.549882626,"data":"Secondary artifact: /kaggle/input/datasets/pilkwang/biohub-temporal-unet3d-seed314159-v1\n"}
,{"stream_name":"stdout","time":481.549938115,"data":"Secondary weight: /kaggle/working/secondary_seed_weights/unet_transformer/split_0/edge_predictor_best.pth\n"}
,{"stream_name":"stdout","time":481.549949786,"data":"Secondary SHA256: 9bac2fa0dadc4a6fc1899e0caf187f4b553e0a7cd90ba1261a68b35ffe9e305f\n"}
,{"stream_name":"stdout","time":481.549979611,"data":"Secondary edge-logit weight: 0.15\n"}
,{"stream_name":"stdout","time":481.549985873,"data":"Secondary edge-feature TTA blend: 0.75\n"}
,{"stream_name":"stdout","time":481.549991421,"data":"Runtime integrity receipt: /kaggle/working/bidirectional_production_runtime_integrity.json\n"}
,{"stream_name":"stdout","time":485.903369543,"data":"CUDA device: Tesla T4\n"}
,{"stream_name":"stdout","time":485.90341035,"data":"Eight-view D4 detection TTA patch applied\n"}
,{"stream_name":"stdout","time":485.903415182,"data":"Calibrated dual-seed runtime patch applied\n"}
,{"stream_name":"stdout","time":485.903418426,"data":"Frozen frame retention guard applied at 0.90\n"}
,{"stream_name":"stdout","time":485.903421876,"data":"Bidirectional harmonic-probability association fusion applied | weight: 0.15\n"}
,{"stream_name":"stdout","time":485.903425324,"data":"Pre-ILP detector-coordinate manifest hook applied\n"}
,{"stream_name":"stdout","time":485.90342854,"data":"Edge-feature TTA patch installed and enabled\n"}
,{"stream_name":"stdout","time":632.751361919,"data":"model190: materialized writable copy of /kaggle/working/tracking_repo/weights\n"}
,{"stream_name":"stdout","time":632.751415652,"data":"model190: PRIMARY weights replaced by /kaggle/input/datasets/krittanutsomtuas/biohub-model185-scratch-seed/edge_predictor_best.pth\n"}
,{"stream_name":"stdout","time":632.751423388,"data":"model190: SECONDARY weights replaced by /kaggle/input/datasets/krittanutsomtuas/biohub-model185-scratch-seed/edge_predictor_best.pth\n"}
,{"stream_name":"stdout","time":632.751429287,"data":"Found 4 test videos\n"}
,{"stream_name":"stdout","time":632.751434491,"data":"['44b6_0113de3b', '44b6_0b24845f', '6bba_05b6850b', '6bba_05db0fb1']\n"}
,{"stream_name":"stdout","time":632.751439855,"data":"Launching 2 independent video shards on CUDA devices ['0', '1']\n"}
,{"stream_name":"stdout","time":632.751445415,"data":"GPU shard 0: CUDA_VISIBLE_DEVICES = 0 | /usr/bin/python3 scripts/predict_unet_transformer.py --data-dir /kaggle/input/competitions/biohub-cell-tracking-during-development/test --splits kaggle_test_splits_50ep.json --split 0 --weights weights/unet_transformer/split_0/edge_predictor_best.pth --unet-batch-size 4 --det-threshold 0.965 --ilp-edge-weight -1.0 --ilp-appearance-weight 0.0 --ilp-disappearance-weight 2.0 --ilp-division-weight 1.2 --use-ilp --method unet_transformer_gpu0 --slice 0::2\n"}
,{"stream_name":"stdout","time":632.752149622,"data":"GPU shard 1: CUDA_VISIBLE_DEVICES = 1 | /usr/bin/python3 scripts/predict_unet_transformer.py --data-dir /kaggle/input/competitions/biohub-cell-tracking-during-development/test --splits kaggle_test_splits_50ep.json --split 0 --weights weights/unet_transformer/split_0/edge_predictor_best.pth --unet-batch-size 4 --det-threshold 0.965 --ilp-edge-weight -1.0 --ilp-appearance-weight 0.0 --ilp-disappearance-weight 2.0 --ilp-division-weight 1.2 --use-ilp --method unet_transformer_gpu1 --slice 1::2\n"}
,{"stream_name":"stdout","time":638.97301649,"data":"/usr/local/lib/python3.12/dist-packages/dask/array/image.py:7: FutureWarning: `find_available_plugins` is deprecated since version 0.25 and will be removed in version 0.27. The plugin infrastructure of `skimage.io` is deprecated. Instead, use `imageio` or other I/O packages directly.\n"}
,{"stream_name":"stdout","time":638.974178178,"data":"  from skimage.io import imread as sk_imread\n"}
,{"stream_name":"stdout","time":638.979224323,"data":"/usr/lib/python3.12/importlib/__init__.py:90: FutureWarning: `reset_plugins` is deprecated since version 0.25 and will be removed in version 0.27. The plugin infrastructure of `skimage.io` is deprecated. Instead, use `imageio` or other I/O packages directly.\n"}
,{"stream_name":"stdout","time":638.980371744,"data":"  return _bootstrap._gcd_import(name[level:], package, level)\n"}
,{"stream_name":"stdout","time":639.007814453,"data":"/usr/local/lib/python3.12/dist-packages/dask/array/image.py:7: FutureWarning: `find_available_plugins` is deprecated since version 0.25 and will be removed in version 0.27. The plugin infrastructure of `skimage.io` is deprecated. Instead, use `imageio` or other I/O packages directly.\n"}
,{"stream_name":"stdout","time":639.009709045,"data":"  from skimage.io import imread as sk_imread\n"}
,{"stream_name":"stdout","time":639.014700328,"data":"/usr/lib/python3.12/importlib/__init__.py:90: FutureWarning: `reset_plugins` is deprecated since version 0.25 and will be removed in version 0.27. The plugin infrastructure of `skimage.io` is deprecated. Instead, use `imageio` or other I/O packages directly.\n"}
,{"stream_name":"stdout","time":639.016140679,"data":"  return _bootstrap._gcd_import(name[level:], package, level)\n"}
,{"stream_name":"stdout","time":639.753368089,"data":"Secondary model: /kaggle/input/datasets/krittanutsomtuas/biohub-model185-scratch-seed/edge_predictor_best.pth | edge weight = 0.150 | detection weight = 0.800 | link mode = low_margin_consensus | temperature = 1.000 | low-margin max = 0.350 | edge threshold = 0.480\n"}
,{"stream_name":"stdout","time":639.753621596,"data":"Fold 0: 2 datasets | weights=weights/unet_transformer/split_0/edge_predictor_best.pth | device=cuda | window_size=2 | pool_kernel_um=3.0\n"}
,{"stream_name":"stdout","time":639.756852851,"data":"Secondary model: /kaggle/input/datasets/krittanutsomtuas/biohub-model185-scratch-seed/edge_predictor_best.pth | edge weight = 0.150 | detection weight = 0.800 | link mode = low_margin_consensus | temperature = 1.000 | low-margin max = 0.350 | edge threshold = 0.480\n"}
,{"stream_name":"stdout","time":639.757988436,"data":"Fold 0: 2 datasets | weights=weights/unet_transformer/split_0/edge_predictor_best.pth | device=cuda | window_size=2 | pool_kernel_um=3.0\n"}
,{"stream_name":"stdout","time":641.916223162,"data":"EDGE_TTA_ACTIVE views = 8 mean_abs_feat_delta = 0.178826\n"}
,{"stream_name":"stdout","time":641.92077797,"data":"EDGE_TTA_ACTIVE views = 8 mean_abs_feat_delta = 0.253771\n"}
,{"stream_name":"stdout","time":642.792881634,"data":"SECONDARY_EDGE_TTA_ACTIVE views = 8 weight = 0.75 mean_abs_feat_delta = 0.178826\n"}
,{"stream_name":"stdout","time":642.79404837,"data":"SECONDARY_EDGE_TTA_ACTIVE views = 8 weight = 0.75 mean_abs_feat_delta = 0.253771\n"}
,{"stream_name":"stdout","time":647.341634737,"data":"EDGE_TTA_ACTIVE views = 8 mean_abs_feat_delta = 0.180853\n"}
,{"stream_name":"stdout","time":647.433254992,"data":"EDGE_TTA_ACTIVE views = 8 mean_abs_feat_delta = 0.259404\n"}
,{"stream_name":"stdout","time":648.225072523,"data":"SECONDARY_EDGE_TTA_ACTIVE views = 8 weight = 0.75 mean_abs_feat_delta = 0.180853\n"}
,{"stream_name":"stdout","time":648.276769535,"data":"SECONDARY_EDGE_TTA_ACTIVE views = 8 weight = 0.75 mean_abs_feat_delta = 0.259404\n"}
,{"stream_name":"stdout","time":649.245724992,"data":"EDGE_TTA_ACTIVE views = 8 mean_abs_feat_delta = 0.18161\n"}
,{"stream_name":"stdout","time":649.411675411,"data":"EDGE_TTA_ACTIVE views = 8 mean_abs_feat_delta = 0.25045\n"}
,{"stream_name":"stdout","time":650.131499101,"data":"SECONDARY_EDGE_TTA_ACTIVE views = 8 weight = 0.75 mean_abs_feat_delta = 0.18161\n"}
,{"stream_name":"stdout","time":650.248421767,"data":"SECONDARY_EDGE_TTA_ACTIVE views = 8 weight = 0.75 mean_abs_feat_delta = 0.25045\n"}
,{"stream_name":"stdout","time":651.118515703,"data":"EDGE_TTA_ACTIVE views = 8 mean_abs_feat_delta = 0.181929\n"}
,{"stream_name":"stdout","time":651.393137408,"data":"EDGE_TTA_ACTIVE views = 8 mean_abs_feat_delta = 0.266291\n"}
,{"stream_name":"stdout","time":652.001528919,"data":"SECONDARY_EDGE_TTA_ACTIVE views = 8 weight = 0.75 mean_abs_feat_delta = 0.181929\n"}
,{"stream_name":"stdout","time":652.243590546,"data":"SECONDARY_EDGE_TTA_ACTIVE views = 8 weight = 0.75 mean_abs_feat_delta = 0.266291\n"}
,{"stream_name":"stdout","time":653.05545384,"data":"EDGE_TTA_ACTIVE views = 8 mean_abs_feat_delta = 0.180935\n"}
,{"stream_name":"stdout","time":653.369424521,"data":"EDGE_TTA_ACTIVE views = 8 mean_abs_feat_delta = 0.279652\n"}
,{"stream_name":"stdout","time":653.939241703,"data":"SECONDARY_EDGE_TTA_ACTIVE views = 8 weight = 0.75 mean_abs_feat_delta = 0.180935\n"}
,{"stream_name":"stdout","time":654.223226285,"data":"SECONDARY_EDGE_TTA_ACTIVE views = 8 weight = 0.75 mean_abs_feat_delta = 0.279652\n"}
,{"stream_name":"stdout","time":654.982147625,"data":"EDGE_TTA_ACTIVE views = 8 mean_abs_feat_delta = 0.180107\n"}
,{"stream_name":"stdout","time":655.347094286,"data":"EDGE_TTA_ACTIVE views = 8 mean_abs_feat_delta = 0.27974\n"}
,{"stream_name":"stdout","time":655.868743112,"data":"SECONDARY_EDGE_TTA_ACTIVE views = 8 weight = 0.75 mean_abs_feat_delta = 0.180107\n"}
,{"stream_name":"stdout","time":656.204742875,"data":"SECONDARY_EDGE_TTA_ACTIVE views = 8 weight = 0.75 mean_abs_feat_delta = 0.27974\n"}
,{"stream_name":"stdout","time":656.948488146,"data":"EDGE_TTA_ACTIVE views = 8 mean_abs_feat_delta = 0.181127\n"}
,{"stream_name":"stdout","time":657.372446889,"data":"EDGE_TTA_ACTIVE views = 8 mean_abs_feat_delta = 0.279014\n"}
,{"stream_name":"stdout","time":657.840392044,"data":"SECONDARY_EDGE_TTA_ACTIVE views = 8 weight = 0.75 mean_abs_feat_delta = 0.181127\n"}
,{"stream_name":"stdout","time":658.231642235,"data":"SECONDARY_EDGE_TTA_ACTIVE views = 8 weight = 0.75 mean_abs_feat_delta = 0.279014\n"}
,{"stream_name":"stdout","time":658.866333968,"data":"EDGE_TTA_ACTIVE views = 8 mean_abs_feat_delta = 0.183477\n"}
,{"stream_name":"stdout","time":659.382355848,"data":"EDGE_TTA_ACTIVE views = 8 mean_abs_feat_delta = 0.269127\n"}
,{"stream_name":"stdout","time":659.760946817,"data":"SECONDARY_EDGE_TTA_ACTIVE views = 8 weight = 0.75 mean_abs_feat_delta = 0.183477\n"}
,{"stream_name":"stdout","time":660.243336285,"data":"SECONDARY_EDGE_TTA_ACTIVE views = 8 weight = 0.75 mean_abs_feat_delta = 0.269127\n"}
,{"stream_name":"stdout","time":660.8135639,"data":"EDGE_TTA_ACTIVE views = 8 mean_abs_feat_delta = 0.183083\n"}
,{"stream_name":"stdout","time":661.374350318,"data":"EDGE_TTA_ACTIVE views = 8 mean_abs_feat_delta = 0.269819\n"}
,{"stream_name":"stdout","time":661.718771238,"data":"SECONDARY_EDGE_TTA_ACTIVE views = 8 weight = 0.75 mean_abs_feat_delta = 0.183083\n"}
,{"stream_name":"stdout","time":662.239985014,"data":"SECONDARY_EDGE_TTA_ACTIVE views = 8 weight = 0.75 mean_abs_feat_delta = 0.269819\n"}
,{"stream_name":"stdout","time":662.772805175,"data":"EDGE_TTA_ACTIVE views = 8 mean_abs_feat_delta = 0.18224\n"}
,{"stream_name":"stdout","time":663.383845084,"data":"EDGE_TTA_ACTIVE views = 8 mean_abs_feat_delta = 0.271553\n"}
,{"stream_name":"stdout","time":663.654996037,"data":"SECONDARY_EDGE_TTA_ACTIVE views = 8 weight = 0.75 mean_abs_feat_delta = 0.18224\n"}
,{"stream_name":"stdout","time":664.251990362,"data":"SECONDARY_EDGE_TTA_ACTIVE views = 8 weight = 0.75 mean_abs_feat_delta = 0.271553\n"}
,{"stream_name":"stdout","time":664.677159742,"data":"EDGE_TTA_ACTIVE views = 8 mean_abs_feat_delta = 0.182183\n"}
,{"stream_name":"stdout","time":665.393069502,"data":"EDGE_TTA_ACTIVE views = 8 mean_abs_feat_delta = 0.259867\n"}
,{"stream_name":"stdout","time":665.578614539,"data":"SECONDARY_EDGE_TTA_ACTIVE views = 8 weight = 0.75 mean_abs_feat_delta = 0.182183\n"}
,{"stream_name":"stdout","time":666.268527188,"data":"SECONDARY_EDGE_TTA_ACTIVE views = 8 weight = 0.75 mean_abs_feat_delta = 0.259867\n"}
,{"stream_name":"stdout","time":666.671813944,"data":"EDGE_TTA_ACTIVE views = 8 mean_abs_feat_delta = 0.180362\n"}
,{"stream_name":"stdout","time":667.419250391,"data":"EDGE_TTA_ACTIVE views = 8 mean_abs_feat_delta = 0.285899\n"}
,{"stream_name":"stdout","time":667.575607256,"data":"SECONDARY_EDGE_TTA_ACTIVE views = 8 weight = 0.75 mean_abs_feat_delta = 0.180362\n"}
,{"stream_name":"stdout","time":668.287547325,"data":"SECONDARY_EDGE_TTA_ACTIVE views = 8 weight = 0.75 mean_abs_feat_delta = 0.285899\n"}
,{"stream_name":"stdout","time":668.669258036,"data":"EDGE_TTA_ACTIVE views = 8 mean_abs_feat_delta = 0.182261\n"}
,{"stream_name":"stdout","time":669.421804536,"data":"EDGE_TTA_ACTIVE views = 8 mean_abs_feat_delta = 0.282534\n"}
,{"stream_name":"stdout","time":669.577967516,"data":"SECONDARY_EDGE_TTA_ACTIVE views = 8 weight = 0.75 mean_abs_feat_delta = 0.182261\n"}
,{"stream_name":"stdout","time":670.293641512,"data":"SECONDARY_EDGE_TTA_ACTIVE views = 8 weight = 0.75 mean_abs_feat_delta = 0.282534\n"}
,{"stream_name":"stdout","time":670.63444921,"data":"EDGE_TTA_ACTIVE views = 8 mean_abs_feat_delta = 0.184613\n"}
,{"stream_name":"stdout","time":671.424054661,"data":"EDGE_TTA_ACTIVE views = 8 mean_abs_feat_delta = 0.290226\n"}
,{"stream_name":"stdout","time":671.545224284,"data":"SECONDARY_EDGE_TTA_ACTIVE views = 8 weight = 0.75 mean_abs_feat_delta = 0.184613\n"}
,{"stream_name":"stdout","time":672.301125276,"data":"SECONDARY_EDGE_TTA_ACTIVE views = 8 weight = 0.75 mean_abs_feat_delta = 0.290226\n"}
,{"stream_name":"stdout","time":672.585341318,"data":"EDGE_TTA_ACTIVE views = 8 mean_abs_feat_delta = 0.184054\n"}
,{"stream_name":"stdout","time":673.380126037,"data":"EDGE_TTA_ACTIVE views = 8 mean_abs_feat_delta = 0.295893\n"}
,{"stream_name":"stdout","time":673.500263852,"data":"SECONDARY_EDGE_TTA_ACTIVE views = 8 weight = 0.75 mean_abs_feat_delta = 0.184054\n"}
,{"stream_name":"stdout","time":674.26024866,"data":"SECONDARY_EDGE_TTA_ACTIVE views = 8 weight = 0.75 mean_abs_feat_delta = 0.295893\n"}
,{"stream_name":"stdout","time":674.535222996,"data":"EDGE_TTA_ACTIVE views = 8 mean_abs_feat_delta = 0.181227\n"}
,{"stream_name":"stdout","time":675.384389559,"data":"EDGE_TTA_ACTIVE views = 8 mean_abs_feat_delta = 0.29708\n"}
,{"stream_name":"stdout","time":675.46508942,"data":"SECONDARY_EDGE_TTA_ACTIVE views = 8 weight = 0.75 mean_abs_feat_delta = 0.181227\n"}
,{"stream_name":"stdout","time":676.281689082,"data":"SECONDARY_EDGE_TTA_ACTIVE views = 8 weight = 0.75 mean_abs_feat_delta = 0.29708\n"}
,{"stream_name":"stdout","time":676.533146916,"data":"EDGE_TTA_ACTIVE views = 8 mean_abs_feat_delta = 0.180334\n"}
,{"stream_name":"stdout","time":677.36270765,"data":"EDGE_TTA_ACTIVE views = 8 mean_abs_feat_delta = 0.294862\n"}
,{"stream_name":"stdout","time":677.456271888,"data":"SECONDARY_EDGE_TTA_ACTIVE views = 8 weight = 0.75 mean_abs_feat_delta = 0.180334\n"}
,{"stream_name":"stdout","time":678.24984834,"data":"SECONDARY_EDGE_TTA_ACTIVE views = 8 weight = 0.75 mean_abs_feat_delta = 0.294862\n"}
,{"stream_name":"stdout","time":678.581828626,"data":"EDGE_TTA_ACTIVE views = 8 mean_abs_feat_delta = 0.183049\n"}
,{"stream_name":"stdout","time":679.335557367,"data":"EDGE_TTA_ACTIVE views = 8 mean_abs_feat_delta = 0.296275\n"}
,{"stream_name":"stdout","time":679.508703313,"data":"SECONDARY_EDGE_TTA_ACTIVE views = 8 weight = 0.75 mean_abs_feat_delta = 0.183049\n"}
,{"stream_name":"stdout","time":680.221914684,"data":"SECONDARY_EDGE_TTA_ACTIVE views = 8 weight = 0.75 mean_abs_feat_delta = 0.296275\n"}
,{"stream_name":"stdout","time":680.557219717,"data":"EDGE_TTA_ACTIVE views = 8 mean_abs_feat_delta = 0.184803\n"}
,{"stream_name":"stdout","time":681.36877663,"data":"EDGE_TTA_ACTIVE views = 8 mean_abs_feat_delta = 0.299201\n"}
,{"stream_name":"stdout","time":681.485646577,"data":"SECONDARY_EDGE_TTA_ACTIVE views = 8 weight = 0.75 mean_abs_feat_delta = 0.184803\n"}
,{"stream_name":"stdout","time":682.257832986,"data":"SECONDARY_EDGE_TTA_ACTIVE views = 8 weight = 0.75 mean_abs_feat_delta = 0.299201\n"}
,{"stream_name":"stdout","time":682.577798023,"data":"EDGE_TTA_ACTIVE views = 8 mean_abs_feat_delta = 0.184611\n"}
,{"stream_name":"stdout","time":683.44801714,"data":"EDGE_TTA_ACTIVE views = 8 mean_abs_feat_delta = 0.300814\n"}
,{"stream_name":"stdout","time":683.511543201,"data":"SECONDARY_EDGE_TTA_ACTIVE views = 8 weight = 0.75 mean_abs_feat_delta = 0.184611\n"}
,{"stream_name":"stdout","time":684.341898123,"data":"SECONDARY_EDGE_TTA_ACTIVE views = 8 weight = 0.75 mean_abs_feat_delta = 0.300814\n"}
,{"stream_name":"stdout","time":684.606820706,"data":"EDGE_TTA_ACTIVE views = 8 mean_abs_feat_delta = 0.187393\n"}
,{"stream_name":"stdout","time":685.484528885,"data":"EDGE_TTA_ACTIVE views = 8 mean_abs_feat_delta = 0.294916\n"}
,{"stream_name":"stdout","time":685.542356381,"data":"SECONDARY_EDGE_TTA_ACTIVE views = 8 weight = 0.75 mean_abs_feat_delta = 0.187393\n"}
,{"stream_name":"stdout","time":686.382178516,"data":"SECONDARY_EDGE_TTA_ACTIVE views = 8 weight = 0.75 mean_abs_feat_delta = 0.294916\n"}
,{"stream_name":"stdout","time":686.635343595,"data":"EDGE_TTA_ACTIVE views = 8 mean_abs_feat_delta = 0.188758\n"}
,{"stream_name":"stdout","time":687.55267317,"data":"EDGE_TTA_ACTIVE views = 8 mean_abs_feat_delta = 0.28859\n"}
,{"stream_name":"stdout","time":687.573817095,"data":"SECONDARY_EDGE_TTA_ACTIVE views = 8 weight = 0.75 mean_abs_feat_delta = 0.188758\n"}
,{"stream_name":"stdout","time":688.450118633,"data":"SECONDARY_EDGE_TTA_ACTIVE views = 8 weight = 0.75 mean_abs_feat_delta = 0.28859\n"}
,{"stream_name":"stdout","time":688.685607388,"data":"EDGE_TTA_ACTIVE views = 8 mean_abs_feat_delta = 0.19111\n"}
,{"stream_name":"stdout","time":689.545721831,"data":"EDGE_TTA_ACTIVE views = 8 mean_abs_feat_delta = 0.290579\n"}
,{"stream_name":"stdout","time":689.627404502,"data":"SECONDARY_EDGE_TTA_ACTIVE views = 8 weight = 0.75 mean_abs_feat_delta = 0.19111\n"}
,{"stream_name":"stdout","time":690.450947131,"data":"SECONDARY_EDGE_TTA_ACTIVE views = 8 weight = 0.75 mean_abs_feat_delta = 0.290579\n"}
,{"stream_name":"stdout","time":690.730688605,"data":"EDGE_TTA_ACTIVE views = 8 mean_abs_feat_delta = 0.190432\n"}
,{"stream_name":"stdout","time":691.611434905,"data":"EDGE_TTA_ACTIVE views = 8 mean_abs_feat_delta = 0.295005\n"}
,{"stream_name":"stdout","time":691.679282941,"data":"SECONDARY_EDGE_TTA_ACTIVE views = 8 weight = 0.75 mean_abs_feat_delta = 0.190432\n"}
,{"stream_name":"stdout","time":692.521646165,"data":"SECONDARY_EDGE_TTA_ACTIVE views = 8 weight = 0.75 mean_abs_feat_delta = 0.295005\n"}
,{"stream_name":"stdout","time":692.81336659,"data":"EDGE_TTA_ACTIVE views = 8 mean_abs_feat_delta = 0.189851\n"}
,{"stream_name":"stdout","time":693.641943625,"data":"EDGE_TTA_ACTIVE views = 8 mean_abs_feat_delta = 0.297967\n"}
,{"stream_name":"stdout","time":693.737028245,"data":"SECONDARY_EDGE_TTA_ACTIVE views = 8 weight = 0.75 mean_abs_feat_delta = 0.189851\n"}
,{"stream_name":"stdout","time":694.553811827,"data":"SECONDARY_EDGE_TTA_ACTIVE views = 8 weight = 0.75 mean_abs_feat_delta = 0.297967\n"}
,{"stream_name":"stdout","time":694.830518649,"data":"EDGE_TTA_ACTIVE views = 8 mean_abs_feat_delta = 0.189087\n"}
,{"stream_name":"stdout","time":695.674063757,"data":"EDGE_TTA_ACTIVE views = 8 mean_abs_feat_delta = 0.304104\n"}
,{"stream_name":"stdout","time":695.77785173,"data":"SECONDARY_EDGE_TTA_ACTIVE views = 8 weight = 0.75 mean_abs_feat_delta = 0.189087\n"}
,{"stream_name":"stdout","time":696.588860308,"data":"SECONDARY_EDGE_TTA_ACTIVE views = 8 weight = 0.75 mean_abs_feat_delta = 0.304104\n"}
,{"stream_name":"stdout","time":696.850369189,"data":"EDGE_TTA_ACTIVE views = 8 mean_abs_feat_delta = 0.19221\n"}
,{"stream_name":"stdout","time":697.719541718,"data":"EDGE_TTA_ACTIVE views = 8 mean_abs_feat_delta = 0.304669\n"}
,{"stream_name":"stdout","time":697.802778627,"data":"SECONDARY_EDGE_TTA_ACTIVE views = 8 weight = 0.75 mean_abs_feat_delta = 0.19221\n"}
,{"stream_name":"stdout","time":698.637127389,"data":"SECONDARY_EDGE_TTA_ACTIVE views = 8 weight = 0.75 mean_abs_feat_delta = 0.304669\n"}
,{"stream_name":"stdout","time":698.884189203,"data":"EDGE_TTA_ACTIVE views = 8 mean_abs_feat_delta = 0.192166\n"}
,{"stream_name":"stdout","time":699.777625648,"data":"EDGE_TTA_ACTIVE views = 8 mean_abs_feat_delta = 0.300035\n"}
,{"stream_name":"stdout","time":699.841471575,"data":"SECONDARY_EDGE_TTA_ACTIVE views = 8 weight = 0.75 mean_abs_feat_delta = 0.192166\n"}
,{"stream_name":"stdout","time":700.692193625,"data":"SECONDARY_EDGE_TTA_ACTIVE views = 8 weight = 0.75 mean_abs_feat_delta = 0.300035\n"}
,{"stream_name":"stdout","time":700.924687634,"data":"EDGE_TTA_ACTIVE views = 8 mean_abs_feat_delta = 0.192059\n"}
,{"stream_name":"stdout","time":701.807928658,"data":"EDGE_TTA_ACTIVE views = 8 mean_abs_feat_delta = 0.300301\n"}
,{"stream_name":"stdout","time":701.887797508,"data":"SECONDARY_EDGE_TTA_ACTIVE views = 8 weight = 0.75 mean_abs_feat_delta = 0.192059\n"}
,{"stream_name":"stdout","time":702.72761307,"data":"SECONDARY_EDGE_TTA_ACTIVE views = 8 weight = 0.75 mean_abs_feat_delta = 0.300301\n"}
,{"stream_name":"stdout","time":702.975505259,"data":"EDGE_TTA_ACTIVE views = 8 mean_abs_feat_delta = 0.194003\n"}
,{"stream_name":"stdout","time":703.852080671,"data":"EDGE_TTA_ACTIVE views = 8 mean_abs_feat_delta = 0.306613\n"}
,{"stream_name":"stdout","time":703.940281767,"data":"SECONDARY_EDGE_TTA_ACTIVE views = 8 weight = 0.75 mean_abs_feat_delta = 0.194003\n"}
,{"stream_name":"stdout","time":704.775910383,"data":"SECONDARY_EDGE_TTA_ACTIVE views = 8 weight = 0.75 mean_abs_feat_delta = 0.306613\n"}
,{"stream_name":"stdout","time":705.040315092,"data":"EDGE_TTA_ACTIVE views = 8 mean_abs_feat_delta = 0.195721\n"}
,{"stream_name":"stdout","time":705.883669185,"data":"EDGE_TTA_ACTIVE views = 8 mean_abs_feat_delta = 0.30166\n"}
,{"stream_name":"stdout","time":706.005886522,"data":"SECONDARY_EDGE_TTA_ACTIVE views = 8 weight = 0.75 mean_abs_feat_delta = 0.195721\n"}
,{"stream_name":"stdout","time":706.810233264,"data":"SECONDARY_EDGE_TTA_ACTIVE views = 8 weight = 0.75 mean_abs_feat_delta = 0.30166\n"}
,{"stream_name":"stdout","time":707.098028049,"data":"EDGE_TTA_ACTIVE views = 8 mean_abs_feat_delta = 0.199984\n"}
,{"stream_name":"stdout","time":707.933302396,"data":"EDGE_TTA_ACTIVE views = 8 mean_abs_feat_delta = 0.302045\n"}
,{"stream_name":"stdout","time":708.069839303,"data":"SECONDARY_EDGE_TTA_ACTIVE views = 8 weight = 0.75 mean_abs_feat_delta = 0.199984\n"}
,{"stream_name":"stdout","time":708.863728834,"data":"SECONDARY_EDGE_TTA_ACTIVE views = 8 weight = 0.75 mean_abs_feat_delta = 0.302045\n"}
,{"stream_name":"stdout","time":709.161783961,"data":"EDGE_TTA_ACTIVE views = 8 mean_abs_feat_delta = 0.198049\n"}
,{"stream_name":"stdout","time":709.999359041,"data":"EDGE_TTA_ACTIVE views = 8 mean_abs_feat_delta = 0.30261\n"}
,{"stream_name":"stdout","time":710.154167129,"data":"SECONDARY_EDGE_TTA_ACTIVE views = 8 weight = 0.75 mean_abs_feat_delta = 0.198049\n"}
,{"stream_name":"stdout","time":710.931907794,"data":"SECONDARY_EDGE_TTA_ACTIVE views = 8 weight = 0.75 mean_abs_feat_delta = 0.30261\n"}
,{"stream_name":"stdout","time":711.267873591,"data":"EDGE_TTA_ACTIVE views = 8 mean_abs_feat_delta = 0.199002\n"}
,{"stream_name":"stdout","time":712.140623462,"data":"EDGE_TTA_ACTIVE views = 8 mean_abs_feat_delta = 0.304113\n"}
,{"stream_name":"stdout","time":712.243528573,"data":"SECONDARY_EDGE_TTA_ACTIVE views = 8 weight = 0.75 mean_abs_feat_delta = 0.199002\n"}
,{"stream_name":"stdout","time":713.077843048,"data":"SECONDARY_EDGE_TTA_ACTIVE views = 8 weight = 0.75 mean_abs_feat_delta = 0.304113\n"}
,{"stream_name":"stdout","time":713.357063788,"data":"EDGE_TTA_ACTIVE views = 8 mean_abs_feat_delta = 0.199265\n"}
,{"stream_name":"stdout","time":714.244699559,"data":"EDGE_TTA_ACTIVE views = 8 mean_abs_feat_delta = 0.304811\n"}
,{"stream_name":"stdout","time":714.334278471,"data":"SECONDARY_EDGE_TTA_ACTIVE views = 8 weight = 0.75 mean_abs_feat_delta = 0.199265\n"}
,{"stream_name":"stdout","time":715.199209526,"data":"SECONDARY_EDGE_TTA_ACTIVE views = 8 weight = 0.75 mean_abs_feat_delta = 0.304811\n"}
,{"stream_name":"stdout","time":715.465865467,"data":"EDGE_TTA_ACTIVE views = 8 mean_abs_feat_delta = 0.20009\n"}
,{"stream_name":"stdout","time":716.355198761,"data":"EDGE_TTA_ACTIVE views = 8 mean_abs_feat_delta = 0.302536\n"}
,{"stream_name":"stdout","time":716.452233964,"data":"SECONDARY_EDGE_TTA_ACTIVE views = 8 weight = 0.75 mean_abs_feat_delta = 0.20009\n"}
,{"stream_name":"stdout","time":717.299141115,"data":"SECONDARY_EDGE_TTA_ACTIVE views = 8 weight = 0.75 mean_abs_feat_delta = 0.302536\n"}
,{"stream_name":"stdout","time":717.595884719,"data":"EDGE_TTA_ACTIVE views = 8 mean_abs_feat_delta = 0.201008\n"}
,{"stream_name":"stdout","time":718.469407892,"data":"EDGE_TTA_ACTIVE views = 8 mean_abs_feat_delta = 0.297721\n"}
,{"stream_name":"stdout","time":718.589581071,"data":"SECONDARY_EDGE_TTA_ACTIVE views = 8 weight = 0.75 mean_abs_feat_delta = 0.201008\n"}
,{"stream_name":"stdout","time":719.420307771,"data":"SECONDARY_EDGE_TTA_ACTIVE views = 8 weight = 0.75 mean_abs_feat_delta = 0.297721\n"}
,{"stream_name":"stdout","time":719.729720265,"data":"EDGE_TTA_ACTIVE views = 8 mean_abs_feat_delta = 0.201717\n"}
,{"stream_name":"stdout","time":720.575734988,"data":"EDGE_TTA_ACTIVE views = 8 mean_abs_feat_delta = 0.298667\n"}
,{"stream_name":"stdout","time":720.726685617,"data":"SECONDARY_EDGE_TTA_ACTIVE views = 8 weight = 0.75 mean_abs_feat_delta = 0.201717\n"}
,{"stream_name":"stdout","time":721.525143476,"data":"SECONDARY_EDGE_TTA_ACTIVE views = 8 weight = 0.75 mean_abs_feat_delta = 0.298667\n"}
,{"stream_name":"stdout","time":721.881753133,"data":"EDGE_TTA_ACTIVE views = 8 mean_abs_feat_delta = 0.20507\n"}
,{"stream_name":"stdout","time":722.669465262,"data":"EDGE_TTA_ACTIVE views = 8 mean_abs_feat_delta = 0.294786\n"}
,{"stream_name":"stdout","time":722.903827469,"data":"SECONDARY_EDGE_TTA_ACTIVE views = 8 weight = 0.75 mean_abs_feat_delta = 0.20507\n"}
,{"stream_name":"stdout","time":723.619888449,"data":"SECONDARY_EDGE_TTA_ACTIVE views = 8 weight = 0.75 mean_abs_feat_delta = 0.294786\n"}
,{"stream_name":"stdout","time":724.016510527,"data":"EDGE_TTA_ACTIVE views = 8 mean_abs_feat_delta = 0.20787\n"}
,{"stream_name":"stdout","time":724.772021669,"data":"EDGE_TTA_ACTIVE views = 8 mean_abs_feat_delta = 0.297426\n"}
,{"stream_name":"stdout","time":725.028835386,"data":"SECONDARY_EDGE_TTA_ACTIVE views = 8 weight = 0.75 mean_abs_feat_delta = 0.20787\n"}
,{"stream_name":"stdout","time":725.726495895,"data":"SECONDARY_EDGE_TTA_ACTIVE views = 8 weight = 0.75 mean_abs_feat_delta = 0.297426\n"}
,{"stream_name":"stdout","time":726.190735268,"data":"EDGE_TTA_ACTIVE views = 8 mean_abs_feat_delta = 0.208639\n"}
,{"stream_name":"stdout","time":726.90105634,"data":"EDGE_TTA_ACTIVE views = 8 mean_abs_feat_delta = 0.296549\n"}
,{"stream_name":"stdout","time":727.201426156,"data":"SECONDARY_EDGE_TTA_ACTIVE views = 8 weight = 0.75 mean_abs_feat_delta = 0.208639\n"}
,{"stream_name":"stdout","time":727.861262553,"data":"SECONDARY_EDGE_TTA_ACTIVE views = 8 weight = 0.75 mean_abs_feat_delta = 0.296549\n"}
,{"stream_name":"stdout","time":728.337144554,"data":"EDGE_TTA_ACTIVE views = 8 mean_abs_feat_delta = 0.205539\n"}
,{"stream_name":"stdout","time":729.053893398,"data":"EDGE_TTA_ACTIVE views = 8 mean_abs_feat_delta = 0.295904\n"}
,{"stream_name":"stdout","time":729.355136843,"data":"SECONDARY_EDGE_TTA_ACTIVE views = 8 weight = 0.75 mean_abs_feat_delta = 0.205539\n"}
,{"stream_name":"stdout","time":730.019481769,"data":"SECONDARY_EDGE_TTA_ACTIVE views = 8 weight = 0.75 mean_abs_feat_delta = 0.295904\n"}
,{"stream_name":"stdout","time":730.486649058,"data":"EDGE_TTA_ACTIVE views = 8 mean_abs_feat_delta = 0.204315\n"}
,{"stream_name":"stdout","time":731.185791876,"data":"EDGE_TTA_ACTIVE views = 8 mean_abs_feat_delta = 0.295037\n"}
,{"stream_name":"stdout","time":731.510389916,"data":"SECONDARY_EDGE_TTA_ACTIVE views = 8 weight = 0.75 mean_abs_feat_delta = 0.204315\n"}
,{"stream_name":"stdout","time":732.152039394,"data":"SECONDARY_EDGE_TTA_ACTIVE views = 8 weight = 0.75 mean_abs_feat_delta = 0.295037\n"}
,{"stream_name":"stdout","time":732.671868098,"data":"EDGE_TTA_ACTIVE views = 8 mean_abs_feat_delta = 0.206784\n"}
,{"stream_name":"stdout","time":733.333787228,"data":"EDGE_TTA_ACTIVE views = 8 mean_abs_feat_delta = 0.294673\n"}
,{"stream_name":"stdout","time":733.700784871,"data":"SECONDARY_EDGE_TTA_ACTIVE views = 8 weight = 0.75 mean_abs_feat_delta = 0.206784\n"}
,{"stream_name":"stdout","time":734.302897976,"data":"SECONDARY_EDGE_TTA_ACTIVE views = 8 weight = 0.75 mean_abs_feat_delta = 0.294673\n"}
,{"stream_name":"stdout","time":734.871306303,"data":"EDGE_TTA_ACTIVE views = 8 mean_abs_feat_delta = 0.208765\n"}
,{"stream_name":"stdout","time":735.495342729,"data":"EDGE_TTA_ACTIVE views = 8 mean_abs_feat_delta = 0.291564\n"}
,{"stream_name":"stdout","time":735.903295347,"data":"SECONDARY_EDGE_TTA_ACTIVE views = 8 weight = 0.75 mean_abs_feat_delta = 0.208765\n"}
,{"stream_name":"stdout","time":736.469338548,"data":"SECONDARY_EDGE_TTA_ACTIVE views = 8 weight = 0.75 mean_abs_feat_delta = 0.291564\n"}
,{"stream_name":"stdout","time":737.087512901,"data":"EDGE_TTA_ACTIVE views = 8 mean_abs_feat_delta = 0.206317\n"}
,{"stream_name":"stdout","time":737.667147223,"data":"EDGE_TTA_ACTIVE views = 8 mean_abs_feat_delta = 0.294352\n"}
,{"stream_name":"stdout","time":738.1172859,"data":"SECONDARY_EDGE_TTA_ACTIVE views = 8 weight = 0.75 mean_abs_feat_delta = 0.206317\n"}
,{"stream_name":"stdout","time":738.643113072,"data":"SECONDARY_EDGE_TTA_ACTIVE views = 8 weight = 0.75 mean_abs_feat_delta = 0.294352\n"}
,{"stream_name":"stdout","time":739.298121519,"data":"EDGE_TTA_ACTIVE views = 8 mean_abs_feat_delta = 0.209605\n"}
,{"stream_name":"stdout","time":739.916776687,"data":"EDGE_TTA_ACTIVE views = 8 mean_abs_feat_delta = 0.293161\n"}
,{"stream_name":"stdout","time":740.33630306,"data":"SECONDARY_EDGE_TTA_ACTIVE views = 8 weight = 0.75 mean_abs_feat_delta = 0.209605\n"}
,{"stream_name":"stdout","time":740.919822166,"data":"SECONDARY_EDGE_TTA_ACTIVE views = 8 weight = 0.75 mean_abs_feat_delta = 0.293161\n"}
,{"stream_name":"stdout","time":741.513950692,"data":"EDGE_TTA_ACTIVE views = 8 mean_abs_feat_delta = 0.210219\n"}
,{"stream_name":"stdout","time":742.17719027,"data":"EDGE_TTA_ACTIVE views = 8 mean_abs_feat_delta = 0.289569\n"}
,{"stream_name":"stdout","time":742.555040679,"data":"SECONDARY_EDGE_TTA_ACTIVE views = 8 weight = 0.75 mean_abs_feat_delta = 0.210219\n"}
,{"stream_name":"stdout","time":743.154359979,"data":"SECONDARY_EDGE_TTA_ACTIVE views = 8 weight = 0.75 mean_abs_feat_delta = 0.289569\n"}
,{"stream_name":"stdout","time":743.73335012,"data":"EDGE_TTA_ACTIVE views = 8 mean_abs_feat_delta = 0.209632\n"}
,{"stream_name":"stdout","time":744.381450098,"data":"EDGE_TTA_ACTIVE views = 8 mean_abs_feat_delta = 0.285106\n"}
,{"stream_name":"stdout","time":744.784916534,"data":"SECONDARY_EDGE_TTA_ACTIVE views = 8 weight = 0.75 mean_abs_feat_delta = 0.209632\n"}
,{"stream_name":"stdout","time":745.373600426,"data":"SECONDARY_EDGE_TTA_ACTIVE views = 8 weight = 0.75 mean_abs_feat_delta = 0.285106\n"}
,{"stream_name":"stdout","time":745.978003423,"data":"EDGE_TTA_ACTIVE views = 8 mean_abs_feat_delta = 0.20872\n"}
,{"stream_name":"stdout","time":746.629360205,"data":"EDGE_TTA_ACTIVE views = 8 mean_abs_feat_delta = 0.283256\n"}
,{"stream_name":"stdout","time":747.032885627,"data":"SECONDARY_EDGE_TTA_ACTIVE views = 8 weight = 0.75 mean_abs_feat_delta = 0.20872\n"}
,{"stream_name":"stdout","time":747.631362703,"data":"SECONDARY_EDGE_TTA_ACTIVE views = 8 weight = 0.75 mean_abs_feat_delta = 0.283256\n"}
,{"stream_name":"stdout","time":748.217018739,"data":"EDGE_TTA_ACTIVE views = 8 mean_abs_feat_delta = 0.205284\n"}
,{"stream_name":"stdout","time":748.872573416,"data":"EDGE_TTA_ACTIVE views = 8 mean_abs_feat_delta = 0.278807\n"}
,{"stream_name":"stdout","time":749.281946024,"data":"SECONDARY_EDGE_TTA_ACTIVE views = 8 weight = 0.75 mean_abs_feat_delta = 0.205284\n"}
,{"stream_name":"stdout","time":749.879706143,"data":"SECONDARY_EDGE_TTA_ACTIVE views = 8 weight = 0.75 mean_abs_feat_delta = 0.278807\n"}
,{"stream_name":"stdout","time":750.486272112,"data":"EDGE_TTA_ACTIVE views = 8 mean_abs_feat_delta = 0.207777\n"}
,{"stream_name":"stdout","time":751.132753957,"data":"EDGE_TTA_ACTIVE views = 8 mean_abs_feat_delta = 0.275136\n"}
,{"stream_name":"stdout","time":751.554300004,"data":"SECONDARY_EDGE_TTA_ACTIVE views = 8 weight = 0.75 mean_abs_feat_delta = 0.207777\n"}
,{"stream_name":"stdout","time":752.144014933,"data":"SECONDARY_EDGE_TTA_ACTIVE views = 8 weight = 0.75 mean_abs_feat_delta = 0.275136\n"}
,{"stream_name":"stdout","time":752.757648488,"data":"EDGE_TTA_ACTIVE views = 8 mean_abs_feat_delta = 0.208665\n"}
,{"stream_name":"stdout","time":753.410726308,"data":"EDGE_TTA_ACTIVE views = 8 mean_abs_feat_delta = 0.270455\n"}
,{"stream_name":"stdout","time":753.833978654,"data":"SECONDARY_EDGE_TTA_ACTIVE views = 8 weight = 0.75 mean_abs_feat_delta = 0.208665\n"}
,{"stream_name":"stdout","time":754.405852892,"data":"SECONDARY_EDGE_TTA_ACTIVE views = 8 weight = 0.75 mean_abs_feat_delta = 0.270455\n"}
,{"stream_name":"stdout","time":755.052930875,"data":"EDGE_TTA_ACTIVE views = 8 mean_abs_feat_delta = 0.211655\n"}
,{"stream_name":"stdout","time":755.688576711,"data":"EDGE_TTA_ACTIVE views = 8 mean_abs_feat_delta = 0.269659\n"}
,{"stream_name":"stdout","time":756.140298034,"data":"SECONDARY_EDGE_TTA_ACTIVE views = 8 weight = 0.75 mean_abs_feat_delta = 0.211655\n"}
,{"stream_name":"stdout","time":756.711979316,"data":"SECONDARY_EDGE_TTA_ACTIVE views = 8 weight = 0.75 mean_abs_feat_delta = 0.269659\n"}
,{"stream_name":"stdout","time":757.368124755,"data":"EDGE_TTA_ACTIVE views = 8 mean_abs_feat_delta = 0.211726\n"}
,{"stream_name":"stdout","time":757.997266306,"data":"EDGE_TTA_ACTIVE views = 8 mean_abs_feat_delta = 0.266189\n"}
,{"stream_name":"stdout","time":758.458686726,"data":"SECONDARY_EDGE_TTA_ACTIVE views = 8 weight = 0.75 mean_abs_feat_delta = 0.211726\n"}
,{"stream_name":"stdout","time":759.028697373,"data":"SECONDARY_EDGE_TTA_ACTIVE views = 8 weight = 0.75 mean_abs_feat_delta = 0.266189\n"}
,{"stream_name":"stdout","time":759.71610582,"data":"EDGE_TTA_ACTIVE views = 8 mean_abs_feat_delta = 0.211555\n"}
,{"stream_name":"stdout","time":760.309848296,"data":"EDGE_TTA_ACTIVE views = 8 mean_abs_feat_delta = 0.261557\n"}
,{"stream_name":"stdout","time":760.813942022,"data":"SECONDARY_EDGE_TTA_ACTIVE views = 8 weight = 0.75 mean_abs_feat_delta = 0.211555\n"}
,{"stream_name":"stdout","time":761.344836808,"data":"SECONDARY_EDGE_TTA_ACTIVE views = 8 weight = 0.75 mean_abs_feat_delta = 0.261557\n"}
,{"stream_name":"stdout","time":762.052062836,"data":"EDGE_TTA_ACTIVE views = 8 mean_abs_feat_delta = 0.210338\n"}
,{"stream_name":"stdout","time":762.65004795,"data":"EDGE_TTA_ACTIVE views = 8 mean_abs_feat_delta = 0.259852\n"}
,{"stream_name":"stdout","time":763.149367439,"data":"SECONDARY_EDGE_TTA_ACTIVE views = 8 weight = 0.75 mean_abs_feat_delta = 0.210338\n"}
,{"stream_name":"stdout","time":763.691290905,"data":"SECONDARY_EDGE_TTA_ACTIVE views = 8 weight = 0.75 mean_abs_feat_delta = 0.259852\n"}
,{"stream_name":"stdout","time":764.375100801,"data":"EDGE_TTA_ACTIVE views = 8 mean_abs_feat_delta = 0.206608\n"}
,{"stream_name":"stdout","time":765.006435445,"data":"EDGE_TTA_ACTIVE views = 8 mean_abs_feat_delta = 0.258192\n"}
,{"stream_name":"stdout","time":765.490290052,"data":"SECONDARY_EDGE_TTA_ACTIVE views = 8 weight = 0.75 mean_abs_feat_delta = 0.206608\n"}
,{"stream_name":"stdout","time":766.054718579,"data":"SECONDARY_EDGE_TTA_ACTIVE views = 8 weight = 0.75 mean_abs_feat_delta = 0.258192\n"}
,{"stream_name":"stdout","time":766.736417721,"data":"EDGE_TTA_ACTIVE views = 8 mean_abs_feat_delta = 0.206648\n"}
,{"stream_name":"stdout","time":767.372886194,"data":"EDGE_TTA_ACTIVE views = 8 mean_abs_feat_delta = 0.26331\n"}
,{"stream_name":"stdout","time":767.8561442,"data":"SECONDARY_EDGE_TTA_ACTIVE views = 8 weight = 0.75 mean_abs_feat_delta = 0.206648\n"}
,{"stream_name":"stdout","time":768.426244648,"data":"SECONDARY_EDGE_TTA_ACTIVE views = 8 weight = 0.75 mean_abs_feat_delta = 0.26331\n"}
,{"stream_name":"stdout","time":769.119996686,"data":"EDGE_TTA_ACTIVE views = 8 mean_abs_feat_delta = 0.211996\n"}
,{"stream_name":"stdout","time":769.745772072,"data":"EDGE_TTA_ACTIVE views = 8 mean_abs_feat_delta = 0.262869\n"}
,{"stream_name":"stdout","time":770.240263901,"data":"SECONDARY_EDGE_TTA_ACTIVE views = 8 weight = 0.75 mean_abs_feat_delta = 0.211996\n"}
,{"stream_name":"stdout","time":770.803014603,"data":"SECONDARY_EDGE_TTA_ACTIVE views = 8 weight = 0.75 mean_abs_feat_delta = 0.262869\n"}
,{"stream_name":"stdout","time":771.493053622,"data":"EDGE_TTA_ACTIVE views = 8 mean_abs_feat_delta = 0.215012\n"}
,{"stream_name":"stdout","time":772.165309744,"data":"EDGE_TTA_ACTIVE views = 8 mean_abs_feat_delta = 0.260486\n"}
,{"stream_name":"stdout","time":772.627434576,"data":"SECONDARY_EDGE_TTA_ACTIVE views = 8 weight = 0.75 mean_abs_feat_delta = 0.215012\n"}
,{"stream_name":"stdout","time":773.216337452,"data":"SECONDARY_EDGE_TTA_ACTIVE views = 8 weight = 0.75 mean_abs_feat_delta = 0.260486\n"}
,{"stream_name":"stdout","time":773.887393726,"data":"EDGE_TTA_ACTIVE views = 8 mean_abs_feat_delta = 0.214146\n"}
,{"stream_name":"stdout","time":774.56937133,"data":"EDGE_TTA_ACTIVE views = 8 mean_abs_feat_delta = 0.253603\n"}
,{"stream_name":"stdout","time":775.023534732,"data":"SECONDARY_EDGE_TTA_ACTIVE views = 8 weight = 0.75 mean_abs_feat_delta = 0.214146\n"}
,{"stream_name":"stdout","time":775.631447792,"data":"SECONDARY_EDGE_TTA_ACTIVE views = 8 weight = 0.75 mean_abs_feat_delta = 0.253603\n"}
,{"stream_name":"stdout","time":776.300386559,"data":"EDGE_TTA_ACTIVE views = 8 mean_abs_feat_delta = 0.217257\n"}
,{"stream_name":"stdout","time":777.011383272,"data":"EDGE_TTA_ACTIVE views = 8 mean_abs_feat_delta = 0.248615\n"}
,{"stream_name":"stdout","time":777.43525483,"data":"SECONDARY_EDGE_TTA_ACTIVE views = 8 weight = 0.75 mean_abs_feat_delta = 0.217257\n"}
,{"stream_name":"stdout","time":778.08112685,"data":"SECONDARY_EDGE_TTA_ACTIVE views = 8 weight = 0.75 mean_abs_feat_delta = 0.248615\n"}
,{"stream_name":"stdout","time":778.696011365,"data":"EDGE_TTA_ACTIVE views = 8 mean_abs_feat_delta = 0.218516\n"}
,{"stream_name":"stdout","time":779.442777318,"data":"EDGE_TTA_ACTIVE views = 8 mean_abs_feat_delta = 0.24723\n"}
,{"stream_name":"stdout","time":779.830322983,"data":"SECONDARY_EDGE_TTA_ACTIVE views = 8 weight = 0.75 mean_abs_feat_delta = 0.218516\n"}
,{"stream_name":"stdout","time":780.514377429,"data":"SECONDARY_EDGE_TTA_ACTIVE views = 8 weight = 0.75 mean_abs_feat_delta = 0.24723\n"}
,{"stream_name":"stdout","time":781.085459941,"data":"EDGE_TTA_ACTIVE views = 8 mean_abs_feat_delta = 0.217565\n"}
,{"stream_name":"stdout","time":781.873819599,"data":"EDGE_TTA_ACTIVE views = 8 mean_abs_feat_delta = 0.249955\n"}
,{"stream_name":"stdout","time":782.2204371,"data":"SECONDARY_EDGE_TTA_ACTIVE views = 8 weight = 0.75 mean_abs_feat_delta = 0.217565\n"}
,{"stream_name":"stdout","time":782.941642545,"data":"SECONDARY_EDGE_TTA_ACTIVE views = 8 weight = 0.75 mean_abs_feat_delta = 0.249955\n"}
,{"stream_name":"stdout","time":783.606800043,"data":"EDGE_TTA_ACTIVE views = 8 mean_abs_feat_delta = 0.217812\n"}
,{"stream_name":"stdout","time":784.299898851,"data":"EDGE_TTA_ACTIVE views = 8 mean_abs_feat_delta = 0.245375\n"}
,{"stream_name":"stdout","time":784.709050311,"data":"SECONDARY_EDGE_TTA_ACTIVE views = 8 weight = 0.75 mean_abs_feat_delta = 0.217812\n"}
,{"stream_name":"stdout","time":785.360719584,"data":"SECONDARY_EDGE_TTA_ACTIVE views = 8 weight = 0.75 mean_abs_feat_delta = 0.245375\n"}
,{"stream_name":"stdout","time":786.035602562,"data":"EDGE_TTA_ACTIVE views = 8 mean_abs_feat_delta = 0.215157\n"}
,{"stream_name":"stdout","time":786.722631817,"data":"EDGE_TTA_ACTIVE views = 8 mean_abs_feat_delta = 0.242113\n"}
,{"stream_name":"stdout","time":787.157843962,"data":"SECONDARY_EDGE_TTA_ACTIVE views = 8 weight = 0.75 mean_abs_feat_delta = 0.215157\n"}
,{"stream_name":"stdout","time":787.777651134,"data":"SECONDARY_EDGE_TTA_ACTIVE views = 8 weight = 0.75 mean_abs_feat_delta = 0.242113\n"}
,{"stream_name":"stdout","time":788.430751491,"data":"EDGE_TTA_ACTIVE views = 8 mean_abs_feat_delta = 0.211519\n"}
,{"stream_name":"stdout","time":789.132244048,"data":"EDGE_TTA_ACTIVE views = 8 mean_abs_feat_delta = 0.238348\n"}
,{"stream_name":"stdout","time":789.544543054,"data":"SECONDARY_EDGE_TTA_ACTIVE views = 8 weight = 0.75 mean_abs_feat_delta = 0.211519\n"}
,{"stream_name":"stdout","time":790.18116794,"data":"SECONDARY_EDGE_TTA_ACTIVE views = 8 weight = 0.75 mean_abs_feat_delta = 0.238348\n"}
,{"stream_name":"stdout","time":790.789401439,"data":"EDGE_TTA_ACTIVE views = 8 mean_abs_feat_delta = 0.209645\n"}
,{"stream_name":"stdout","time":791.571049552,"data":"EDGE_TTA_ACTIVE views = 8 mean_abs_feat_delta = 0.235339\n"}
,{"stream_name":"stdout","time":791.892693967,"data":"SECONDARY_EDGE_TTA_ACTIVE views = 8 weight = 0.75 mean_abs_feat_delta = 0.209645\n"}
,{"stream_name":"stdout","time":792.609223243,"data":"SECONDARY_EDGE_TTA_ACTIVE views = 8 weight = 0.75 mean_abs_feat_delta = 0.235339\n"}
,{"stream_name":"stdout","time":793.143121059,"data":"EDGE_TTA_ACTIVE views = 8 mean_abs_feat_delta = 0.20769\n"}
,{"stream_name":"stdout","time":793.99898441,"data":"EDGE_TTA_ACTIVE views = 8 mean_abs_feat_delta = 0.233337\n"}
,{"stream_name":"stdout","time":794.241274637,"data":"SECONDARY_EDGE_TTA_ACTIVE views = 8 weight = 0.75 mean_abs_feat_delta = 0.20769\n"}
,{"stream_name":"stdout","time":795.032559176,"data":"SECONDARY_EDGE_TTA_ACTIVE views = 8 weight = 0.75 mean_abs_feat_delta = 0.233337\n"}
,{"stream_name":"stdout","time":795.474690878,"data":"EDGE_TTA_ACTIVE views = 8 mean_abs_feat_delta = 0.208097\n"}
,{"stream_name":"stdout","time":796.418230818,"data":"EDGE_TTA_ACTIVE views = 8 mean_abs_feat_delta = 0.234259\n"}
,{"stream_name":"stdout","time":796.567311966,"data":"SECONDARY_EDGE_TTA_ACTIVE views = 8 weight = 0.75 mean_abs_feat_delta = 0.208097\n"}
,{"stream_name":"stdout","time":797.451037923,"data":"SECONDARY_EDGE_TTA_ACTIVE views = 8 weight = 0.75 mean_abs_feat_delta = 0.234259\n"}
,{"stream_name":"stdout","time":797.78354155,"data":"EDGE_TTA_ACTIVE views = 8 mean_abs_feat_delta = 0.209183\n"}
,{"stream_name":"stdout","time":798.833092589,"data":"EDGE_TTA_ACTIVE views = 8 mean_abs_feat_delta = 0.234021\n"}
,{"stream_name":"stdout","time":798.873700566,"data":"SECONDARY_EDGE_TTA_ACTIVE views = 8 weight = 0.75 mean_abs_feat_delta = 0.209183\n"}
,{"stream_name":"stdout","time":799.859812003,"data":"SECONDARY_EDGE_TTA_ACTIVE views = 8 weight = 0.75 mean_abs_feat_delta = 0.234021\n"}
,{"stream_name":"stdout","time":800.111319925,"data":"EDGE_TTA_ACTIVE views = 8 mean_abs_feat_delta = 0.211363\n"}
,{"stream_name":"stdout","time":801.198808762,"data":"SECONDARY_EDGE_TTA_ACTIVE views = 8 weight = 0.75 mean_abs_feat_delta = 0.211363\n"}
,{"stream_name":"stdout","time":801.284789881,"data":"EDGE_TTA_ACTIVE views = 8 mean_abs_feat_delta = 0.228292\n"}
,{"stream_name":"stdout","time":802.305629897,"data":"SECONDARY_EDGE_TTA_ACTIVE views = 8 weight = 0.75 mean_abs_feat_delta = 0.228292\n"}
,{"stream_name":"stdout","time":802.438875949,"data":"EDGE_TTA_ACTIVE views = 8 mean_abs_feat_delta = 0.210036\n"}
,{"stream_name":"stdout","time":803.521762409,"data":"SECONDARY_EDGE_TTA_ACTIVE views = 8 weight = 0.75 mean_abs_feat_delta = 0.210036\n"}
,{"stream_name":"stdout","time":803.692689486,"data":"EDGE_TTA_ACTIVE views = 8 mean_abs_feat_delta = 0.22754\n"}
,{"stream_name":"stdout","time":804.716300622,"data":"SECONDARY_EDGE_TTA_ACTIVE views = 8 weight = 0.75 mean_abs_feat_delta = 0.22754\n"}
,{"stream_name":"stdout","time":804.739342836,"data":"EDGE_TTA_ACTIVE views = 8 mean_abs_feat_delta = 0.208976\n"}
,{"stream_name":"stdout","time":805.821894693,"data":"SECONDARY_EDGE_TTA_ACTIVE views = 8 weight = 0.75 mean_abs_feat_delta = 0.208976\n"}
,{"stream_name":"stdout","time":806.177838077,"data":"EDGE_TTA_ACTIVE views = 8 mean_abs_feat_delta = 0.226452\n"}
,{"stream_name":"stdout","time":807.101606407,"data":"EDGE_TTA_ACTIVE views = 8 mean_abs_feat_delta = 0.209883\n"}
,{"stream_name":"stdout","time":807.196615925,"data":"SECONDARY_EDGE_TTA_ACTIVE views = 8 weight = 0.75 mean_abs_feat_delta = 0.226452\n"}
,{"stream_name":"stdout","time":808.180606885,"data":"SECONDARY_EDGE_TTA_ACTIVE views = 8 weight = 0.75 mean_abs_feat_delta = 0.209883\n"}
,{"stream_name":"stdout","time":808.588713263,"data":"EDGE_TTA_ACTIVE views = 8 mean_abs_feat_delta = 0.224017\n"}
,{"stream_name":"stdout","time":809.417281109,"data":"EDGE_TTA_ACTIVE views = 8 mean_abs_feat_delta = 0.208887\n"}
,{"stream_name":"stdout","time":809.607306381,"data":"SECONDARY_EDGE_TTA_ACTIVE views = 8 weight = 0.75 mean_abs_feat_delta = 0.224017\n"}
,{"stream_name":"stdout","time":810.49477705,"data":"SECONDARY_EDGE_TTA_ACTIVE views = 8 weight = 0.75 mean_abs_feat_delta = 0.208887\n"}
,{"stream_name":"stdout","time":811.037316057,"data":"EDGE_TTA_ACTIVE views = 8 mean_abs_feat_delta = 0.226191\n"}
,{"stream_name":"stdout","time":811.702562763,"data":"EDGE_TTA_ACTIVE views = 8 mean_abs_feat_delta = 0.210925\n"}
,{"stream_name":"stdout","time":812.049593129,"data":"SECONDARY_EDGE_TTA_ACTIVE views = 8 weight = 0.75 mean_abs_feat_delta = 0.226191\n"}
,{"stream_name":"stdout","time":812.776885319,"data":"SECONDARY_EDGE_TTA_ACTIVE views = 8 weight = 0.75 mean_abs_feat_delta = 0.210925\n"}
,{"stream_name":"stdout","time":813.422935277,"data":"EDGE_TTA_ACTIVE views = 8 mean_abs_feat_delta = 0.227764\n"}
,{"stream_name":"stdout","time":814.033319629,"data":"EDGE_TTA_ACTIVE views = 8 mean_abs_feat_delta = 0.210373\n"}
,{"stream_name":"stdout","time":814.43873056,"data":"SECONDARY_EDGE_TTA_ACTIVE views = 8 weight = 0.75 mean_abs_feat_delta = 0.227764\n"}
,{"stream_name":"stdout","time":815.078662428,"data":"SECONDARY_EDGE_TTA_ACTIVE views = 8 weight = 0.75 mean_abs_feat_delta = 0.210373\n"}
,{"stream_name":"stdout","time":815.799594935,"data":"EDGE_TTA_ACTIVE views = 8 mean_abs_feat_delta = 0.224585\n"}
,{"stream_name":"stdout","time":816.288943685,"data":"EDGE_TTA_ACTIVE views = 8 mean_abs_feat_delta = 0.207794\n"}
,{"stream_name":"stdout","time":816.814689236,"data":"SECONDARY_EDGE_TTA_ACTIVE views = 8 weight = 0.75 mean_abs_feat_delta = 0.224585\n"}
,{"stream_name":"stdout","time":817.370290495,"data":"SECONDARY_EDGE_TTA_ACTIVE views = 8 weight = 0.75 mean_abs_feat_delta = 0.207794\n"}
,{"stream_name":"stdout","time":818.163924769,"data":"EDGE_TTA_ACTIVE views = 8 mean_abs_feat_delta = 0.224185\n"}
,{"stream_name":"stdout","time":818.658391641,"data":"EDGE_TTA_ACTIVE views = 8 mean_abs_feat_delta = 0.205724\n"}
,{"stream_name":"stdout","time":819.178420179,"data":"SECONDARY_EDGE_TTA_ACTIVE views = 8 weight = 0.75 mean_abs_feat_delta = 0.224185\n"}
,{"stream_name":"stdout","time":819.733340279,"data":"SECONDARY_EDGE_TTA_ACTIVE views = 8 weight = 0.75 mean_abs_feat_delta = 0.205724\n"}
,{"stream_name":"stdout","time":820.552091501,"data":"EDGE_TTA_ACTIVE views = 8 mean_abs_feat_delta = 0.218838\n"}
,{"stream_name":"stdout","time":820.968695267,"data":"EDGE_TTA_ACTIVE views = 8 mean_abs_feat_delta = 0.206605\n"}
,{"stream_name":"stdout","time":821.562772491,"data":"SECONDARY_EDGE_TTA_ACTIVE views = 8 weight = 0.75 mean_abs_feat_delta = 0.218838\n"}
,{"stream_name":"stdout","time":822.046237503,"data":"SECONDARY_EDGE_TTA_ACTIVE views = 8 weight = 0.75 mean_abs_feat_delta = 0.206605\n"}
,{"stream_name":"stdout","time":822.954480411,"data":"EDGE_TTA_ACTIVE views = 8 mean_abs_feat_delta = 0.221313\n"}
,{"stream_name":"stdout","time":823.270863669,"data":"EDGE_TTA_ACTIVE views = 8 mean_abs_feat_delta = 0.204652\n"}
,{"stream_name":"stdout","time":823.969787047,"data":"SECONDARY_EDGE_TTA_ACTIVE views = 8 weight = 0.75 mean_abs_feat_delta = 0.221313\n"}
,{"stream_name":"stdout","time":824.34911767,"data":"SECONDARY_EDGE_TTA_ACTIVE views = 8 weight = 0.75 mean_abs_feat_delta = 0.204652\n"}
,{"stream_name":"stdout","time":825.368092106,"data":"EDGE_TTA_ACTIVE views = 8 mean_abs_feat_delta = 0.215743\n"}
,{"stream_name":"stdout","time":825.56480102,"data":"EDGE_TTA_ACTIVE views = 8 mean_abs_feat_delta = 0.202071\n"}
,{"stream_name":"stdout","time":826.383769829,"data":"SECONDARY_EDGE_TTA_ACTIVE views = 8 weight = 0.75 mean_abs_feat_delta = 0.215743\n"}
,{"stream_name":"stdout","time":826.646250686,"data":"SECONDARY_EDGE_TTA_ACTIVE views = 8 weight = 0.75 mean_abs_feat_delta = 0.202071\n"}
,{"stream_name":"stdout","time":827.883175382,"data":"EDGE_TTA_ACTIVE views = 8 mean_abs_feat_delta = 0.22047\n"}
,{"stream_name":"stdout","time":828.002737031,"data":"EDGE_TTA_ACTIVE views = 8 mean_abs_feat_delta = 0.200131\n"}
,{"stream_name":"stdout","time":828.902859754,"data":"SECONDARY_EDGE_TTA_ACTIVE views = 8 weight = 0.75 mean_abs_feat_delta = 0.22047\n"}
,{"stream_name":"stdout","time":829.083775361,"data":"SECONDARY_EDGE_TTA_ACTIVE views = 8 weight = 0.75 mean_abs_feat_delta = 0.200131\n"}
,{"stream_name":"stdout","time":830.305707129,"data":"EDGE_TTA_ACTIVE views = 8 mean_abs_feat_delta = 0.223546\n"}
,{"stream_name":"stdout","time":830.308002728,"data":"EDGE_TTA_ACTIVE views = 8 mean_abs_feat_delta = 0.198663\n"}
,{"stream_name":"stdout","time":831.322542816,"data":"SECONDARY_EDGE_TTA_ACTIVE views = 8 weight = 0.75 mean_abs_feat_delta = 0.223546\n"}
,{"stream_name":"stdout","time":831.387437554,"data":"SECONDARY_EDGE_TTA_ACTIVE views = 8 weight = 0.75 mean_abs_feat_delta = 0.198663\n"}
,{"stream_name":"stdout","time":832.598308208,"data":"EDGE_TTA_ACTIVE views = 8 mean_abs_feat_delta = 0.200785\n"}
,{"stream_name":"stdout","time":832.735290539,"data":"EDGE_TTA_ACTIVE views = 8 mean_abs_feat_delta = 0.222547\n"}
,{"stream_name":"stdout","time":833.679667468,"data":"SECONDARY_EDGE_TTA_ACTIVE views = 8 weight = 0.75 mean_abs_feat_delta = 0.200785\n"}
,{"stream_name":"stdout","time":833.753994525,"data":"SECONDARY_EDGE_TTA_ACTIVE views = 8 weight = 0.75 mean_abs_feat_delta = 0.222547\n"}
,{"stream_name":"stdout","time":834.9074999,"data":"EDGE_TTA_ACTIVE views = 8 mean_abs_feat_delta = 0.203243\n"}
,{"stream_name":"stdout","time":835.127597107,"data":"EDGE_TTA_ACTIVE views = 8 mean_abs_feat_delta = 0.222657\n"}
,{"stream_name":"stdout","time":835.995554685,"data":"SECONDARY_EDGE_TTA_ACTIVE views = 8 weight = 0.75 mean_abs_feat_delta = 0.203243\n"}
,{"stream_name":"stdout","time":836.147362318,"data":"SECONDARY_EDGE_TTA_ACTIVE views = 8 weight = 0.75 mean_abs_feat_delta = 0.222657\n"}
,{"stream_name":"stdout","time":837.210718752,"data":"EDGE_TTA_ACTIVE views = 8 mean_abs_feat_delta = 0.199437\n"}
,{"stream_name":"stdout","time":837.541484293,"data":"EDGE_TTA_ACTIVE views = 8 mean_abs_feat_delta = 0.223756\n"}
,{"stream_name":"stdout","time":838.298110402,"data":"SECONDARY_EDGE_TTA_ACTIVE views = 8 weight = 0.75 mean_abs_feat_delta = 0.199437\n"}
,{"stream_name":"stdout","time":838.567336598,"data":"SECONDARY_EDGE_TTA_ACTIVE views = 8 weight = 0.75 mean_abs_feat_delta = 0.223756\n"}
,{"stream_name":"stdout","time":839.537417397,"data":"EDGE_TTA_ACTIVE views = 8 mean_abs_feat_delta = 0.199907\n"}
,{"stream_name":"stdout","time":839.985600535,"data":"EDGE_TTA_ACTIVE views = 8 mean_abs_feat_delta = 0.222984\n"}
,{"stream_name":"stdout","time":840.621884627,"data":"SECONDARY_EDGE_TTA_ACTIVE views = 8 weight = 0.75 mean_abs_feat_delta = 0.199907\n"}
,{"stream_name":"stdout","time":841.013876249,"data":"SECONDARY_EDGE_TTA_ACTIVE views = 8 weight = 0.75 mean_abs_feat_delta = 0.222984\n"}
,{"stream_name":"stdout","time":841.85702646,"data":"EDGE_TTA_ACTIVE views = 8 mean_abs_feat_delta = 0.200149\n"}
,{"stream_name":"stdout","time":842.390312475,"data":"EDGE_TTA_ACTIVE views = 8 mean_abs_feat_delta = 0.220837\n"}
,{"stream_name":"stdout","time":842.9466329,"data":"SECONDARY_EDGE_TTA_ACTIVE views = 8 weight = 0.75 mean_abs_feat_delta = 0.200149\n"}
,{"stream_name":"stdout","time":843.412347562,"data":"SECONDARY_EDGE_TTA_ACTIVE views = 8 weight = 0.75 mean_abs_feat_delta = 0.220837\n"}
,{"stream_name":"stdout","time":844.210582104,"data":"EDGE_TTA_ACTIVE views = 8 mean_abs_feat_delta = 0.198575\n"}
,{"stream_name":"stdout","time":844.789861476,"data":"EDGE_TTA_ACTIVE views = 8 mean_abs_feat_delta = 0.222305\n"}
,{"stream_name":"stdout","time":845.262091261,"data":"SECONDARY_EDGE_TTA_ACTIVE views = 8 weight = 0.75 mean_abs_feat_delta = 0.198575\n"}
,{"stream_name":"stdout","time":845.820194451,"data":"SECONDARY_EDGE_TTA_ACTIVE views = 8 weight = 0.75 mean_abs_feat_delta = 0.222305\n"}
,{"stream_name":"stdout","time":846.49007011,"data":"EDGE_TTA_ACTIVE views = 8 mean_abs_feat_delta = 0.197321\n"}
,{"stream_name":"stdout","time":847.205265863,"data":"EDGE_TTA_ACTIVE views = 8 mean_abs_feat_delta = 0.224274\n"}
,{"stream_name":"stdout","time":847.584355769,"data":"SECONDARY_EDGE_TTA_ACTIVE views = 8 weight = 0.75 mean_abs_feat_delta = 0.197321\n"}
,{"stream_name":"stdout","time":848.233164423,"data":"SECONDARY_EDGE_TTA_ACTIVE views = 8 weight = 0.75 mean_abs_feat_delta = 0.224274\n"}
,{"stream_name":"stdout","time":848.792574001,"data":"EDGE_TTA_ACTIVE views = 8 mean_abs_feat_delta = 0.197963\n"}
,{"stream_name":"stdout","time":849.635447653,"data":"EDGE_TTA_ACTIVE views = 8 mean_abs_feat_delta = 0.224996\n"}
,{"stream_name":"stdout","time":849.890952131,"data":"SECONDARY_EDGE_TTA_ACTIVE views = 8 weight = 0.75 mean_abs_feat_delta = 0.197963\n"}
,{"stream_name":"stdout","time":850.666750053,"data":"SECONDARY_EDGE_TTA_ACTIVE views = 8 weight = 0.75 mean_abs_feat_delta = 0.224996\n"}
,{"stream_name":"stdout","time":851.107310824,"data":"EDGE_TTA_ACTIVE views = 8 mean_abs_feat_delta = 0.198665\n"}
,{"stream_name":"stdout","time":852.102716812,"data":"EDGE_TTA_ACTIVE views = 8 mean_abs_feat_delta = 0.223204\n"}
,{"stream_name":"stdout","time":852.205062679,"data":"SECONDARY_EDGE_TTA_ACTIVE views = 8 weight = 0.75 mean_abs_feat_delta = 0.198665\n"}
,{"stream_name":"stdout","time":853.134906366,"data":"SECONDARY_EDGE_TTA_ACTIVE views = 8 weight = 0.75 mean_abs_feat_delta = 0.223204\n"}
,{"stream_name":"stdout","time":853.441906132,"data":"EDGE_TTA_ACTIVE views = 8 mean_abs_feat_delta = 0.197137\n"}
,{"stream_name":"stdout","time":854.534733019,"data":"SECONDARY_EDGE_TTA_ACTIVE views = 8 weight = 0.75 mean_abs_feat_delta = 0.197137\n"}
,{"stream_name":"stdout","time":854.560360462,"data":"EDGE_TTA_ACTIVE views = 8 mean_abs_feat_delta = 0.222034\n"}
,{"stream_name":"stdout","time":855.592808686,"data":"SECONDARY_EDGE_TTA_ACTIVE views = 8 weight = 0.75 mean_abs_feat_delta = 0.222034\n"}
,{"stream_name":"stdout","time":855.756820193,"data":"EDGE_TTA_ACTIVE views = 8 mean_abs_feat_delta = 0.198591\n"}
,{"stream_name":"stdout","time":856.851274698,"data":"SECONDARY_EDGE_TTA_ACTIVE views = 8 weight = 0.75 mean_abs_feat_delta = 0.198591\n"}
,{"stream_name":"stdout","time":857.021918171,"data":"EDGE_TTA_ACTIVE views = 8 mean_abs_feat_delta = 0.218782\n"}
,{"stream_name":"stdout","time":858.049715456,"data":"SECONDARY_EDGE_TTA_ACTIVE views = 8 weight = 0.75 mean_abs_feat_delta = 0.218782\n"}
,{"stream_name":"stdout","time":858.067083593,"data":"EDGE_TTA_ACTIVE views = 8 mean_abs_feat_delta = 0.195464\n"}
,{"stream_name":"stdout","time":859.159524436,"data":"SECONDARY_EDGE_TTA_ACTIVE views = 8 weight = 0.75 mean_abs_feat_delta = 0.195464\n"}
,{"stream_name":"stdout","time":859.434273099,"data":"EDGE_TTA_ACTIVE views = 8 mean_abs_feat_delta = 0.218458\n"}
,{"stream_name":"stdout","time":860.365438246,"data":"EDGE_TTA_ACTIVE views = 8 mean_abs_feat_delta = 0.193858\n"}
,{"stream_name":"stdout","time":860.464663841,"data":"SECONDARY_EDGE_TTA_ACTIVE views = 8 weight = 0.75 mean_abs_feat_delta = 0.218458\n"}
,{"stream_name":"stdout","time":861.456725548,"data":"SECONDARY_EDGE_TTA_ACTIVE views = 8 weight = 0.75 mean_abs_feat_delta = 0.193858\n"}
,{"stream_name":"stdout","time":861.870409253,"data":"EDGE_TTA_ACTIVE views = 8 mean_abs_feat_delta = 0.22122\n"}
,{"stream_name":"stdout","time":862.902826836,"data":"SECONDARY_EDGE_TTA_ACTIVE views = 8 weight = 0.75 mean_abs_feat_delta = 0.22122\n"}
,{"stream_name":"stdout","time":864.497426042,"data":"EDGE_TTA_ACTIVE views = 8 mean_abs_feat_delta = 0.219774\n"}
,{"stream_name":"stdout","time":865.524031418,"data":"SECONDARY_EDGE_TTA_ACTIVE views = 8 weight = 0.75 mean_abs_feat_delta = 0.219774\n"}
,{"stream_name":"stdout","time":896.524239253,"data":"EDGE_TTA_ACTIVE views = 8 mean_abs_feat_delta = 0.205994\n"}
,{"stream_name":"stdout","time":897.511295878,"data":"SECONDARY_EDGE_TTA_ACTIVE views = 8 weight = 0.75 mean_abs_feat_delta = 0.205994\n"}
,{"stream_name":"stdout","time":898.641893518,"data":"EDGE_TTA_ACTIVE views = 8 mean_abs_feat_delta = 0.204903\n"}
,{"stream_name":"stdout","time":899.681401674,"data":"SECONDARY_EDGE_TTA_ACTIVE views = 8 weight = 0.75 mean_abs_feat_delta = 0.204903\n"}
,{"stream_name":"stdout","time":900.823038689,"data":"EDGE_TTA_ACTIVE views = 8 mean_abs_feat_delta = 0.203481\n"}
,{"stream_name":"stdout","time":901.875551091,"data":"SECONDARY_EDGE_TTA_ACTIVE views = 8 weight = 0.75 mean_abs_feat_delta = 0.203481\n"}
,{"stream_name":"stdout","time":903.02051521,"data":"EDGE_TTA_ACTIVE views = 8 mean_abs_feat_delta = 0.20343\n"}
,{"stream_name":"stdout","time":904.08117454,"data":"SECONDARY_EDGE_TTA_ACTIVE views = 8 weight = 0.75 mean_abs_feat_delta = 0.20343\n"}
,{"stream_name":"stdout","time":905.232099284,"data":"EDGE_TTA_ACTIVE views = 8 mean_abs_feat_delta = 0.196711\n"}
,{"stream_name":"stdout","time":906.304090853,"data":"SECONDARY_EDGE_TTA_ACTIVE views = 8 weight = 0.75 mean_abs_feat_delta = 0.196711\n"}
,{"stream_name":"stdout","time":907.470581829,"data":"EDGE_TTA_ACTIVE views = 8 mean_abs_feat_delta = 0.20655\n"}
,{"stream_name":"stdout","time":908.553271262,"data":"SECONDARY_EDGE_TTA_ACTIVE views = 8 weight = 0.75 mean_abs_feat_delta = 0.20655\n"}
,{"stream_name":"stdout","time":909.754480822,"data":"EDGE_TTA_ACTIVE views = 8 mean_abs_feat_delta = 0.202859\n"}
,{"stream_name":"stdout","time":910.846251776,"data":"SECONDARY_EDGE_TTA_ACTIVE views = 8 weight = 0.75 mean_abs_feat_delta = 0.202859\n"}
,{"stream_name":"stdout","time":912.036840265,"data":"EDGE_TTA_ACTIVE views = 8 mean_abs_feat_delta = 0.200796\n"}
,{"stream_name":"stdout","time":913.122007634,"data":"SECONDARY_EDGE_TTA_ACTIVE views = 8 weight = 0.75 mean_abs_feat_delta = 0.200796\n"}
,{"stream_name":"stdout","time":914.333477459,"data":"EDGE_TTA_ACTIVE views = 8 mean_abs_feat_delta = 0.207719\n"}
,{"stream_name":"stdout","time":914.591163757,"data":"EDGE_TTA_ACTIVE views = 8 mean_abs_feat_delta = 0.230717\n"}
,{"stream_name":"stdout","time":915.450427359,"data":"SECONDARY_EDGE_TTA_ACTIVE views = 8 weight = 0.75 mean_abs_feat_delta = 0.207719\n"}
,{"stream_name":"stdout","time":915.570242833,"data":"SECONDARY_EDGE_TTA_ACTIVE views = 8 weight = 0.75 mean_abs_feat_delta = 0.230717\n"}
,{"stream_name":"stdout","time":916.64837794,"data":"EDGE_TTA_ACTIVE views = 8 mean_abs_feat_delta = 0.208967\n"}
,{"stream_name":"stdout","time":916.990442592,"data":"EDGE_TTA_ACTIVE views = 8 mean_abs_feat_delta = 0.227192\n"}
,{"stream_name":"stdout","time":917.768759953,"data":"SECONDARY_EDGE_TTA_ACTIVE views = 8 weight = 0.75 mean_abs_feat_delta = 0.208967\n"}
,{"stream_name":"stdout","time":917.9836063,"data":"SECONDARY_EDGE_TTA_ACTIVE views = 8 weight = 0.75 mean_abs_feat_delta = 0.227192\n"}
,{"stream_name":"stdout","time":919.002536099,"data":"EDGE_TTA_ACTIVE views = 8 mean_abs_feat_delta = 0.203179\n"}
,{"stream_name":"stdout","time":919.403500648,"data":"EDGE_TTA_ACTIVE views = 8 mean_abs_feat_delta = 0.224074\n"}
,{"stream_name":"stdout","time":920.138081007,"data":"SECONDARY_EDGE_TTA_ACTIVE views = 8 weight = 0.75 mean_abs_feat_delta = 0.203179\n"}
,{"stream_name":"stdout","time":920.409098457,"data":"SECONDARY_EDGE_TTA_ACTIVE views = 8 weight = 0.75 mean_abs_feat_delta = 0.224074\n"}
,{"stream_name":"stdout","time":921.376853922,"data":"EDGE_TTA_ACTIVE views = 8 mean_abs_feat_delta = 0.205256\n"}
,{"stream_name":"stdout","time":921.849082553,"data":"EDGE_TTA_ACTIVE views = 8 mean_abs_feat_delta = 0.224045\n"}
,{"stream_name":"stdout","time":922.511592521,"data":"SECONDARY_EDGE_TTA_ACTIVE views = 8 weight = 0.75 mean_abs_feat_delta = 0.205256\n"}
,{"stream_name":"stdout","time":922.866225619,"data":"SECONDARY_EDGE_TTA_ACTIVE views = 8 weight = 0.75 mean_abs_feat_delta = 0.224045\n"}
,{"stream_name":"stdout","time":923.728870005,"data":"EDGE_TTA_ACTIVE views = 8 mean_abs_feat_delta = 0.202119\n"}
,{"stream_name":"stdout","time":924.328442326,"data":"EDGE_TTA_ACTIVE views = 8 mean_abs_feat_delta = 0.223001\n"}
,{"stream_name":"stdout","time":924.884502855,"data":"SECONDARY_EDGE_TTA_ACTIVE views = 8 weight = 0.75 mean_abs_feat_delta = 0.202119\n"}
,{"stream_name":"stdout","time":925.351679894,"data":"SECONDARY_EDGE_TTA_ACTIVE views = 8 weight = 0.75 mean_abs_feat_delta = 0.223001\n"}
,{"stream_name":"stdout","time":926.134307192,"data":"EDGE_TTA_ACTIVE views = 8 mean_abs_feat_delta = 0.209375\n"}
,{"stream_name":"stdout","time":926.854495058,"data":"EDGE_TTA_ACTIVE views = 8 mean_abs_feat_delta = 0.221909\n"}
,{"stream_name":"stdout","time":927.297986149,"data":"SECONDARY_EDGE_TTA_ACTIVE views = 8 weight = 0.75 mean_abs_feat_delta = 0.209375\n"}
,{"stream_name":"stdout","time":927.846867448,"data":"SECONDARY_EDGE_TTA_ACTIVE views = 8 weight = 0.75 mean_abs_feat_delta = 0.221909\n"}
,{"stream_name":"stdout","time":928.554126939,"data":"EDGE_TTA_ACTIVE views = 8 mean_abs_feat_delta = 0.210332\n"}
,{"stream_name":"stdout","time":929.296408802,"data":"EDGE_TTA_ACTIVE views = 8 mean_abs_feat_delta = 0.225011\n"}
,{"stream_name":"stdout","time":929.731398785,"data":"SECONDARY_EDGE_TTA_ACTIVE views = 8 weight = 0.75 mean_abs_feat_delta = 0.210332\n"}
,{"stream_name":"stdout","time":930.335435127,"data":"SECONDARY_EDGE_TTA_ACTIVE views = 8 weight = 0.75 mean_abs_feat_delta = 0.225011\n"}
,{"stream_name":"stdout","time":930.986319175,"data":"EDGE_TTA_ACTIVE views = 8 mean_abs_feat_delta = 0.215932\n"}
,{"stream_name":"stdout","time":931.798919671,"data":"EDGE_TTA_ACTIVE views = 8 mean_abs_feat_delta = 0.225733\n"}
,{"stream_name":"stdout","time":932.176546186,"data":"SECONDARY_EDGE_TTA_ACTIVE views = 8 weight = 0.75 mean_abs_feat_delta = 0.215932\n"}
,{"stream_name":"stdout","time":932.84561251,"data":"SECONDARY_EDGE_TTA_ACTIVE views = 8 weight = 0.75 mean_abs_feat_delta = 0.225733\n"}
,{"stream_name":"stdout","time":933.499757605,"data":"EDGE_TTA_ACTIVE views = 8 mean_abs_feat_delta = 0.22719\n"}
,{"stream_name":"stdout","time":934.349342645,"data":"EDGE_TTA_ACTIVE views = 8 mean_abs_feat_delta = 0.225514\n"}
,{"stream_name":"stdout","time":934.691028495,"data":"SECONDARY_EDGE_TTA_ACTIVE views = 8 weight = 0.75 mean_abs_feat_delta = 0.22719\n"}
,{"stream_name":"stdout","time":935.394979008,"data":"SECONDARY_EDGE_TTA_ACTIVE views = 8 weight = 0.75 mean_abs_feat_delta = 0.225514\n"}
,{"stream_name":"stdout","time":935.997535326,"data":"EDGE_TTA_ACTIVE views = 8 mean_abs_feat_delta = 0.222383\n"}
,{"stream_name":"stdout","time":936.895035618,"data":"EDGE_TTA_ACTIVE views = 8 mean_abs_feat_delta = 0.222322\n"}
,{"stream_name":"stdout","time":937.177283376,"data":"SECONDARY_EDGE_TTA_ACTIVE views = 8 weight = 0.75 mean_abs_feat_delta = 0.222383\n"}
,{"stream_name":"stdout","time":937.937187075,"data":"SECONDARY_EDGE_TTA_ACTIVE views = 8 weight = 0.75 mean_abs_feat_delta = 0.222322\n"}
,{"stream_name":"stdout","time":938.426596781,"data":"EDGE_TTA_ACTIVE views = 8 mean_abs_feat_delta = 0.218209\n"}
,{"stream_name":"stdout","time":939.396020925,"data":"EDGE_TTA_ACTIVE views = 8 mean_abs_feat_delta = 0.219577\n"}
,{"stream_name":"stdout","time":939.594596006,"data":"SECONDARY_EDGE_TTA_ACTIVE views = 8 weight = 0.75 mean_abs_feat_delta = 0.218209\n"}
,{"stream_name":"stdout","time":940.432825261,"data":"SECONDARY_EDGE_TTA_ACTIVE views = 8 weight = 0.75 mean_abs_feat_delta = 0.219577\n"}
,{"stream_name":"stdout","time":940.841642232,"data":"EDGE_TTA_ACTIVE views = 8 mean_abs_feat_delta = 0.214661\n"}
,{"stream_name":"stdout","time":941.91686634,"data":"EDGE_TTA_ACTIVE views = 8 mean_abs_feat_delta = 0.229384\n"}
,{"stream_name":"stdout","time":941.996021005,"data":"SECONDARY_EDGE_TTA_ACTIVE views = 8 weight = 0.75 mean_abs_feat_delta = 0.214661\n"}
,{"stream_name":"stdout","time":942.94742519,"data":"SECONDARY_EDGE_TTA_ACTIVE views = 8 weight = 0.75 mean_abs_feat_delta = 0.229384\n"}
,{"stream_name":"stdout","time":943.252137706,"data":"EDGE_TTA_ACTIVE views = 8 mean_abs_feat_delta = 0.213563\n"}
,{"stream_name":"stdout","time":944.387240434,"data":"SECONDARY_EDGE_TTA_ACTIVE views = 8 weight = 0.75 mean_abs_feat_delta = 0.213563\n"}
,{"stream_name":"stdout","time":944.398290184,"data":"EDGE_TTA_ACTIVE views = 8 mean_abs_feat_delta = 0.232461\n"}
,{"stream_name":"stdout","time":945.417680593,"data":"SECONDARY_EDGE_TTA_ACTIVE views = 8 weight = 0.75 mean_abs_feat_delta = 0.232461\n"}
,{"stream_name":"stdout","time":945.598856178,"data":"EDGE_TTA_ACTIVE views = 8 mean_abs_feat_delta = 0.215129\n"}
,{"stream_name":"stdout","time":946.730509456,"data":"SECONDARY_EDGE_TTA_ACTIVE views = 8 weight = 0.75 mean_abs_feat_delta = 0.215129\n"}
,{"stream_name":"stdout","time":946.839675525,"data":"EDGE_TTA_ACTIVE views = 8 mean_abs_feat_delta = 0.232682\n"}
,{"stream_name":"stdout","time":947.852540841,"data":"SECONDARY_EDGE_TTA_ACTIVE views = 8 weight = 0.75 mean_abs_feat_delta = 0.232682\n"}
,{"stream_name":"stdout","time":948.024531719,"data":"EDGE_TTA_ACTIVE views = 8 mean_abs_feat_delta = 0.215708\n"}
,{"stream_name":"stdout","time":949.135851566,"data":"SECONDARY_EDGE_TTA_ACTIVE views = 8 weight = 0.75 mean_abs_feat_delta = 0.215708\n"}
,{"stream_name":"stdout","time":949.271081884,"data":"EDGE_TTA_ACTIVE views = 8 mean_abs_feat_delta = 0.231793\n"}
,{"stream_name":"stdout","time":950.27705605,"data":"SECONDARY_EDGE_TTA_ACTIVE views = 8 weight = 0.75 mean_abs_feat_delta = 0.231793\n"}
,{"stream_name":"stdout","time":950.327038699,"data":"EDGE_TTA_ACTIVE views = 8 mean_abs_feat_delta = 0.219166\n"}
,{"stream_name":"stdout","time":951.430145082,"data":"SECONDARY_EDGE_TTA_ACTIVE views = 8 weight = 0.75 mean_abs_feat_delta = 0.219166\n"}
,{"stream_name":"stdout","time":951.698138108,"data":"EDGE_TTA_ACTIVE views = 8 mean_abs_feat_delta = 0.226217\n"}
,{"stream_name":"stdout","time":952.62691031,"data":"EDGE_TTA_ACTIVE views = 8 mean_abs_feat_delta = 0.219385\n"}
,{"stream_name":"stdout","time":952.701609818,"data":"SECONDARY_EDGE_TTA_ACTIVE views = 8 weight = 0.75 mean_abs_feat_delta = 0.226217\n"}
,{"stream_name":"stdout","time":953.719757366,"data":"SECONDARY_EDGE_TTA_ACTIVE views = 8 weight = 0.75 mean_abs_feat_delta = 0.219385\n"}
,{"stream_name":"stdout","time":954.136432066,"data":"EDGE_TTA_ACTIVE views = 8 mean_abs_feat_delta = 0.227646\n"}
,{"stream_name":"stdout","time":954.904633234,"data":"EDGE_TTA_ACTIVE views = 8 mean_abs_feat_delta = 0.220058\n"}
,{"stream_name":"stdout","time":955.133778703,"data":"SECONDARY_EDGE_TTA_ACTIVE views = 8 weight = 0.75 mean_abs_feat_delta = 0.227646\n"}
,{"stream_name":"stdout","time":955.987824106,"data":"SECONDARY_EDGE_TTA_ACTIVE views = 8 weight = 0.75 mean_abs_feat_delta = 0.220058\n"}
,{"stream_name":"stdout","time":956.534985811,"data":"EDGE_TTA_ACTIVE views = 8 mean_abs_feat_delta = 0.228131\n"}
,{"stream_name":"stdout","time":957.192322317,"data":"EDGE_TTA_ACTIVE views = 8 mean_abs_feat_delta = 0.218735\n"}
,{"stream_name":"stdout","time":957.529354638,"data":"SECONDARY_EDGE_TTA_ACTIVE views = 8 weight = 0.75 mean_abs_feat_delta = 0.228131\n"}
,{"stream_name":"stdout","time":958.226680661,"data":"SECONDARY_EDGE_TTA_ACTIVE views = 8 weight = 0.75 mean_abs_feat_delta = 0.218735\n"}
,{"stream_name":"stdout","time":958.947345039,"data":"EDGE_TTA_ACTIVE views = 8 mean_abs_feat_delta = 0.228097\n"}
,{"stream_name":"stdout","time":959.393107385,"data":"EDGE_TTA_ACTIVE views = 8 mean_abs_feat_delta = 0.21107\n"}
,{"stream_name":"stdout","time":959.938029197,"data":"SECONDARY_EDGE_TTA_ACTIVE views = 8 weight = 0.75 mean_abs_feat_delta = 0.228097\n"}
,{"stream_name":"stdout","time":960.469782881,"data":"SECONDARY_EDGE_TTA_ACTIVE views = 8 weight = 0.75 mean_abs_feat_delta = 0.21107\n"}
,{"stream_name":"stdout","time":961.393555161,"data":"EDGE_TTA_ACTIVE views = 8 mean_abs_feat_delta = 0.226978\n"}
,{"stream_name":"stdout","time":961.648083928,"data":"EDGE_TTA_ACTIVE views = 8 mean_abs_feat_delta = 0.221325\n"}
,{"stream_name":"stdout","time":962.380002816,"data":"SECONDARY_EDGE_TTA_ACTIVE views = 8 weight = 0.75 mean_abs_feat_delta = 0.226978\n"}
,{"stream_name":"stdout","time":962.720921147,"data":"SECONDARY_EDGE_TTA_ACTIVE views = 8 weight = 0.75 mean_abs_feat_delta = 0.221325\n"}
,{"stream_name":"stdout","time":963.798073676,"data":"EDGE_TTA_ACTIVE views = 8 mean_abs_feat_delta = 0.235089\n"}
,{"stream_name":"stdout","time":963.916255925,"data":"EDGE_TTA_ACTIVE views = 8 mean_abs_feat_delta = 0.21701\n"}
,{"stream_name":"stdout","time":964.778925306,"data":"SECONDARY_EDGE_TTA_ACTIVE views = 8 weight = 0.75 mean_abs_feat_delta = 0.235089\n"}
,{"stream_name":"stdout","time":964.986798891,"data":"SECONDARY_EDGE_TTA_ACTIVE views = 8 weight = 0.75 mean_abs_feat_delta = 0.21701\n"}
,{"stream_name":"stdout","time":966.185436371,"data":"EDGE_TTA_ACTIVE views = 8 mean_abs_feat_delta = 0.217008\n"}
,{"stream_name":"stdout","time":966.274794973,"data":"EDGE_TTA_ACTIVE views = 8 mean_abs_feat_delta = 0.236407\n"}
,{"stream_name":"stdout","time":967.251109706,"data":"SECONDARY_EDGE_TTA_ACTIVE views = 8 weight = 0.75 mean_abs_feat_delta = 0.217008\n"}
,{"stream_name":"stdout","time":967.261420337,"data":"SECONDARY_EDGE_TTA_ACTIVE views = 8 weight = 0.75 mean_abs_feat_delta = 0.236407\n"}
,{"stream_name":"stdout","time":968.42769801,"data":"EDGE_TTA_ACTIVE views = 8 mean_abs_feat_delta = 0.219738\n"}
,{"stream_name":"stdout","time":968.704677668,"data":"EDGE_TTA_ACTIVE views = 8 mean_abs_feat_delta = 0.231054\n"}
,{"stream_name":"stdout","time":969.495654739,"data":"SECONDARY_EDGE_TTA_ACTIVE views = 8 weight = 0.75 mean_abs_feat_delta = 0.219738\n"}
,{"stream_name":"stdout","time":969.692525433,"data":"SECONDARY_EDGE_TTA_ACTIVE views = 8 weight = 0.75 mean_abs_feat_delta = 0.231054\n"}
,{"stream_name":"stdout","time":970.641631135,"data":"EDGE_TTA_ACTIVE views = 8 mean_abs_feat_delta = 0.217284\n"}
,{"stream_name":"stdout","time":971.094534274,"data":"EDGE_TTA_ACTIVE views = 8 mean_abs_feat_delta = 0.230849\n"}
,{"stream_name":"stdout","time":971.709815211,"data":"SECONDARY_EDGE_TTA_ACTIVE views = 8 weight = 0.75 mean_abs_feat_delta = 0.217284\n"}
,{"stream_name":"stdout","time":972.08383856,"data":"SECONDARY_EDGE_TTA_ACTIVE views = 8 weight = 0.75 mean_abs_feat_delta = 0.230849\n"}
,{"stream_name":"stdout","time":972.861348592,"data":"EDGE_TTA_ACTIVE views = 8 mean_abs_feat_delta = 0.220695\n"}
,{"stream_name":"stdout","time":973.503493841,"data":"EDGE_TTA_ACTIVE views = 8 mean_abs_feat_delta = 0.22811\n"}
,{"stream_name":"stdout","time":973.926265838,"data":"SECONDARY_EDGE_TTA_ACTIVE views = 8 weight = 0.75 mean_abs_feat_delta = 0.220695\n"}
,{"stream_name":"stdout","time":974.49430154,"data":"SECONDARY_EDGE_TTA_ACTIVE views = 8 weight = 0.75 mean_abs_feat_delta = 0.22811\n"}
,{"stream_name":"stdout","time":975.077764768,"data":"EDGE_TTA_ACTIVE views = 8 mean_abs_feat_delta = 0.223539\n"}
,{"stream_name":"stdout","time":975.95330459,"data":"EDGE_TTA_ACTIVE views = 8 mean_abs_feat_delta = 0.215977\n"}
,{"stream_name":"stdout","time":976.148415188,"data":"SECONDARY_EDGE_TTA_ACTIVE views = 8 weight = 0.75 mean_abs_feat_delta = 0.223539\n"}
,{"stream_name":"stdout","time":976.937387217,"data":"SECONDARY_EDGE_TTA_ACTIVE views = 8 weight = 0.75 mean_abs_feat_delta = 0.215977\n"}
,{"stream_name":"stdout","time":977.301864615,"data":"EDGE_TTA_ACTIVE views = 8 mean_abs_feat_delta = 0.222655\n"}
,{"stream_name":"stdout","time":978.365493284,"data":"EDGE_TTA_ACTIVE views = 8 mean_abs_feat_delta = 0.233321\n"}
,{"stream_name":"stdout","time":978.37469428,"data":"SECONDARY_EDGE_TTA_ACTIVE views = 8 weight = 0.75 mean_abs_feat_delta = 0.222655\n"}
,{"stream_name":"stdout","time":979.357011878,"data":"SECONDARY_EDGE_TTA_ACTIVE views = 8 weight = 0.75 mean_abs_feat_delta = 0.233321\n"}
,{"stream_name":"stdout","time":979.546813991,"data":"EDGE_TTA_ACTIVE views = 8 mean_abs_feat_delta = 0.223035\n"}
,{"stream_name":"stdout","time":980.622428947,"data":"SECONDARY_EDGE_TTA_ACTIVE views = 8 weight = 0.75 mean_abs_feat_delta = 0.223035\n"}
,{"stream_name":"stdout","time":980.848513768,"data":"EDGE_TTA_ACTIVE views = 8 mean_abs_feat_delta = 0.226492\n"}
,{"stream_name":"stdout","time":981.791640778,"data":"EDGE_TTA_ACTIVE views = 8 mean_abs_feat_delta = 0.232259\n"}
,{"stream_name":"stdout","time":981.839042688,"data":"SECONDARY_EDGE_TTA_ACTIVE views = 8 weight = 0.75 mean_abs_feat_delta = 0.226492\n"}
,{"stream_name":"stdout","time":982.870066315,"data":"SECONDARY_EDGE_TTA_ACTIVE views = 8 weight = 0.75 mean_abs_feat_delta = 0.232259\n"}
,{"stream_name":"stdout","time":983.286162267,"data":"EDGE_TTA_ACTIVE views = 8 mean_abs_feat_delta = 0.239181\n"}
,{"stream_name":"stdout","time":984.03767805,"data":"EDGE_TTA_ACTIVE views = 8 mean_abs_feat_delta = 0.229203\n"}
,{"stream_name":"stdout","time":984.285270158,"data":"SECONDARY_EDGE_TTA_ACTIVE views = 8 weight = 0.75 mean_abs_feat_delta = 0.239181\n"}
,{"stream_name":"stdout","time":985.116345893,"data":"SECONDARY_EDGE_TTA_ACTIVE views = 8 weight = 0.75 mean_abs_feat_delta = 0.229203\n"}
,{"stream_name":"stdout","time":985.818048156,"data":"EDGE_TTA_ACTIVE views = 8 mean_abs_feat_delta = 0.236412\n"}
,{"stream_name":"stdout","time":986.283705183,"data":"EDGE_TTA_ACTIVE views = 8 mean_abs_feat_delta = 0.226427\n"}
,{"stream_name":"stdout","time":986.821913551,"data":"SECONDARY_EDGE_TTA_ACTIVE views = 8 weight = 0.75 mean_abs_feat_delta = 0.236412\n"}
,{"stream_name":"stdout","time":987.410823771,"data":"SECONDARY_EDGE_TTA_ACTIVE views = 8 weight = 0.75 mean_abs_feat_delta = 0.226427\n"}
,{"stream_name":"stdout","time":988.282332712,"data":"EDGE_TTA_ACTIVE views = 8 mean_abs_feat_delta = 0.226738\n"}
,{"stream_name":"stdout","time":988.534023476,"data":"EDGE_TTA_ACTIVE views = 8 mean_abs_feat_delta = 0.226861\n"}
,{"stream_name":"stdout","time":989.283242956,"data":"SECONDARY_EDGE_TTA_ACTIVE views = 8 weight = 0.75 mean_abs_feat_delta = 0.226738\n"}
,{"stream_name":"stdout","time":989.617981602,"data":"SECONDARY_EDGE_TTA_ACTIVE views = 8 weight = 0.75 mean_abs_feat_delta = 0.226861\n"}
,{"stream_name":"stdout","time":990.758972223,"data":"EDGE_TTA_ACTIVE views = 8 mean_abs_feat_delta = 0.230843\n"}
,{"stream_name":"stdout","time":990.815666125,"data":"EDGE_TTA_ACTIVE views = 8 mean_abs_feat_delta = 0.228639\n"}
,{"stream_name":"stdout","time":991.765751654,"data":"SECONDARY_EDGE_TTA_ACTIVE views = 8 weight = 0.75 mean_abs_feat_delta = 0.230843\n"}
,{"stream_name":"stdout","time":991.906349072,"data":"SECONDARY_EDGE_TTA_ACTIVE views = 8 weight = 0.75 mean_abs_feat_delta = 0.228639\n"}
,{"stream_name":"stdout","time":993.087654263,"data":"EDGE_TTA_ACTIVE views = 8 mean_abs_feat_delta = 0.222976\n"}
,{"stream_name":"stdout","time":993.222064094,"data":"EDGE_TTA_ACTIVE views = 8 mean_abs_feat_delta = 0.233039\n"}
,{"stream_name":"stdout","time":994.182397184,"data":"SECONDARY_EDGE_TTA_ACTIVE views = 8 weight = 0.75 mean_abs_feat_delta = 0.222976\n"}
,{"stream_name":"stdout","time":994.235346673,"data":"SECONDARY_EDGE_TTA_ACTIVE views = 8 weight = 0.75 mean_abs_feat_delta = 0.233039\n"}
,{"stream_name":"stdout","time":995.390891843,"data":"EDGE_TTA_ACTIVE views = 8 mean_abs_feat_delta = 0.233133\n"}
,{"stream_name":"stdout","time":995.685275887,"data":"EDGE_TTA_ACTIVE views = 8 mean_abs_feat_delta = 0.236685\n"}
,{"stream_name":"stdout","time":996.489544924,"data":"SECONDARY_EDGE_TTA_ACTIVE views = 8 weight = 0.75 mean_abs_feat_delta = 0.233133\n"}
,{"stream_name":"stdout","time":996.700751083,"data":"SECONDARY_EDGE_TTA_ACTIVE views = 8 weight = 0.75 mean_abs_feat_delta = 0.236685\n"}
,{"stream_name":"stdout","time":997.672172353,"data":"EDGE_TTA_ACTIVE views = 8 mean_abs_feat_delta = 0.229474\n"}
,{"stream_name":"stdout","time":998.160593328,"data":"EDGE_TTA_ACTIVE views = 8 mean_abs_feat_delta = 0.237921\n"}
,{"stream_name":"stdout","time":998.780483734,"data":"SECONDARY_EDGE_TTA_ACTIVE views = 8 weight = 0.75 mean_abs_feat_delta = 0.229474\n"}
,{"stream_name":"stdout","time":999.179744416,"data":"SECONDARY_EDGE_TTA_ACTIVE views = 8 weight = 0.75 mean_abs_feat_delta = 0.237921\n"}
,{"stream_name":"stdout","time":1000.000337885,"data":"EDGE_TTA_ACTIVE views = 8 mean_abs_feat_delta = 0.234013\n"}
,{"stream_name":"stdout","time":1000.633085096,"data":"EDGE_TTA_ACTIVE views = 8 mean_abs_feat_delta = 0.234442\n"}
,{"stream_name":"stdout","time":1001.111806227,"data":"SECONDARY_EDGE_TTA_ACTIVE views = 8 weight = 0.75 mean_abs_feat_delta = 0.234013\n"}
,{"stream_name":"stdout","time":1001.653962172,"data":"SECONDARY_EDGE_TTA_ACTIVE views = 8 weight = 0.75 mean_abs_feat_delta = 0.234442\n"}
,{"stream_name":"stdout","time":1002.30234982,"data":"EDGE_TTA_ACTIVE views = 8 mean_abs_feat_delta = 0.238926\n"}
,{"stream_name":"stdout","time":1003.127964183,"data":"EDGE_TTA_ACTIVE views = 8 mean_abs_feat_delta = 0.233617\n"}
,{"stream_name":"stdout","time":1003.419993533,"data":"SECONDARY_EDGE_TTA_ACTIVE views = 8 weight = 0.75 mean_abs_feat_delta = 0.238926\n"}
,{"stream_name":"stdout","time":1004.150289614,"data":"SECONDARY_EDGE_TTA_ACTIVE views = 8 weight = 0.75 mean_abs_feat_delta = 0.233617\n"}
,{"stream_name":"stdout","time":1004.619283295,"data":"EDGE_TTA_ACTIVE views = 8 mean_abs_feat_delta = 0.23637\n"}
,{"stream_name":"stdout","time":1005.64331798,"data":"EDGE_TTA_ACTIVE views = 8 mean_abs_feat_delta = 0.235088\n"}
,{"stream_name":"stdout","time":1005.738288202,"data":"SECONDARY_EDGE_TTA_ACTIVE views = 8 weight = 0.75 mean_abs_feat_delta = 0.23637\n"}
,{"stream_name":"stdout","time":1006.675067752,"data":"SECONDARY_EDGE_TTA_ACTIVE views = 8 weight = 0.75 mean_abs_feat_delta = 0.235088\n"}
,{"stream_name":"stdout","time":1006.966556725,"data":"EDGE_TTA_ACTIVE views = 8 mean_abs_feat_delta = 0.237828\n"}
,{"stream_name":"stdout","time":1008.086286816,"data":"SECONDARY_EDGE_TTA_ACTIVE views = 8 weight = 0.75 mean_abs_feat_delta = 0.237828\n"}
,{"stream_name":"stdout","time":1008.157970066,"data":"EDGE_TTA_ACTIVE views = 8 mean_abs_feat_delta = 0.215509\n"}
,{"stream_name":"stdout","time":1009.192450607,"data":"SECONDARY_EDGE_TTA_ACTIVE views = 8 weight = 0.75 mean_abs_feat_delta = 0.215509\n"}
,{"stream_name":"stdout","time":1009.305535147,"data":"EDGE_TTA_ACTIVE views = 8 mean_abs_feat_delta = 0.241041\n"}
,{"stream_name":"stdout","time":1010.423207109,"data":"SECONDARY_EDGE_TTA_ACTIVE views = 8 weight = 0.75 mean_abs_feat_delta = 0.241041\n"}
,{"stream_name":"stdout","time":1010.645545905,"data":"EDGE_TTA_ACTIVE views = 8 mean_abs_feat_delta = 0.211415\n"}
,{"stream_name":"stdout","time":1011.638027774,"data":"EDGE_TTA_ACTIVE views = 8 mean_abs_feat_delta = 0.240316\n"}
,{"stream_name":"stdout","time":1011.682037513,"data":"SECONDARY_EDGE_TTA_ACTIVE views = 8 weight = 0.75 mean_abs_feat_delta = 0.211415\n"}
,{"stream_name":"stdout","time":1012.759894393,"data":"SECONDARY_EDGE_TTA_ACTIVE views = 8 weight = 0.75 mean_abs_feat_delta = 0.240316\n"}
,{"stream_name":"stdout","time":1013.128198261,"data":"EDGE_TTA_ACTIVE views = 8 mean_abs_feat_delta = 0.235811\n"}
,{"stream_name":"stdout","time":1013.97276863,"data":"EDGE_TTA_ACTIVE views = 8 mean_abs_feat_delta = 0.240518\n"}
,{"stream_name":"stdout","time":1014.163682646,"data":"SECONDARY_EDGE_TTA_ACTIVE views = 8 weight = 0.75 mean_abs_feat_delta = 0.235811\n"}
,{"stream_name":"stdout","time":1015.093960432,"data":"SECONDARY_EDGE_TTA_ACTIVE views = 8 weight = 0.75 mean_abs_feat_delta = 0.240518\n"}
,{"stream_name":"stdout","time":1015.619993973,"data":"EDGE_TTA_ACTIVE views = 8 mean_abs_feat_delta = 0.23739\n"}
,{"stream_name":"stdout","time":1016.302291907,"data":"EDGE_TTA_ACTIVE views = 8 mean_abs_feat_delta = 0.233843\n"}
,{"stream_name":"stdout","time":1016.654630273,"data":"SECONDARY_EDGE_TTA_ACTIVE views = 8 weight = 0.75 mean_abs_feat_delta = 0.23739\n"}
,{"stream_name":"stdout","time":1017.478161578,"data":"SECONDARY_EDGE_TTA_ACTIVE views = 8 weight = 0.75 mean_abs_feat_delta = 0.233843\n"}
,{"stream_name":"stdout","time":1018.156059738,"data":"EDGE_TTA_ACTIVE views = 8 mean_abs_feat_delta = 0.235826\n"}
,{"stream_name":"stdout","time":1018.653146671,"data":"EDGE_TTA_ACTIVE views = 8 mean_abs_feat_delta = 0.236701\n"}
,{"stream_name":"stdout","time":1019.188163801,"data":"SECONDARY_EDGE_TTA_ACTIVE views = 8 weight = 0.75 mean_abs_feat_delta = 0.235826\n"}
,{"stream_name":"stdout","time":1019.765997245,"data":"SECONDARY_EDGE_TTA_ACTIVE views = 8 weight = 0.75 mean_abs_feat_delta = 0.236701\n"}
,{"stream_name":"stdout","time":1020.66145906,"data":"EDGE_TTA_ACTIVE views = 8 mean_abs_feat_delta = 0.234788\n"}
,{"stream_name":"stdout","time":1020.961614542,"data":"EDGE_TTA_ACTIVE views = 8 mean_abs_feat_delta = 0.22064\n"}
,{"stream_name":"stdout","time":1021.687223216,"data":"SECONDARY_EDGE_TTA_ACTIVE views = 8 weight = 0.75 mean_abs_feat_delta = 0.234788\n"}
,{"stream_name":"stdout","time":1022.074846543,"data":"SECONDARY_EDGE_TTA_ACTIVE views = 8 weight = 0.75 mean_abs_feat_delta = 0.22064\n"}
,{"stream_name":"stdout","time":1023.14498684,"data":"EDGE_TTA_ACTIVE views = 8 mean_abs_feat_delta = 0.238542\n"}
,{"stream_name":"stdout","time":1023.272122548,"data":"EDGE_TTA_ACTIVE views = 8 mean_abs_feat_delta = 0.220276\n"}
,{"stream_name":"stdout","time":1024.171921211,"data":"SECONDARY_EDGE_TTA_ACTIVE views = 8 weight = 0.75 mean_abs_feat_delta = 0.238542\n"}
,{"stream_name":"stdout","time":1024.382350967,"data":"SECONDARY_EDGE_TTA_ACTIVE views = 8 weight = 0.75 mean_abs_feat_delta = 0.220276\n"}
,{"stream_name":"stdout","time":1025.591632155,"data":"EDGE_TTA_ACTIVE views = 8 mean_abs_feat_delta = 0.225743\n"}
,{"stream_name":"stdout","time":1025.632907449,"data":"EDGE_TTA_ACTIVE views = 8 mean_abs_feat_delta = 0.240463\n"}
,{"stream_name":"stdout","time":1026.658403842,"data":"SECONDARY_EDGE_TTA_ACTIVE views = 8 weight = 0.75 mean_abs_feat_delta = 0.240463\n"}
,{"stream_name":"stdout","time":1026.697547846,"data":"SECONDARY_EDGE_TTA_ACTIVE views = 8 weight = 0.75 mean_abs_feat_delta = 0.225743\n"}
,{"stream_name":"stdout","time":1027.904971953,"data":"EDGE_TTA_ACTIVE views = 8 mean_abs_feat_delta = 0.22102\n"}
,{"stream_name":"stdout","time":1028.124539495,"data":"EDGE_TTA_ACTIVE views = 8 mean_abs_feat_delta = 0.237933\n"}
,{"stream_name":"stdout","time":1029.005486929,"data":"SECONDARY_EDGE_TTA_ACTIVE views = 8 weight = 0.75 mean_abs_feat_delta = 0.22102\n"}
,{"stream_name":"stdout","time":1029.147474243,"data":"SECONDARY_EDGE_TTA_ACTIVE views = 8 weight = 0.75 mean_abs_feat_delta = 0.237933\n"}
,{"stream_name":"stdout","time":1030.190234369,"data":"EDGE_TTA_ACTIVE views = 8 mean_abs_feat_delta = 0.232831\n"}
,{"stream_name":"stdout","time":1030.587436119,"data":"EDGE_TTA_ACTIVE views = 8 mean_abs_feat_delta = 0.238086\n"}
,{"stream_name":"stdout","time":1031.286522628,"data":"SECONDARY_EDGE_TTA_ACTIVE views = 8 weight = 0.75 mean_abs_feat_delta = 0.232831\n"}
,{"stream_name":"stdout","time":1031.607934329,"data":"SECONDARY_EDGE_TTA_ACTIVE views = 8 weight = 0.75 mean_abs_feat_delta = 0.238086\n"}
,{"stream_name":"stdout","time":1032.462064934,"data":"EDGE_TTA_ACTIVE views = 8 mean_abs_feat_delta = 0.224285\n"}
,{"stream_name":"stdout","time":1033.007676599,"data":"EDGE_TTA_ACTIVE views = 8 mean_abs_feat_delta = 0.236223\n"}
,{"stream_name":"stdout","time":1033.558811405,"data":"SECONDARY_EDGE_TTA_ACTIVE views = 8 weight = 0.75 mean_abs_feat_delta = 0.224285\n"}
,{"stream_name":"stdout","time":1034.026225171,"data":"SECONDARY_EDGE_TTA_ACTIVE views = 8 weight = 0.75 mean_abs_feat_delta = 0.236223\n"}
,{"stream_name":"stdout","time":1034.740797431,"data":"EDGE_TTA_ACTIVE views = 8 mean_abs_feat_delta = 0.23817\n"}
,{"stream_name":"stdout","time":1035.431708503,"data":"EDGE_TTA_ACTIVE views = 8 mean_abs_feat_delta = 0.240627\n"}
,{"stream_name":"stdout","time":1035.831891645,"data":"SECONDARY_EDGE_TTA_ACTIVE views = 8 weight = 0.75 mean_abs_feat_delta = 0.23817\n"}
,{"stream_name":"stdout","time":1036.451659575,"data":"SECONDARY_EDGE_TTA_ACTIVE views = 8 weight = 0.75 mean_abs_feat_delta = 0.240627\n"}
,{"stream_name":"stdout","time":1037.001605814,"data":"EDGE_TTA_ACTIVE views = 8 mean_abs_feat_delta = 0.235774\n"}
,{"stream_name":"stdout","time":1037.862463389,"data":"EDGE_TTA_ACTIVE views = 8 mean_abs_feat_delta = 0.227905\n"}
,{"stream_name":"stdout","time":1038.093838225,"data":"SECONDARY_EDGE_TTA_ACTIVE views = 8 weight = 0.75 mean_abs_feat_delta = 0.235774\n"}
,{"stream_name":"stdout","time":1038.879505429,"data":"SECONDARY_EDGE_TTA_ACTIVE views = 8 weight = 0.75 mean_abs_feat_delta = 0.227905\n"}
,{"stream_name":"stdout","time":1039.26595215,"data":"EDGE_TTA_ACTIVE views = 8 mean_abs_feat_delta = 0.227621\n"}
,{"stream_name":"stdout","time":1040.278611919,"data":"EDGE_TTA_ACTIVE views = 8 mean_abs_feat_delta = 0.239563\n"}
,{"stream_name":"stdout","time":1040.359507204,"data":"SECONDARY_EDGE_TTA_ACTIVE views = 8 weight = 0.75 mean_abs_feat_delta = 0.227621\n"}
,{"stream_name":"stdout","time":1041.296324676,"data":"SECONDARY_EDGE_TTA_ACTIVE views = 8 weight = 0.75 mean_abs_feat_delta = 0.239563\n"}
,{"stream_name":"stdout","time":1041.526529798,"data":"EDGE_TTA_ACTIVE views = 8 mean_abs_feat_delta = 0.239175\n"}
,{"stream_name":"stdout","time":1042.616617204,"data":"SECONDARY_EDGE_TTA_ACTIVE views = 8 weight = 0.75 mean_abs_feat_delta = 0.239175\n"}
,{"stream_name":"stdout","time":1042.686444847,"data":"EDGE_TTA_ACTIVE views = 8 mean_abs_feat_delta = 0.242943\n"}
,{"stream_name":"stdout","time":1043.705117348,"data":"SECONDARY_EDGE_TTA_ACTIVE views = 8 weight = 0.75 mean_abs_feat_delta = 0.242943\n"}
,{"stream_name":"stdout","time":1043.791458166,"data":"EDGE_TTA_ACTIVE views = 8 mean_abs_feat_delta = 0.244179\n"}
,{"stream_name":"stdout","time":1044.882570521,"data":"SECONDARY_EDGE_TTA_ACTIVE views = 8 weight = 0.75 mean_abs_feat_delta = 0.244179\n"}
,{"stream_name":"stdout","time":1045.100829685,"data":"EDGE_TTA_ACTIVE views = 8 mean_abs_feat_delta = 0.247572\n"}
,{"stream_name":"stdout","time":1046.044795334,"data":"EDGE_TTA_ACTIVE views = 8 mean_abs_feat_delta = 0.237185\n"}
,{"stream_name":"stdout","time":1046.114745625,"data":"SECONDARY_EDGE_TTA_ACTIVE views = 8 weight = 0.75 mean_abs_feat_delta = 0.247572\n"}
,{"stream_name":"stdout","time":1047.131575704,"data":"SECONDARY_EDGE_TTA_ACTIVE views = 8 weight = 0.75 mean_abs_feat_delta = 0.237185\n"}
,{"stream_name":"stdout","time":1047.539946509,"data":"EDGE_TTA_ACTIVE views = 8 mean_abs_feat_delta = 0.249408\n"}
,{"stream_name":"stdout","time":1048.294084589,"data":"EDGE_TTA_ACTIVE views = 8 mean_abs_feat_delta = 0.229216\n"}
,{"stream_name":"stdout","time":1048.503559943,"data":"SECONDARY_EDGE_TTA_ACTIVE views = 8 weight = 0.75 mean_abs_feat_delta = 0.249408\n"}
,{"stream_name":"stdout","time":1049.380621955,"data":"SECONDARY_EDGE_TTA_ACTIVE views = 8 weight = 0.75 mean_abs_feat_delta = 0.229216\n"}
,{"stream_name":"stdout","time":1049.904543271,"data":"EDGE_TTA_ACTIVE views = 8 mean_abs_feat_delta = 0.243718\n"}
,{"stream_name":"stdout","time":1050.542708731,"data":"EDGE_TTA_ACTIVE views = 8 mean_abs_feat_delta = 0.241588\n"}
,{"stream_name":"stdout","time":1050.920058802,"data":"SECONDARY_EDGE_TTA_ACTIVE views = 8 weight = 0.75 mean_abs_feat_delta = 0.243718\n"}
,{"stream_name":"stdout","time":1051.628641357,"data":"SECONDARY_EDGE_TTA_ACTIVE views = 8 weight = 0.75 mean_abs_feat_delta = 0.241588\n"}
,{"stream_name":"stdout","time":1052.341349954,"data":"EDGE_TTA_ACTIVE views = 8 mean_abs_feat_delta = 0.251506\n"}
,{"stream_name":"stdout","time":1052.785657194,"data":"EDGE_TTA_ACTIVE views = 8 mean_abs_feat_delta = 0.239353\n"}
,{"stream_name":"stdout","time":1053.356579327,"data":"SECONDARY_EDGE_TTA_ACTIVE views = 8 weight = 0.75 mean_abs_feat_delta = 0.251506\n"}
,{"stream_name":"stdout","time":1053.872475377,"data":"SECONDARY_EDGE_TTA_ACTIVE views = 8 weight = 0.75 mean_abs_feat_delta = 0.239353\n"}
,{"stream_name":"stdout","time":1054.748991743,"data":"EDGE_TTA_ACTIVE views = 8 mean_abs_feat_delta = 0.251008\n"}
,{"stream_name":"stdout","time":1055.029758927,"data":"EDGE_TTA_ACTIVE views = 8 mean_abs_feat_delta = 0.237942\n"}
,{"stream_name":"stdout","time":1055.763403654,"data":"SECONDARY_EDGE_TTA_ACTIVE views = 8 weight = 0.75 mean_abs_feat_delta = 0.251008\n"}
,{"stream_name":"stdout","time":1056.117242232,"data":"SECONDARY_EDGE_TTA_ACTIVE views = 8 weight = 0.75 mean_abs_feat_delta = 0.237942\n"}
,{"stream_name":"stdout","time":1057.181985215,"data":"EDGE_TTA_ACTIVE views = 8 mean_abs_feat_delta = 0.245957\n"}
,{"stream_name":"stdout","time":1057.325203153,"data":"EDGE_TTA_ACTIVE views = 8 mean_abs_feat_delta = 0.239293\n"}
,{"stream_name":"stdout","time":1058.199797119,"data":"SECONDARY_EDGE_TTA_ACTIVE views = 8 weight = 0.75 mean_abs_feat_delta = 0.245957\n"}
,{"stream_name":"stdout","time":1058.4172414,"data":"SECONDARY_EDGE_TTA_ACTIVE views = 8 weight = 0.75 mean_abs_feat_delta = 0.239293\n"}
,{"stream_name":"stdout","time":1059.614090108,"data":"EDGE_TTA_ACTIVE views = 8 mean_abs_feat_delta = 0.234476\n"}
,{"stream_name":"stdout","time":1059.62225005,"data":"EDGE_TTA_ACTIVE views = 8 mean_abs_feat_delta = 0.238098\n"}
,{"stream_name":"stdout","time":1060.639809779,"data":"SECONDARY_EDGE_TTA_ACTIVE views = 8 weight = 0.75 mean_abs_feat_delta = 0.238098\n"}
,{"stream_name":"stdout","time":1060.704775076,"data":"SECONDARY_EDGE_TTA_ACTIVE views = 8 weight = 0.75 mean_abs_feat_delta = 0.234476\n"}
,{"stream_name":"stdout","time":1061.89285598,"data":"EDGE_TTA_ACTIVE views = 8 mean_abs_feat_delta = 0.226821\n"}
,{"stream_name":"stdout","time":1062.073552416,"data":"EDGE_TTA_ACTIVE views = 8 mean_abs_feat_delta = 0.234102\n"}
,{"stream_name":"stdout","time":1062.984740997,"data":"SECONDARY_EDGE_TTA_ACTIVE views = 8 weight = 0.75 mean_abs_feat_delta = 0.226821\n"}
,{"stream_name":"stdout","time":1063.091342736,"data":"SECONDARY_EDGE_TTA_ACTIVE views = 8 weight = 0.75 mean_abs_feat_delta = 0.234102\n"}
,{"stream_name":"stdout","time":1064.22824552,"data":"EDGE_TTA_ACTIVE views = 8 mean_abs_feat_delta = 0.226903\n"}
,{"stream_name":"stdout","time":1064.498924458,"data":"EDGE_TTA_ACTIVE views = 8 mean_abs_feat_delta = 0.234812\n"}
,{"stream_name":"stdout","time":1065.321798292,"data":"SECONDARY_EDGE_TTA_ACTIVE views = 8 weight = 0.75 mean_abs_feat_delta = 0.226903\n"}
,{"stream_name":"stdout","time":1065.517826185,"data":"SECONDARY_EDGE_TTA_ACTIVE views = 8 weight = 0.75 mean_abs_feat_delta = 0.234812\n"}
,{"stream_name":"stdout","time":1066.486609656,"data":"EDGE_TTA_ACTIVE views = 8 mean_abs_feat_delta = 0.224855\n"}
,{"stream_name":"stdout","time":1066.932604988,"data":"EDGE_TTA_ACTIVE views = 8 mean_abs_feat_delta = 0.23759\n"}
,{"stream_name":"stdout","time":1067.581558141,"data":"SECONDARY_EDGE_TTA_ACTIVE views = 8 weight = 0.75 mean_abs_feat_delta = 0.224855\n"}
,{"stream_name":"stdout","time":1067.953699361,"data":"SECONDARY_EDGE_TTA_ACTIVE views = 8 weight = 0.75 mean_abs_feat_delta = 0.23759\n"}
,{"stream_name":"stdout","time":1068.743272658,"data":"EDGE_TTA_ACTIVE views = 8 mean_abs_feat_delta = 0.223744\n"}
,{"stream_name":"stdout","time":1069.367751708,"data":"EDGE_TTA_ACTIVE views = 8 mean_abs_feat_delta = 0.236011\n"}
,{"stream_name":"stdout","time":1069.839941931,"data":"SECONDARY_EDGE_TTA_ACTIVE views = 8 weight = 0.75 mean_abs_feat_delta = 0.223744\n"}
,{"stream_name":"stdout","time":1070.393851635,"data":"SECONDARY_EDGE_TTA_ACTIVE views = 8 weight = 0.75 mean_abs_feat_delta = 0.236011\n"}
,{"stream_name":"stdout","time":1071.019355757,"data":"EDGE_TTA_ACTIVE views = 8 mean_abs_feat_delta = 0.218132\n"}
,{"stream_name":"stdout","time":1071.818536612,"data":"EDGE_TTA_ACTIVE views = 8 mean_abs_feat_delta = 0.240735\n"}
,{"stream_name":"stdout","time":1072.11650441,"data":"SECONDARY_EDGE_TTA_ACTIVE views = 8 weight = 0.75 mean_abs_feat_delta = 0.218132\n"}
,{"stream_name":"stdout","time":1072.840953425,"data":"SECONDARY_EDGE_TTA_ACTIVE views = 8 weight = 0.75 mean_abs_feat_delta = 0.240735\n"}
,{"stream_name":"stdout","time":1073.294392434,"data":"EDGE_TTA_ACTIVE views = 8 mean_abs_feat_delta = 0.231867\n"}
,{"stream_name":"stdout","time":1074.388241264,"data":"EDGE_TTA_ACTIVE views = 8 mean_abs_feat_delta = 0.227122\n"}
,{"stream_name":"stdout","time":1074.394566258,"data":"SECONDARY_EDGE_TTA_ACTIVE views = 8 weight = 0.75 mean_abs_feat_delta = 0.231867\n"}
,{"stream_name":"stdout","time":1075.41417331,"data":"SECONDARY_EDGE_TTA_ACTIVE views = 8 weight = 0.75 mean_abs_feat_delta = 0.227122\n"}
,{"stream_name":"stdout","time":1075.577486509,"data":"EDGE_TTA_ACTIVE views = 8 mean_abs_feat_delta = 0.234333\n"}
,{"stream_name":"stdout","time":1076.677136601,"data":"SECONDARY_EDGE_TTA_ACTIVE views = 8 weight = 0.75 mean_abs_feat_delta = 0.234333\n"}
,{"stream_name":"stdout","time":1076.81030218,"data":"EDGE_TTA_ACTIVE views = 8 mean_abs_feat_delta = 0.237619\n"}
,{"stream_name":"stdout","time":1077.897469058,"data":"SECONDARY_EDGE_TTA_ACTIVE views = 8 weight = 0.75 mean_abs_feat_delta = 0.237619\n"}
,{"stream_name":"stdout","time":1077.898622074,"data":"EDGE_TTA_ACTIVE views = 8 mean_abs_feat_delta = 0.236016\n"}
,{"stream_name":"stdout","time":1078.958915332,"data":"SECONDARY_EDGE_TTA_ACTIVE views = 8 weight = 0.75 mean_abs_feat_delta = 0.236016\n"}
,{"stream_name":"stdout","time":1079.222234589,"data":"EDGE_TTA_ACTIVE views = 8 mean_abs_feat_delta = 0.234784\n"}
,{"stream_name":"stdout","time":1080.148363337,"data":"EDGE_TTA_ACTIVE views = 8 mean_abs_feat_delta = 0.234811\n"}
,{"stream_name":"stdout","time":1080.253175422,"data":"SECONDARY_EDGE_TTA_ACTIVE views = 8 weight = 0.75 mean_abs_feat_delta = 0.234784\n"}
,{"stream_name":"stdout","time":1081.250965024,"data":"SECONDARY_EDGE_TTA_ACTIVE views = 8 weight = 0.75 mean_abs_feat_delta = 0.234811\n"}
,{"stream_name":"stdout","time":1081.643923209,"data":"EDGE_TTA_ACTIVE views = 8 mean_abs_feat_delta = 0.238057\n"}
,{"stream_name":"stdout","time":1082.428954361,"data":"EDGE_TTA_ACTIVE views = 8 mean_abs_feat_delta = 0.234557\n"}
,{"stream_name":"stdout","time":1082.677700964,"data":"SECONDARY_EDGE_TTA_ACTIVE views = 8 weight = 0.75 mean_abs_feat_delta = 0.238057\n"}
,{"stream_name":"stdout","time":1083.53953247,"data":"SECONDARY_EDGE_TTA_ACTIVE views = 8 weight = 0.75 mean_abs_feat_delta = 0.234557\n"}
,{"stream_name":"stdout","time":1084.063164259,"data":"EDGE_TTA_ACTIVE views = 8 mean_abs_feat_delta = 0.240528\n"}
,{"stream_name":"stdout","time":1084.722423365,"data":"EDGE_TTA_ACTIVE views = 8 mean_abs_feat_delta = 0.234307\n"}
,{"stream_name":"stdout","time":1085.095624824,"data":"SECONDARY_EDGE_TTA_ACTIVE views = 8 weight = 0.75 mean_abs_feat_delta = 0.240528\n"}
,{"stream_name":"stdout","time":1085.832961858,"data":"SECONDARY_EDGE_TTA_ACTIVE views = 8 weight = 0.75 mean_abs_feat_delta = 0.234307\n"}
,{"stream_name":"stdout","time":1086.493263987,"data":"EDGE_TTA_ACTIVE views = 8 mean_abs_feat_delta = 0.241062\n"}
,{"stream_name":"stdout","time":1087.049873646,"data":"EDGE_TTA_ACTIVE views = 8 mean_abs_feat_delta = 0.235203\n"}
,{"stream_name":"stdout","time":1087.532011052,"data":"SECONDARY_EDGE_TTA_ACTIVE views = 8 weight = 0.75 mean_abs_feat_delta = 0.241062\n"}
,{"stream_name":"stdout","time":1088.163334603,"data":"SECONDARY_EDGE_TTA_ACTIVE views = 8 weight = 0.75 mean_abs_feat_delta = 0.235203\n"}
,{"stream_name":"stdout","time":1088.917990336,"data":"EDGE_TTA_ACTIVE views = 8 mean_abs_feat_delta = 0.244633\n"}
,{"stream_name":"stdout","time":1089.347919259,"data":"EDGE_TTA_ACTIVE views = 8 mean_abs_feat_delta = 0.236753\n"}
,{"stream_name":"stdout","time":1089.956849362,"data":"SECONDARY_EDGE_TTA_ACTIVE views = 8 weight = 0.75 mean_abs_feat_delta = 0.244633\n"}
,{"stream_name":"stdout","time":1090.460623575,"data":"SECONDARY_EDGE_TTA_ACTIVE views = 8 weight = 0.75 mean_abs_feat_delta = 0.236753\n"}
,{"stream_name":"stdout","time":1091.396315676,"data":"EDGE_TTA_ACTIVE views = 8 mean_abs_feat_delta = 0.242416\n"}
,{"stream_name":"stdout","time":1091.662360352,"data":"EDGE_TTA_ACTIVE views = 8 mean_abs_feat_delta = 0.238171\n"}
,{"stream_name":"stdout","time":1092.440200285,"data":"SECONDARY_EDGE_TTA_ACTIVE views = 8 weight = 0.75 mean_abs_feat_delta = 0.242416\n"}
,{"stream_name":"stdout","time":1092.775071905,"data":"SECONDARY_EDGE_TTA_ACTIVE views = 8 weight = 0.75 mean_abs_feat_delta = 0.238171\n"}
,{"stream_name":"stdout","time":1093.901631732,"data":"EDGE_TTA_ACTIVE views = 8 mean_abs_feat_delta = 0.24056\n"}
,{"stream_name":"stdout","time":1093.990337343,"data":"EDGE_TTA_ACTIVE views = 8 mean_abs_feat_delta = 0.236963\n"}
,{"stream_name":"stdout","time":1094.945405525,"data":"SECONDARY_EDGE_TTA_ACTIVE views = 8 weight = 0.75 mean_abs_feat_delta = 0.24056\n"}
,{"stream_name":"stdout","time":1095.105238319,"data":"SECONDARY_EDGE_TTA_ACTIVE views = 8 weight = 0.75 mean_abs_feat_delta = 0.236963\n"}
,{"stream_name":"stdout","time":1096.31626643,"data":"EDGE_TTA_ACTIVE views = 8 mean_abs_feat_delta = 0.236205\n"}
,{"stream_name":"stdout","time":1096.381727537,"data":"EDGE_TTA_ACTIVE views = 8 mean_abs_feat_delta = 0.244906\n"}
,{"stream_name":"stdout","time":1097.421507989,"data":"SECONDARY_EDGE_TTA_ACTIVE views = 8 weight = 0.75 mean_abs_feat_delta = 0.244906\n"}
,{"stream_name":"stdout","time":1097.429539881,"data":"SECONDARY_EDGE_TTA_ACTIVE views = 8 weight = 0.75 mean_abs_feat_delta = 0.236205\n"}
,{"stream_name":"stdout","time":1098.63071996,"data":"EDGE_TTA_ACTIVE views = 8 mean_abs_feat_delta = 0.233149\n"}
,{"stream_name":"stdout","time":1098.868394084,"data":"EDGE_TTA_ACTIVE views = 8 mean_abs_feat_delta = 0.243119\n"}
,{"stream_name":"stdout","time":1099.739914754,"data":"SECONDARY_EDGE_TTA_ACTIVE views = 8 weight = 0.75 mean_abs_feat_delta = 0.233149\n"}
,{"stream_name":"stdout","time":1099.905816905,"data":"SECONDARY_EDGE_TTA_ACTIVE views = 8 weight = 0.75 mean_abs_feat_delta = 0.243119\n"}
,{"stream_name":"stdout","time":1100.977151731,"data":"EDGE_TTA_ACTIVE views = 8 mean_abs_feat_delta = 0.225836\n"}
,{"stream_name":"stdout","time":1101.325510374,"data":"EDGE_TTA_ACTIVE views = 8 mean_abs_feat_delta = 0.247552\n"}
,{"stream_name":"stdout","time":1102.081774105,"data":"SECONDARY_EDGE_TTA_ACTIVE views = 8 weight = 0.75 mean_abs_feat_delta = 0.225836\n"}
,{"stream_name":"stdout","time":1102.362727819,"data":"SECONDARY_EDGE_TTA_ACTIVE views = 8 weight = 0.75 mean_abs_feat_delta = 0.247552\n"}
,{"stream_name":"stdout","time":1103.291469072,"data":"EDGE_TTA_ACTIVE views = 8 mean_abs_feat_delta = 0.227884\n"}
,{"stream_name":"stdout","time":1103.773307051,"data":"EDGE_TTA_ACTIVE views = 8 mean_abs_feat_delta = 0.2455\n"}
,{"stream_name":"stdout","time":1104.400393779,"data":"SECONDARY_EDGE_TTA_ACTIVE views = 8 weight = 0.75 mean_abs_feat_delta = 0.227884\n"}
,{"stream_name":"stdout","time":1104.808400163,"data":"SECONDARY_EDGE_TTA_ACTIVE views = 8 weight = 0.75 mean_abs_feat_delta = 0.2455\n"}
,{"stream_name":"stdout","time":1105.602710833,"data":"EDGE_TTA_ACTIVE views = 8 mean_abs_feat_delta = 0.227373\n"}
,{"stream_name":"stdout","time":1106.236019364,"data":"EDGE_TTA_ACTIVE views = 8 mean_abs_feat_delta = 0.240275\n"}
,{"stream_name":"stdout","time":1106.706280642,"data":"SECONDARY_EDGE_TTA_ACTIVE views = 8 weight = 0.75 mean_abs_feat_delta = 0.227373\n"}
,{"stream_name":"stdout","time":1107.271437962,"data":"SECONDARY_EDGE_TTA_ACTIVE views = 8 weight = 0.75 mean_abs_feat_delta = 0.240275\n"}
,{"stream_name":"stdout","time":1107.894877113,"data":"EDGE_TTA_ACTIVE views = 8 mean_abs_feat_delta = 0.220328\n"}
,{"stream_name":"stdout","time":1108.795071316,"data":"EDGE_TTA_ACTIVE views = 8 mean_abs_feat_delta = 0.245994\n"}
,{"stream_name":"stdout","time":1108.999610872,"data":"SECONDARY_EDGE_TTA_ACTIVE views = 8 weight = 0.75 mean_abs_feat_delta = 0.220328\n"}
,{"stream_name":"stdout","time":1109.766959811,"data":"SECONDARY_EDGE_TTA_ACTIVE views = 8 weight = 0.75 mean_abs_feat_delta = 0.245994\n"}
,{"stream_name":"stdout","time":1110.178308617,"data":"EDGE_TTA_ACTIVE views = 8 mean_abs_feat_delta = 0.223583\n"}
,{"stream_name":"stdout","time":1111.182960038,"data":"EDGE_TTA_ACTIVE views = 8 mean_abs_feat_delta = 0.22518\n"}
,{"stream_name":"stdout","time":1111.276844764,"data":"SECONDARY_EDGE_TTA_ACTIVE views = 8 weight = 0.75 mean_abs_feat_delta = 0.223583\n"}
,{"stream_name":"stdout","time":1112.214945004,"data":"SECONDARY_EDGE_TTA_ACTIVE views = 8 weight = 0.75 mean_abs_feat_delta = 0.22518\n"}
,{"stream_name":"stdout","time":1112.465772097,"data":"EDGE_TTA_ACTIVE views = 8 mean_abs_feat_delta = 0.225101\n"}
,{"stream_name":"stdout","time":1113.558589546,"data":"SECONDARY_EDGE_TTA_ACTIVE views = 8 weight = 0.75 mean_abs_feat_delta = 0.225101\n"}
,{"stream_name":"stdout","time":1113.658146343,"data":"EDGE_TTA_ACTIVE views = 8 mean_abs_feat_delta = 0.24429\n"}
,{"stream_name":"stdout","time":1114.686194772,"data":"SECONDARY_EDGE_TTA_ACTIVE views = 8 weight = 0.75 mean_abs_feat_delta = 0.24429\n"}
,{"stream_name":"stdout","time":1114.724523111,"data":"EDGE_TTA_ACTIVE views = 8 mean_abs_feat_delta = 0.224219\n"}
,{"stream_name":"stdout","time":1115.818899895,"data":"SECONDARY_EDGE_TTA_ACTIVE views = 8 weight = 0.75 mean_abs_feat_delta = 0.224219\n"}
,{"stream_name":"stdout","time":1116.171350081,"data":"EDGE_TTA_ACTIVE views = 8 mean_abs_feat_delta = 0.237085\n"}
,{"stream_name":"stdout","time":1117.02631386,"data":"EDGE_TTA_ACTIVE views = 8 mean_abs_feat_delta = 0.223367\n"}
,{"stream_name":"stdout","time":1117.198150211,"data":"SECONDARY_EDGE_TTA_ACTIVE views = 8 weight = 0.75 mean_abs_feat_delta = 0.237085\n"}
,{"stream_name":"stdout","time":1118.11876206,"data":"SECONDARY_EDGE_TTA_ACTIVE views = 8 weight = 0.75 mean_abs_feat_delta = 0.223367\n"}
,{"stream_name":"stdout","time":1118.64502672,"data":"EDGE_TTA_ACTIVE views = 8 mean_abs_feat_delta = 0.242791\n"}
,{"stream_name":"stdout","time":1119.322047012,"data":"EDGE_TTA_ACTIVE views = 8 mean_abs_feat_delta = 0.223955\n"}
,{"stream_name":"stdout","time":1119.66809093,"data":"SECONDARY_EDGE_TTA_ACTIVE views = 8 weight = 0.75 mean_abs_feat_delta = 0.242791\n"}
,{"stream_name":"stdout","time":1120.411287431,"data":"SECONDARY_EDGE_TTA_ACTIVE views = 8 weight = 0.75 mean_abs_feat_delta = 0.223955\n"}
,{"stream_name":"stdout","time":1121.079745441,"data":"EDGE_TTA_ACTIVE views = 8 mean_abs_feat_delta = 0.247968\n"}
,{"stream_name":"stdout","time":1121.595484686,"data":"EDGE_TTA_ACTIVE views = 8 mean_abs_feat_delta = 0.226383\n"}
,{"stream_name":"stdout","time":1122.098875675,"data":"SECONDARY_EDGE_TTA_ACTIVE views = 8 weight = 0.75 mean_abs_feat_delta = 0.247968\n"}
,{"stream_name":"stdout","time":1122.682618161,"data":"SECONDARY_EDGE_TTA_ACTIVE views = 8 weight = 0.75 mean_abs_feat_delta = 0.226383\n"}
,{"stream_name":"stdout","time":1123.493653911,"data":"EDGE_TTA_ACTIVE views = 8 mean_abs_feat_delta = 0.240078\n"}
,{"stream_name":"stdout","time":1124.509626013,"data":"SECONDARY_EDGE_TTA_ACTIVE views = 8 weight = 0.75 mean_abs_feat_delta = 0.240078\n"}
,{"stream_name":"stdout","time":1126.228897546,"data":"EDGE_TTA_ACTIVE views = 8 mean_abs_feat_delta = 0.241216\n"}
,{"stream_name":"stdout","time":1127.24213499,"data":"SECONDARY_EDGE_TTA_ACTIVE views = 8 weight = 0.75 mean_abs_feat_delta = 0.241216\n"}
,{"stream_name":"stdout","time":1128.620899128,"data":"EDGE_TTA_ACTIVE views = 8 mean_abs_feat_delta = 0.227252\n"}
,{"stream_name":"stdout","time":1129.255451284,"data":"Saved 2 predictions to /kaggle/working/tracking_repo/predictions/unknown/unet_transformer_gpu0/split_0\n"}
,{"stream_name":"stdout","time":1129.635958158,"data":"SECONDARY_EDGE_TTA_ACTIVE views = 8 weight = 0.75 mean_abs_feat_delta = 0.227252\n"}
,{"stream_name":"stdout","time":1131.060830757,"data":"EDGE_TTA_ACTIVE views = 8 mean_abs_feat_delta = 0.244146\n"}
,{"stream_name":"stdout","time":1132.075317066,"data":"SECONDARY_EDGE_TTA_ACTIVE views = 8 weight = 0.75 mean_abs_feat_delta = 0.244146\n"}
,{"stream_name":"stdout","time":1133.461479905,"data":"EDGE_TTA_ACTIVE views = 8 mean_abs_feat_delta = 0.238062\n"}
,{"stream_name":"stdout","time":1134.476515048,"data":"SECONDARY_EDGE_TTA_ACTIVE views = 8 weight = 0.75 mean_abs_feat_delta = 0.238062\n"}
,{"stream_name":"stdout","time":1135.865430418,"data":"EDGE_TTA_ACTIVE views = 8 mean_abs_feat_delta = 0.238613\n"}
,{"stream_name":"stdout","time":1136.879459874,"data":"SECONDARY_EDGE_TTA_ACTIVE views = 8 weight = 0.75 mean_abs_feat_delta = 0.238613\n"}
,{"stream_name":"stdout","time":1138.26302367,"data":"EDGE_TTA_ACTIVE views = 8 mean_abs_feat_delta = 0.237404\n"}
,{"stream_name":"stdout","time":1139.321246354,"data":"SECONDARY_EDGE_TTA_ACTIVE views = 8 weight = 0.75 mean_abs_feat_delta = 0.237404\n"}
,{"stream_name":"stdout","time":1140.711952431,"data":"EDGE_TTA_ACTIVE views = 8 mean_abs_feat_delta = 0.214373\n"}
,{"stream_name":"stdout","time":1141.730466668,"data":"SECONDARY_EDGE_TTA_ACTIVE views = 8 weight = 0.75 mean_abs_feat_delta = 0.214373\n"}
,{"stream_name":"stdout","time":1143.12499784,"data":"EDGE_TTA_ACTIVE views = 8 mean_abs_feat_delta = 0.214419\n"}
,{"stream_name":"stdout","time":1144.142685968,"data":"SECONDARY_EDGE_TTA_ACTIVE views = 8 weight = 0.75 mean_abs_feat_delta = 0.214419\n"}
,{"stream_name":"stdout","time":1145.55534696,"data":"EDGE_TTA_ACTIVE views = 8 mean_abs_feat_delta = 0.236303\n"}
,{"stream_name":"stdout","time":1146.578836604,"data":"SECONDARY_EDGE_TTA_ACTIVE views = 8 weight = 0.75 mean_abs_feat_delta = 0.236303\n"}
,{"stream_name":"stdout","time":1148.004709467,"data":"EDGE_TTA_ACTIVE views = 8 mean_abs_feat_delta = 0.232431\n"}
,{"stream_name":"stdout","time":1149.032572352,"data":"SECONDARY_EDGE_TTA_ACTIVE views = 8 weight = 0.75 mean_abs_feat_delta = 0.232431\n"}
,{"stream_name":"stdout","time":1150.445606754,"data":"EDGE_TTA_ACTIVE views = 8 mean_abs_feat_delta = 0.231844\n"}
,{"stream_name":"stdout","time":1151.472981244,"data":"SECONDARY_EDGE_TTA_ACTIVE views = 8 weight = 0.75 mean_abs_feat_delta = 0.231844\n"}
,{"stream_name":"stdout","time":1152.917726519,"data":"EDGE_TTA_ACTIVE views = 8 mean_abs_feat_delta = 0.232545\n"}
,{"stream_name":"stdout","time":1153.950121869,"data":"SECONDARY_EDGE_TTA_ACTIVE views = 8 weight = 0.75 mean_abs_feat_delta = 0.232545\n"}
,{"stream_name":"stdout","time":1155.440319381,"data":"EDGE_TTA_ACTIVE views = 8 mean_abs_feat_delta = 0.235909\n"}
,{"stream_name":"stdout","time":1156.472994698,"data":"SECONDARY_EDGE_TTA_ACTIVE views = 8 weight = 0.75 mean_abs_feat_delta = 0.235909\n"}
,{"stream_name":"stdout","time":1231.214604229,"data":"Saved 2 predictions to /kaggle/working/tracking_repo/predictions/unknown/unet_transformer_gpu1/split_0\n"}
,{"stream_name":"stdout","time":1234.042280951,"data":"Merged 4 prediction graphs into /kaggle/working/tracking_repo/predictions/unknown/unet_transformer/split_0\n"}
,{"stream_name":"stdout","time":1234.042337312,"data":"Prediction completed in 10.02 minutes\n"}
,{"stream_name":"stdout","time":1608.802121394,"data":"Trying DeepCenter add-only gate checkpoint: /kaggle/input/datasets/pilkwang/biohub-deepcenter-unet3d-center-prior-v1/weights/full_frame_center/best.pt\n"}
,{"stream_name":"stdout","time":1609.104271981,"data":"Loaded DeepCenter add-only gate checkpoint: /kaggle/input/datasets/pilkwang/biohub-deepcenter-unet3d-center-prior-v1/weights/full_frame_center/best.pt\n"}
,{"stream_name":"stdout","time":1609.104313186,"data":"DeepCenter checkpoint epoch: 2 best_score: -0.04500306242456039\n"}
,{"stream_name":"stdout","time":1609.104320061,"data":"Found 4 prediction graphs\n"}
,{"stream_name":"stdout","time":1633.081854007,"data":"[44b6_0113de3b] after edge-filter+motion-relink: 26350 nodes, 25375 edges\n"}
,{"stream_name":"stdout","time":1633.966793608,"data":"DEEPCENTER_TTA_ACTIVE views = 8 mean_abs_logit_delta = 0.134149\n"}
,{"stream_name":"stdout","time":1638.993374876,"data":"[44b6_0113de3b] after gap-closing (single-frame + gap2): 26439 nodes, 25537 edges\n"}
,{"stream_name":"stdout","time":1663.794709642,"data":"[44b6_0113de3b] after safe-division repair: 26439 nodes, 25583 edges (geometric_candidates = 170, deepcenter_rejected = 116, post_veto_candidates = 54, added = 46, cap_skipped = 0, mutual_nn_rejected = 77, divergence_rejected = 702)\n"}
,{"stream_name":"stdout","time":1663.794764071,"data":"[44b6_0113de3b] after division-geometry-filter+prune-isolated: 26434 nodes, 25583 edges\n"}
,{"stream_name":"stdout","time":1663.794772034,"data":"[44b6_0113de3b] after short-track filtering: 26177 nodes, 25386 edges (components_removed = 60)\n"}
,{"stream_name":"stdout","time":1669.820385536,"data":"[44b6_0113de3b] FINAL: 26177 nodes, 25386 edges\n"}
,{"stream_name":"stdout","time":1743.053259294,"data":"[44b6_0b24845f] after edge-filter+motion-relink: 45673 nodes, 42481 edges\n"}
,{"stream_name":"stdout","time":1768.135509009,"data":"[44b6_0b24845f] after gap-closing (single-frame + gap2): 46175 nodes, 43401 edges\n"}
,{"stream_name":"stdout","time":1801.736055509,"data":"[44b6_0b24845f] after safe-division repair: 46175 nodes, 43448 edges (geometric_candidates = 850, deepcenter_rejected = 795, post_veto_candidates = 55, added = 47, cap_skipped = 0, mutual_nn_rejected = 184, divergence_rejected = 2178)\n"}
,{"stream_name":"stdout","time":1801.736096004,"data":"[44b6_0b24845f] after division-geometry-filter+prune-isolated: 46167 nodes, 43448 edges\n"}
,{"stream_name":"stdout","time":1801.736104798,"data":"[44b6_0b24845f] after short-track filtering: 44215 nodes, 41932 edges (components_removed = 436)\n"}
,{"stream_name":"stdout","time":1811.777026983,"data":"[44b6_0b24845f] FINAL: 44215 nodes, 41932 edges\n"}
,{"stream_name":"stdout","time":1814.645005262,"data":"[6bba_05b6850b] after edge-filter+motion-relink: 7764 nodes, 7368 edges\n"}
,{"stream_name":"stdout","time":1817.585809922,"data":"[6bba_05b6850b] after gap-closing (single-frame + gap2): 7825 nodes, 7470 edges\n"}
,{"stream_name":"stdout","time":1823.834224264,"data":"[6bba_05b6850b] after safe-division repair: 7825 nodes, 7473 edges (geometric_candidates = 22, deepcenter_rejected = 18, post_veto_candidates = 4, added = 3, cap_skipped = 0, mutual_nn_rejected = 2, divergence_rejected = 129)\n"}
,{"stream_name":"stdout","time":1823.834279951,"data":"[6bba_05b6850b] after division-geometry-filter+prune-isolated: 7821 nodes, 7473 edges\n"}
,{"stream_name":"stdout","time":1823.834288661,"data":"[6bba_05b6850b] after short-track filtering: 7527 nodes, 7246 edges (components_removed = 67)\n"}
,{"stream_name":"stdout","time":1825.483973045,"data":"[6bba_05b6850b] FINAL: 7527 nodes, 7246 edges\n"}
,{"stream_name":"stdout","time":2002.149155058,"data":"[6bba_05db0fb1] after edge-filter+motion-relink: 72034 nodes, 68716 edges\n"}
,{"stream_name":"stdout","time":2021.16186794,"data":"[6bba_05db0fb1] after gap-closing (single-frame + gap2): 72613 nodes, 69811 edges\n"}
,{"stream_name":"stdout","time":2052.6833281,"data":"[6bba_05db0fb1] after safe-division repair: 72613 nodes, 69851 edges (geometric_candidates = 361, deepcenter_rejected = 318, post_veto_candidates = 43, added = 40, cap_skipped = 0, mutual_nn_rejected = 365, divergence_rejected = 3262)\n"}
,{"stream_name":"stdout","time":2052.683367402,"data":"[6bba_05db0fb1] after division-geometry-filter+prune-isolated: 72606 nodes, 69851 edges\n"}
,{"stream_name":"stdout","time":2052.951389649,"data":"[6bba_05db0fb1] after short-track filtering: 71099 nodes, 68677 edges (components_removed = 333)\n"}
,{"stream_name":"stdout","time":2068.67580668,"data":"[6bba_05db0fb1] FINAL: 71099 nodes, 68677 edges\n"}
,{"stream_name":"stdout","time":2069.291479821,"data":"Wrote /kaggle/working/submission.csv with 292,259 rows\n"}
,{"stream_name":"stdout","time":2069.291519665,"data":"Node rows: 149,018 | edge rows: 143,241\n"}
,{"stream_name":"stdout","time":2069.291530479,"data":"Wrote /kaggle/working/run_stats.csv\n"}
,{"stream_name":"stdout","time":2127.973006279,"data":"/usr/local/lib/python3.12/dist-packages/dask/array/image.py:7: FutureWarning: `find_available_plugins` is deprecated since version 0.25 and will be removed in version 0.27. The plugin infrastructure of `skimage.io` is deprecated. Instead, use `imageio` or other I/O packages directly.\n"}
,{"stream_name":"stdout","time":2127.975022507,"data":"  from skimage.io import imread as sk_imread\n"}
,{"stream_name":"stdout","time":2127.976689877,"data":"/usr/lib/python3.12/importlib/__init__.py:90: FutureWarning: `reset_plugins` is deprecated since version 0.25 and will be removed in version 0.27. The plugin infrastructure of `skimage.io` is deprecated. Instead, use `imageio` or other I/O packages directly.\n"}
,{"stream_name":"stdout","time":2127.978306289,"data":"  return _bootstrap._gcd_import(name[level:], package, level)\n"}
,{"stream_name":"stdout","time":2127.993272491,"data":"/usr/local/lib/python3.12/dist-packages/dask/array/image.py:7: FutureWarning: `find_available_plugins` is deprecated since version 0.25 and will be removed in version 0.27. The plugin infrastructure of `skimage.io` is deprecated. Instead, use `imageio` or other I/O packages directly.\n"}
,{"stream_name":"stdout","time":2127.99435538,"data":"  from skimage.io import imread as sk_imread\n"}
,{"stream_name":"stdout","time":2128.000339072,"data":"/usr/lib/python3.12/importlib/__init__.py:90: FutureWarning: `reset_plugins` is deprecated since version 0.25 and will be removed in version 0.27. The plugin infrastructure of `skimage.io` is deprecated. Instead, use `imageio` or other I/O packages directly.\n"}
,{"stream_name":"stdout","time":2128.000362833,"data":"  return _bootstrap._gcd_import(name[level:], package, level)\n"}
,{"stream_name":"stdout","time":2128.494921399,"data":"Secondary model: /kaggle/input/datasets/krittanutsomtuas/biohub-model185-scratch-seed/edge_predictor_best.pth | edge weight = 0.150 | detection weight = 0.800 | link mode = low_margin_consensus | temperature = 1.000 | low-margin max = 0.350 | edge threshold = 0.480\n"}
,{"stream_name":"stdout","time":2128.496052485,"data":"Fold 0: 4 datasets | weights=weights/unet_transformer/split_0/edge_predictor_best.pth | device=cuda | window_size=2 | pool_kernel_um=3.0\n"}
,{"stream_name":"stdout","time":2128.5833797,"data":"Secondary model: /kaggle/input/datasets/krittanutsomtuas/biohub-model185-scratch-seed/edge_predictor_best.pth | edge weight = 0.150 | detection weight = 0.800 | link mode = low_margin_consensus | temperature = 1.000 | low-margin max = 0.350 | edge threshold = 0.480\n"}
,{"stream_name":"stdout","time":2128.584153172,"data":"Fold 0: 4 datasets | weights=weights/unet_transformer/split_0/edge_predictor_best.pth | device=cuda | window_size=2 | pool_kernel_um=3.0\n"}
,{"stream_name":"stdout","time":2129.862931024,"data":"EDGE_TTA_ACTIVE views = 8 mean_abs_feat_delta = 0.267124\n"}
,{"stream_name":"stdout","time":2130.103453739,"data":"EDGE_TTA_ACTIVE views = 8 mean_abs_feat_delta = 0.227321\n"}
,{"stream_name":"stdout","time":2130.709774905,"data":"SECONDARY_EDGE_TTA_ACTIVE views = 8 weight = 0.75 mean_abs_feat_delta = 0.267124\n"}
,{"stream_name":"stdout","time":2131.138334112,"data":"SECONDARY_EDGE_TTA_ACTIVE views = 8 weight = 0.75 mean_abs_feat_delta = 0.227321\n"}
,{"stream_name":"stdout","time":2132.48442983,"data":"EDGE_TTA_ACTIVE views = 8 mean_abs_feat_delta = 0.274792\n"}
,{"stream_name":"stdout","time":2133.038089846,"data":"EDGE_TTA_ACTIVE views = 8 mean_abs_feat_delta = 0.229301\n"}
,{"stream_name":"stdout","time":2133.328666524,"data":"SECONDARY_EDGE_TTA_ACTIVE views = 8 weight = 0.75 mean_abs_feat_delta = 0.274792\n"}
,{"stream_name":"stdout","time":2134.080890847,"data":"SECONDARY_EDGE_TTA_ACTIVE views = 8 weight = 0.75 mean_abs_feat_delta = 0.229301\n"}
,{"stream_name":"stdout","time":2134.28175342,"data":"EDGE_TTA_ACTIVE views = 8 mean_abs_feat_delta = 0.271919\n"}
,{"stream_name":"stdout","time":2135.124902931,"data":"SECONDARY_EDGE_TTA_ACTIVE views = 8 weight = 0.75 mean_abs_feat_delta = 0.271919\n"}
,{"stream_name":"stdout","time":2135.329583175,"data":"EDGE_TTA_ACTIVE views = 8 mean_abs_feat_delta = 0.230367\n"}
,{"stream_name":"stdout","time":2136.075577388,"data":"EDGE_TTA_ACTIVE views = 8 mean_abs_feat_delta = 0.279261\n"}
,{"stream_name":"stdout","time":2136.386004907,"data":"SECONDARY_EDGE_TTA_ACTIVE views = 8 weight = 0.75 mean_abs_feat_delta = 0.230367\n"}
,{"stream_name":"stdout","time":2136.936777223,"data":"SECONDARY_EDGE_TTA_ACTIVE views = 8 weight = 0.75 mean_abs_feat_delta = 0.279261\n"}
,{"stream_name":"stdout","time":2137.638799824,"data":"EDGE_TTA_ACTIVE views = 8 mean_abs_feat_delta = 0.228618\n"}
,{"stream_name":"stdout","time":2137.887442911,"data":"EDGE_TTA_ACTIVE views = 8 mean_abs_feat_delta = 0.292349\n"}
,{"stream_name":"stdout","time":2138.704780628,"data":"SECONDARY_EDGE_TTA_ACTIVE views = 8 weight = 0.75 mean_abs_feat_delta = 0.228618\n"}
,{"stream_name":"stdout","time":2138.739598233,"data":"SECONDARY_EDGE_TTA_ACTIVE views = 8 weight = 0.75 mean_abs_feat_delta = 0.292349\n"}
,{"stream_name":"stdout","time":2139.693134626,"data":"EDGE_TTA_ACTIVE views = 8 mean_abs_feat_delta = 0.292799\n"}
,{"stream_name":"stdout","time":2139.967884614,"data":"EDGE_TTA_ACTIVE views = 8 mean_abs_feat_delta = 0.228461\n"}
,{"stream_name":"stdout","time":2140.552088214,"data":"SECONDARY_EDGE_TTA_ACTIVE views = 8 weight = 0.75 mean_abs_feat_delta = 0.292799\n"}
,{"stream_name":"stdout","time":2141.044405806,"data":"SECONDARY_EDGE_TTA_ACTIVE views = 8 weight = 0.75 mean_abs_feat_delta = 0.228461\n"}
,{"stream_name":"stdout","time":2141.515431932,"data":"EDGE_TTA_ACTIVE views = 8 mean_abs_feat_delta = 0.292416\n"}
,{"stream_name":"stdout","time":2142.360027524,"data":"EDGE_TTA_ACTIVE views = 8 mean_abs_feat_delta = 0.228282\n"}
,{"stream_name":"stdout","time":2142.373275669,"data":"SECONDARY_EDGE_TTA_ACTIVE views = 8 weight = 0.75 mean_abs_feat_delta = 0.292416\n"}
,{"stream_name":"stdout","time":2143.337548175,"data":"EDGE_TTA_ACTIVE views = 8 mean_abs_feat_delta = 0.288362\n"}
,{"stream_name":"stdout","time":2143.441221865,"data":"SECONDARY_EDGE_TTA_ACTIVE views = 8 weight = 0.75 mean_abs_feat_delta = 0.228282\n"}
,{"stream_name":"stdout","time":2144.197756308,"data":"SECONDARY_EDGE_TTA_ACTIVE views = 8 weight = 0.75 mean_abs_feat_delta = 0.288362\n"}
,{"stream_name":"stdout","time":2144.756910769,"data":"EDGE_TTA_ACTIVE views = 8 mean_abs_feat_delta = 0.227046\n"}
,{"stream_name":"stdout","time":2145.163347012,"data":"EDGE_TTA_ACTIVE views = 8 mean_abs_feat_delta = 0.292159\n"}
,{"stream_name":"stdout","time":2145.875578438,"data":"SECONDARY_EDGE_TTA_ACTIVE views = 8 weight = 0.75 mean_abs_feat_delta = 0.227046\n"}
,{"stream_name":"stdout","time":2146.026810767,"data":"SECONDARY_EDGE_TTA_ACTIVE views = 8 weight = 0.75 mean_abs_feat_delta = 0.292159\n"}
,{"stream_name":"stdout","time":2147.013471737,"data":"EDGE_TTA_ACTIVE views = 8 mean_abs_feat_delta = 0.30098\n"}
,{"stream_name":"stdout","time":2147.179886974,"data":"EDGE_TTA_ACTIVE views = 8 mean_abs_feat_delta = 0.228416\n"}
,{"stream_name":"stdout","time":2147.889305019,"data":"SECONDARY_EDGE_TTA_ACTIVE views = 8 weight = 0.75 mean_abs_feat_delta = 0.30098\n"}
,{"stream_name":"stdout","time":2148.283487295,"data":"SECONDARY_EDGE_TTA_ACTIVE views = 8 weight = 0.75 mean_abs_feat_delta = 0.228416\n"}
,{"stream_name":"stdout","time":2148.870790381,"data":"EDGE_TTA_ACTIVE views = 8 mean_abs_feat_delta = 0.301282\n"}
,{"stream_name":"stdout","time":2149.591078876,"data":"EDGE_TTA_ACTIVE views = 8 mean_abs_feat_delta = 0.227452\n"}
,{"stream_name":"stdout","time":2149.735355688,"data":"SECONDARY_EDGE_TTA_ACTIVE views = 8 weight = 0.75 mean_abs_feat_delta = 0.301282\n"}
,{"stream_name":"stdout","time":2150.705336111,"data":"SECONDARY_EDGE_TTA_ACTIVE views = 8 weight = 0.75 mean_abs_feat_delta = 0.227452\n"}
,{"stream_name":"stdout","time":2150.785928027,"data":"EDGE_TTA_ACTIVE views = 8 mean_abs_feat_delta = 0.300271\n"}
,{"stream_name":"stdout","time":2151.653403947,"data":"SECONDARY_EDGE_TTA_ACTIVE views = 8 weight = 0.75 mean_abs_feat_delta = 0.300271\n"}
,{"stream_name":"stdout","time":2152.049963934,"data":"EDGE_TTA_ACTIVE views = 8 mean_abs_feat_delta = 0.22791\n"}
,{"stream_name":"stdout","time":2152.658140955,"data":"EDGE_TTA_ACTIVE views = 8 mean_abs_feat_delta = 0.315464\n"}
,{"stream_name":"stdout","time":2153.180265936,"data":"SECONDARY_EDGE_TTA_ACTIVE views = 8 weight = 0.75 mean_abs_feat_delta = 0.22791\n"}
,{"stream_name":"stdout","time":2153.530227069,"data":"SECONDARY_EDGE_TTA_ACTIVE views = 8 weight = 0.75 mean_abs_feat_delta = 0.315464\n"}
,{"stream_name":"stdout","time":2154.520671568,"data":"EDGE_TTA_ACTIVE views = 8 mean_abs_feat_delta = 0.227591\n"}
,{"stream_name":"stdout","time":2154.523849232,"data":"EDGE_TTA_ACTIVE views = 8 mean_abs_feat_delta = 0.327948\n"}
,{"stream_name":"stdout","time":2155.396227771,"data":"SECONDARY_EDGE_TTA_ACTIVE views = 8 weight = 0.75 mean_abs_feat_delta = 0.327948\n"}
,{"stream_name":"stdout","time":2155.662131324,"data":"SECONDARY_EDGE_TTA_ACTIVE views = 8 weight = 0.75 mean_abs_feat_delta = 0.227591\n"}
,{"stream_name":"stdout","time":2156.381589535,"data":"EDGE_TTA_ACTIVE views = 8 mean_abs_feat_delta = 0.316605\n"}
,{"stream_name":"stdout","time":2157.023430064,"data":"EDGE_TTA_ACTIVE views = 8 mean_abs_feat_delta = 0.227798\n"}
,{"stream_name":"stdout","time":2157.255347073,"data":"SECONDARY_EDGE_TTA_ACTIVE views = 8 weight = 0.75 mean_abs_feat_delta = 0.316605\n"}
,{"stream_name":"stdout","time":2158.229571151,"data":"SECONDARY_EDGE_TTA_ACTIVE views = 8 weight = 0.75 mean_abs_feat_delta = 0.227798\n"}
,{"stream_name":"stdout","time":2158.242623761,"data":"EDGE_TTA_ACTIVE views = 8 mean_abs_feat_delta = 0.31326\n"}
,{"stream_name":"stdout","time":2159.122003402,"data":"SECONDARY_EDGE_TTA_ACTIVE views = 8 weight = 0.75 mean_abs_feat_delta = 0.31326\n"}
,{"stream_name":"stdout","time":2159.499643041,"data":"EDGE_TTA_ACTIVE views = 8 mean_abs_feat_delta = 0.228343\n"}
,{"stream_name":"stdout","time":2160.143520236,"data":"EDGE_TTA_ACTIVE views = 8 mean_abs_feat_delta = 0.316275\n"}
,{"stream_name":"stdout","time":2160.640610314,"data":"SECONDARY_EDGE_TTA_ACTIVE views = 8 weight = 0.75 mean_abs_feat_delta = 0.228343\n"}
,{"stream_name":"stdout","time":2161.027293115,"data":"SECONDARY_EDGE_TTA_ACTIVE views = 8 weight = 0.75 mean_abs_feat_delta = 0.316275\n"}
,{"stream_name":"stdout","time":2162.019744852,"data":"EDGE_TTA_ACTIVE views = 8 mean_abs_feat_delta = 0.2295\n"}
,{"stream_name":"stdout","time":2162.053665136,"data":"EDGE_TTA_ACTIVE views = 8 mean_abs_feat_delta = 0.317965\n"}
,{"stream_name":"stdout","time":2162.950642186,"data":"SECONDARY_EDGE_TTA_ACTIVE views = 8 weight = 0.75 mean_abs_feat_delta = 0.317965\n"}
,{"stream_name":"stdout","time":2163.190503224,"data":"SECONDARY_EDGE_TTA_ACTIVE views = 8 weight = 0.75 mean_abs_feat_delta = 0.2295\n"}
,{"stream_name":"stdout","time":2163.957702146,"data":"EDGE_TTA_ACTIVE views = 8 mean_abs_feat_delta = 0.315392\n"}
,{"stream_name":"stdout","time":2164.572272301,"data":"EDGE_TTA_ACTIVE views = 8 mean_abs_feat_delta = 0.229923\n"}
,{"stream_name":"stdout","time":2164.846362325,"data":"SECONDARY_EDGE_TTA_ACTIVE views = 8 weight = 0.75 mean_abs_feat_delta = 0.315392\n"}
,{"stream_name":"stdout","time":2165.745770955,"data":"SECONDARY_EDGE_TTA_ACTIVE views = 8 weight = 0.75 mean_abs_feat_delta = 0.229923\n"}
,{"stream_name":"stdout","time":2165.850306593,"data":"EDGE_TTA_ACTIVE views = 8 mean_abs_feat_delta = 0.315524\n"}
,{"stream_name":"stdout","time":2166.739959656,"data":"SECONDARY_EDGE_TTA_ACTIVE views = 8 weight = 0.75 mean_abs_feat_delta = 0.315524\n"}
,{"stream_name":"stdout","time":2167.145440777,"data":"EDGE_TTA_ACTIVE views = 8 mean_abs_feat_delta = 0.22982\n"}
,{"stream_name":"stdout","time":2167.757012888,"data":"EDGE_TTA_ACTIVE views = 8 mean_abs_feat_delta = 0.31467\n"}
,{"stream_name":"stdout","time":2168.335822883,"data":"SECONDARY_EDGE_TTA_ACTIVE views = 8 weight = 0.75 mean_abs_feat_delta = 0.22982\n"}
,{"stream_name":"stdout","time":2168.650112988,"data":"SECONDARY_EDGE_TTA_ACTIVE views = 8 weight = 0.75 mean_abs_feat_delta = 0.31467\n"}
,{"stream_name":"stdout","time":2169.709455228,"data":"EDGE_TTA_ACTIVE views = 8 mean_abs_feat_delta = 0.229734\n"}
,{"stream_name":"stdout","time":2169.725023581,"data":"EDGE_TTA_ACTIVE views = 8 mean_abs_feat_delta = 0.317178\n"}
,{"stream_name":"stdout","time":2170.618708137,"data":"SECONDARY_EDGE_TTA_ACTIVE views = 8 weight = 0.75 mean_abs_feat_delta = 0.317178\n"}
,{"stream_name":"stdout","time":2170.891190962,"data":"SECONDARY_EDGE_TTA_ACTIVE views = 8 weight = 0.75 mean_abs_feat_delta = 0.229734\n"}
,{"stream_name":"stdout","time":2171.668817629,"data":"EDGE_TTA_ACTIVE views = 8 mean_abs_feat_delta = 0.322005\n"}
,{"stream_name":"stdout","time":2172.341774881,"data":"EDGE_TTA_ACTIVE views = 8 mean_abs_feat_delta = 0.229495\n"}
,{"stream_name":"stdout","time":2172.561734965,"data":"SECONDARY_EDGE_TTA_ACTIVE views = 8 weight = 0.75 mean_abs_feat_delta = 0.322005\n"}
,{"stream_name":"stdout","time":2173.508437582,"data":"SECONDARY_EDGE_TTA_ACTIVE views = 8 weight = 0.75 mean_abs_feat_delta = 0.229495\n"}
,{"stream_name":"stdout","time":2173.585163251,"data":"EDGE_TTA_ACTIVE views = 8 mean_abs_feat_delta = 0.325348\n"}
,{"stream_name":"stdout","time":2174.482965769,"data":"SECONDARY_EDGE_TTA_ACTIVE views = 8 weight = 0.75 mean_abs_feat_delta = 0.325348\n"}
,{"stream_name":"stdout","time":2174.879419153,"data":"EDGE_TTA_ACTIVE views = 8 mean_abs_feat_delta = 0.23027\n"}
,{"stream_name":"stdout","time":2175.537158239,"data":"EDGE_TTA_ACTIVE views = 8 mean_abs_feat_delta = 0.332258\n"}
,{"stream_name":"stdout","time":2176.028564476,"data":"SECONDARY_EDGE_TTA_ACTIVE views = 8 weight = 0.75 mean_abs_feat_delta = 0.23027\n"}
,{"stream_name":"stdout","time":2176.435155014,"data":"SECONDARY_EDGE_TTA_ACTIVE views = 8 weight = 0.75 mean_abs_feat_delta = 0.332258\n"}
,{"stream_name":"stdout","time":2177.377983531,"data":"EDGE_TTA_ACTIVE views = 8 mean_abs_feat_delta = 0.230877\n"}
,{"stream_name":"stdout","time":2177.456229949,"data":"EDGE_TTA_ACTIVE views = 8 mean_abs_feat_delta = 0.335896\n"}
,{"stream_name":"stdout","time":2178.354113101,"data":"SECONDARY_EDGE_TTA_ACTIVE views = 8 weight = 0.75 mean_abs_feat_delta = 0.335896\n"}
,{"stream_name":"stdout","time":2178.528305801,"data":"SECONDARY_EDGE_TTA_ACTIVE views = 8 weight = 0.75 mean_abs_feat_delta = 0.230877\n"}
,{"stream_name":"stdout","time":2179.381554474,"data":"EDGE_TTA_ACTIVE views = 8 mean_abs_feat_delta = 0.337102\n"}
,{"stream_name":"stdout","time":2179.904082832,"data":"EDGE_TTA_ACTIVE views = 8 mean_abs_feat_delta = 0.231101\n"}
,{"stream_name":"stdout","time":2180.282857543,"data":"SECONDARY_EDGE_TTA_ACTIVE views = 8 weight = 0.75 mean_abs_feat_delta = 0.337102\n"}
,{"stream_name":"stdout","time":2181.037272295,"data":"SECONDARY_EDGE_TTA_ACTIVE views = 8 weight = 0.75 mean_abs_feat_delta = 0.231101\n"}
,{"stream_name":"stdout","time":2181.317277684,"data":"EDGE_TTA_ACTIVE views = 8 mean_abs_feat_delta = 0.335725\n"}
,{"stream_name":"stdout","time":2182.210748048,"data":"SECONDARY_EDGE_TTA_ACTIVE views = 8 weight = 0.75 mean_abs_feat_delta = 0.335725\n"}
,{"stream_name":"stdout","time":2182.391871844,"data":"EDGE_TTA_ACTIVE views = 8 mean_abs_feat_delta = 0.230968\n"}
,{"stream_name":"stdout","time":2183.259572658,"data":"EDGE_TTA_ACTIVE views = 8 mean_abs_feat_delta = 0.328959\n"}
,{"stream_name":"stdout","time":2183.514253659,"data":"SECONDARY_EDGE_TTA_ACTIVE views = 8 weight = 0.75 mean_abs_feat_delta = 0.230968\n"}
,{"stream_name":"stdout","time":2184.157755449,"data":"SECONDARY_EDGE_TTA_ACTIVE views = 8 weight = 0.75 mean_abs_feat_delta = 0.328959\n"}
,{"stream_name":"stdout","time":2184.824012445,"data":"EDGE_TTA_ACTIVE views = 8 mean_abs_feat_delta = 0.231114\n"}
,{"stream_name":"stdout","time":2185.209715427,"data":"EDGE_TTA_ACTIVE views = 8 mean_abs_feat_delta = 0.324766\n"}
,{"stream_name":"stdout","time":2185.938773285,"data":"SECONDARY_EDGE_TTA_ACTIVE views = 8 weight = 0.75 mean_abs_feat_delta = 0.231114\n"}
,{"stream_name":"stdout","time":2186.108299676,"data":"SECONDARY_EDGE_TTA_ACTIVE views = 8 weight = 0.75 mean_abs_feat_delta = 0.324766\n"}
,{"stream_name":"stdout","time":2187.139273346,"data":"EDGE_TTA_ACTIVE views = 8 mean_abs_feat_delta = 0.329823\n"}
,{"stream_name":"stdout","time":2187.247775089,"data":"EDGE_TTA_ACTIVE views = 8 mean_abs_feat_delta = 0.231969\n"}
,{"stream_name":"stdout","time":2188.042858921,"data":"SECONDARY_EDGE_TTA_ACTIVE views = 8 weight = 0.75 mean_abs_feat_delta = 0.329823\n"}
,{"stream_name":"stdout","time":2188.427473385,"data":"SECONDARY_EDGE_TTA_ACTIVE views = 8 weight = 0.75 mean_abs_feat_delta = 0.231969\n"}
,{"stream_name":"stdout","time":2189.096595628,"data":"EDGE_TTA_ACTIVE views = 8 mean_abs_feat_delta = 0.31877\n"}
,{"stream_name":"stdout","time":2189.653677475,"data":"EDGE_TTA_ACTIVE views = 8 mean_abs_feat_delta = 0.231236\n"}
,{"stream_name":"stdout","time":2189.995451493,"data":"SECONDARY_EDGE_TTA_ACTIVE views = 8 weight = 0.75 mean_abs_feat_delta = 0.31877\n"}
,{"stream_name":"stdout","time":2190.745959013,"data":"SECONDARY_EDGE_TTA_ACTIVE views = 8 weight = 0.75 mean_abs_feat_delta = 0.231236\n"}
,{"stream_name":"stdout","time":2191.046321693,"data":"EDGE_TTA_ACTIVE views = 8 mean_abs_feat_delta = 0.321398\n"}
,{"stream_name":"stdout","time":2191.945505798,"data":"SECONDARY_EDGE_TTA_ACTIVE views = 8 weight = 0.75 mean_abs_feat_delta = 0.321398\n"}
,{"stream_name":"stdout","time":2192.086822097,"data":"EDGE_TTA_ACTIVE views = 8 mean_abs_feat_delta = 0.230867\n"}
,{"stream_name":"stdout","time":2193.039396563,"data":"EDGE_TTA_ACTIVE views = 8 mean_abs_feat_delta = 0.325608\n"}
,{"stream_name":"stdout","time":2193.171966589,"data":"SECONDARY_EDGE_TTA_ACTIVE views = 8 weight = 0.75 mean_abs_feat_delta = 0.230867\n"}
,{"stream_name":"stdout","time":2193.942906687,"data":"SECONDARY_EDGE_TTA_ACTIVE views = 8 weight = 0.75 mean_abs_feat_delta = 0.325608\n"}
,{"stream_name":"stdout","time":2194.465964705,"data":"EDGE_TTA_ACTIVE views = 8 mean_abs_feat_delta = 0.231926\n"}
,{"stream_name":"stdout","time":2194.987485087,"data":"EDGE_TTA_ACTIVE views = 8 mean_abs_feat_delta = 0.344306\n"}
,{"stream_name":"stdout","time":2195.546165223,"data":"SECONDARY_EDGE_TTA_ACTIVE views = 8 weight = 0.75 mean_abs_feat_delta = 0.231926\n"}
,{"stream_name":"stdout","time":2195.892008039,"data":"SECONDARY_EDGE_TTA_ACTIVE views = 8 weight = 0.75 mean_abs_feat_delta = 0.344306\n"}
,{"stream_name":"stdout","time":2196.83634635,"data":"EDGE_TTA_ACTIVE views = 8 mean_abs_feat_delta = 0.233103\n"}
,{"stream_name":"stdout","time":2196.926912221,"data":"EDGE_TTA_ACTIVE views = 8 mean_abs_feat_delta = 0.350311\n"}
,{"stream_name":"stdout","time":2197.832793749,"data":"SECONDARY_EDGE_TTA_ACTIVE views = 8 weight = 0.75 mean_abs_feat_delta = 0.350311\n"}
,{"stream_name":"stdout","time":2197.915027219,"data":"SECONDARY_EDGE_TTA_ACTIVE views = 8 weight = 0.75 mean_abs_feat_delta = 0.233103\n"}
,{"stream_name":"stdout","time":2198.879461621,"data":"EDGE_TTA_ACTIVE views = 8 mean_abs_feat_delta = 0.351664\n"}
,{"stream_name":"stdout","time":2199.241350728,"data":"EDGE_TTA_ACTIVE views = 8 mean_abs_feat_delta = 0.233572\n"}
,{"stream_name":"stdout","time":2199.785524341,"data":"SECONDARY_EDGE_TTA_ACTIVE views = 8 weight = 0.75 mean_abs_feat_delta = 0.351664\n"}
,{"stream_name":"stdout","time":2200.316520552,"data":"SECONDARY_EDGE_TTA_ACTIVE views = 8 weight = 0.75 mean_abs_feat_delta = 0.233572\n"}
,{"stream_name":"stdout","time":2200.838610461,"data":"EDGE_TTA_ACTIVE views = 8 mean_abs_feat_delta = 0.349459\n"}
,{"stream_name":"stdout","time":2201.614976645,"data":"EDGE_TTA_ACTIVE views = 8 mean_abs_feat_delta = 0.233998\n"}
,{"stream_name":"stdout","time":2201.746617377,"data":"SECONDARY_EDGE_TTA_ACTIVE views = 8 weight = 0.75 mean_abs_feat_delta = 0.349459\n"}
,{"stream_name":"stdout","time":2202.684109495,"data":"SECONDARY_EDGE_TTA_ACTIVE views = 8 weight = 0.75 mean_abs_feat_delta = 0.233998\n"}
,{"stream_name":"stdout","time":2202.8219511,"data":"EDGE_TTA_ACTIVE views = 8 mean_abs_feat_delta = 0.337395\n"}
,{"stream_name":"stdout","time":2203.731636086,"data":"SECONDARY_EDGE_TTA_ACTIVE views = 8 weight = 0.75 mean_abs_feat_delta = 0.337395\n"}
,{"stream_name":"stdout","time":2203.972878361,"data":"EDGE_TTA_ACTIVE views = 8 mean_abs_feat_delta = 0.234883\n"}
,{"stream_name":"stdout","time":2204.768109739,"data":"EDGE_TTA_ACTIVE views = 8 mean_abs_feat_delta = 0.335844\n"}
,{"stream_name":"stdout","time":2205.045291313,"data":"SECONDARY_EDGE_TTA_ACTIVE views = 8 weight = 0.75 mean_abs_feat_delta = 0.234883\n"}
,{"stream_name":"stdout","time":2205.67631475,"data":"SECONDARY_EDGE_TTA_ACTIVE views = 8 weight = 0.75 mean_abs_feat_delta = 0.335844\n"}
,{"stream_name":"stdout","time":2206.327628448,"data":"EDGE_TTA_ACTIVE views = 8 mean_abs_feat_delta = 0.232498\n"}
,{"stream_name":"stdout","time":2206.7139318,"data":"EDGE_TTA_ACTIVE views = 8 mean_abs_feat_delta = 0.32199\n"}
,{"stream_name":"stdout","time":2207.397421323,"data":"SECONDARY_EDGE_TTA_ACTIVE views = 8 weight = 0.75 mean_abs_feat_delta = 0.232498\n"}
,{"stream_name":"stdout","time":2207.624807321,"data":"SECONDARY_EDGE_TTA_ACTIVE views = 8 weight = 0.75 mean_abs_feat_delta = 0.32199\n"}
,{"stream_name":"stdout","time":2208.660512396,"data":"EDGE_TTA_ACTIVE views = 8 mean_abs_feat_delta = 0.342596\n"}
,{"stream_name":"stdout","time":2208.679280412,"data":"EDGE_TTA_ACTIVE views = 8 mean_abs_feat_delta = 0.231113\n"}
,{"stream_name":"stdout","time":2209.574937137,"data":"SECONDARY_EDGE_TTA_ACTIVE views = 8 weight = 0.75 mean_abs_feat_delta = 0.342596\n"}
,{"stream_name":"stdout","time":2209.748007806,"data":"SECONDARY_EDGE_TTA_ACTIVE views = 8 weight = 0.75 mean_abs_feat_delta = 0.231113\n"}
,{"stream_name":"stdout","time":2210.673901513,"data":"EDGE_TTA_ACTIVE views = 8 mean_abs_feat_delta = 0.34001\n"}
,{"stream_name":"stdout","time":2211.032137371,"data":"EDGE_TTA_ACTIVE views = 8 mean_abs_feat_delta = 0.232231\n"}
,{"stream_name":"stdout","time":2211.60304786,"data":"SECONDARY_EDGE_TTA_ACTIVE views = 8 weight = 0.75 mean_abs_feat_delta = 0.34001\n"}
,{"stream_name":"stdout","time":2212.098750512,"data":"SECONDARY_EDGE_TTA_ACTIVE views = 8 weight = 0.75 mean_abs_feat_delta = 0.232231\n"}
,{"stream_name":"stdout","time":2212.692169552,"data":"EDGE_TTA_ACTIVE views = 8 mean_abs_feat_delta = 0.32831\n"}
,{"stream_name":"stdout","time":2213.424424056,"data":"EDGE_TTA_ACTIVE views = 8 mean_abs_feat_delta = 0.233267\n"}
,{"stream_name":"stdout","time":2213.606430747,"data":"SECONDARY_EDGE_TTA_ACTIVE views = 8 weight = 0.75 mean_abs_feat_delta = 0.32831\n"}
,{"stream_name":"stdout","time":2214.490520943,"data":"SECONDARY_EDGE_TTA_ACTIVE views = 8 weight = 0.75 mean_abs_feat_delta = 0.233267\n"}
,{"stream_name":"stdout","time":2214.653232856,"data":"EDGE_TTA_ACTIVE views = 8 mean_abs_feat_delta = 0.315246\n"}
,{"stream_name":"stdout","time":2215.57132529,"data":"SECONDARY_EDGE_TTA_ACTIVE views = 8 weight = 0.75 mean_abs_feat_delta = 0.315246\n"}
,{"stream_name":"stdout","time":2215.857614087,"data":"EDGE_TTA_ACTIVE views = 8 mean_abs_feat_delta = 0.235268\n"}
,{"stream_name":"stdout","time":2216.60811579,"data":"EDGE_TTA_ACTIVE views = 8 mean_abs_feat_delta = 0.320845\n"}
,{"stream_name":"stdout","time":2216.931024069,"data":"SECONDARY_EDGE_TTA_ACTIVE views = 8 weight = 0.75 mean_abs_feat_delta = 0.235268\n"}
,{"stream_name":"stdout","time":2217.52547308,"data":"SECONDARY_EDGE_TTA_ACTIVE views = 8 weight = 0.75 mean_abs_feat_delta = 0.320845\n"}
,{"stream_name":"stdout","time":2218.261780911,"data":"EDGE_TTA_ACTIVE views = 8 mean_abs_feat_delta = 0.235009\n"}
,{"stream_name":"stdout","time":2218.647347017,"data":"EDGE_TTA_ACTIVE views = 8 mean_abs_feat_delta = 0.31781\n"}
,{"stream_name":"stdout","time":2219.328526986,"data":"SECONDARY_EDGE_TTA_ACTIVE views = 8 weight = 0.75 mean_abs_feat_delta = 0.235009\n"}
,{"stream_name":"stdout","time":2219.488165073,"data":"SECONDARY_EDGE_TTA_ACTIVE views = 8 weight = 0.75 mean_abs_feat_delta = 0.31781\n"}
,{"stream_name":"stdout","time":2220.526525011,"data":"EDGE_TTA_ACTIVE views = 8 mean_abs_feat_delta = 0.308689\n"}
,{"stream_name":"stdout","time":2220.624765335,"data":"EDGE_TTA_ACTIVE views = 8 mean_abs_feat_delta = 0.234026\n"}
,{"stream_name":"stdout","time":2221.439027098,"data":"SECONDARY_EDGE_TTA_ACTIVE views = 8 weight = 0.75 mean_abs_feat_delta = 0.308689\n"}
,{"stream_name":"stdout","time":2221.695840069,"data":"SECONDARY_EDGE_TTA_ACTIVE views = 8 weight = 0.75 mean_abs_feat_delta = 0.234026\n"}
,{"stream_name":"stdout","time":2222.500661728,"data":"EDGE_TTA_ACTIVE views = 8 mean_abs_feat_delta = 0.31108\n"}
,{"stream_name":"stdout","time":2222.98169079,"data":"EDGE_TTA_ACTIVE views = 8 mean_abs_feat_delta = 0.233954\n"}
,{"stream_name":"stdout","time":2223.421494387,"data":"SECONDARY_EDGE_TTA_ACTIVE views = 8 weight = 0.75 mean_abs_feat_delta = 0.31108\n"}
,{"stream_name":"stdout","time":2224.058183209,"data":"SECONDARY_EDGE_TTA_ACTIVE views = 8 weight = 0.75 mean_abs_feat_delta = 0.233954\n"}
,{"stream_name":"stdout","time":2224.465697308,"data":"EDGE_TTA_ACTIVE views = 8 mean_abs_feat_delta = 0.312732\n"}
,{"stream_name":"stdout","time":2225.388665065,"data":"SECONDARY_EDGE_TTA_ACTIVE views = 8 weight = 0.75 mean_abs_feat_delta = 0.312732\n"}
,{"stream_name":"stdout","time":2225.416484709,"data":"EDGE_TTA_ACTIVE views = 8 mean_abs_feat_delta = 0.233432\n"}
,{"stream_name":"stdout","time":2226.434177873,"data":"EDGE_TTA_ACTIVE views = 8 mean_abs_feat_delta = 0.318602\n"}
,{"stream_name":"stdout","time":2226.499420931,"data":"SECONDARY_EDGE_TTA_ACTIVE views = 8 weight = 0.75 mean_abs_feat_delta = 0.233432\n"}
,{"stream_name":"stdout","time":2227.359806801,"data":"SECONDARY_EDGE_TTA_ACTIVE views = 8 weight = 0.75 mean_abs_feat_delta = 0.318602\n"}
,{"stream_name":"stdout","time":2227.822327227,"data":"EDGE_TTA_ACTIVE views = 8 mean_abs_feat_delta = 0.234651\n"}
,{"stream_name":"stdout","time":2228.445417378,"data":"EDGE_TTA_ACTIVE views = 8 mean_abs_feat_delta = 0.324291\n"}
,{"stream_name":"stdout","time":2228.902943519,"data":"SECONDARY_EDGE_TTA_ACTIVE views = 8 weight = 0.75 mean_abs_feat_delta = 0.234651\n"}
,{"stream_name":"stdout","time":2229.371889921,"data":"SECONDARY_EDGE_TTA_ACTIVE views = 8 weight = 0.75 mean_abs_feat_delta = 0.324291\n"}
,{"stream_name":"stdout","time":2230.21680179,"data":"EDGE_TTA_ACTIVE views = 8 mean_abs_feat_delta = 0.235918\n"}
,{"stream_name":"stdout","time":2230.434693637,"data":"EDGE_TTA_ACTIVE views = 8 mean_abs_feat_delta = 0.322626\n"}
,{"stream_name":"stdout","time":2231.304514145,"data":"SECONDARY_EDGE_TTA_ACTIVE views = 8 weight = 0.75 mean_abs_feat_delta = 0.235918\n"}
,{"stream_name":"stdout","time":2231.367741621,"data":"SECONDARY_EDGE_TTA_ACTIVE views = 8 weight = 0.75 mean_abs_feat_delta = 0.322626\n"}
,{"stream_name":"stdout","time":2232.442847828,"data":"EDGE_TTA_ACTIVE views = 8 mean_abs_feat_delta = 0.320388\n"}
,{"stream_name":"stdout","time":2232.640345205,"data":"EDGE_TTA_ACTIVE views = 8 mean_abs_feat_delta = 0.238352\n"}
,{"stream_name":"stdout","time":2233.379383649,"data":"SECONDARY_EDGE_TTA_ACTIVE views = 8 weight = 0.75 mean_abs_feat_delta = 0.320388\n"}
,{"stream_name":"stdout","time":2233.736079382,"data":"SECONDARY_EDGE_TTA_ACTIVE views = 8 weight = 0.75 mean_abs_feat_delta = 0.238352\n"}
,{"stream_name":"stdout","time":2234.452873677,"data":"EDGE_TTA_ACTIVE views = 8 mean_abs_feat_delta = 0.310356\n"}
,{"stream_name":"stdout","time":2235.099981371,"data":"EDGE_TTA_ACTIVE views = 8 mean_abs_feat_delta = 0.240252\n"}
,{"stream_name":"stdout","time":2235.388876546,"data":"SECONDARY_EDGE_TTA_ACTIVE views = 8 weight = 0.75 mean_abs_feat_delta = 0.310356\n"}
,{"stream_name":"stdout","time":2236.201669501,"data":"SECONDARY_EDGE_TTA_ACTIVE views = 8 weight = 0.75 mean_abs_feat_delta = 0.240252\n"}
,{"stream_name":"stdout","time":2236.470120615,"data":"EDGE_TTA_ACTIVE views = 8 mean_abs_feat_delta = 0.296415\n"}
,{"stream_name":"stdout","time":2237.410253327,"data":"SECONDARY_EDGE_TTA_ACTIVE views = 8 weight = 0.75 mean_abs_feat_delta = 0.296415\n"}
,{"stream_name":"stdout","time":2237.575710748,"data":"EDGE_TTA_ACTIVE views = 8 mean_abs_feat_delta = 0.240553\n"}
,{"stream_name":"stdout","time":2238.494907722,"data":"EDGE_TTA_ACTIVE views = 8 mean_abs_feat_delta = 0.297439\n"}
,{"stream_name":"stdout","time":2238.690411925,"data":"SECONDARY_EDGE_TTA_ACTIVE views = 8 weight = 0.75 mean_abs_feat_delta = 0.240553\n"}
,{"stream_name":"stdout","time":2239.436122253,"data":"SECONDARY_EDGE_TTA_ACTIVE views = 8 weight = 0.75 mean_abs_feat_delta = 0.297439\n"}
,{"stream_name":"stdout","time":2240.049751465,"data":"EDGE_TTA_ACTIVE views = 8 mean_abs_feat_delta = 0.24128\n"}
,{"stream_name":"stdout","time":2240.52746371,"data":"EDGE_TTA_ACTIVE views = 8 mean_abs_feat_delta = 0.295275\n"}
,{"stream_name":"stdout","time":2241.166863965,"data":"SECONDARY_EDGE_TTA_ACTIVE views = 8 weight = 0.75 mean_abs_feat_delta = 0.24128\n"}
,{"stream_name":"stdout","time":2241.476304054,"data":"SECONDARY_EDGE_TTA_ACTIVE views = 8 weight = 0.75 mean_abs_feat_delta = 0.295275\n"}
,{"stream_name":"stdout","time":2242.522061021,"data":"EDGE_TTA_ACTIVE views = 8 mean_abs_feat_delta = 0.242378\n"}
,{"stream_name":"stdout","time":2242.550281466,"data":"EDGE_TTA_ACTIVE views = 8 mean_abs_feat_delta = 0.292615\n"}
,{"stream_name":"stdout","time":2243.501122376,"data":"SECONDARY_EDGE_TTA_ACTIVE views = 8 weight = 0.75 mean_abs_feat_delta = 0.292615\n"}
,{"stream_name":"stdout","time":2243.641498945,"data":"SECONDARY_EDGE_TTA_ACTIVE views = 8 weight = 0.75 mean_abs_feat_delta = 0.242378\n"}
,{"stream_name":"stdout","time":2244.601471336,"data":"EDGE_TTA_ACTIVE views = 8 mean_abs_feat_delta = 0.299955\n"}
,{"stream_name":"stdout","time":2245.016467866,"data":"EDGE_TTA_ACTIVE views = 8 mean_abs_feat_delta = 0.242413\n"}
,{"stream_name":"stdout","time":2245.553376021,"data":"SECONDARY_EDGE_TTA_ACTIVE views = 8 weight = 0.75 mean_abs_feat_delta = 0.299955\n"}
,{"stream_name":"stdout","time":2246.150239376,"data":"SECONDARY_EDGE_TTA_ACTIVE views = 8 weight = 0.75 mean_abs_feat_delta = 0.242413\n"}
,{"stream_name":"stdout","time":2246.637481117,"data":"EDGE_TTA_ACTIVE views = 8 mean_abs_feat_delta = 0.305642\n"}
,{"stream_name":"stdout","time":2247.534928643,"data":"EDGE_TTA_ACTIVE views = 8 mean_abs_feat_delta = 0.242133\n"}
,{"stream_name":"stdout","time":2247.614736152,"data":"SECONDARY_EDGE_TTA_ACTIVE views = 8 weight = 0.75 mean_abs_feat_delta = 0.305642\n"}
,{"stream_name":"stdout","time":2248.7501048,"data":"SECONDARY_EDGE_TTA_ACTIVE views = 8 weight = 0.75 mean_abs_feat_delta = 0.242133\n"}
,{"stream_name":"stdout","time":2248.751289028,"data":"EDGE_TTA_ACTIVE views = 8 mean_abs_feat_delta = 0.304117\n"}
,{"stream_name":"stdout","time":2249.674918428,"data":"SECONDARY_EDGE_TTA_ACTIVE views = 8 weight = 0.75 mean_abs_feat_delta = 0.304117\n"}
,{"stream_name":"stdout","time":2250.068331626,"data":"EDGE_TTA_ACTIVE views = 8 mean_abs_feat_delta = 0.244105\n"}
,{"stream_name":"stdout","time":2250.787422325,"data":"EDGE_TTA_ACTIVE views = 8 mean_abs_feat_delta = 0.297561\n"}
,{"stream_name":"stdout","time":2251.204413139,"data":"SECONDARY_EDGE_TTA_ACTIVE views = 8 weight = 0.75 mean_abs_feat_delta = 0.244105\n"}
,{"stream_name":"stdout","time":2251.739677205,"data":"SECONDARY_EDGE_TTA_ACTIVE views = 8 weight = 0.75 mean_abs_feat_delta = 0.297561\n"}
,{"stream_name":"stdout","time":2252.581120976,"data":"EDGE_TTA_ACTIVE views = 8 mean_abs_feat_delta = 0.246398\n"}
,{"stream_name":"stdout","time":2252.837019286,"data":"EDGE_TTA_ACTIVE views = 8 mean_abs_feat_delta = 0.285135\n"}
,{"stream_name":"stdout","time":2253.71783031,"data":"SECONDARY_EDGE_TTA_ACTIVE views = 8 weight = 0.75 mean_abs_feat_delta = 0.246398\n"}
,{"stream_name":"stdout","time":2253.793567578,"data":"SECONDARY_EDGE_TTA_ACTIVE views = 8 weight = 0.75 mean_abs_feat_delta = 0.285135\n"}
,{"stream_name":"stdout","time":2254.891694773,"data":"EDGE_TTA_ACTIVE views = 8 mean_abs_feat_delta = 0.281938\n"}
,{"stream_name":"stdout","time":2255.134730836,"data":"EDGE_TTA_ACTIVE views = 8 mean_abs_feat_delta = 0.245409\n"}
,{"stream_name":"stdout","time":2255.846707751,"data":"SECONDARY_EDGE_TTA_ACTIVE views = 8 weight = 0.75 mean_abs_feat_delta = 0.281938\n"}
,{"stream_name":"stdout","time":2256.269413909,"data":"SECONDARY_EDGE_TTA_ACTIVE views = 8 weight = 0.75 mean_abs_feat_delta = 0.245409\n"}
,{"stream_name":"stdout","time":2256.967665993,"data":"EDGE_TTA_ACTIVE views = 8 mean_abs_feat_delta = 0.284578\n"}
,{"stream_name":"stdout","time":2257.666648279,"data":"EDGE_TTA_ACTIVE views = 8 mean_abs_feat_delta = 0.244779\n"}
,{"stream_name":"stdout","time":2257.923731349,"data":"SECONDARY_EDGE_TTA_ACTIVE views = 8 weight = 0.75 mean_abs_feat_delta = 0.284578\n"}
,{"stream_name":"stdout","time":2258.794956342,"data":"SECONDARY_EDGE_TTA_ACTIVE views = 8 weight = 0.75 mean_abs_feat_delta = 0.244779\n"}
,{"stream_name":"stdout","time":2259.019263654,"data":"EDGE_TTA_ACTIVE views = 8 mean_abs_feat_delta = 0.284808\n"}
,{"stream_name":"stdout","time":2259.974851811,"data":"SECONDARY_EDGE_TTA_ACTIVE views = 8 weight = 0.75 mean_abs_feat_delta = 0.284808\n"}
,{"stream_name":"stdout","time":2260.194368856,"data":"EDGE_TTA_ACTIVE views = 8 mean_abs_feat_delta = 0.244977\n"}
,{"stream_name":"stdout","time":2261.087141023,"data":"EDGE_TTA_ACTIVE views = 8 mean_abs_feat_delta = 0.287925\n"}
,{"stream_name":"stdout","time":2261.312790848,"data":"SECONDARY_EDGE_TTA_ACTIVE views = 8 weight = 0.75 mean_abs_feat_delta = 0.244977\n"}
,{"stream_name":"stdout","time":2262.038608811,"data":"SECONDARY_EDGE_TTA_ACTIVE views = 8 weight = 0.75 mean_abs_feat_delta = 0.287925\n"}
,{"stream_name":"stdout","time":2262.6823048,"data":"EDGE_TTA_ACTIVE views = 8 mean_abs_feat_delta = 0.24248\n"}
,{"stream_name":"stdout","time":2263.148675719,"data":"EDGE_TTA_ACTIVE views = 8 mean_abs_feat_delta = 0.294735\n"}
,{"stream_name":"stdout","time":2263.792290555,"data":"SECONDARY_EDGE_TTA_ACTIVE views = 8 weight = 0.75 mean_abs_feat_delta = 0.24248\n"}
,{"stream_name":"stdout","time":2264.101329183,"data":"SECONDARY_EDGE_TTA_ACTIVE views = 8 weight = 0.75 mean_abs_feat_delta = 0.294735\n"}
,{"stream_name":"stdout","time":2265.165245665,"data":"EDGE_TTA_ACTIVE views = 8 mean_abs_feat_delta = 0.289521\n"}
,{"stream_name":"stdout","time":2265.168433808,"data":"EDGE_TTA_ACTIVE views = 8 mean_abs_feat_delta = 0.240589\n"}
,{"stream_name":"stdout","time":2266.121707296,"data":"SECONDARY_EDGE_TTA_ACTIVE views = 8 weight = 0.75 mean_abs_feat_delta = 0.289521\n"}
,{"stream_name":"stdout","time":2266.279309993,"data":"SECONDARY_EDGE_TTA_ACTIVE views = 8 weight = 0.75 mean_abs_feat_delta = 0.240589\n"}
,{"stream_name":"stdout","time":2267.202353867,"data":"EDGE_TTA_ACTIVE views = 8 mean_abs_feat_delta = 0.287986\n"}
,{"stream_name":"stdout","time":2267.644466082,"data":"EDGE_TTA_ACTIVE views = 8 mean_abs_feat_delta = 0.242408\n"}
,{"stream_name":"stdout","time":2268.154642951,"data":"SECONDARY_EDGE_TTA_ACTIVE views = 8 weight = 0.75 mean_abs_feat_delta = 0.287986\n"}
,{"stream_name":"stdout","time":2268.75035013,"data":"SECONDARY_EDGE_TTA_ACTIVE views = 8 weight = 0.75 mean_abs_feat_delta = 0.242408\n"}
,{"stream_name":"stdout","time":2269.234835556,"data":"EDGE_TTA_ACTIVE views = 8 mean_abs_feat_delta = 0.266487\n"}
,{"stream_name":"stdout","time":2270.125790594,"data":"EDGE_TTA_ACTIVE views = 8 mean_abs_feat_delta = 0.242004\n"}
,{"stream_name":"stdout","time":2270.184934774,"data":"SECONDARY_EDGE_TTA_ACTIVE views = 8 weight = 0.75 mean_abs_feat_delta = 0.266487\n"}
,{"stream_name":"stdout","time":2271.226542048,"data":"SECONDARY_EDGE_TTA_ACTIVE views = 8 weight = 0.75 mean_abs_feat_delta = 0.242004\n"}
,{"stream_name":"stdout","time":2271.259435828,"data":"EDGE_TTA_ACTIVE views = 8 mean_abs_feat_delta = 0.26616\n"}
,{"stream_name":"stdout","time":2272.214743414,"data":"SECONDARY_EDGE_TTA_ACTIVE views = 8 weight = 0.75 mean_abs_feat_delta = 0.26616\n"}
,{"stream_name":"stdout","time":2272.5786885,"data":"EDGE_TTA_ACTIVE views = 8 mean_abs_feat_delta = 0.242002\n"}
,{"stream_name":"stdout","time":2273.289007189,"data":"EDGE_TTA_ACTIVE views = 8 mean_abs_feat_delta = 0.278394\n"}
,{"stream_name":"stdout","time":2273.675744324,"data":"SECONDARY_EDGE_TTA_ACTIVE views = 8 weight = 0.75 mean_abs_feat_delta = 0.242002\n"}
,{"stream_name":"stdout","time":2274.246565782,"data":"SECONDARY_EDGE_TTA_ACTIVE views = 8 weight = 0.75 mean_abs_feat_delta = 0.278394\n"}
,{"stream_name":"stdout","time":2275.065132204,"data":"EDGE_TTA_ACTIVE views = 8 mean_abs_feat_delta = 0.243512\n"}
,{"stream_name":"stdout","time":2275.312818594,"data":"EDGE_TTA_ACTIVE views = 8 mean_abs_feat_delta = 0.283027\n"}
,{"stream_name":"stdout","time":2276.168082563,"data":"SECONDARY_EDGE_TTA_ACTIVE views = 8 weight = 0.75 mean_abs_feat_delta = 0.243512\n"}
,{"stream_name":"stdout","time":2276.268472317,"data":"SECONDARY_EDGE_TTA_ACTIVE views = 8 weight = 0.75 mean_abs_feat_delta = 0.283027\n"}
,{"stream_name":"stdout","time":2277.339935101,"data":"EDGE_TTA_ACTIVE views = 8 mean_abs_feat_delta = 0.251452\n"}
,{"stream_name":"stdout","time":2277.53702639,"data":"EDGE_TTA_ACTIVE views = 8 mean_abs_feat_delta = 0.242485\n"}
,{"stream_name":"stdout","time":2278.296377784,"data":"SECONDARY_EDGE_TTA_ACTIVE views = 8 weight = 0.75 mean_abs_feat_delta = 0.251452\n"}
,{"stream_name":"stdout","time":2278.637040331,"data":"SECONDARY_EDGE_TTA_ACTIVE views = 8 weight = 0.75 mean_abs_feat_delta = 0.242485\n"}
,{"stream_name":"stdout","time":2279.482764429,"data":"EDGE_TTA_ACTIVE views = 8 mean_abs_feat_delta = 0.284952\n"}
,{"stream_name":"stdout","time":2280.002294359,"data":"EDGE_TTA_ACTIVE views = 8 mean_abs_feat_delta = 0.241951\n"}
,{"stream_name":"stdout","time":2280.352222938,"data":"SECONDARY_EDGE_TTA_ACTIVE views = 8 weight = 0.75 mean_abs_feat_delta = 0.284952\n"}
,{"stream_name":"stdout","time":2281.101538741,"data":"SECONDARY_EDGE_TTA_ACTIVE views = 8 weight = 0.75 mean_abs_feat_delta = 0.241951\n"}
,{"stream_name":"stdout","time":2281.426651151,"data":"EDGE_TTA_ACTIVE views = 8 mean_abs_feat_delta = 0.271652\n"}
,{"stream_name":"stdout","time":2282.386385528,"data":"SECONDARY_EDGE_TTA_ACTIVE views = 8 weight = 0.75 mean_abs_feat_delta = 0.271652\n"}
,{"stream_name":"stdout","time":2282.474301142,"data":"EDGE_TTA_ACTIVE views = 8 mean_abs_feat_delta = 0.242669\n"}
,{"stream_name":"stdout","time":2283.454469875,"data":"EDGE_TTA_ACTIVE views = 8 mean_abs_feat_delta = 0.261183\n"}
,{"stream_name":"stdout","time":2283.565497299,"data":"SECONDARY_EDGE_TTA_ACTIVE views = 8 weight = 0.75 mean_abs_feat_delta = 0.242669\n"}
,{"stream_name":"stdout","time":2284.41514172,"data":"SECONDARY_EDGE_TTA_ACTIVE views = 8 weight = 0.75 mean_abs_feat_delta = 0.261183\n"}
,{"stream_name":"stdout","time":2284.937403766,"data":"EDGE_TTA_ACTIVE views = 8 mean_abs_feat_delta = 0.243477\n"}
,{"stream_name":"stdout","time":2285.513926159,"data":"EDGE_TTA_ACTIVE views = 8 mean_abs_feat_delta = 0.27259\n"}
,{"stream_name":"stdout","time":2286.032372571,"data":"SECONDARY_EDGE_TTA_ACTIVE views = 8 weight = 0.75 mean_abs_feat_delta = 0.243477\n"}
,{"stream_name":"stdout","time":2286.473318467,"data":"SECONDARY_EDGE_TTA_ACTIVE views = 8 weight = 0.75 mean_abs_feat_delta = 0.27259\n"}
,{"stream_name":"stdout","time":2287.413773261,"data":"EDGE_TTA_ACTIVE views = 8 mean_abs_feat_delta = 0.245808\n"}
,{"stream_name":"stdout","time":2287.581541838,"data":"EDGE_TTA_ACTIVE views = 8 mean_abs_feat_delta = 0.275591\n"}
,{"stream_name":"stdout","time":2288.509344646,"data":"SECONDARY_EDGE_TTA_ACTIVE views = 8 weight = 0.75 mean_abs_feat_delta = 0.245808\n"}
,{"stream_name":"stdout","time":2288.539498974,"data":"SECONDARY_EDGE_TTA_ACTIVE views = 8 weight = 0.75 mean_abs_feat_delta = 0.275591\n"}
,{"stream_name":"stdout","time":2289.64749334,"data":"EDGE_TTA_ACTIVE views = 8 mean_abs_feat_delta = 0.265887\n"}
,{"stream_name":"stdout","time":2289.889375088,"data":"EDGE_TTA_ACTIVE views = 8 mean_abs_feat_delta = 0.24565\n"}
,{"stream_name":"stdout","time":2290.607009043,"data":"SECONDARY_EDGE_TTA_ACTIVE views = 8 weight = 0.75 mean_abs_feat_delta = 0.265887\n"}
,{"stream_name":"stdout","time":2290.983906573,"data":"SECONDARY_EDGE_TTA_ACTIVE views = 8 weight = 0.75 mean_abs_feat_delta = 0.24565\n"}
,{"stream_name":"stdout","time":2291.701631909,"data":"EDGE_TTA_ACTIVE views = 8 mean_abs_feat_delta = 0.252893\n"}
,{"stream_name":"stdout","time":2292.41809247,"data":"EDGE_TTA_ACTIVE views = 8 mean_abs_feat_delta = 0.245298\n"}
,{"stream_name":"stdout","time":2292.671035231,"data":"SECONDARY_EDGE_TTA_ACTIVE views = 8 weight = 0.75 mean_abs_feat_delta = 0.252893\n"}
,{"stream_name":"stdout","time":2293.510388374,"data":"SECONDARY_EDGE_TTA_ACTIVE views = 8 weight = 0.75 mean_abs_feat_delta = 0.245298\n"}
,{"stream_name":"stdout","time":2293.743707566,"data":"EDGE_TTA_ACTIVE views = 8 mean_abs_feat_delta = 0.256799\n"}
,{"stream_name":"stdout","time":2294.705690087,"data":"SECONDARY_EDGE_TTA_ACTIVE views = 8 weight = 0.75 mean_abs_feat_delta = 0.256799\n"}
,{"stream_name":"stdout","time":2294.874042737,"data":"EDGE_TTA_ACTIVE views = 8 mean_abs_feat_delta = 0.245301\n"}
,{"stream_name":"stdout","time":2295.781325228,"data":"EDGE_TTA_ACTIVE views = 8 mean_abs_feat_delta = 0.257843\n"}
,{"stream_name":"stdout","time":2295.960103656,"data":"SECONDARY_EDGE_TTA_ACTIVE views = 8 weight = 0.75 mean_abs_feat_delta = 0.245301\n"}
,{"stream_name":"stdout","time":2296.745559123,"data":"SECONDARY_EDGE_TTA_ACTIVE views = 8 weight = 0.75 mean_abs_feat_delta = 0.257843\n"}
,{"stream_name":"stdout","time":2297.330671114,"data":"EDGE_TTA_ACTIVE views = 8 mean_abs_feat_delta = 0.244297\n"}
,{"stream_name":"stdout","time":2297.81695126,"data":"EDGE_TTA_ACTIVE views = 8 mean_abs_feat_delta = 0.256374\n"}
,{"stream_name":"stdout","time":2298.419495452,"data":"SECONDARY_EDGE_TTA_ACTIVE views = 8 weight = 0.75 mean_abs_feat_delta = 0.244297\n"}
,{"stream_name":"stdout","time":2298.786239801,"data":"SECONDARY_EDGE_TTA_ACTIVE views = 8 weight = 0.75 mean_abs_feat_delta = 0.256374\n"}
,{"stream_name":"stdout","time":2299.840761709,"data":"EDGE_TTA_ACTIVE views = 8 mean_abs_feat_delta = 0.244111\n"}
,{"stream_name":"stdout","time":2299.920834234,"data":"EDGE_TTA_ACTIVE views = 8 mean_abs_feat_delta = 0.25199\n"}
,{"stream_name":"stdout","time":2300.891678115,"data":"SECONDARY_EDGE_TTA_ACTIVE views = 8 weight = 0.75 mean_abs_feat_delta = 0.25199\n"}
,{"stream_name":"stdout","time":2300.929021999,"data":"SECONDARY_EDGE_TTA_ACTIVE views = 8 weight = 0.75 mean_abs_feat_delta = 0.244111\n"}
,{"stream_name":"stdout","time":2302.008700572,"data":"EDGE_TTA_ACTIVE views = 8 mean_abs_feat_delta = 0.262625\n"}
,{"stream_name":"stdout","time":2302.400479077,"data":"EDGE_TTA_ACTIVE views = 8 mean_abs_feat_delta = 0.245301\n"}
,{"stream_name":"stdout","time":2302.979524129,"data":"SECONDARY_EDGE_TTA_ACTIVE views = 8 weight = 0.75 mean_abs_feat_delta = 0.262625\n"}
,{"stream_name":"stdout","time":2303.489115155,"data":"SECONDARY_EDGE_TTA_ACTIVE views = 8 weight = 0.75 mean_abs_feat_delta = 0.245301\n"}
,{"stream_name":"stdout","time":2304.072623888,"data":"EDGE_TTA_ACTIVE views = 8 mean_abs_feat_delta = 0.255244\n"}
,{"stream_name":"stdout","time":2304.88457116,"data":"EDGE_TTA_ACTIVE views = 8 mean_abs_feat_delta = 0.245169\n"}
,{"stream_name":"stdout","time":2305.044869701,"data":"SECONDARY_EDGE_TTA_ACTIVE views = 8 weight = 0.75 mean_abs_feat_delta = 0.255244\n"}
,{"stream_name":"stdout","time":2305.981144213,"data":"SECONDARY_EDGE_TTA_ACTIVE views = 8 weight = 0.75 mean_abs_feat_delta = 0.245169\n"}
,{"stream_name":"stdout","time":2306.118639382,"data":"EDGE_TTA_ACTIVE views = 8 mean_abs_feat_delta = 0.253418\n"}
,{"stream_name":"stdout","time":2307.091159377,"data":"SECONDARY_EDGE_TTA_ACTIVE views = 8 weight = 0.75 mean_abs_feat_delta = 0.253418\n"}
,{"stream_name":"stdout","time":2307.363461522,"data":"EDGE_TTA_ACTIVE views = 8 mean_abs_feat_delta = 0.246716\n"}
,{"stream_name":"stdout","time":2308.162009857,"data":"EDGE_TTA_ACTIVE views = 8 mean_abs_feat_delta = 0.262807\n"}
,{"stream_name":"stdout","time":2308.457297624,"data":"SECONDARY_EDGE_TTA_ACTIVE views = 8 weight = 0.75 mean_abs_feat_delta = 0.246716\n"}
,{"stream_name":"stdout","time":2309.136321166,"data":"SECONDARY_EDGE_TTA_ACTIVE views = 8 weight = 0.75 mean_abs_feat_delta = 0.262807\n"}
,{"stream_name":"stdout","time":2309.953048198,"data":"EDGE_TTA_ACTIVE views = 8 mean_abs_feat_delta = 0.249067\n"}
,{"stream_name":"stdout","time":2310.217589891,"data":"EDGE_TTA_ACTIVE views = 8 mean_abs_feat_delta = 0.263531\n"}
,{"stream_name":"stdout","time":2310.964308513,"data":"SECONDARY_EDGE_TTA_ACTIVE views = 8 weight = 0.75 mean_abs_feat_delta = 0.249067\n"}
,{"stream_name":"stdout","time":2311.198776792,"data":"SECONDARY_EDGE_TTA_ACTIVE views = 8 weight = 0.75 mean_abs_feat_delta = 0.263531\n"}
,{"stream_name":"stdout","time":2312.318718543,"data":"EDGE_TTA_ACTIVE views = 8 mean_abs_feat_delta = 0.257657\n"}
,{"stream_name":"stdout","time":2312.401397419,"data":"EDGE_TTA_ACTIVE views = 8 mean_abs_feat_delta = 0.251939\n"}
,{"stream_name":"stdout","time":2313.292800674,"data":"SECONDARY_EDGE_TTA_ACTIVE views = 8 weight = 0.75 mean_abs_feat_delta = 0.257657\n"}
,{"stream_name":"stdout","time":2313.504073551,"data":"SECONDARY_EDGE_TTA_ACTIVE views = 8 weight = 0.75 mean_abs_feat_delta = 0.251939\n"}
,{"stream_name":"stdout","time":2314.399389782,"data":"EDGE_TTA_ACTIVE views = 8 mean_abs_feat_delta = 0.253222\n"}
,{"stream_name":"stdout","time":2314.956698446,"data":"EDGE_TTA_ACTIVE views = 8 mean_abs_feat_delta = 0.252361\n"}
,{"stream_name":"stdout","time":2315.380293985,"data":"SECONDARY_EDGE_TTA_ACTIVE views = 8 weight = 0.75 mean_abs_feat_delta = 0.253222\n"}
,{"stream_name":"stdout","time":2316.064161528,"data":"SECONDARY_EDGE_TTA_ACTIVE views = 8 weight = 0.75 mean_abs_feat_delta = 0.252361\n"}
,{"stream_name":"stdout","time":2316.495866936,"data":"EDGE_TTA_ACTIVE views = 8 mean_abs_feat_delta = 0.255346\n"}
,{"stream_name":"stdout","time":2317.475437103,"data":"SECONDARY_EDGE_TTA_ACTIVE views = 8 weight = 0.75 mean_abs_feat_delta = 0.255346\n"}
,{"stream_name":"stdout","time":2317.525428108,"data":"EDGE_TTA_ACTIVE views = 8 mean_abs_feat_delta = 0.253419\n"}
,{"stream_name":"stdout","time":2318.623914699,"data":"EDGE_TTA_ACTIVE views = 8 mean_abs_feat_delta = 0.251461\n"}
,{"stream_name":"stdout","time":2318.637590543,"data":"SECONDARY_EDGE_TTA_ACTIVE views = 8 weight = 0.75 mean_abs_feat_delta = 0.253419\n"}
,{"stream_name":"stdout","time":2319.609994187,"data":"SECONDARY_EDGE_TTA_ACTIVE views = 8 weight = 0.75 mean_abs_feat_delta = 0.251461\n"}
,{"stream_name":"stdout","time":2320.120974495,"data":"EDGE_TTA_ACTIVE views = 8 mean_abs_feat_delta = 0.252751\n"}
,{"stream_name":"stdout","time":2320.711204171,"data":"EDGE_TTA_ACTIVE views = 8 mean_abs_feat_delta = 0.250692\n"}
,{"stream_name":"stdout","time":2321.234526217,"data":"SECONDARY_EDGE_TTA_ACTIVE views = 8 weight = 0.75 mean_abs_feat_delta = 0.252751\n"}
,{"stream_name":"stdout","time":2321.703792264,"data":"SECONDARY_EDGE_TTA_ACTIVE views = 8 weight = 0.75 mean_abs_feat_delta = 0.250692\n"}
,{"stream_name":"stdout","time":2322.692000958,"data":"EDGE_TTA_ACTIVE views = 8 mean_abs_feat_delta = 0.251427\n"}
,{"stream_name":"stdout","time":2322.800106474,"data":"EDGE_TTA_ACTIVE views = 8 mean_abs_feat_delta = 0.236744\n"}
,{"stream_name":"stdout","time":2323.791816926,"data":"SECONDARY_EDGE_TTA_ACTIVE views = 8 weight = 0.75 mean_abs_feat_delta = 0.236744\n"}
,{"stream_name":"stdout","time":2323.808002158,"data":"SECONDARY_EDGE_TTA_ACTIVE views = 8 weight = 0.75 mean_abs_feat_delta = 0.251427\n"}
,{"stream_name":"stdout","time":2324.887106187,"data":"EDGE_TTA_ACTIVE views = 8 mean_abs_feat_delta = 0.250011\n"}
,{"stream_name":"stdout","time":2325.236280221,"data":"EDGE_TTA_ACTIVE views = 8 mean_abs_feat_delta = 0.25105\n"}
,{"stream_name":"stdout","time":2325.879186561,"data":"SECONDARY_EDGE_TTA_ACTIVE views = 8 weight = 0.75 mean_abs_feat_delta = 0.250011\n"}
,{"stream_name":"stdout","time":2326.355875951,"data":"SECONDARY_EDGE_TTA_ACTIVE views = 8 weight = 0.75 mean_abs_feat_delta = 0.25105\n"}
,{"stream_name":"stdout","time":2327.803494565,"data":"EDGE_TTA_ACTIVE views = 8 mean_abs_feat_delta = 0.25196\n"}
,{"stream_name":"stdout","time":2328.917677311,"data":"SECONDARY_EDGE_TTA_ACTIVE views = 8 weight = 0.75 mean_abs_feat_delta = 0.25196\n"}
,{"stream_name":"stdout","time":2330.636273776,"data":"EDGE_TTA_ACTIVE views = 8 mean_abs_feat_delta = 0.253922\n"}
,{"stream_name":"stdout","time":2331.751311365,"data":"SECONDARY_EDGE_TTA_ACTIVE views = 8 weight = 0.75 mean_abs_feat_delta = 0.253922\n"}
,{"stream_name":"stdout","time":2333.455318656,"data":"EDGE_TTA_ACTIVE views = 8 mean_abs_feat_delta = 0.255705\n"}
,{"stream_name":"stdout","time":2334.570059554,"data":"SECONDARY_EDGE_TTA_ACTIVE views = 8 weight = 0.75 mean_abs_feat_delta = 0.255705\n"}
,{"stream_name":"stdout","time":2336.025254075,"data":"EDGE_TTA_ACTIVE views = 8 mean_abs_feat_delta = 0.255088\n"}
,{"stream_name":"stdout","time":2337.138293727,"data":"SECONDARY_EDGE_TTA_ACTIVE views = 8 weight = 0.75 mean_abs_feat_delta = 0.255088\n"}
,{"stream_name":"stdout","time":2338.632585306,"data":"EDGE_TTA_ACTIVE views = 8 mean_abs_feat_delta = 0.255702\n"}
,{"stream_name":"stdout","time":2339.745456903,"data":"SECONDARY_EDGE_TTA_ACTIVE views = 8 weight = 0.75 mean_abs_feat_delta = 0.255702\n"}
,{"stream_name":"stdout","time":2341.276372875,"data":"EDGE_TTA_ACTIVE views = 8 mean_abs_feat_delta = 0.255542\n"}
,{"stream_name":"stdout","time":2342.294971014,"data":"SECONDARY_EDGE_TTA_ACTIVE views = 8 weight = 0.75 mean_abs_feat_delta = 0.255542\n"}
,{"stream_name":"stdout","time":2343.724843839,"data":"EDGE_TTA_ACTIVE views = 8 mean_abs_feat_delta = 0.255018\n"}
,{"stream_name":"stdout","time":2344.829938014,"data":"SECONDARY_EDGE_TTA_ACTIVE views = 8 weight = 0.75 mean_abs_feat_delta = 0.255018\n"}
,{"stream_name":"stdout","time":2346.283497025,"data":"EDGE_TTA_ACTIVE views = 8 mean_abs_feat_delta = 0.255005\n"}
,{"stream_name":"stdout","time":2347.385905923,"data":"SECONDARY_EDGE_TTA_ACTIVE views = 8 weight = 0.75 mean_abs_feat_delta = 0.255005\n"}
,{"stream_name":"stdout","time":2347.503870631,"data":"EDGE_TTA_ACTIVE views = 8 mean_abs_feat_delta = 0.250675\n"}
,{"stream_name":"stdout","time":2348.449757969,"data":"SECONDARY_EDGE_TTA_ACTIVE views = 8 weight = 0.75 mean_abs_feat_delta = 0.250675\n"}
,{"stream_name":"stdout","time":2348.853532196,"data":"EDGE_TTA_ACTIVE views = 8 mean_abs_feat_delta = 0.256933\n"}
,{"stream_name":"stdout","time":2349.50541956,"data":"EDGE_TTA_ACTIVE views = 8 mean_abs_feat_delta = 0.25033\n"}
,{"stream_name":"stdout","time":2349.946602405,"data":"SECONDARY_EDGE_TTA_ACTIVE views = 8 weight = 0.75 mean_abs_feat_delta = 0.256933\n"}
,{"stream_name":"stdout","time":2350.455410266,"data":"SECONDARY_EDGE_TTA_ACTIVE views = 8 weight = 0.75 mean_abs_feat_delta = 0.25033\n"}
,{"stream_name":"stdout","time":2351.433431193,"data":"EDGE_TTA_ACTIVE views = 8 mean_abs_feat_delta = 0.257776\n"}
,{"stream_name":"stdout","time":2351.514288891,"data":"EDGE_TTA_ACTIVE views = 8 mean_abs_feat_delta = 0.251105\n"}
,{"stream_name":"stdout","time":2352.467387407,"data":"SECONDARY_EDGE_TTA_ACTIVE views = 8 weight = 0.75 mean_abs_feat_delta = 0.251105\n"}
,{"stream_name":"stdout","time":2352.526037227,"data":"SECONDARY_EDGE_TTA_ACTIVE views = 8 weight = 0.75 mean_abs_feat_delta = 0.257776\n"}
,{"stream_name":"stdout","time":2353.519321871,"data":"EDGE_TTA_ACTIVE views = 8 mean_abs_feat_delta = 0.251958\n"}
,{"stream_name":"stdout","time":2353.981776734,"data":"EDGE_TTA_ACTIVE views = 8 mean_abs_feat_delta = 0.257659\n"}
,{"stream_name":"stdout","time":2354.475276803,"data":"SECONDARY_EDGE_TTA_ACTIVE views = 8 weight = 0.75 mean_abs_feat_delta = 0.251958\n"}
,{"stream_name":"stdout","time":2355.069099064,"data":"SECONDARY_EDGE_TTA_ACTIVE views = 8 weight = 0.75 mean_abs_feat_delta = 0.257659\n"}
,{"stream_name":"stdout","time":2355.55192516,"data":"EDGE_TTA_ACTIVE views = 8 mean_abs_feat_delta = 0.252119\n"}
,{"stream_name":"stdout","time":2356.495451873,"data":"EDGE_TTA_ACTIVE views = 8 mean_abs_feat_delta = 0.259122\n"}
,{"stream_name":"stdout","time":2356.50875639,"data":"SECONDARY_EDGE_TTA_ACTIVE views = 8 weight = 0.75 mean_abs_feat_delta = 0.252119\n"}
,{"stream_name":"stdout","time":2357.562167032,"data":"EDGE_TTA_ACTIVE views = 8 mean_abs_feat_delta = 0.251626\n"}
,{"stream_name":"stdout","time":2357.58118123,"data":"SECONDARY_EDGE_TTA_ACTIVE views = 8 weight = 0.75 mean_abs_feat_delta = 0.259122\n"}
,{"stream_name":"stdout","time":2358.522795167,"data":"SECONDARY_EDGE_TTA_ACTIVE views = 8 weight = 0.75 mean_abs_feat_delta = 0.251626\n"}
,{"stream_name":"stdout","time":2359.096505387,"data":"EDGE_TTA_ACTIVE views = 8 mean_abs_feat_delta = 0.260718\n"}
,{"stream_name":"stdout","time":2359.580324374,"data":"EDGE_TTA_ACTIVE views = 8 mean_abs_feat_delta = 0.253976\n"}
,{"stream_name":"stdout","time":2360.18164937,"data":"SECONDARY_EDGE_TTA_ACTIVE views = 8 weight = 0.75 mean_abs_feat_delta = 0.260718\n"}
,{"stream_name":"stdout","time":2360.539290663,"data":"SECONDARY_EDGE_TTA_ACTIVE views = 8 weight = 0.75 mean_abs_feat_delta = 0.253976\n"}
,{"stream_name":"stdout","time":2361.597563792,"data":"EDGE_TTA_ACTIVE views = 8 mean_abs_feat_delta = 0.252946\n"}
,{"stream_name":"stdout","time":2361.616913724,"data":"EDGE_TTA_ACTIVE views = 8 mean_abs_feat_delta = 0.26065\n"}
,{"stream_name":"stdout","time":2362.556067874,"data":"SECONDARY_EDGE_TTA_ACTIVE views = 8 weight = 0.75 mean_abs_feat_delta = 0.252946\n"}
,{"stream_name":"stdout","time":2362.70335736,"data":"SECONDARY_EDGE_TTA_ACTIVE views = 8 weight = 0.75 mean_abs_feat_delta = 0.26065\n"}
,{"stream_name":"stdout","time":2363.628139774,"data":"EDGE_TTA_ACTIVE views = 8 mean_abs_feat_delta = 0.257875\n"}
,{"stream_name":"stdout","time":2364.202383128,"data":"EDGE_TTA_ACTIVE views = 8 mean_abs_feat_delta = 0.260945\n"}
,{"stream_name":"stdout","time":2364.593400271,"data":"SECONDARY_EDGE_TTA_ACTIVE views = 8 weight = 0.75 mean_abs_feat_delta = 0.257875\n"}
,{"stream_name":"stdout","time":2365.284965615,"data":"SECONDARY_EDGE_TTA_ACTIVE views = 8 weight = 0.75 mean_abs_feat_delta = 0.260945\n"}
,{"stream_name":"stdout","time":2365.686021845,"data":"EDGE_TTA_ACTIVE views = 8 mean_abs_feat_delta = 0.260818\n"}
,{"stream_name":"stdout","time":2366.648452394,"data":"SECONDARY_EDGE_TTA_ACTIVE views = 8 weight = 0.75 mean_abs_feat_delta = 0.260818\n"}
,{"stream_name":"stdout","time":2366.69485242,"data":"EDGE_TTA_ACTIVE views = 8 mean_abs_feat_delta = 0.260866\n"}
,{"stream_name":"stdout","time":2367.739185021,"data":"EDGE_TTA_ACTIVE views = 8 mean_abs_feat_delta = 0.260927\n"}
,{"stream_name":"stdout","time":2367.779237776,"data":"SECONDARY_EDGE_TTA_ACTIVE views = 8 weight = 0.75 mean_abs_feat_delta = 0.260866\n"}
,{"stream_name":"stdout","time":2368.70633383,"data":"SECONDARY_EDGE_TTA_ACTIVE views = 8 weight = 0.75 mean_abs_feat_delta = 0.260927\n"}
,{"stream_name":"stdout","time":2369.196988513,"data":"EDGE_TTA_ACTIVE views = 8 mean_abs_feat_delta = 0.26271\n"}
,{"stream_name":"stdout","time":2369.769334662,"data":"EDGE_TTA_ACTIVE views = 8 mean_abs_feat_delta = 0.253945\n"}
,{"stream_name":"stdout","time":2370.283073869,"data":"SECONDARY_EDGE_TTA_ACTIVE views = 8 weight = 0.75 mean_abs_feat_delta = 0.26271\n"}
,{"stream_name":"stdout","time":2370.739365018,"data":"SECONDARY_EDGE_TTA_ACTIVE views = 8 weight = 0.75 mean_abs_feat_delta = 0.253945\n"}
,{"stream_name":"stdout","time":2371.779588705,"data":"EDGE_TTA_ACTIVE views = 8 mean_abs_feat_delta = 0.264803\n"}
,{"stream_name":"stdout","time":2371.799674096,"data":"EDGE_TTA_ACTIVE views = 8 mean_abs_feat_delta = 0.254903\n"}
,{"stream_name":"stdout","time":2372.770944986,"data":"SECONDARY_EDGE_TTA_ACTIVE views = 8 weight = 0.75 mean_abs_feat_delta = 0.254903\n"}
,{"stream_name":"stdout","time":2372.772817448,"data":"SECONDARY_EDGE_TTA_ACTIVE views = 8 weight = 0.75 mean_abs_feat_delta = 0.264803\n"}
,{"stream_name":"stdout","time":2373.837057998,"data":"EDGE_TTA_ACTIVE views = 8 mean_abs_feat_delta = 0.253128\n"}
,{"stream_name":"stdout","time":2374.21676616,"data":"EDGE_TTA_ACTIVE views = 8 mean_abs_feat_delta = 0.267587\n"}
,{"stream_name":"stdout","time":2374.813712446,"data":"SECONDARY_EDGE_TTA_ACTIVE views = 8 weight = 0.75 mean_abs_feat_delta = 0.253128\n"}
,{"stream_name":"stdout","time":2375.307179343,"data":"SECONDARY_EDGE_TTA_ACTIVE views = 8 weight = 0.75 mean_abs_feat_delta = 0.267587\n"}
,{"stream_name":"stdout","time":2375.874324629,"data":"EDGE_TTA_ACTIVE views = 8 mean_abs_feat_delta = 0.257053\n"}
,{"stream_name":"stdout","time":2376.846993656,"data":"SECONDARY_EDGE_TTA_ACTIVE views = 8 weight = 0.75 mean_abs_feat_delta = 0.257053\n"}
,{"stream_name":"stdout","time":2377.922797399,"data":"EDGE_TTA_ACTIVE views = 8 mean_abs_feat_delta = 0.255389\n"}
,{"stream_name":"stdout","time":2378.893711133,"data":"SECONDARY_EDGE_TTA_ACTIVE views = 8 weight = 0.75 mean_abs_feat_delta = 0.255389\n"}
,{"stream_name":"stdout","time":2380.021280298,"data":"EDGE_TTA_ACTIVE views = 8 mean_abs_feat_delta = 0.252357\n"}
,{"stream_name":"stdout","time":2380.999871101,"data":"SECONDARY_EDGE_TTA_ACTIVE views = 8 weight = 0.75 mean_abs_feat_delta = 0.252357\n"}
,{"stream_name":"stdout","time":2382.154405965,"data":"EDGE_TTA_ACTIVE views = 8 mean_abs_feat_delta = 0.255583\n"}
,{"stream_name":"stdout","time":2383.129062841,"data":"SECONDARY_EDGE_TTA_ACTIVE views = 8 weight = 0.75 mean_abs_feat_delta = 0.255583\n"}
,{"stream_name":"stdout","time":2384.260092042,"data":"EDGE_TTA_ACTIVE views = 8 mean_abs_feat_delta = 0.260235\n"}
,{"stream_name":"stdout","time":2385.24136263,"data":"SECONDARY_EDGE_TTA_ACTIVE views = 8 weight = 0.75 mean_abs_feat_delta = 0.260235\n"}
,{"stream_name":"stdout","time":2386.369967276,"data":"EDGE_TTA_ACTIVE views = 8 mean_abs_feat_delta = 0.260251\n"}
,{"stream_name":"stdout","time":2387.364169298,"data":"SECONDARY_EDGE_TTA_ACTIVE views = 8 weight = 0.75 mean_abs_feat_delta = 0.260251\n"}
,{"stream_name":"stdout","time":2388.496993101,"data":"EDGE_TTA_ACTIVE views = 8 mean_abs_feat_delta = 0.262145\n"}
,{"stream_name":"stdout","time":2389.509509579,"data":"SECONDARY_EDGE_TTA_ACTIVE views = 8 weight = 0.75 mean_abs_feat_delta = 0.262145\n"}
,{"stream_name":"stdout","time":2390.666125312,"data":"EDGE_TTA_ACTIVE views = 8 mean_abs_feat_delta = 0.2633\n"}
,{"stream_name":"stdout","time":2391.691241456,"data":"SECONDARY_EDGE_TTA_ACTIVE views = 8 weight = 0.75 mean_abs_feat_delta = 0.2633\n"}
,{"stream_name":"stdout","time":2392.843416964,"data":"EDGE_TTA_ACTIVE views = 8 mean_abs_feat_delta = 0.263686\n"}
,{"stream_name":"stdout","time":2393.851649386,"data":"SECONDARY_EDGE_TTA_ACTIVE views = 8 weight = 0.75 mean_abs_feat_delta = 0.263686\n"}
,{"stream_name":"stdout","time":2395.004272362,"data":"EDGE_TTA_ACTIVE views = 8 mean_abs_feat_delta = 0.267363\n"}
,{"stream_name":"stdout","time":2396.019928645,"data":"SECONDARY_EDGE_TTA_ACTIVE views = 8 weight = 0.75 mean_abs_feat_delta = 0.267363\n"}
,{"stream_name":"stdout","time":2397.147007541,"data":"EDGE_TTA_ACTIVE views = 8 mean_abs_feat_delta = 0.268185\n"}
,{"stream_name":"stdout","time":2398.167255059,"data":"SECONDARY_EDGE_TTA_ACTIVE views = 8 weight = 0.75 mean_abs_feat_delta = 0.268185\n"}
,{"stream_name":"stdout","time":2399.310370385,"data":"EDGE_TTA_ACTIVE views = 8 mean_abs_feat_delta = 0.267145\n"}
,{"stream_name":"stdout","time":2400.344273116,"data":"SECONDARY_EDGE_TTA_ACTIVE views = 8 weight = 0.75 mean_abs_feat_delta = 0.267145\n"}
,{"stream_name":"stdout","time":2401.498073056,"data":"EDGE_TTA_ACTIVE views = 8 mean_abs_feat_delta = 0.262489\n"}
,{"stream_name":"stdout","time":2402.636369848,"data":"SECONDARY_EDGE_TTA_ACTIVE views = 8 weight = 0.75 mean_abs_feat_delta = 0.262489\n"}
,{"stream_name":"stdout","time":2403.700717043,"data":"EDGE_TTA_ACTIVE views = 8 mean_abs_feat_delta = 0.259888\n"}
,{"stream_name":"stdout","time":2404.750649181,"data":"SECONDARY_EDGE_TTA_ACTIVE views = 8 weight = 0.75 mean_abs_feat_delta = 0.259888\n"}
,{"stream_name":"stdout","time":2405.880873403,"data":"EDGE_TTA_ACTIVE views = 8 mean_abs_feat_delta = 0.256742\n"}
,{"stream_name":"stdout","time":2406.93761384,"data":"SECONDARY_EDGE_TTA_ACTIVE views = 8 weight = 0.75 mean_abs_feat_delta = 0.256742\n"}
,{"stream_name":"stdout","time":2408.077397767,"data":"EDGE_TTA_ACTIVE views = 8 mean_abs_feat_delta = 0.254378\n"}
,{"stream_name":"stdout","time":2409.142732194,"data":"SECONDARY_EDGE_TTA_ACTIVE views = 8 weight = 0.75 mean_abs_feat_delta = 0.254378\n"}
,{"stream_name":"stdout","time":2410.346126261,"data":"EDGE_TTA_ACTIVE views = 8 mean_abs_feat_delta = 0.254713\n"}
,{"stream_name":"stdout","time":2411.416956515,"data":"SECONDARY_EDGE_TTA_ACTIVE views = 8 weight = 0.75 mean_abs_feat_delta = 0.254713\n"}
,{"stream_name":"stdout","time":2412.582573222,"data":"EDGE_TTA_ACTIVE views = 8 mean_abs_feat_delta = 0.260557\n"}
,{"stream_name":"stdout","time":2413.666158656,"data":"SECONDARY_EDGE_TTA_ACTIVE views = 8 weight = 0.75 mean_abs_feat_delta = 0.260557\n"}
,{"stream_name":"stdout","time":2414.84192745,"data":"EDGE_TTA_ACTIVE views = 8 mean_abs_feat_delta = 0.25969\n"}
,{"stream_name":"stdout","time":2415.930623065,"data":"SECONDARY_EDGE_TTA_ACTIVE views = 8 weight = 0.75 mean_abs_feat_delta = 0.25969\n"}
,{"stream_name":"stdout","time":2417.102849005,"data":"EDGE_TTA_ACTIVE views = 8 mean_abs_feat_delta = 0.259315\n"}
,{"stream_name":"stdout","time":2418.196753691,"data":"SECONDARY_EDGE_TTA_ACTIVE views = 8 weight = 0.75 mean_abs_feat_delta = 0.259315\n"}
,{"stream_name":"stdout","time":2419.376042144,"data":"EDGE_TTA_ACTIVE views = 8 mean_abs_feat_delta = 0.25882\n"}
,{"stream_name":"stdout","time":2420.475850728,"data":"SECONDARY_EDGE_TTA_ACTIVE views = 8 weight = 0.75 mean_abs_feat_delta = 0.25882\n"}
,{"stream_name":"stdout","time":2421.646821249,"data":"EDGE_TTA_ACTIVE views = 8 mean_abs_feat_delta = 0.259209\n"}
,{"stream_name":"stdout","time":2422.739621393,"data":"SECONDARY_EDGE_TTA_ACTIVE views = 8 weight = 0.75 mean_abs_feat_delta = 0.259209\n"}
,{"stream_name":"stdout","time":2423.906968973,"data":"EDGE_TTA_ACTIVE views = 8 mean_abs_feat_delta = 0.258011\n"}
,{"stream_name":"stdout","time":2424.995112934,"data":"SECONDARY_EDGE_TTA_ACTIVE views = 8 weight = 0.75 mean_abs_feat_delta = 0.258011\n"}
,{"stream_name":"stdout","time":2426.175458934,"data":"EDGE_TTA_ACTIVE views = 8 mean_abs_feat_delta = 0.253002\n"}
,{"stream_name":"stdout","time":2427.253744527,"data":"SECONDARY_EDGE_TTA_ACTIVE views = 8 weight = 0.75 mean_abs_feat_delta = 0.253002\n"}
,{"stream_name":"stdout","time":2428.405310666,"data":"EDGE_TTA_ACTIVE views = 8 mean_abs_feat_delta = 0.256067\n"}
,{"stream_name":"stdout","time":2429.477719322,"data":"SECONDARY_EDGE_TTA_ACTIVE views = 8 weight = 0.75 mean_abs_feat_delta = 0.256067\n"}
,{"stream_name":"stdout","time":2430.631432099,"data":"EDGE_TTA_ACTIVE views = 8 mean_abs_feat_delta = 0.259045\n"}
,{"stream_name":"stdout","time":2431.69125667,"data":"SECONDARY_EDGE_TTA_ACTIVE views = 8 weight = 0.75 mean_abs_feat_delta = 0.259045\n"}
,{"stream_name":"stdout","time":2432.937437325,"data":"EDGE_TTA_ACTIVE views = 8 mean_abs_feat_delta = 0.254381\n"}
,{"stream_name":"stdout","time":2433.891911852,"data":"SECONDARY_EDGE_TTA_ACTIVE views = 8 weight = 0.75 mean_abs_feat_delta = 0.254381\n"}
,{"stream_name":"stdout","time":2435.036273783,"data":"EDGE_TTA_ACTIVE views = 8 mean_abs_feat_delta = 0.250108\n"}
,{"stream_name":"stdout","time":2436.078431133,"data":"SECONDARY_EDGE_TTA_ACTIVE views = 8 weight = 0.75 mean_abs_feat_delta = 0.250108\n"}
,{"stream_name":"stdout","time":2437.201718171,"data":"EDGE_TTA_ACTIVE views = 8 mean_abs_feat_delta = 0.249627\n"}
,{"stream_name":"stdout","time":2438.235041867,"data":"SECONDARY_EDGE_TTA_ACTIVE views = 8 weight = 0.75 mean_abs_feat_delta = 0.249627\n"}
,{"stream_name":"stdout","time":2439.35655446,"data":"EDGE_TTA_ACTIVE views = 8 mean_abs_feat_delta = 0.252258\n"}
,{"stream_name":"stdout","time":2440.381497673,"data":"SECONDARY_EDGE_TTA_ACTIVE views = 8 weight = 0.75 mean_abs_feat_delta = 0.252258\n"}
,{"stream_name":"stdout","time":2441.480515812,"data":"EDGE_TTA_ACTIVE views = 8 mean_abs_feat_delta = 0.251523\n"}
,{"stream_name":"stdout","time":2442.498232707,"data":"SECONDARY_EDGE_TTA_ACTIVE views = 8 weight = 0.75 mean_abs_feat_delta = 0.251523\n"}
,{"stream_name":"stdout","time":2443.626803999,"data":"EDGE_TTA_ACTIVE views = 8 mean_abs_feat_delta = 0.250297\n"}
,{"stream_name":"stdout","time":2444.639639504,"data":"SECONDARY_EDGE_TTA_ACTIVE views = 8 weight = 0.75 mean_abs_feat_delta = 0.250297\n"}
,{"stream_name":"stdout","time":2445.743795566,"data":"EDGE_TTA_ACTIVE views = 8 mean_abs_feat_delta = 0.251998\n"}
,{"stream_name":"stdout","time":2446.75064356,"data":"SECONDARY_EDGE_TTA_ACTIVE views = 8 weight = 0.75 mean_abs_feat_delta = 0.251998\n"}
,{"stream_name":"stdout","time":2447.841151597,"data":"EDGE_TTA_ACTIVE views = 8 mean_abs_feat_delta = 0.254951\n"}
,{"stream_name":"stdout","time":2448.848306671,"data":"SECONDARY_EDGE_TTA_ACTIVE views = 8 weight = 0.75 mean_abs_feat_delta = 0.254951\n"}
,{"stream_name":"stdout","time":2449.931740605,"data":"EDGE_TTA_ACTIVE views = 8 mean_abs_feat_delta = 0.250788\n"}
,{"stream_name":"stdout","time":2450.93455437,"data":"SECONDARY_EDGE_TTA_ACTIVE views = 8 weight = 0.75 mean_abs_feat_delta = 0.250788\n"}
,{"stream_name":"stdout","time":2452.05871479,"data":"EDGE_TTA_ACTIVE views = 8 mean_abs_feat_delta = 0.247756\n"}
,{"stream_name":"stdout","time":2453.061217917,"data":"SECONDARY_EDGE_TTA_ACTIVE views = 8 weight = 0.75 mean_abs_feat_delta = 0.247756\n"}
,{"stream_name":"stdout","time":2454.144878502,"data":"EDGE_TTA_ACTIVE views = 8 mean_abs_feat_delta = 0.251807\n"}
,{"stream_name":"stdout","time":2455.141072987,"data":"SECONDARY_EDGE_TTA_ACTIVE views = 8 weight = 0.75 mean_abs_feat_delta = 0.251807\n"}
,{"stream_name":"stdout","time":2456.242289741,"data":"EDGE_TTA_ACTIVE views = 8 mean_abs_feat_delta = 0.249371\n"}
,{"stream_name":"stdout","time":2457.24042985,"data":"SECONDARY_EDGE_TTA_ACTIVE views = 8 weight = 0.75 mean_abs_feat_delta = 0.249371\n"}
,{"stream_name":"stdout","time":2458.366981671,"data":"EDGE_TTA_ACTIVE views = 8 mean_abs_feat_delta = 0.251742\n"}
,{"stream_name":"stdout","time":2459.357424288,"data":"SECONDARY_EDGE_TTA_ACTIVE views = 8 weight = 0.75 mean_abs_feat_delta = 0.251742\n"}
,{"stream_name":"stdout","time":2460.44603592,"data":"EDGE_TTA_ACTIVE views = 8 mean_abs_feat_delta = 0.251825\n"}
,{"stream_name":"stdout","time":2461.28506527,"data":"EDGE_TTA_ACTIVE views = 8 mean_abs_feat_delta = 0.295618\n"}
,{"stream_name":"stdout","time":2461.44054566,"data":"SECONDARY_EDGE_TTA_ACTIVE views = 8 weight = 0.75 mean_abs_feat_delta = 0.251825\n"}
,{"stream_name":"stdout","time":2462.240727953,"data":"SECONDARY_EDGE_TTA_ACTIVE views = 8 weight = 0.75 mean_abs_feat_delta = 0.295618\n"}
,{"stream_name":"stdout","time":2462.533438747,"data":"EDGE_TTA_ACTIVE views = 8 mean_abs_feat_delta = 0.251857\n"}
,{"stream_name":"stdout","time":2463.560963316,"data":"EDGE_TTA_ACTIVE views = 8 mean_abs_feat_delta = 0.297141\n"}
,{"stream_name":"stdout","time":2463.56230792,"data":"SECONDARY_EDGE_TTA_ACTIVE views = 8 weight = 0.75 mean_abs_feat_delta = 0.251857\n"}
,{"stream_name":"stdout","time":2464.419505832,"data":"SECONDARY_EDGE_TTA_ACTIVE views = 8 weight = 0.75 mean_abs_feat_delta = 0.297141\n"}
,{"stream_name":"stdout","time":2464.640121616,"data":"EDGE_TTA_ACTIVE views = 8 mean_abs_feat_delta = 0.255178\n"}
,{"stream_name":"stdout","time":2465.636679511,"data":"SECONDARY_EDGE_TTA_ACTIVE views = 8 weight = 0.75 mean_abs_feat_delta = 0.255178\n"}
,{"stream_name":"stdout","time":2465.657375656,"data":"EDGE_TTA_ACTIVE views = 8 mean_abs_feat_delta = 0.296049\n"}
,{"stream_name":"stdout","time":2466.634269594,"data":"SECONDARY_EDGE_TTA_ACTIVE views = 8 weight = 0.75 mean_abs_feat_delta = 0.296049\n"}
,{"stream_name":"stdout","time":2466.715669081,"data":"EDGE_TTA_ACTIVE views = 8 mean_abs_feat_delta = 0.253849\n"}
,{"stream_name":"stdout","time":2467.715466505,"data":"SECONDARY_EDGE_TTA_ACTIVE views = 8 weight = 0.75 mean_abs_feat_delta = 0.253849\n"}
,{"stream_name":"stdout","time":2467.842994937,"data":"EDGE_TTA_ACTIVE views = 8 mean_abs_feat_delta = 0.295644\n"}
,{"stream_name":"stdout","time":2468.8033691,"data":"SECONDARY_EDGE_TTA_ACTIVE views = 8 weight = 0.75 mean_abs_feat_delta = 0.295644\n"}
,{"stream_name":"stdout","time":2468.827816815,"data":"EDGE_TTA_ACTIVE views = 8 mean_abs_feat_delta = 0.251835\n"}
,{"stream_name":"stdout","time":2469.830132823,"data":"SECONDARY_EDGE_TTA_ACTIVE views = 8 weight = 0.75 mean_abs_feat_delta = 0.251835\n"}
,{"stream_name":"stdout","time":2469.998120905,"data":"EDGE_TTA_ACTIVE views = 8 mean_abs_feat_delta = 0.300171\n"}
,{"stream_name":"stdout","time":2470.941409467,"data":"EDGE_TTA_ACTIVE views = 8 mean_abs_feat_delta = 0.252083\n"}
,{"stream_name":"stdout","time":2470.969648733,"data":"SECONDARY_EDGE_TTA_ACTIVE views = 8 weight = 0.75 mean_abs_feat_delta = 0.300171\n"}
,{"stream_name":"stdout","time":2471.946289464,"data":"SECONDARY_EDGE_TTA_ACTIVE views = 8 weight = 0.75 mean_abs_feat_delta = 0.252083\n"}
,{"stream_name":"stdout","time":2472.211420127,"data":"EDGE_TTA_ACTIVE views = 8 mean_abs_feat_delta = 0.302879\n"}
,{"stream_name":"stdout","time":2473.031723878,"data":"EDGE_TTA_ACTIVE views = 8 mean_abs_feat_delta = 0.25325\n"}
,{"stream_name":"stdout","time":2473.179618449,"data":"SECONDARY_EDGE_TTA_ACTIVE views = 8 weight = 0.75 mean_abs_feat_delta = 0.302879\n"}
,{"stream_name":"stdout","time":2474.040468595,"data":"SECONDARY_EDGE_TTA_ACTIVE views = 8 weight = 0.75 mean_abs_feat_delta = 0.25325\n"}
,{"stream_name":"stdout","time":2474.427457924,"data":"EDGE_TTA_ACTIVE views = 8 mean_abs_feat_delta = 0.301753\n"}
,{"stream_name":"stdout","time":2475.15392282,"data":"EDGE_TTA_ACTIVE views = 8 mean_abs_feat_delta = 0.254089\n"}
,{"stream_name":"stdout","time":2475.411476994,"data":"SECONDARY_EDGE_TTA_ACTIVE views = 8 weight = 0.75 mean_abs_feat_delta = 0.301753\n"}
,{"stream_name":"stdout","time":2476.163530448,"data":"SECONDARY_EDGE_TTA_ACTIVE views = 8 weight = 0.75 mean_abs_feat_delta = 0.254089\n"}
,{"stream_name":"stdout","time":2476.644193732,"data":"EDGE_TTA_ACTIVE views = 8 mean_abs_feat_delta = 0.302954\n"}
,{"stream_name":"stdout","time":2477.283085268,"data":"EDGE_TTA_ACTIVE views = 8 mean_abs_feat_delta = 0.252519\n"}
,{"stream_name":"stdout","time":2477.618687951,"data":"SECONDARY_EDGE_TTA_ACTIVE views = 8 weight = 0.75 mean_abs_feat_delta = 0.302954\n"}
,{"stream_name":"stdout","time":2478.300579202,"data":"SECONDARY_EDGE_TTA_ACTIVE views = 8 weight = 0.75 mean_abs_feat_delta = 0.252519\n"}
,{"stream_name":"stdout","time":2478.832408196,"data":"EDGE_TTA_ACTIVE views = 8 mean_abs_feat_delta = 0.300513\n"}
,{"stream_name":"stdout","time":2479.430862806,"data":"EDGE_TTA_ACTIVE views = 8 mean_abs_feat_delta = 0.252252\n"}
,{"stream_name":"stdout","time":2479.808142745,"data":"SECONDARY_EDGE_TTA_ACTIVE views = 8 weight = 0.75 mean_abs_feat_delta = 0.300513\n"}
,{"stream_name":"stdout","time":2480.450140397,"data":"SECONDARY_EDGE_TTA_ACTIVE views = 8 weight = 0.75 mean_abs_feat_delta = 0.252252\n"}
,{"stream_name":"stdout","time":2481.024239395,"data":"EDGE_TTA_ACTIVE views = 8 mean_abs_feat_delta = 0.301848\n"}
,{"stream_name":"stdout","time":2481.564689175,"data":"EDGE_TTA_ACTIVE views = 8 mean_abs_feat_delta = 0.249091\n"}
,{"stream_name":"stdout","time":2482.013903059,"data":"SECONDARY_EDGE_TTA_ACTIVE views = 8 weight = 0.75 mean_abs_feat_delta = 0.301848\n"}
,{"stream_name":"stdout","time":2482.596170721,"data":"SECONDARY_EDGE_TTA_ACTIVE views = 8 weight = 0.75 mean_abs_feat_delta = 0.249091\n"}
,{"stream_name":"stdout","time":2483.233414406,"data":"EDGE_TTA_ACTIVE views = 8 mean_abs_feat_delta = 0.30027\n"}
,{"stream_name":"stdout","time":2483.710273673,"data":"EDGE_TTA_ACTIVE views = 8 mean_abs_feat_delta = 0.241597\n"}
,{"stream_name":"stdout","time":2484.238391433,"data":"SECONDARY_EDGE_TTA_ACTIVE views = 8 weight = 0.75 mean_abs_feat_delta = 0.30027\n"}
,{"stream_name":"stdout","time":2484.746995923,"data":"SECONDARY_EDGE_TTA_ACTIVE views = 8 weight = 0.75 mean_abs_feat_delta = 0.241597\n"}
,{"stream_name":"stdout","time":2485.495778406,"data":"EDGE_TTA_ACTIVE views = 8 mean_abs_feat_delta = 0.302817\n"}
,{"stream_name":"stdout","time":2485.883083929,"data":"EDGE_TTA_ACTIVE views = 8 mean_abs_feat_delta = 0.241038\n"}
,{"stream_name":"stdout","time":2486.497809407,"data":"SECONDARY_EDGE_TTA_ACTIVE views = 8 weight = 0.75 mean_abs_feat_delta = 0.302817\n"}
,{"stream_name":"stdout","time":2486.93050098,"data":"SECONDARY_EDGE_TTA_ACTIVE views = 8 weight = 0.75 mean_abs_feat_delta = 0.241038\n"}
,{"stream_name":"stdout","time":2487.739988742,"data":"EDGE_TTA_ACTIVE views = 8 mean_abs_feat_delta = 0.30338\n"}
,{"stream_name":"stdout","time":2488.059367291,"data":"EDGE_TTA_ACTIVE views = 8 mean_abs_feat_delta = 0.24064\n"}
,{"stream_name":"stdout","time":2488.750809746,"data":"SECONDARY_EDGE_TTA_ACTIVE views = 8 weight = 0.75 mean_abs_feat_delta = 0.30338\n"}
,{"stream_name":"stdout","time":2489.11093316,"data":"SECONDARY_EDGE_TTA_ACTIVE views = 8 weight = 0.75 mean_abs_feat_delta = 0.24064\n"}
,{"stream_name":"stdout","time":2490.003309132,"data":"EDGE_TTA_ACTIVE views = 8 mean_abs_feat_delta = 0.303138\n"}
,{"stream_name":"stdout","time":2490.255472909,"data":"EDGE_TTA_ACTIVE views = 8 mean_abs_feat_delta = 0.237444\n"}
,{"stream_name":"stdout","time":2491.017980596,"data":"SECONDARY_EDGE_TTA_ACTIVE views = 8 weight = 0.75 mean_abs_feat_delta = 0.303138\n"}
,{"stream_name":"stdout","time":2491.339966496,"data":"SECONDARY_EDGE_TTA_ACTIVE views = 8 weight = 0.75 mean_abs_feat_delta = 0.237444\n"}
,{"stream_name":"stdout","time":2492.279512161,"data":"EDGE_TTA_ACTIVE views = 8 mean_abs_feat_delta = 0.305109\n"}
,{"stream_name":"stdout","time":2492.501466457,"data":"EDGE_TTA_ACTIVE views = 8 mean_abs_feat_delta = 0.237805\n"}
,{"stream_name":"stdout","time":2493.319117915,"data":"SECONDARY_EDGE_TTA_ACTIVE views = 8 weight = 0.75 mean_abs_feat_delta = 0.305109\n"}
,{"stream_name":"stdout","time":2493.643704952,"data":"SECONDARY_EDGE_TTA_ACTIVE views = 8 weight = 0.75 mean_abs_feat_delta = 0.237805\n"}
,{"stream_name":"stdout","time":2494.61392628,"data":"EDGE_TTA_ACTIVE views = 8 mean_abs_feat_delta = 0.306663\n"}
,{"stream_name":"stdout","time":2494.743195963,"data":"EDGE_TTA_ACTIVE views = 8 mean_abs_feat_delta = 0.237158\n"}
,{"stream_name":"stdout","time":2495.638137706,"data":"SECONDARY_EDGE_TTA_ACTIVE views = 8 weight = 0.75 mean_abs_feat_delta = 0.306663\n"}
,{"stream_name":"stdout","time":2495.817438141,"data":"SECONDARY_EDGE_TTA_ACTIVE views = 8 weight = 0.75 mean_abs_feat_delta = 0.237158\n"}
,{"stream_name":"stdout","time":2496.93106054,"data":"EDGE_TTA_ACTIVE views = 8 mean_abs_feat_delta = 0.307809\n"}
,{"stream_name":"stdout","time":2496.984043546,"data":"EDGE_TTA_ACTIVE views = 8 mean_abs_feat_delta = 0.234285\n"}
,{"stream_name":"stdout","time":2497.959673561,"data":"SECONDARY_EDGE_TTA_ACTIVE views = 8 weight = 0.75 mean_abs_feat_delta = 0.307809\n"}
,{"stream_name":"stdout","time":2498.063917191,"data":"SECONDARY_EDGE_TTA_ACTIVE views = 8 weight = 0.75 mean_abs_feat_delta = 0.234285\n"}
,{"stream_name":"stdout","time":2499.240667106,"data":"EDGE_TTA_ACTIVE views = 8 mean_abs_feat_delta = 0.231661\n"}
,{"stream_name":"stdout","time":2499.263544684,"data":"EDGE_TTA_ACTIVE views = 8 mean_abs_feat_delta = 0.30735\n"}
,{"stream_name":"stdout","time":2500.294510155,"data":"SECONDARY_EDGE_TTA_ACTIVE views = 8 weight = 0.75 mean_abs_feat_delta = 0.30735\n"}
,{"stream_name":"stdout","time":2500.31904828,"data":"SECONDARY_EDGE_TTA_ACTIVE views = 8 weight = 0.75 mean_abs_feat_delta = 0.231661\n"}
,{"stream_name":"stdout","time":2501.469748276,"data":"EDGE_TTA_ACTIVE views = 8 mean_abs_feat_delta = 0.229643\n"}
,{"stream_name":"stdout","time":2501.576442841,"data":"EDGE_TTA_ACTIVE views = 8 mean_abs_feat_delta = 0.309574\n"}
,{"stream_name":"stdout","time":2502.546467262,"data":"SECONDARY_EDGE_TTA_ACTIVE views = 8 weight = 0.75 mean_abs_feat_delta = 0.229643\n"}
,{"stream_name":"stdout","time":2502.603692881,"data":"SECONDARY_EDGE_TTA_ACTIVE views = 8 weight = 0.75 mean_abs_feat_delta = 0.309574\n"}
,{"stream_name":"stdout","time":2503.697698639,"data":"EDGE_TTA_ACTIVE views = 8 mean_abs_feat_delta = 0.234364\n"}
,{"stream_name":"stdout","time":2503.873410931,"data":"EDGE_TTA_ACTIVE views = 8 mean_abs_feat_delta = 0.309541\n"}
,{"stream_name":"stdout","time":2504.764170419,"data":"SECONDARY_EDGE_TTA_ACTIVE views = 8 weight = 0.75 mean_abs_feat_delta = 0.234364\n"}
,{"stream_name":"stdout","time":2504.89971709,"data":"SECONDARY_EDGE_TTA_ACTIVE views = 8 weight = 0.75 mean_abs_feat_delta = 0.309541\n"}
,{"stream_name":"stdout","time":2505.917735725,"data":"EDGE_TTA_ACTIVE views = 8 mean_abs_feat_delta = 0.231881\n"}
,{"stream_name":"stdout","time":2506.161595555,"data":"EDGE_TTA_ACTIVE views = 8 mean_abs_feat_delta = 0.309504\n"}
,{"stream_name":"stdout","time":2506.977659792,"data":"SECONDARY_EDGE_TTA_ACTIVE views = 8 weight = 0.75 mean_abs_feat_delta = 0.231881\n"}
,{"stream_name":"stdout","time":2507.182332815,"data":"SECONDARY_EDGE_TTA_ACTIVE views = 8 weight = 0.75 mean_abs_feat_delta = 0.309504\n"}
,{"stream_name":"stdout","time":2508.147345148,"data":"EDGE_TTA_ACTIVE views = 8 mean_abs_feat_delta = 0.223038\n"}
,{"stream_name":"stdout","time":2508.46541991,"data":"EDGE_TTA_ACTIVE views = 8 mean_abs_feat_delta = 0.311308\n"}
,{"stream_name":"stdout","time":2509.201632734,"data":"SECONDARY_EDGE_TTA_ACTIVE views = 8 weight = 0.75 mean_abs_feat_delta = 0.223038\n"}
,{"stream_name":"stdout","time":2509.488745753,"data":"SECONDARY_EDGE_TTA_ACTIVE views = 8 weight = 0.75 mean_abs_feat_delta = 0.311308\n"}
,{"stream_name":"stdout","time":2510.348394106,"data":"EDGE_TTA_ACTIVE views = 8 mean_abs_feat_delta = 0.219347\n"}
,{"stream_name":"stdout","time":2510.749571136,"data":"EDGE_TTA_ACTIVE views = 8 mean_abs_feat_delta = 0.310412\n"}
,{"stream_name":"stdout","time":2511.397992908,"data":"SECONDARY_EDGE_TTA_ACTIVE views = 8 weight = 0.75 mean_abs_feat_delta = 0.219347\n"}
,{"stream_name":"stdout","time":2511.775375303,"data":"SECONDARY_EDGE_TTA_ACTIVE views = 8 weight = 0.75 mean_abs_feat_delta = 0.310412\n"}
,{"stream_name":"stdout","time":2512.525064014,"data":"EDGE_TTA_ACTIVE views = 8 mean_abs_feat_delta = 0.220266\n"}
,{"stream_name":"stdout","time":2513.035828849,"data":"EDGE_TTA_ACTIVE views = 8 mean_abs_feat_delta = 0.311855\n"}
,{"stream_name":"stdout","time":2513.570608471,"data":"SECONDARY_EDGE_TTA_ACTIVE views = 8 weight = 0.75 mean_abs_feat_delta = 0.220266\n"}
,{"stream_name":"stdout","time":2514.057335367,"data":"SECONDARY_EDGE_TTA_ACTIVE views = 8 weight = 0.75 mean_abs_feat_delta = 0.311855\n"}
,{"stream_name":"stdout","time":2514.71360134,"data":"EDGE_TTA_ACTIVE views = 8 mean_abs_feat_delta = 0.216461\n"}
,{"stream_name":"stdout","time":2515.322894731,"data":"EDGE_TTA_ACTIVE views = 8 mean_abs_feat_delta = 0.311975\n"}
,{"stream_name":"stdout","time":2515.751622545,"data":"SECONDARY_EDGE_TTA_ACTIVE views = 8 weight = 0.75 mean_abs_feat_delta = 0.216461\n"}
,{"stream_name":"stdout","time":2516.339720076,"data":"SECONDARY_EDGE_TTA_ACTIVE views = 8 weight = 0.75 mean_abs_feat_delta = 0.311975\n"}
,{"stream_name":"stdout","time":2516.89506873,"data":"EDGE_TTA_ACTIVE views = 8 mean_abs_feat_delta = 0.215374\n"}
,{"stream_name":"stdout","time":2517.603757339,"data":"EDGE_TTA_ACTIVE views = 8 mean_abs_feat_delta = 0.3111\n"}
,{"stream_name":"stdout","time":2517.932280918,"data":"SECONDARY_EDGE_TTA_ACTIVE views = 8 weight = 0.75 mean_abs_feat_delta = 0.215374\n"}
,{"stream_name":"stdout","time":2518.624317789,"data":"SECONDARY_EDGE_TTA_ACTIVE views = 8 weight = 0.75 mean_abs_feat_delta = 0.3111\n"}
,{"stream_name":"stdout","time":2519.046479747,"data":"EDGE_TTA_ACTIVE views = 8 mean_abs_feat_delta = 0.222443\n"}
,{"stream_name":"stdout","time":2519.918495095,"data":"EDGE_TTA_ACTIVE views = 8 mean_abs_feat_delta = 0.311152\n"}
,{"stream_name":"stdout","time":2520.082851408,"data":"SECONDARY_EDGE_TTA_ACTIVE views = 8 weight = 0.75 mean_abs_feat_delta = 0.222443\n"}
,{"stream_name":"stdout","time":2520.936507383,"data":"SECONDARY_EDGE_TTA_ACTIVE views = 8 weight = 0.75 mean_abs_feat_delta = 0.311152\n"}
,{"stream_name":"stdout","time":2521.220300488,"data":"EDGE_TTA_ACTIVE views = 8 mean_abs_feat_delta = 0.222422\n"}
,{"stream_name":"stdout","time":2522.231088496,"data":"EDGE_TTA_ACTIVE views = 8 mean_abs_feat_delta = 0.314081\n"}
,{"stream_name":"stdout","time":2522.243886984,"data":"SECONDARY_EDGE_TTA_ACTIVE views = 8 weight = 0.75 mean_abs_feat_delta = 0.222422\n"}
,{"stream_name":"stdout","time":2523.24546701,"data":"SECONDARY_EDGE_TTA_ACTIVE views = 8 weight = 0.75 mean_abs_feat_delta = 0.314081\n"}
,{"stream_name":"stdout","time":2523.345131167,"data":"EDGE_TTA_ACTIVE views = 8 mean_abs_feat_delta = 0.222045\n"}
,{"stream_name":"stdout","time":2524.477780093,"data":"SECONDARY_EDGE_TTA_ACTIVE views = 8 weight = 0.75 mean_abs_feat_delta = 0.222045\n"}
,{"stream_name":"stdout","time":2524.505092101,"data":"EDGE_TTA_ACTIVE views = 8 mean_abs_feat_delta = 0.31674\n"}
,{"stream_name":"stdout","time":2525.476295475,"data":"EDGE_TTA_ACTIVE views = 8 mean_abs_feat_delta = 0.220867\n"}
,{"stream_name":"stdout","time":2525.518393922,"data":"SECONDARY_EDGE_TTA_ACTIVE views = 8 weight = 0.75 mean_abs_feat_delta = 0.31674\n"}
,{"stream_name":"stdout","time":2526.493886441,"data":"SECONDARY_EDGE_TTA_ACTIVE views = 8 weight = 0.75 mean_abs_feat_delta = 0.220867\n"}
,{"stream_name":"stdout","time":2526.805288109,"data":"EDGE_TTA_ACTIVE views = 8 mean_abs_feat_delta = 0.315278\n"}
,{"stream_name":"stdout","time":2527.594236133,"data":"EDGE_TTA_ACTIVE views = 8 mean_abs_feat_delta = 0.219831\n"}
,{"stream_name":"stdout","time":2527.819553431,"data":"SECONDARY_EDGE_TTA_ACTIVE views = 8 weight = 0.75 mean_abs_feat_delta = 0.315278\n"}
,{"stream_name":"stdout","time":2528.608786411,"data":"SECONDARY_EDGE_TTA_ACTIVE views = 8 weight = 0.75 mean_abs_feat_delta = 0.219831\n"}
,{"stream_name":"stdout","time":2529.097479698,"data":"EDGE_TTA_ACTIVE views = 8 mean_abs_feat_delta = 0.313744\n"}
,{"stream_name":"stdout","time":2529.69402851,"data":"EDGE_TTA_ACTIVE views = 8 mean_abs_feat_delta = 0.220465\n"}
,{"stream_name":"stdout","time":2530.108726368,"data":"SECONDARY_EDGE_TTA_ACTIVE views = 8 weight = 0.75 mean_abs_feat_delta = 0.313744\n"}
,{"stream_name":"stdout","time":2530.702453165,"data":"SECONDARY_EDGE_TTA_ACTIVE views = 8 weight = 0.75 mean_abs_feat_delta = 0.220465\n"}
,{"stream_name":"stdout","time":2531.356535961,"data":"EDGE_TTA_ACTIVE views = 8 mean_abs_feat_delta = 0.317509\n"}
,{"stream_name":"stdout","time":2531.770004663,"data":"EDGE_TTA_ACTIVE views = 8 mean_abs_feat_delta = 0.216452\n"}
,{"stream_name":"stdout","time":2532.362631492,"data":"SECONDARY_EDGE_TTA_ACTIVE views = 8 weight = 0.75 mean_abs_feat_delta = 0.317509\n"}
,{"stream_name":"stdout","time":2532.778467458,"data":"SECONDARY_EDGE_TTA_ACTIVE views = 8 weight = 0.75 mean_abs_feat_delta = 0.216452\n"}
,{"stream_name":"stdout","time":2533.601850534,"data":"EDGE_TTA_ACTIVE views = 8 mean_abs_feat_delta = 0.319531\n"}
,{"stream_name":"stdout","time":2533.86183881,"data":"EDGE_TTA_ACTIVE views = 8 mean_abs_feat_delta = 0.21609\n"}
,{"stream_name":"stdout","time":2534.60862776,"data":"SECONDARY_EDGE_TTA_ACTIVE views = 8 weight = 0.75 mean_abs_feat_delta = 0.319531\n"}
,{"stream_name":"stdout","time":2534.86939558,"data":"SECONDARY_EDGE_TTA_ACTIVE views = 8 weight = 0.75 mean_abs_feat_delta = 0.21609\n"}
,{"stream_name":"stdout","time":2535.877649107,"data":"EDGE_TTA_ACTIVE views = 8 mean_abs_feat_delta = 0.321991\n"}
,{"stream_name":"stdout","time":2535.978487779,"data":"EDGE_TTA_ACTIVE views = 8 mean_abs_feat_delta = 0.216\n"}
,{"stream_name":"stdout","time":2536.888141935,"data":"SECONDARY_EDGE_TTA_ACTIVE views = 8 weight = 0.75 mean_abs_feat_delta = 0.321991\n"}
,{"stream_name":"stdout","time":2536.983284911,"data":"SECONDARY_EDGE_TTA_ACTIVE views = 8 weight = 0.75 mean_abs_feat_delta = 0.216\n"}
,{"stream_name":"stdout","time":2538.062713126,"data":"EDGE_TTA_ACTIVE views = 8 mean_abs_feat_delta = 0.216468\n"}
,{"stream_name":"stdout","time":2538.123659307,"data":"EDGE_TTA_ACTIVE views = 8 mean_abs_feat_delta = 0.325684\n"}
,{"stream_name":"stdout","time":2539.070434204,"data":"SECONDARY_EDGE_TTA_ACTIVE views = 8 weight = 0.75 mean_abs_feat_delta = 0.216468\n"}
,{"stream_name":"stdout","time":2539.132943854,"data":"SECONDARY_EDGE_TTA_ACTIVE views = 8 weight = 0.75 mean_abs_feat_delta = 0.325684\n"}
,{"stream_name":"stdout","time":2540.155364933,"data":"EDGE_TTA_ACTIVE views = 8 mean_abs_feat_delta = 0.219355\n"}
,{"stream_name":"stdout","time":2540.389180034,"data":"EDGE_TTA_ACTIVE views = 8 mean_abs_feat_delta = 0.323228\n"}
,{"stream_name":"stdout","time":2541.159134677,"data":"SECONDARY_EDGE_TTA_ACTIVE views = 8 weight = 0.75 mean_abs_feat_delta = 0.219355\n"}
,{"stream_name":"stdout","time":2541.397546065,"data":"SECONDARY_EDGE_TTA_ACTIVE views = 8 weight = 0.75 mean_abs_feat_delta = 0.323228\n"}
,{"stream_name":"stdout","time":2542.234732643,"data":"EDGE_TTA_ACTIVE views = 8 mean_abs_feat_delta = 0.220772\n"}
,{"stream_name":"stdout","time":2542.64625972,"data":"EDGE_TTA_ACTIVE views = 8 mean_abs_feat_delta = 0.321145\n"}
,{"stream_name":"stdout","time":2543.238682043,"data":"SECONDARY_EDGE_TTA_ACTIVE views = 8 weight = 0.75 mean_abs_feat_delta = 0.220772\n"}
,{"stream_name":"stdout","time":2543.658143629,"data":"SECONDARY_EDGE_TTA_ACTIVE views = 8 weight = 0.75 mean_abs_feat_delta = 0.321145\n"}
,{"stream_name":"stdout","time":2544.328108905,"data":"EDGE_TTA_ACTIVE views = 8 mean_abs_feat_delta = 0.21876\n"}
,{"stream_name":"stdout","time":2544.923096017,"data":"EDGE_TTA_ACTIVE views = 8 mean_abs_feat_delta = 0.320357\n"}
,{"stream_name":"stdout","time":2545.3334069,"data":"SECONDARY_EDGE_TTA_ACTIVE views = 8 weight = 0.75 mean_abs_feat_delta = 0.21876\n"}
,{"stream_name":"stdout","time":2545.934812943,"data":"SECONDARY_EDGE_TTA_ACTIVE views = 8 weight = 0.75 mean_abs_feat_delta = 0.320357\n"}
,{"stream_name":"stdout","time":2546.449232689,"data":"EDGE_TTA_ACTIVE views = 8 mean_abs_feat_delta = 0.217953\n"}
,{"stream_name":"stdout","time":2547.223176993,"data":"EDGE_TTA_ACTIVE views = 8 mean_abs_feat_delta = 0.319807\n"}
,{"stream_name":"stdout","time":2547.457687917,"data":"SECONDARY_EDGE_TTA_ACTIVE views = 8 weight = 0.75 mean_abs_feat_delta = 0.217953\n"}
,{"stream_name":"stdout","time":2548.240350513,"data":"SECONDARY_EDGE_TTA_ACTIVE views = 8 weight = 0.75 mean_abs_feat_delta = 0.319807\n"}
,{"stream_name":"stdout","time":2548.595959875,"data":"EDGE_TTA_ACTIVE views = 8 mean_abs_feat_delta = 0.219542\n"}
,{"stream_name":"stdout","time":2549.511386812,"data":"EDGE_TTA_ACTIVE views = 8 mean_abs_feat_delta = 0.316553\n"}
,{"stream_name":"stdout","time":2549.607416335,"data":"SECONDARY_EDGE_TTA_ACTIVE views = 8 weight = 0.75 mean_abs_feat_delta = 0.219542\n"}
,{"stream_name":"stdout","time":2550.528344503,"data":"SECONDARY_EDGE_TTA_ACTIVE views = 8 weight = 0.75 mean_abs_feat_delta = 0.316553\n"}
,{"stream_name":"stdout","time":2550.704254654,"data":"EDGE_TTA_ACTIVE views = 8 mean_abs_feat_delta = 0.223429\n"}
,{"stream_name":"stdout","time":2551.714806655,"data":"SECONDARY_EDGE_TTA_ACTIVE views = 8 weight = 0.75 mean_abs_feat_delta = 0.223429\n"}
,{"stream_name":"stdout","time":2551.785769038,"data":"EDGE_TTA_ACTIVE views = 8 mean_abs_feat_delta = 0.314953\n"}
,{"stream_name":"stdout","time":2552.804363224,"data":"EDGE_TTA_ACTIVE views = 8 mean_abs_feat_delta = 0.222085\n"}
,{"stream_name":"stdout","time":2552.806427548,"data":"SECONDARY_EDGE_TTA_ACTIVE views = 8 weight = 0.75 mean_abs_feat_delta = 0.314953\n"}
,{"stream_name":"stdout","time":2553.813695106,"data":"SECONDARY_EDGE_TTA_ACTIVE views = 8 weight = 0.75 mean_abs_feat_delta = 0.222085\n"}
,{"stream_name":"stdout","time":2554.064492666,"data":"EDGE_TTA_ACTIVE views = 8 mean_abs_feat_delta = 0.316244\n"}
,{"stream_name":"stdout","time":2555.016351821,"data":"EDGE_TTA_ACTIVE views = 8 mean_abs_feat_delta = 0.218384\n"}
,{"stream_name":"stdout","time":2555.090046405,"data":"SECONDARY_EDGE_TTA_ACTIVE views = 8 weight = 0.75 mean_abs_feat_delta = 0.316244\n"}
,{"stream_name":"stdout","time":2555.922472127,"data":"SECONDARY_EDGE_TTA_ACTIVE views = 8 weight = 0.75 mean_abs_feat_delta = 0.218384\n"}
,{"stream_name":"stdout","time":2556.353112921,"data":"EDGE_TTA_ACTIVE views = 8 mean_abs_feat_delta = 0.318744\n"}
,{"stream_name":"stdout","time":2557.03165925,"data":"EDGE_TTA_ACTIVE views = 8 mean_abs_feat_delta = 0.214425\n"}
,{"stream_name":"stdout","time":2557.385557439,"data":"SECONDARY_EDGE_TTA_ACTIVE views = 8 weight = 0.75 mean_abs_feat_delta = 0.318744\n"}
,{"stream_name":"stdout","time":2558.051419783,"data":"SECONDARY_EDGE_TTA_ACTIVE views = 8 weight = 0.75 mean_abs_feat_delta = 0.214425\n"}
,{"stream_name":"stdout","time":2558.659129629,"data":"EDGE_TTA_ACTIVE views = 8 mean_abs_feat_delta = 0.319103\n"}
,{"stream_name":"stdout","time":2559.692019851,"data":"SECONDARY_EDGE_TTA_ACTIVE views = 8 weight = 0.75 mean_abs_feat_delta = 0.319103\n"}
,{"stream_name":"stdout","time":2561.228644289,"data":"EDGE_TTA_ACTIVE views = 8 mean_abs_feat_delta = 0.318496\n"}
,{"stream_name":"stdout","time":2562.266785202,"data":"SECONDARY_EDGE_TTA_ACTIVE views = 8 weight = 0.75 mean_abs_feat_delta = 0.318496\n"}
,{"stream_name":"stdout","time":2563.573607591,"data":"EDGE_TTA_ACTIVE views = 8 mean_abs_feat_delta = 0.321749\n"}
,{"stream_name":"stdout","time":2564.619129678,"data":"SECONDARY_EDGE_TTA_ACTIVE views = 8 weight = 0.75 mean_abs_feat_delta = 0.321749\n"}
,{"stream_name":"stdout","time":2565.920359811,"data":"EDGE_TTA_ACTIVE views = 8 mean_abs_feat_delta = 0.322392\n"}
,{"stream_name":"stdout","time":2566.958283432,"data":"SECONDARY_EDGE_TTA_ACTIVE views = 8 weight = 0.75 mean_abs_feat_delta = 0.322392\n"}
,{"stream_name":"stdout","time":2567.350411228,"data":"EDGE_TTA_ACTIVE views = 8 mean_abs_feat_delta = 0.211384\n"}
,{"stream_name":"stdout","time":2568.249070864,"data":"EDGE_TTA_ACTIVE views = 8 mean_abs_feat_delta = 0.32535\n"}
,{"stream_name":"stdout","time":2568.355898508,"data":"SECONDARY_EDGE_TTA_ACTIVE views = 8 weight = 0.75 mean_abs_feat_delta = 0.211384\n"}
,{"stream_name":"stdout","time":2569.292182486,"data":"SECONDARY_EDGE_TTA_ACTIVE views = 8 weight = 0.75 mean_abs_feat_delta = 0.32535\n"}
,{"stream_name":"stdout","time":2569.598490289,"data":"EDGE_TTA_ACTIVE views = 8 mean_abs_feat_delta = 0.210749\n"}
,{"stream_name":"stdout","time":2570.60643798,"data":"EDGE_TTA_ACTIVE views = 8 mean_abs_feat_delta = 0.324923\n"}
,{"stream_name":"stdout","time":2570.611975195,"data":"SECONDARY_EDGE_TTA_ACTIVE views = 8 weight = 0.75 mean_abs_feat_delta = 0.210749\n"}
,{"stream_name":"stdout","time":2571.658062854,"data":"SECONDARY_EDGE_TTA_ACTIVE views = 8 weight = 0.75 mean_abs_feat_delta = 0.324923\n"}
,{"stream_name":"stdout","time":2571.861350515,"data":"EDGE_TTA_ACTIVE views = 8 mean_abs_feat_delta = 0.21103\n"}
,{"stream_name":"stdout","time":2572.881312556,"data":"SECONDARY_EDGE_TTA_ACTIVE views = 8 weight = 0.75 mean_abs_feat_delta = 0.21103\n"}
,{"stream_name":"stdout","time":2572.96677993,"data":"EDGE_TTA_ACTIVE views = 8 mean_abs_feat_delta = 0.32333\n"}
,{"stream_name":"stdout","time":2574.027649794,"data":"SECONDARY_EDGE_TTA_ACTIVE views = 8 weight = 0.75 mean_abs_feat_delta = 0.32333\n"}
,{"stream_name":"stdout","time":2574.136192512,"data":"EDGE_TTA_ACTIVE views = 8 mean_abs_feat_delta = 0.209918\n"}
,{"stream_name":"stdout","time":2575.167720995,"data":"SECONDARY_EDGE_TTA_ACTIVE views = 8 weight = 0.75 mean_abs_feat_delta = 0.209918\n"}
,{"stream_name":"stdout","time":2575.340698077,"data":"EDGE_TTA_ACTIVE views = 8 mean_abs_feat_delta = 0.324193\n"}
,{"stream_name":"stdout","time":2576.412266734,"data":"SECONDARY_EDGE_TTA_ACTIVE views = 8 weight = 0.75 mean_abs_feat_delta = 0.324193\n"}
,{"stream_name":"stdout","time":2576.469455725,"data":"EDGE_TTA_ACTIVE views = 8 mean_abs_feat_delta = 0.212391\n"}
,{"stream_name":"stdout","time":2577.50557039,"data":"SECONDARY_EDGE_TTA_ACTIVE views = 8 weight = 0.75 mean_abs_feat_delta = 0.212391\n"}
,{"stream_name":"stdout","time":2577.731733789,"data":"EDGE_TTA_ACTIVE views = 8 mean_abs_feat_delta = 0.32307\n"}
,{"stream_name":"stdout","time":2578.785873757,"data":"EDGE_TTA_ACTIVE views = 8 mean_abs_feat_delta = 0.212333\n"}
,{"stream_name":"stdout","time":2578.805333808,"data":"SECONDARY_EDGE_TTA_ACTIVE views = 8 weight = 0.75 mean_abs_feat_delta = 0.32307\n"}
,{"stream_name":"stdout","time":2579.831914386,"data":"SECONDARY_EDGE_TTA_ACTIVE views = 8 weight = 0.75 mean_abs_feat_delta = 0.212333\n"}
,{"stream_name":"stdout","time":2580.12418321,"data":"EDGE_TTA_ACTIVE views = 8 mean_abs_feat_delta = 0.323557\n"}
,{"stream_name":"stdout","time":2581.113310023,"data":"EDGE_TTA_ACTIVE views = 8 mean_abs_feat_delta = 0.214711\n"}
,{"stream_name":"stdout","time":2581.22199036,"data":"SECONDARY_EDGE_TTA_ACTIVE views = 8 weight = 0.75 mean_abs_feat_delta = 0.323557\n"}
,{"stream_name":"stdout","time":2582.167192367,"data":"SECONDARY_EDGE_TTA_ACTIVE views = 8 weight = 0.75 mean_abs_feat_delta = 0.214711\n"}
,{"stream_name":"stdout","time":2582.563906632,"data":"EDGE_TTA_ACTIVE views = 8 mean_abs_feat_delta = 0.325006\n"}
,{"stream_name":"stdout","time":2583.46622879,"data":"EDGE_TTA_ACTIVE views = 8 mean_abs_feat_delta = 0.2126\n"}
,{"stream_name":"stdout","time":2583.657608767,"data":"SECONDARY_EDGE_TTA_ACTIVE views = 8 weight = 0.75 mean_abs_feat_delta = 0.325006\n"}
,{"stream_name":"stdout","time":2584.535957865,"data":"SECONDARY_EDGE_TTA_ACTIVE views = 8 weight = 0.75 mean_abs_feat_delta = 0.2126\n"}
,{"stream_name":"stdout","time":2585.331835314,"data":"EDGE_TTA_ACTIVE views = 8 mean_abs_feat_delta = 0.321874\n"}
,{"stream_name":"stdout","time":2585.840716264,"data":"EDGE_TTA_ACTIVE views = 8 mean_abs_feat_delta = 0.211335\n"}
,{"stream_name":"stdout","time":2586.174795246,"data":"SECONDARY_EDGE_TTA_ACTIVE views = 8 weight = 0.75 mean_abs_feat_delta = 0.321874\n"}
,{"stream_name":"stdout","time":2586.919963844,"data":"SECONDARY_EDGE_TTA_ACTIVE views = 8 weight = 0.75 mean_abs_feat_delta = 0.211335\n"}
,{"stream_name":"stdout","time":2587.529414622,"data":"EDGE_TTA_ACTIVE views = 8 mean_abs_feat_delta = 0.320144\n"}
,{"stream_name":"stdout","time":2588.221425289,"data":"EDGE_TTA_ACTIVE views = 8 mean_abs_feat_delta = 0.211305\n"}
,{"stream_name":"stdout","time":2588.639613484,"data":"SECONDARY_EDGE_TTA_ACTIVE views = 8 weight = 0.75 mean_abs_feat_delta = 0.320144\n"}
,{"stream_name":"stdout","time":2589.313377285,"data":"SECONDARY_EDGE_TTA_ACTIVE views = 8 weight = 0.75 mean_abs_feat_delta = 0.211305\n"}
,{"stream_name":"stdout","time":2590.004661303,"data":"EDGE_TTA_ACTIVE views = 8 mean_abs_feat_delta = 0.321483\n"}
,{"stream_name":"stdout","time":2590.628824465,"data":"EDGE_TTA_ACTIVE views = 8 mean_abs_feat_delta = 0.210083\n"}
,{"stream_name":"stdout","time":2591.111932147,"data":"SECONDARY_EDGE_TTA_ACTIVE views = 8 weight = 0.75 mean_abs_feat_delta = 0.321483\n"}
,{"stream_name":"stdout","time":2591.729045877,"data":"SECONDARY_EDGE_TTA_ACTIVE views = 8 weight = 0.75 mean_abs_feat_delta = 0.210083\n"}
,{"stream_name":"stdout","time":2592.496711351,"data":"EDGE_TTA_ACTIVE views = 8 mean_abs_feat_delta = 0.319997\n"}
,{"stream_name":"stdout","time":2593.0521689,"data":"EDGE_TTA_ACTIVE views = 8 mean_abs_feat_delta = 0.213181\n"}
,{"stream_name":"stdout","time":2593.619633427,"data":"SECONDARY_EDGE_TTA_ACTIVE views = 8 weight = 0.75 mean_abs_feat_delta = 0.319997\n"}
,{"stream_name":"stdout","time":2594.15581139,"data":"SECONDARY_EDGE_TTA_ACTIVE views = 8 weight = 0.75 mean_abs_feat_delta = 0.213181\n"}
,{"stream_name":"stdout","time":2595.021201062,"data":"EDGE_TTA_ACTIVE views = 8 mean_abs_feat_delta = 0.319566\n"}
,{"stream_name":"stdout","time":2595.478668059,"data":"EDGE_TTA_ACTIVE views = 8 mean_abs_feat_delta = 0.214595\n"}
,{"stream_name":"stdout","time":2596.142516802,"data":"SECONDARY_EDGE_TTA_ACTIVE views = 8 weight = 0.75 mean_abs_feat_delta = 0.319566\n"}
,{"stream_name":"stdout","time":2596.588313111,"data":"SECONDARY_EDGE_TTA_ACTIVE views = 8 weight = 0.75 mean_abs_feat_delta = 0.214595\n"}
,{"stream_name":"stdout","time":2597.536649693,"data":"EDGE_TTA_ACTIVE views = 8 mean_abs_feat_delta = 0.319864\n"}
,{"stream_name":"stdout","time":2597.908317396,"data":"EDGE_TTA_ACTIVE views = 8 mean_abs_feat_delta = 0.214595\n"}
,{"stream_name":"stdout","time":2598.653996684,"data":"SECONDARY_EDGE_TTA_ACTIVE views = 8 weight = 0.75 mean_abs_feat_delta = 0.319864\n"}
,{"stream_name":"stdout","time":2599.008241032,"data":"SECONDARY_EDGE_TTA_ACTIVE views = 8 weight = 0.75 mean_abs_feat_delta = 0.214595\n"}
,{"stream_name":"stdout","time":2600.032381075,"data":"EDGE_TTA_ACTIVE views = 8 mean_abs_feat_delta = 0.319316\n"}
,{"stream_name":"stdout","time":2600.349163216,"data":"EDGE_TTA_ACTIVE views = 8 mean_abs_feat_delta = 0.217901\n"}
,{"stream_name":"stdout","time":2601.137184697,"data":"SECONDARY_EDGE_TTA_ACTIVE views = 8 weight = 0.75 mean_abs_feat_delta = 0.319316\n"}
,{"stream_name":"stdout","time":2601.439300108,"data":"SECONDARY_EDGE_TTA_ACTIVE views = 8 weight = 0.75 mean_abs_feat_delta = 0.217901\n"}
,{"stream_name":"stdout","time":2602.502999138,"data":"EDGE_TTA_ACTIVE views = 8 mean_abs_feat_delta = 0.319322\n"}
,{"stream_name":"stdout","time":2602.733334185,"data":"EDGE_TTA_ACTIVE views = 8 mean_abs_feat_delta = 0.219497\n"}
,{"stream_name":"stdout","time":2603.598808855,"data":"SECONDARY_EDGE_TTA_ACTIVE views = 8 weight = 0.75 mean_abs_feat_delta = 0.319322\n"}
,{"stream_name":"stdout","time":2603.808693197,"data":"SECONDARY_EDGE_TTA_ACTIVE views = 8 weight = 0.75 mean_abs_feat_delta = 0.219497\n"}
,{"stream_name":"stdout","time":2604.957496894,"data":"EDGE_TTA_ACTIVE views = 8 mean_abs_feat_delta = 0.322207\n"}
,{"stream_name":"stdout","time":2605.106415083,"data":"EDGE_TTA_ACTIVE views = 8 mean_abs_feat_delta = 0.225356\n"}
,{"stream_name":"stdout","time":2606.038863949,"data":"SECONDARY_EDGE_TTA_ACTIVE views = 8 weight = 0.75 mean_abs_feat_delta = 0.322207\n"}
,{"stream_name":"stdout","time":2606.171765794,"data":"SECONDARY_EDGE_TTA_ACTIVE views = 8 weight = 0.75 mean_abs_feat_delta = 0.225356\n"}
,{"stream_name":"stdout","time":2607.412349382,"data":"EDGE_TTA_ACTIVE views = 8 mean_abs_feat_delta = 0.321137\n"}
,{"stream_name":"stdout","time":2607.453171043,"data":"EDGE_TTA_ACTIVE views = 8 mean_abs_feat_delta = 0.222145\n"}
,{"stream_name":"stdout","time":2608.48577441,"data":"SECONDARY_EDGE_TTA_ACTIVE views = 8 weight = 0.75 mean_abs_feat_delta = 0.321137\n"}
,{"stream_name":"stdout","time":2608.507666002,"data":"SECONDARY_EDGE_TTA_ACTIVE views = 8 weight = 0.75 mean_abs_feat_delta = 0.222145\n"}
,{"stream_name":"stdout","time":2609.769795616,"data":"EDGE_TTA_ACTIVE views = 8 mean_abs_feat_delta = 0.222465\n"}
,{"stream_name":"stdout","time":2609.838748335,"data":"EDGE_TTA_ACTIVE views = 8 mean_abs_feat_delta = 0.315169\n"}
,{"stream_name":"stdout","time":2610.814235084,"data":"SECONDARY_EDGE_TTA_ACTIVE views = 8 weight = 0.75 mean_abs_feat_delta = 0.222465\n"}
,{"stream_name":"stdout","time":2610.907410499,"data":"SECONDARY_EDGE_TTA_ACTIVE views = 8 weight = 0.75 mean_abs_feat_delta = 0.315169\n"}
,{"stream_name":"stdout","time":2612.10317582,"data":"EDGE_TTA_ACTIVE views = 8 mean_abs_feat_delta = 0.222206\n"}
,{"stream_name":"stdout","time":2612.289491314,"data":"EDGE_TTA_ACTIVE views = 8 mean_abs_feat_delta = 0.31341\n"}
,{"stream_name":"stdout","time":2613.138598511,"data":"SECONDARY_EDGE_TTA_ACTIVE views = 8 weight = 0.75 mean_abs_feat_delta = 0.222206\n"}
,{"stream_name":"stdout","time":2613.347823131,"data":"SECONDARY_EDGE_TTA_ACTIVE views = 8 weight = 0.75 mean_abs_feat_delta = 0.31341\n"}
,{"stream_name":"stdout","time":2614.386464987,"data":"EDGE_TTA_ACTIVE views = 8 mean_abs_feat_delta = 0.213794\n"}
,{"stream_name":"stdout","time":2614.686756047,"data":"EDGE_TTA_ACTIVE views = 8 mean_abs_feat_delta = 0.311723\n"}
,{"stream_name":"stdout","time":2615.535324247,"data":"SECONDARY_EDGE_TTA_ACTIVE views = 8 weight = 0.75 mean_abs_feat_delta = 0.213794\n"}
,{"stream_name":"stdout","time":2615.737580014,"data":"SECONDARY_EDGE_TTA_ACTIVE views = 8 weight = 0.75 mean_abs_feat_delta = 0.311723\n"}
,{"stream_name":"stdout","time":2616.63175507,"data":"EDGE_TTA_ACTIVE views = 8 mean_abs_feat_delta = 0.21345\n"}
,{"stream_name":"stdout","time":2617.047237147,"data":"EDGE_TTA_ACTIVE views = 8 mean_abs_feat_delta = 0.310399\n"}
,{"stream_name":"stdout","time":2617.651648485,"data":"SECONDARY_EDGE_TTA_ACTIVE views = 8 weight = 0.75 mean_abs_feat_delta = 0.21345\n"}
,{"stream_name":"stdout","time":2618.091693907,"data":"SECONDARY_EDGE_TTA_ACTIVE views = 8 weight = 0.75 mean_abs_feat_delta = 0.310399\n"}
,{"stream_name":"stdout","time":2618.89415999,"data":"EDGE_TTA_ACTIVE views = 8 mean_abs_feat_delta = 0.227333\n"}
,{"stream_name":"stdout","time":2619.411128704,"data":"EDGE_TTA_ACTIVE views = 8 mean_abs_feat_delta = 0.310547\n"}
,{"stream_name":"stdout","time":2619.905884964,"data":"SECONDARY_EDGE_TTA_ACTIVE views = 8 weight = 0.75 mean_abs_feat_delta = 0.227333\n"}
,{"stream_name":"stdout","time":2620.449908086,"data":"SECONDARY_EDGE_TTA_ACTIVE views = 8 weight = 0.75 mean_abs_feat_delta = 0.310547\n"}
,{"stream_name":"stdout","time":2621.11574448,"data":"EDGE_TTA_ACTIVE views = 8 mean_abs_feat_delta = 0.228545\n"}
,{"stream_name":"stdout","time":2621.753759341,"data":"EDGE_TTA_ACTIVE views = 8 mean_abs_feat_delta = 0.310912\n"}
,{"stream_name":"stdout","time":2622.119885896,"data":"SECONDARY_EDGE_TTA_ACTIVE views = 8 weight = 0.75 mean_abs_feat_delta = 0.228545\n"}
,{"stream_name":"stdout","time":2622.788938406,"data":"SECONDARY_EDGE_TTA_ACTIVE views = 8 weight = 0.75 mean_abs_feat_delta = 0.310912\n"}
,{"stream_name":"stdout","time":2623.35218883,"data":"EDGE_TTA_ACTIVE views = 8 mean_abs_feat_delta = 0.23171\n"}
,{"stream_name":"stdout","time":2624.104324304,"data":"EDGE_TTA_ACTIVE views = 8 mean_abs_feat_delta = 0.309724\n"}
,{"stream_name":"stdout","time":2624.350324243,"data":"SECONDARY_EDGE_TTA_ACTIVE views = 8 weight = 0.75 mean_abs_feat_delta = 0.23171\n"}
,{"stream_name":"stdout","time":2625.133917308,"data":"SECONDARY_EDGE_TTA_ACTIVE views = 8 weight = 0.75 mean_abs_feat_delta = 0.309724\n"}
,{"stream_name":"stdout","time":2625.566708797,"data":"EDGE_TTA_ACTIVE views = 8 mean_abs_feat_delta = 0.229326\n"}
,{"stream_name":"stdout","time":2626.466051217,"data":"EDGE_TTA_ACTIVE views = 8 mean_abs_feat_delta = 0.307602\n"}
,{"stream_name":"stdout","time":2626.569107681,"data":"SECONDARY_EDGE_TTA_ACTIVE views = 8 weight = 0.75 mean_abs_feat_delta = 0.229326\n"}
,{"stream_name":"stdout","time":2627.49927107,"data":"SECONDARY_EDGE_TTA_ACTIVE views = 8 weight = 0.75 mean_abs_feat_delta = 0.307602\n"}
,{"stream_name":"stdout","time":2627.766873386,"data":"EDGE_TTA_ACTIVE views = 8 mean_abs_feat_delta = 0.231792\n"}
,{"stream_name":"stdout","time":2628.764043496,"data":"SECONDARY_EDGE_TTA_ACTIVE views = 8 weight = 0.75 mean_abs_feat_delta = 0.231792\n"}
,{"stream_name":"stdout","time":2628.802879721,"data":"EDGE_TTA_ACTIVE views = 8 mean_abs_feat_delta = 0.304958\n"}
,{"stream_name":"stdout","time":2629.834594154,"data":"SECONDARY_EDGE_TTA_ACTIVE views = 8 weight = 0.75 mean_abs_feat_delta = 0.304958\n"}
,{"stream_name":"stdout","time":2629.979613533,"data":"EDGE_TTA_ACTIVE views = 8 mean_abs_feat_delta = 0.231749\n"}
,{"stream_name":"stdout","time":2630.975367952,"data":"SECONDARY_EDGE_TTA_ACTIVE views = 8 weight = 0.75 mean_abs_feat_delta = 0.231749\n"}
,{"stream_name":"stdout","time":2631.137237074,"data":"EDGE_TTA_ACTIVE views = 8 mean_abs_feat_delta = 0.305554\n"}
,{"stream_name":"stdout","time":2632.166015443,"data":"SECONDARY_EDGE_TTA_ACTIVE views = 8 weight = 0.75 mean_abs_feat_delta = 0.305554\n"}
,{"stream_name":"stdout","time":2632.205070322,"data":"EDGE_TTA_ACTIVE views = 8 mean_abs_feat_delta = 0.224487\n"}
,{"stream_name":"stdout","time":2633.200244253,"data":"SECONDARY_EDGE_TTA_ACTIVE views = 8 weight = 0.75 mean_abs_feat_delta = 0.224487\n"}
,{"stream_name":"stdout","time":2633.466357974,"data":"EDGE_TTA_ACTIVE views = 8 mean_abs_feat_delta = 0.307539\n"}
,{"stream_name":"stdout","time":2634.406140718,"data":"EDGE_TTA_ACTIVE views = 8 mean_abs_feat_delta = 0.226523\n"}
,{"stream_name":"stdout","time":2634.496618945,"data":"SECONDARY_EDGE_TTA_ACTIVE views = 8 weight = 0.75 mean_abs_feat_delta = 0.307539\n"}
,{"stream_name":"stdout","time":2635.403356587,"data":"SECONDARY_EDGE_TTA_ACTIVE views = 8 weight = 0.75 mean_abs_feat_delta = 0.226523\n"}
,{"stream_name":"stdout","time":2635.798271754,"data":"EDGE_TTA_ACTIVE views = 8 mean_abs_feat_delta = 0.307247\n"}
,{"stream_name":"stdout","time":2636.602304153,"data":"EDGE_TTA_ACTIVE views = 8 mean_abs_feat_delta = 0.230285\n"}
,{"stream_name":"stdout","time":2636.829170895,"data":"SECONDARY_EDGE_TTA_ACTIVE views = 8 weight = 0.75 mean_abs_feat_delta = 0.307247\n"}
,{"stream_name":"stdout","time":2637.595346451,"data":"SECONDARY_EDGE_TTA_ACTIVE views = 8 weight = 0.75 mean_abs_feat_delta = 0.230285\n"}
,{"stream_name":"stdout","time":2638.148068962,"data":"EDGE_TTA_ACTIVE views = 8 mean_abs_feat_delta = 0.308464\n"}
,{"stream_name":"stdout","time":2638.822056278,"data":"EDGE_TTA_ACTIVE views = 8 mean_abs_feat_delta = 0.229576\n"}
,{"stream_name":"stdout","time":2639.180095745,"data":"SECONDARY_EDGE_TTA_ACTIVE views = 8 weight = 0.75 mean_abs_feat_delta = 0.308464\n"}
,{"stream_name":"stdout","time":2639.817928454,"data":"SECONDARY_EDGE_TTA_ACTIVE views = 8 weight = 0.75 mean_abs_feat_delta = 0.229576\n"}
,{"stream_name":"stdout","time":2640.481920445,"data":"EDGE_TTA_ACTIVE views = 8 mean_abs_feat_delta = 0.308835\n"}
,{"stream_name":"stdout","time":2641.018312093,"data":"EDGE_TTA_ACTIVE views = 8 mean_abs_feat_delta = 0.228889\n"}
,{"stream_name":"stdout","time":2641.512066574,"data":"SECONDARY_EDGE_TTA_ACTIVE views = 8 weight = 0.75 mean_abs_feat_delta = 0.308835\n"}
,{"stream_name":"stdout","time":2642.014108291,"data":"SECONDARY_EDGE_TTA_ACTIVE views = 8 weight = 0.75 mean_abs_feat_delta = 0.228889\n"}
,{"stream_name":"stdout","time":2642.830292265,"data":"EDGE_TTA_ACTIVE views = 8 mean_abs_feat_delta = 0.307853\n"}
,{"stream_name":"stdout","time":2643.214286262,"data":"EDGE_TTA_ACTIVE views = 8 mean_abs_feat_delta = 0.226664\n"}
,{"stream_name":"stdout","time":2643.863292684,"data":"SECONDARY_EDGE_TTA_ACTIVE views = 8 weight = 0.75 mean_abs_feat_delta = 0.307853\n"}
,{"stream_name":"stdout","time":2644.217437345,"data":"SECONDARY_EDGE_TTA_ACTIVE views = 8 weight = 0.75 mean_abs_feat_delta = 0.226664\n"}
,{"stream_name":"stdout","time":2645.173109551,"data":"EDGE_TTA_ACTIVE views = 8 mean_abs_feat_delta = 0.310656\n"}
,{"stream_name":"stdout","time":2645.448887817,"data":"EDGE_TTA_ACTIVE views = 8 mean_abs_feat_delta = 0.228036\n"}
,{"stream_name":"stdout","time":2646.337293295,"data":"SECONDARY_EDGE_TTA_ACTIVE views = 8 weight = 0.75 mean_abs_feat_delta = 0.310656\n"}
,{"stream_name":"stdout","time":2646.449224837,"data":"SECONDARY_EDGE_TTA_ACTIVE views = 8 weight = 0.75 mean_abs_feat_delta = 0.228036\n"}
,{"stream_name":"stdout","time":2647.528242616,"data":"EDGE_TTA_ACTIVE views = 8 mean_abs_feat_delta = 0.313197\n"}
,{"stream_name":"stdout","time":2647.666934608,"data":"EDGE_TTA_ACTIVE views = 8 mean_abs_feat_delta = 0.226492\n"}
,{"stream_name":"stdout","time":2648.567040691,"data":"SECONDARY_EDGE_TTA_ACTIVE views = 8 weight = 0.75 mean_abs_feat_delta = 0.313197\n"}
,{"stream_name":"stdout","time":2648.672776111,"data":"SECONDARY_EDGE_TTA_ACTIVE views = 8 weight = 0.75 mean_abs_feat_delta = 0.226492\n"}
,{"stream_name":"stdout","time":2649.885070531,"data":"EDGE_TTA_ACTIVE views = 8 mean_abs_feat_delta = 0.310736\n"}
,{"stream_name":"stdout","time":2649.908035461,"data":"EDGE_TTA_ACTIVE views = 8 mean_abs_feat_delta = 0.22912\n"}
,{"stream_name":"stdout","time":2650.91667179,"data":"SECONDARY_EDGE_TTA_ACTIVE views = 8 weight = 0.75 mean_abs_feat_delta = 0.22912\n"}
,{"stream_name":"stdout","time":2650.929132709,"data":"SECONDARY_EDGE_TTA_ACTIVE views = 8 weight = 0.75 mean_abs_feat_delta = 0.310736\n"}
,{"stream_name":"stdout","time":2652.210054709,"data":"EDGE_TTA_ACTIVE views = 8 mean_abs_feat_delta = 0.231621\n"}
,{"stream_name":"stdout","time":2652.313365772,"data":"EDGE_TTA_ACTIVE views = 8 mean_abs_feat_delta = 0.309336\n"}
,{"stream_name":"stdout","time":2653.220387977,"data":"SECONDARY_EDGE_TTA_ACTIVE views = 8 weight = 0.75 mean_abs_feat_delta = 0.231621\n"}
,{"stream_name":"stdout","time":2653.361623106,"data":"SECONDARY_EDGE_TTA_ACTIVE views = 8 weight = 0.75 mean_abs_feat_delta = 0.309336\n"}
,{"stream_name":"stdout","time":2654.446259333,"data":"EDGE_TTA_ACTIVE views = 8 mean_abs_feat_delta = 0.233145\n"}
,{"stream_name":"stdout","time":2654.697799266,"data":"EDGE_TTA_ACTIVE views = 8 mean_abs_feat_delta = 0.311457\n"}
,{"stream_name":"stdout","time":2655.463611246,"data":"SECONDARY_EDGE_TTA_ACTIVE views = 8 weight = 0.75 mean_abs_feat_delta = 0.233145\n"}
,{"stream_name":"stdout","time":2655.754473685,"data":"SECONDARY_EDGE_TTA_ACTIVE views = 8 weight = 0.75 mean_abs_feat_delta = 0.311457\n"}
,{"stream_name":"stdout","time":2656.691885809,"data":"EDGE_TTA_ACTIVE views = 8 mean_abs_feat_delta = 0.233452\n"}
,{"stream_name":"stdout","time":2657.103579059,"data":"EDGE_TTA_ACTIVE views = 8 mean_abs_feat_delta = 0.312486\n"}
,{"stream_name":"stdout","time":2657.712793353,"data":"SECONDARY_EDGE_TTA_ACTIVE views = 8 weight = 0.75 mean_abs_feat_delta = 0.233452\n"}
,{"stream_name":"stdout","time":2658.164500042,"data":"SECONDARY_EDGE_TTA_ACTIVE views = 8 weight = 0.75 mean_abs_feat_delta = 0.312486\n"}
,{"stream_name":"stdout","time":2659.011376716,"data":"EDGE_TTA_ACTIVE views = 8 mean_abs_feat_delta = 0.224051\n"}
,{"stream_name":"stdout","time":2659.541047327,"data":"EDGE_TTA_ACTIVE views = 8 mean_abs_feat_delta = 0.311534\n"}
,{"stream_name":"stdout","time":2660.043735228,"data":"SECONDARY_EDGE_TTA_ACTIVE views = 8 weight = 0.75 mean_abs_feat_delta = 0.224051\n"}
,{"stream_name":"stdout","time":2660.609709376,"data":"SECONDARY_EDGE_TTA_ACTIVE views = 8 weight = 0.75 mean_abs_feat_delta = 0.311534\n"}
,{"stream_name":"stdout","time":2661.28561788,"data":"EDGE_TTA_ACTIVE views = 8 mean_abs_feat_delta = 0.226952\n"}
,{"stream_name":"stdout","time":2661.973993018,"data":"EDGE_TTA_ACTIVE views = 8 mean_abs_feat_delta = 0.312719\n"}
,{"stream_name":"stdout","time":2662.324828161,"data":"SECONDARY_EDGE_TTA_ACTIVE views = 8 weight = 0.75 mean_abs_feat_delta = 0.226952\n"}
,{"stream_name":"stdout","time":2663.047538754,"data":"SECONDARY_EDGE_TTA_ACTIVE views = 8 weight = 0.75 mean_abs_feat_delta = 0.312719\n"}
,{"stream_name":"stdout","time":2663.55321543,"data":"EDGE_TTA_ACTIVE views = 8 mean_abs_feat_delta = 0.232349\n"}
,{"stream_name":"stdout","time":2664.459279276,"data":"EDGE_TTA_ACTIVE views = 8 mean_abs_feat_delta = 0.311749\n"}
,{"stream_name":"stdout","time":2664.602415658,"data":"SECONDARY_EDGE_TTA_ACTIVE views = 8 weight = 0.75 mean_abs_feat_delta = 0.232349\n"}
,{"stream_name":"stdout","time":2665.545590006,"data":"SECONDARY_EDGE_TTA_ACTIVE views = 8 weight = 0.75 mean_abs_feat_delta = 0.311749\n"}
,{"stream_name":"stdout","time":2665.85778542,"data":"EDGE_TTA_ACTIVE views = 8 mean_abs_feat_delta = 0.233594\n"}
,{"stream_name":"stdout","time":2666.913836038,"data":"SECONDARY_EDGE_TTA_ACTIVE views = 8 weight = 0.75 mean_abs_feat_delta = 0.233594\n"}
,{"stream_name":"stdout","time":2666.925463613,"data":"EDGE_TTA_ACTIVE views = 8 mean_abs_feat_delta = 0.311884\n"}
,{"stream_name":"stdout","time":2668.019683283,"data":"SECONDARY_EDGE_TTA_ACTIVE views = 8 weight = 0.75 mean_abs_feat_delta = 0.311884\n"}
,{"stream_name":"stdout","time":2668.17446739,"data":"EDGE_TTA_ACTIVE views = 8 mean_abs_feat_delta = 0.233998\n"}
,{"stream_name":"stdout","time":2669.249593844,"data":"SECONDARY_EDGE_TTA_ACTIVE views = 8 weight = 0.75 mean_abs_feat_delta = 0.233998\n"}
,{"stream_name":"stdout","time":2669.421118705,"data":"EDGE_TTA_ACTIVE views = 8 mean_abs_feat_delta = 0.312028\n"}
,{"stream_name":"stdout","time":2670.525331922,"data":"SECONDARY_EDGE_TTA_ACTIVE views = 8 weight = 0.75 mean_abs_feat_delta = 0.312028\n"}
,{"stream_name":"stdout","time":2670.530101137,"data":"EDGE_TTA_ACTIVE views = 8 mean_abs_feat_delta = 0.233932\n"}
,{"stream_name":"stdout","time":2671.60368896,"data":"SECONDARY_EDGE_TTA_ACTIVE views = 8 weight = 0.75 mean_abs_feat_delta = 0.233932\n"}
,{"stream_name":"stdout","time":2671.956868308,"data":"EDGE_TTA_ACTIVE views = 8 mean_abs_feat_delta = 0.310284\n"}
,{"stream_name":"stdout","time":2672.880409538,"data":"EDGE_TTA_ACTIVE views = 8 mean_abs_feat_delta = 0.235196\n"}
,{"stream_name":"stdout","time":2673.069641673,"data":"SECONDARY_EDGE_TTA_ACTIVE views = 8 weight = 0.75 mean_abs_feat_delta = 0.310284\n"}
,{"stream_name":"stdout","time":2673.963383484,"data":"SECONDARY_EDGE_TTA_ACTIVE views = 8 weight = 0.75 mean_abs_feat_delta = 0.235196\n"}
,{"stream_name":"stdout","time":2674.473877234,"data":"EDGE_TTA_ACTIVE views = 8 mean_abs_feat_delta = 0.312411\n"}
,{"stream_name":"stdout","time":2675.223165217,"data":"EDGE_TTA_ACTIVE views = 8 mean_abs_feat_delta = 0.235014\n"}
,{"stream_name":"stdout","time":2675.571830841,"data":"SECONDARY_EDGE_TTA_ACTIVE views = 8 weight = 0.75 mean_abs_feat_delta = 0.312411\n"}
,{"stream_name":"stdout","time":2676.302876682,"data":"SECONDARY_EDGE_TTA_ACTIVE views = 8 weight = 0.75 mean_abs_feat_delta = 0.235014\n"}
,{"stream_name":"stdout","time":2677.161568201,"data":"EDGE_TTA_ACTIVE views = 8 mean_abs_feat_delta = 0.31365\n"}
,{"stream_name":"stdout","time":2677.59031535,"data":"EDGE_TTA_ACTIVE views = 8 mean_abs_feat_delta = 0.234849\n"}
,{"stream_name":"stdout","time":2678.135702269,"data":"SECONDARY_EDGE_TTA_ACTIVE views = 8 weight = 0.75 mean_abs_feat_delta = 0.31365\n"}
,{"stream_name":"stdout","time":2678.666333754,"data":"SECONDARY_EDGE_TTA_ACTIVE views = 8 weight = 0.75 mean_abs_feat_delta = 0.234849\n"}
,{"stream_name":"stdout","time":2679.518907914,"data":"EDGE_TTA_ACTIVE views = 8 mean_abs_feat_delta = 0.310666\n"}
,{"stream_name":"stdout","time":2679.952744057,"data":"EDGE_TTA_ACTIVE views = 8 mean_abs_feat_delta = 0.230279\n"}
,{"stream_name":"stdout","time":2680.61373515,"data":"SECONDARY_EDGE_TTA_ACTIVE views = 8 weight = 0.75 mean_abs_feat_delta = 0.310666\n"}
,{"stream_name":"stdout","time":2681.025645122,"data":"SECONDARY_EDGE_TTA_ACTIVE views = 8 weight = 0.75 mean_abs_feat_delta = 0.230279\n"}
,{"stream_name":"stdout","time":2682.022322502,"data":"EDGE_TTA_ACTIVE views = 8 mean_abs_feat_delta = 0.309788\n"}
,{"stream_name":"stdout","time":2682.317368085,"data":"EDGE_TTA_ACTIVE views = 8 mean_abs_feat_delta = 0.226858\n"}
,{"stream_name":"stdout","time":2683.113195559,"data":"SECONDARY_EDGE_TTA_ACTIVE views = 8 weight = 0.75 mean_abs_feat_delta = 0.309788\n"}
,{"stream_name":"stdout","time":2683.376102618,"data":"SECONDARY_EDGE_TTA_ACTIVE views = 8 weight = 0.75 mean_abs_feat_delta = 0.226858\n"}
,{"stream_name":"stdout","time":2684.565161575,"data":"EDGE_TTA_ACTIVE views = 8 mean_abs_feat_delta = 0.312565\n"}
,{"stream_name":"stdout","time":2684.63982667,"data":"EDGE_TTA_ACTIVE views = 8 mean_abs_feat_delta = 0.227705\n"}
,{"stream_name":"stdout","time":2685.647442925,"data":"SECONDARY_EDGE_TTA_ACTIVE views = 8 weight = 0.75 mean_abs_feat_delta = 0.312565\n"}
,{"stream_name":"stdout","time":2685.691657331,"data":"SECONDARY_EDGE_TTA_ACTIVE views = 8 weight = 0.75 mean_abs_feat_delta = 0.227705\n"}
,{"stream_name":"stdout","time":2686.937534477,"data":"EDGE_TTA_ACTIVE views = 8 mean_abs_feat_delta = 0.227928\n"}
,{"stream_name":"stdout","time":2687.042525954,"data":"EDGE_TTA_ACTIVE views = 8 mean_abs_feat_delta = 0.310592\n"}
,{"stream_name":"stdout","time":2687.982719776,"data":"SECONDARY_EDGE_TTA_ACTIVE views = 8 weight = 0.75 mean_abs_feat_delta = 0.227928\n"}
,{"stream_name":"stdout","time":2688.117823778,"data":"SECONDARY_EDGE_TTA_ACTIVE views = 8 weight = 0.75 mean_abs_feat_delta = 0.310592\n"}
,{"stream_name":"stdout","time":2689.24521162,"data":"EDGE_TTA_ACTIVE views = 8 mean_abs_feat_delta = 0.226676\n"}
,{"stream_name":"stdout","time":2689.521004857,"data":"EDGE_TTA_ACTIVE views = 8 mean_abs_feat_delta = 0.308724\n"}
,{"stream_name":"stdout","time":2690.285658292,"data":"SECONDARY_EDGE_TTA_ACTIVE views = 8 weight = 0.75 mean_abs_feat_delta = 0.226676\n"}
,{"stream_name":"stdout","time":2690.595544231,"data":"SECONDARY_EDGE_TTA_ACTIVE views = 8 weight = 0.75 mean_abs_feat_delta = 0.308724\n"}
,{"stream_name":"stdout","time":2691.530308761,"data":"EDGE_TTA_ACTIVE views = 8 mean_abs_feat_delta = 0.228404\n"}
,{"stream_name":"stdout","time":2692.017432919,"data":"EDGE_TTA_ACTIVE views = 8 mean_abs_feat_delta = 0.309709\n"}
,{"stream_name":"stdout","time":2692.568001715,"data":"SECONDARY_EDGE_TTA_ACTIVE views = 8 weight = 0.75 mean_abs_feat_delta = 0.228404\n"}
,{"stream_name":"stdout","time":2693.092927777,"data":"SECONDARY_EDGE_TTA_ACTIVE views = 8 weight = 0.75 mean_abs_feat_delta = 0.309709\n"}
,{"stream_name":"stdout","time":2693.802095506,"data":"EDGE_TTA_ACTIVE views = 8 mean_abs_feat_delta = 0.224013\n"}
,{"stream_name":"stdout","time":2694.836374355,"data":"SECONDARY_EDGE_TTA_ACTIVE views = 8 weight = 0.75 mean_abs_feat_delta = 0.224013\n"}
,{"stream_name":"stdout","time":2696.09134912,"data":"EDGE_TTA_ACTIVE views = 8 mean_abs_feat_delta = 0.227171\n"}
,{"stream_name":"stdout","time":2697.121624822,"data":"SECONDARY_EDGE_TTA_ACTIVE views = 8 weight = 0.75 mean_abs_feat_delta = 0.227171\n"}
,{"stream_name":"stdout","time":2698.534776215,"data":"EDGE_TTA_ACTIVE views = 8 mean_abs_feat_delta = 0.226252\n"}
,{"stream_name":"stdout","time":2699.564905967,"data":"SECONDARY_EDGE_TTA_ACTIVE views = 8 weight = 0.75 mean_abs_feat_delta = 0.226252\n"}
,{"stream_name":"stdout","time":2700.943381537,"data":"EDGE_TTA_ACTIVE views = 8 mean_abs_feat_delta = 0.226353\n"}
,{"stream_name":"stdout","time":2701.967544481,"data":"SECONDARY_EDGE_TTA_ACTIVE views = 8 weight = 0.75 mean_abs_feat_delta = 0.226353\n"}
,{"stream_name":"stdout","time":2703.362998795,"data":"EDGE_TTA_ACTIVE views = 8 mean_abs_feat_delta = 0.228265\n"}
,{"stream_name":"stdout","time":2704.382117795,"data":"SECONDARY_EDGE_TTA_ACTIVE views = 8 weight = 0.75 mean_abs_feat_delta = 0.228265\n"}
,{"stream_name":"stdout","time":2705.944616196,"data":"EDGE_TTA_ACTIVE views = 8 mean_abs_feat_delta = 0.230451\n"}
,{"stream_name":"stdout","time":2706.961479765,"data":"SECONDARY_EDGE_TTA_ACTIVE views = 8 weight = 0.75 mean_abs_feat_delta = 0.230451\n"}
,{"stream_name":"stdout","time":2708.512466984,"data":"EDGE_TTA_ACTIVE views = 8 mean_abs_feat_delta = 0.230256\n"}
,{"stream_name":"stdout","time":2709.39193629,"data":"SECONDARY_EDGE_TTA_ACTIVE views = 8 weight = 0.75 mean_abs_feat_delta = 0.230256\n"}
,{"stream_name":"stdout","time":2710.805988987,"data":"EDGE_TTA_ACTIVE views = 8 mean_abs_feat_delta = 0.229599\n"}
,{"stream_name":"stdout","time":2711.819972895,"data":"SECONDARY_EDGE_TTA_ACTIVE views = 8 weight = 0.75 mean_abs_feat_delta = 0.229599\n"}
,{"stream_name":"stdout","time":2713.146907523,"data":"EDGE_TTA_ACTIVE views = 8 mean_abs_feat_delta = 0.233258\n"}
,{"stream_name":"stdout","time":2714.15382303,"data":"SECONDARY_EDGE_TTA_ACTIVE views = 8 weight = 0.75 mean_abs_feat_delta = 0.233258\n"}
,{"stream_name":"stdout","time":2715.389616249,"data":"EDGE_TTA_ACTIVE views = 8 mean_abs_feat_delta = 0.23738\n"}
,{"stream_name":"stdout","time":2716.398015918,"data":"SECONDARY_EDGE_TTA_ACTIVE views = 8 weight = 0.75 mean_abs_feat_delta = 0.23738\n"}
,{"stream_name":"stdout","time":2717.597762707,"data":"EDGE_TTA_ACTIVE views = 8 mean_abs_feat_delta = 0.229858\n"}
,{"stream_name":"stdout","time":2718.605201284,"data":"SECONDARY_EDGE_TTA_ACTIVE views = 8 weight = 0.75 mean_abs_feat_delta = 0.229858\n"}
,{"stream_name":"stdout","time":2719.810566761,"data":"EDGE_TTA_ACTIVE views = 8 mean_abs_feat_delta = 0.232668\n"}
,{"stream_name":"stdout","time":2720.820378966,"data":"SECONDARY_EDGE_TTA_ACTIVE views = 8 weight = 0.75 mean_abs_feat_delta = 0.232668\n"}
,{"stream_name":"stdout","time":2722.080222938,"data":"EDGE_TTA_ACTIVE views = 8 mean_abs_feat_delta = 0.233213\n"}
,{"stream_name":"stdout","time":2723.094064504,"data":"SECONDARY_EDGE_TTA_ACTIVE views = 8 weight = 0.75 mean_abs_feat_delta = 0.233213\n"}
,{"stream_name":"stdout","time":2724.314092078,"data":"EDGE_TTA_ACTIVE views = 8 mean_abs_feat_delta = 0.232709\n"}
,{"stream_name":"stdout","time":2725.328138741,"data":"SECONDARY_EDGE_TTA_ACTIVE views = 8 weight = 0.75 mean_abs_feat_delta = 0.232709\n"}
,{"stream_name":"stdout","time":2726.545454669,"data":"EDGE_TTA_ACTIVE views = 8 mean_abs_feat_delta = 0.235328\n"}
,{"stream_name":"stdout","time":2727.561601182,"data":"SECONDARY_EDGE_TTA_ACTIVE views = 8 weight = 0.75 mean_abs_feat_delta = 0.235328\n"}
,{"stream_name":"stdout","time":2728.773879235,"data":"EDGE_TTA_ACTIVE views = 8 mean_abs_feat_delta = 0.23312\n"}
,{"stream_name":"stdout","time":2729.794142394,"data":"SECONDARY_EDGE_TTA_ACTIVE views = 8 weight = 0.75 mean_abs_feat_delta = 0.23312\n"}
,{"stream_name":"stdout","time":2731.039702974,"data":"EDGE_TTA_ACTIVE views = 8 mean_abs_feat_delta = 0.239952\n"}
,{"stream_name":"stdout","time":2732.059198133,"data":"SECONDARY_EDGE_TTA_ACTIVE views = 8 weight = 0.75 mean_abs_feat_delta = 0.239952\n"}
,{"stream_name":"stdout","time":2733.277708662,"data":"EDGE_TTA_ACTIVE views = 8 mean_abs_feat_delta = 0.230936\n"}
,{"stream_name":"stdout","time":2734.30153405,"data":"SECONDARY_EDGE_TTA_ACTIVE views = 8 weight = 0.75 mean_abs_feat_delta = 0.230936\n"}
,{"stream_name":"stdout","time":2735.524374374,"data":"EDGE_TTA_ACTIVE views = 8 mean_abs_feat_delta = 0.235699\n"}
,{"stream_name":"stdout","time":2736.55664579,"data":"SECONDARY_EDGE_TTA_ACTIVE views = 8 weight = 0.75 mean_abs_feat_delta = 0.235699\n"}
,{"stream_name":"stdout","time":2737.829174419,"data":"EDGE_TTA_ACTIVE views = 8 mean_abs_feat_delta = 0.238482\n"}
,{"stream_name":"stdout","time":2739.009154902,"data":"SECONDARY_EDGE_TTA_ACTIVE views = 8 weight = 0.75 mean_abs_feat_delta = 0.238482\n"}
,{"stream_name":"stdout","time":2740.180977927,"data":"EDGE_TTA_ACTIVE views = 8 mean_abs_feat_delta = 0.221986\n"}
,{"stream_name":"stdout","time":2741.214883192,"data":"SECONDARY_EDGE_TTA_ACTIVE views = 8 weight = 0.75 mean_abs_feat_delta = 0.221986\n"}
,{"stream_name":"stdout","time":2742.479035922,"data":"EDGE_TTA_ACTIVE views = 8 mean_abs_feat_delta = 0.221292\n"}
,{"stream_name":"stdout","time":2743.517427264,"data":"SECONDARY_EDGE_TTA_ACTIVE views = 8 weight = 0.75 mean_abs_feat_delta = 0.221292\n"}
,{"stream_name":"stdout","time":2744.785538746,"data":"EDGE_TTA_ACTIVE views = 8 mean_abs_feat_delta = 0.232142\n"}
,{"stream_name":"stdout","time":2745.823182403,"data":"SECONDARY_EDGE_TTA_ACTIVE views = 8 weight = 0.75 mean_abs_feat_delta = 0.232142\n"}
,{"stream_name":"stdout","time":2747.069628253,"data":"EDGE_TTA_ACTIVE views = 8 mean_abs_feat_delta = 0.233056\n"}
,{"stream_name":"stdout","time":2748.107424685,"data":"SECONDARY_EDGE_TTA_ACTIVE views = 8 weight = 0.75 mean_abs_feat_delta = 0.233056\n"}
,{"stream_name":"stdout","time":2749.368957259,"data":"EDGE_TTA_ACTIVE views = 8 mean_abs_feat_delta = 0.22843\n"}
,{"stream_name":"stdout","time":2750.409722613,"data":"SECONDARY_EDGE_TTA_ACTIVE views = 8 weight = 0.75 mean_abs_feat_delta = 0.22843\n"}
,{"stream_name":"stdout","time":2751.672159383,"data":"EDGE_TTA_ACTIVE views = 8 mean_abs_feat_delta = 0.239622\n"}
,{"stream_name":"stdout","time":2752.710878915,"data":"SECONDARY_EDGE_TTA_ACTIVE views = 8 weight = 0.75 mean_abs_feat_delta = 0.239622\n"}
,{"stream_name":"stdout","time":2753.94701401,"data":"EDGE_TTA_ACTIVE views = 8 mean_abs_feat_delta = 0.23904\n"}
,{"stream_name":"stdout","time":2754.984809041,"data":"SECONDARY_EDGE_TTA_ACTIVE views = 8 weight = 0.75 mean_abs_feat_delta = 0.23904\n"}
,{"stream_name":"stdout","time":2756.222902838,"data":"EDGE_TTA_ACTIVE views = 8 mean_abs_feat_delta = 0.230119\n"}
,{"stream_name":"stdout","time":2757.26538571,"data":"SECONDARY_EDGE_TTA_ACTIVE views = 8 weight = 0.75 mean_abs_feat_delta = 0.230119\n"}
,{"stream_name":"stdout","time":2758.502487016,"data":"EDGE_TTA_ACTIVE views = 8 mean_abs_feat_delta = 0.173487\n"}
,{"stream_name":"stdout","time":2758.527864285,"data":"EDGE_TTA_ACTIVE views = 8 mean_abs_feat_delta = 0.237305\n"}
,{"stream_name":"stdout","time":2759.461187055,"data":"SECONDARY_EDGE_TTA_ACTIVE views = 8 weight = 0.75 mean_abs_feat_delta = 0.173487\n"}
,{"stream_name":"stdout","time":2759.563682816,"data":"SECONDARY_EDGE_TTA_ACTIVE views = 8 weight = 0.75 mean_abs_feat_delta = 0.237305\n"}
,{"stream_name":"stdout","time":2760.51334887,"data":"EDGE_TTA_ACTIVE views = 8 mean_abs_feat_delta = 0.172894\n"}
,{"stream_name":"stdout","time":2760.805006594,"data":"EDGE_TTA_ACTIVE views = 8 mean_abs_feat_delta = 0.244665\n"}
,{"stream_name":"stdout","time":2761.476287946,"data":"SECONDARY_EDGE_TTA_ACTIVE views = 8 weight = 0.75 mean_abs_feat_delta = 0.172894\n"}
,{"stream_name":"stdout","time":2761.841844384,"data":"SECONDARY_EDGE_TTA_ACTIVE views = 8 weight = 0.75 mean_abs_feat_delta = 0.244665\n"}
,{"stream_name":"stdout","time":2762.518490769,"data":"EDGE_TTA_ACTIVE views = 8 mean_abs_feat_delta = 0.169211\n"}
,{"stream_name":"stdout","time":2763.077451077,"data":"EDGE_TTA_ACTIVE views = 8 mean_abs_feat_delta = 0.239691\n"}
,{"stream_name":"stdout","time":2763.493504797,"data":"SECONDARY_EDGE_TTA_ACTIVE views = 8 weight = 0.75 mean_abs_feat_delta = 0.169211\n"}
,{"stream_name":"stdout","time":2764.11330961,"data":"SECONDARY_EDGE_TTA_ACTIVE views = 8 weight = 0.75 mean_abs_feat_delta = 0.239691\n"}
,{"stream_name":"stdout","time":2764.5693035,"data":"EDGE_TTA_ACTIVE views = 8 mean_abs_feat_delta = 0.166994\n"}
,{"stream_name":"stdout","time":2765.34054061,"data":"EDGE_TTA_ACTIVE views = 8 mean_abs_feat_delta = 0.239662\n"}
,{"stream_name":"stdout","time":2765.541819179,"data":"SECONDARY_EDGE_TTA_ACTIVE views = 8 weight = 0.75 mean_abs_feat_delta = 0.166994\n"}
,{"stream_name":"stdout","time":2766.372867023,"data":"SECONDARY_EDGE_TTA_ACTIVE views = 8 weight = 0.75 mean_abs_feat_delta = 0.239662\n"}
,{"stream_name":"stdout","time":2766.594702028,"data":"EDGE_TTA_ACTIVE views = 8 mean_abs_feat_delta = 0.168224\n"}
,{"stream_name":"stdout","time":2767.586134373,"data":"SECONDARY_EDGE_TTA_ACTIVE views = 8 weight = 0.75 mean_abs_feat_delta = 0.168224\n"}
,{"stream_name":"stdout","time":2767.616643952,"data":"EDGE_TTA_ACTIVE views = 8 mean_abs_feat_delta = 0.238443\n"}
,{"stream_name":"stdout","time":2768.641499945,"data":"EDGE_TTA_ACTIVE views = 8 mean_abs_feat_delta = 0.16883\n"}
,{"stream_name":"stdout","time":2768.649018342,"data":"SECONDARY_EDGE_TTA_ACTIVE views = 8 weight = 0.75 mean_abs_feat_delta = 0.238443\n"}
,{"stream_name":"stdout","time":2769.753275908,"data":"SECONDARY_EDGE_TTA_ACTIVE views = 8 weight = 0.75 mean_abs_feat_delta = 0.16883\n"}
,{"stream_name":"stdout","time":2769.888634455,"data":"EDGE_TTA_ACTIVE views = 8 mean_abs_feat_delta = 0.239037\n"}
,{"stream_name":"stdout","time":2770.716090353,"data":"EDGE_TTA_ACTIVE views = 8 mean_abs_feat_delta = 0.171395\n"}
,{"stream_name":"stdout","time":2770.918477083,"data":"SECONDARY_EDGE_TTA_ACTIVE views = 8 weight = 0.75 mean_abs_feat_delta = 0.239037\n"}
,{"stream_name":"stdout","time":2771.691664394,"data":"SECONDARY_EDGE_TTA_ACTIVE views = 8 weight = 0.75 mean_abs_feat_delta = 0.171395\n"}
,{"stream_name":"stdout","time":2772.180240339,"data":"EDGE_TTA_ACTIVE views = 8 mean_abs_feat_delta = 0.23435\n"}
,{"stream_name":"stdout","time":2772.754172529,"data":"EDGE_TTA_ACTIVE views = 8 mean_abs_feat_delta = 0.170416\n"}
,{"stream_name":"stdout","time":2773.209248487,"data":"SECONDARY_EDGE_TTA_ACTIVE views = 8 weight = 0.75 mean_abs_feat_delta = 0.23435\n"}
,{"stream_name":"stdout","time":2773.736255655,"data":"SECONDARY_EDGE_TTA_ACTIVE views = 8 weight = 0.75 mean_abs_feat_delta = 0.170416\n"}
,{"stream_name":"stdout","time":2774.439348118,"data":"EDGE_TTA_ACTIVE views = 8 mean_abs_feat_delta = 0.237241\n"}
,{"stream_name":"stdout","time":2774.791705487,"data":"EDGE_TTA_ACTIVE views = 8 mean_abs_feat_delta = 0.171633\n"}
,{"stream_name":"stdout","time":2775.471905547,"data":"SECONDARY_EDGE_TTA_ACTIVE views = 8 weight = 0.75 mean_abs_feat_delta = 0.237241\n"}
,{"stream_name":"stdout","time":2775.764537783,"data":"SECONDARY_EDGE_TTA_ACTIVE views = 8 weight = 0.75 mean_abs_feat_delta = 0.171633\n"}
,{"stream_name":"stdout","time":2776.730527371,"data":"EDGE_TTA_ACTIVE views = 8 mean_abs_feat_delta = 0.237542\n"}
,{"stream_name":"stdout","time":2776.837044696,"data":"EDGE_TTA_ACTIVE views = 8 mean_abs_feat_delta = 0.169619\n"}
,{"stream_name":"stdout","time":2777.763720432,"data":"SECONDARY_EDGE_TTA_ACTIVE views = 8 weight = 0.75 mean_abs_feat_delta = 0.237542\n"}
,{"stream_name":"stdout","time":2777.792497176,"data":"SECONDARY_EDGE_TTA_ACTIVE views = 8 weight = 0.75 mean_abs_feat_delta = 0.169619\n"}
,{"stream_name":"stdout","time":2778.863655979,"data":"EDGE_TTA_ACTIVE views = 8 mean_abs_feat_delta = 0.167041\n"}
,{"stream_name":"stdout","time":2778.988491989,"data":"EDGE_TTA_ACTIVE views = 8 mean_abs_feat_delta = 0.23556\n"}
,{"stream_name":"stdout","time":2779.85075186,"data":"SECONDARY_EDGE_TTA_ACTIVE views = 8 weight = 0.75 mean_abs_feat_delta = 0.167041\n"}
,{"stream_name":"stdout","time":2780.018199279,"data":"SECONDARY_EDGE_TTA_ACTIVE views = 8 weight = 0.75 mean_abs_feat_delta = 0.23556\n"}
,{"stream_name":"stdout","time":2780.914386387,"data":"EDGE_TTA_ACTIVE views = 8 mean_abs_feat_delta = 0.164863\n"}
,{"stream_name":"stdout","time":2781.28898493,"data":"EDGE_TTA_ACTIVE views = 8 mean_abs_feat_delta = 0.234903\n"}
,{"stream_name":"stdout","time":2781.905404486,"data":"SECONDARY_EDGE_TTA_ACTIVE views = 8 weight = 0.75 mean_abs_feat_delta = 0.164863\n"}
,{"stream_name":"stdout","time":2782.32022917,"data":"SECONDARY_EDGE_TTA_ACTIVE views = 8 weight = 0.75 mean_abs_feat_delta = 0.234903\n"}
,{"stream_name":"stdout","time":2782.998676999,"data":"EDGE_TTA_ACTIVE views = 8 mean_abs_feat_delta = 0.163502\n"}
,{"stream_name":"stdout","time":2783.520340647,"data":"EDGE_TTA_ACTIVE views = 8 mean_abs_feat_delta = 0.23855\n"}
,{"stream_name":"stdout","time":2783.992677027,"data":"SECONDARY_EDGE_TTA_ACTIVE views = 8 weight = 0.75 mean_abs_feat_delta = 0.163502\n"}
,{"stream_name":"stdout","time":2784.55499203,"data":"SECONDARY_EDGE_TTA_ACTIVE views = 8 weight = 0.75 mean_abs_feat_delta = 0.23855\n"}
,{"stream_name":"stdout","time":2785.067372938,"data":"EDGE_TTA_ACTIVE views = 8 mean_abs_feat_delta = 0.166547\n"}
,{"stream_name":"stdout","time":2785.752496935,"data":"EDGE_TTA_ACTIVE views = 8 mean_abs_feat_delta = 0.241211\n"}
,{"stream_name":"stdout","time":2786.060656344,"data":"SECONDARY_EDGE_TTA_ACTIVE views = 8 weight = 0.75 mean_abs_feat_delta = 0.166547\n"}
,{"stream_name":"stdout","time":2786.783415835,"data":"SECONDARY_EDGE_TTA_ACTIVE views = 8 weight = 0.75 mean_abs_feat_delta = 0.241211\n"}
,{"stream_name":"stdout","time":2787.124865295,"data":"EDGE_TTA_ACTIVE views = 8 mean_abs_feat_delta = 0.167305\n"}
,{"stream_name":"stdout","time":2787.987708162,"data":"EDGE_TTA_ACTIVE views = 8 mean_abs_feat_delta = 0.241461\n"}
,{"stream_name":"stdout","time":2788.120320947,"data":"SECONDARY_EDGE_TTA_ACTIVE views = 8 weight = 0.75 mean_abs_feat_delta = 0.167305\n"}
,{"stream_name":"stdout","time":2789.019613438,"data":"SECONDARY_EDGE_TTA_ACTIVE views = 8 weight = 0.75 mean_abs_feat_delta = 0.241461\n"}
,{"stream_name":"stdout","time":2789.191132333,"data":"EDGE_TTA_ACTIVE views = 8 mean_abs_feat_delta = 0.168488\n"}
,{"stream_name":"stdout","time":2790.185553842,"data":"SECONDARY_EDGE_TTA_ACTIVE views = 8 weight = 0.75 mean_abs_feat_delta = 0.168488\n"}
,{"stream_name":"stdout","time":2790.246739248,"data":"EDGE_TTA_ACTIVE views = 8 mean_abs_feat_delta = 0.23899\n"}
,{"stream_name":"stdout","time":2791.273982731,"data":"EDGE_TTA_ACTIVE views = 8 mean_abs_feat_delta = 0.16994\n"}
,{"stream_name":"stdout","time":2791.28031619,"data":"SECONDARY_EDGE_TTA_ACTIVE views = 8 weight = 0.75 mean_abs_feat_delta = 0.23899\n"}
,{"stream_name":"stdout","time":2792.273026603,"data":"SECONDARY_EDGE_TTA_ACTIVE views = 8 weight = 0.75 mean_abs_feat_delta = 0.16994\n"}
,{"stream_name":"stdout","time":2792.486881731,"data":"EDGE_TTA_ACTIVE views = 8 mean_abs_feat_delta = 0.242435\n"}
,{"stream_name":"stdout","time":2793.380734878,"data":"EDGE_TTA_ACTIVE views = 8 mean_abs_feat_delta = 0.168732\n"}
,{"stream_name":"stdout","time":2793.522872173,"data":"SECONDARY_EDGE_TTA_ACTIVE views = 8 weight = 0.75 mean_abs_feat_delta = 0.242435\n"}
,{"stream_name":"stdout","time":2794.378251096,"data":"SECONDARY_EDGE_TTA_ACTIVE views = 8 weight = 0.75 mean_abs_feat_delta = 0.168732\n"}
,{"stream_name":"stdout","time":2795.454651204,"data":"EDGE_TTA_ACTIVE views = 8 mean_abs_feat_delta = 0.169622\n"}
,{"stream_name":"stdout","time":2796.463940644,"data":"SECONDARY_EDGE_TTA_ACTIVE views = 8 weight = 0.75 mean_abs_feat_delta = 0.169622\n"}
,{"stream_name":"stdout","time":2797.60015625,"data":"EDGE_TTA_ACTIVE views = 8 mean_abs_feat_delta = 0.170657\n"}
,{"stream_name":"stdout","time":2798.60959903,"data":"SECONDARY_EDGE_TTA_ACTIVE views = 8 weight = 0.75 mean_abs_feat_delta = 0.170657\n"}
,{"stream_name":"stdout","time":2799.735351811,"data":"EDGE_TTA_ACTIVE views = 8 mean_abs_feat_delta = 0.16974\n"}
,{"stream_name":"stdout","time":2800.93738862,"data":"SECONDARY_EDGE_TTA_ACTIVE views = 8 weight = 0.75 mean_abs_feat_delta = 0.16974\n"}
,{"stream_name":"stdout","time":2801.9433186,"data":"EDGE_TTA_ACTIVE views = 8 mean_abs_feat_delta = 0.169243\n"}
,{"stream_name":"stdout","time":2802.955433428,"data":"SECONDARY_EDGE_TTA_ACTIVE views = 8 weight = 0.75 mean_abs_feat_delta = 0.169243\n"}
,{"stream_name":"stdout","time":2804.09119547,"data":"EDGE_TTA_ACTIVE views = 8 mean_abs_feat_delta = 0.169181\n"}
,{"stream_name":"stdout","time":2805.106211481,"data":"SECONDARY_EDGE_TTA_ACTIVE views = 8 weight = 0.75 mean_abs_feat_delta = 0.169181\n"}
,{"stream_name":"stdout","time":2806.251093112,"data":"EDGE_TTA_ACTIVE views = 8 mean_abs_feat_delta = 0.169881\n"}
,{"stream_name":"stdout","time":2807.277136578,"data":"SECONDARY_EDGE_TTA_ACTIVE views = 8 weight = 0.75 mean_abs_feat_delta = 0.169881\n"}
,{"stream_name":"stdout","time":2808.418883906,"data":"EDGE_TTA_ACTIVE views = 8 mean_abs_feat_delta = 0.16908\n"}
,{"stream_name":"stdout","time":2809.443434931,"data":"SECONDARY_EDGE_TTA_ACTIVE views = 8 weight = 0.75 mean_abs_feat_delta = 0.16908\n"}
,{"stream_name":"stdout","time":2810.601781903,"data":"EDGE_TTA_ACTIVE views = 8 mean_abs_feat_delta = 0.166519\n"}
,{"stream_name":"stdout","time":2811.63088449,"data":"SECONDARY_EDGE_TTA_ACTIVE views = 8 weight = 0.75 mean_abs_feat_delta = 0.166519\n"}
,{"stream_name":"stdout","time":2812.782587986,"data":"EDGE_TTA_ACTIVE views = 8 mean_abs_feat_delta = 0.166367\n"}
,{"stream_name":"stdout","time":2813.807624587,"data":"SECONDARY_EDGE_TTA_ACTIVE views = 8 weight = 0.75 mean_abs_feat_delta = 0.166367\n"}
,{"stream_name":"stdout","time":2814.91279907,"data":"EDGE_TTA_ACTIVE views = 8 mean_abs_feat_delta = 0.168669\n"}
,{"stream_name":"stdout","time":2815.946407421,"data":"SECONDARY_EDGE_TTA_ACTIVE views = 8 weight = 0.75 mean_abs_feat_delta = 0.168669\n"}
,{"stream_name":"stdout","time":2817.059547196,"data":"EDGE_TTA_ACTIVE views = 8 mean_abs_feat_delta = 0.167166\n"}
,{"stream_name":"stdout","time":2818.097442939,"data":"SECONDARY_EDGE_TTA_ACTIVE views = 8 weight = 0.75 mean_abs_feat_delta = 0.167166\n"}
,{"stream_name":"stdout","time":2819.24443267,"data":"EDGE_TTA_ACTIVE views = 8 mean_abs_feat_delta = 0.166759\n"}
,{"stream_name":"stdout","time":2820.290555954,"data":"SECONDARY_EDGE_TTA_ACTIVE views = 8 weight = 0.75 mean_abs_feat_delta = 0.166759\n"}
,{"stream_name":"stdout","time":2821.429703603,"data":"EDGE_TTA_ACTIVE views = 8 mean_abs_feat_delta = 0.165802\n"}
,{"stream_name":"stdout","time":2822.478944335,"data":"SECONDARY_EDGE_TTA_ACTIVE views = 8 weight = 0.75 mean_abs_feat_delta = 0.165802\n"}
,{"stream_name":"stdout","time":2823.610109093,"data":"EDGE_TTA_ACTIVE views = 8 mean_abs_feat_delta = 0.165265\n"}
,{"stream_name":"stdout","time":2824.668804828,"data":"SECONDARY_EDGE_TTA_ACTIVE views = 8 weight = 0.75 mean_abs_feat_delta = 0.165265\n"}
,{"stream_name":"stdout","time":2825.813585458,"data":"EDGE_TTA_ACTIVE views = 8 mean_abs_feat_delta = 0.166477\n"}
,{"stream_name":"stdout","time":2826.87885601,"data":"SECONDARY_EDGE_TTA_ACTIVE views = 8 weight = 0.75 mean_abs_feat_delta = 0.166477\n"}
,{"stream_name":"stdout","time":2828.046384057,"data":"EDGE_TTA_ACTIVE views = 8 mean_abs_feat_delta = 0.168145\n"}
,{"stream_name":"stdout","time":2829.095457066,"data":"SECONDARY_EDGE_TTA_ACTIVE views = 8 weight = 0.75 mean_abs_feat_delta = 0.168145\n"}
,{"stream_name":"stdout","time":2830.249058598,"data":"EDGE_TTA_ACTIVE views = 8 mean_abs_feat_delta = 0.167303\n"}
,{"stream_name":"stdout","time":2831.453021906,"data":"SECONDARY_EDGE_TTA_ACTIVE views = 8 weight = 0.75 mean_abs_feat_delta = 0.167303\n"}
,{"stream_name":"stdout","time":2832.521129257,"data":"EDGE_TTA_ACTIVE views = 8 mean_abs_feat_delta = 0.173219\n"}
,{"stream_name":"stdout","time":2833.615970617,"data":"SECONDARY_EDGE_TTA_ACTIVE views = 8 weight = 0.75 mean_abs_feat_delta = 0.173219\n"}
,{"stream_name":"stdout","time":2834.783119912,"data":"EDGE_TTA_ACTIVE views = 8 mean_abs_feat_delta = 0.170146\n"}
,{"stream_name":"stdout","time":2835.251148036,"data":"EDGE_TTA_ACTIVE views = 8 mean_abs_feat_delta = 0.152181\n"}
,{"stream_name":"stdout","time":2835.872688749,"data":"SECONDARY_EDGE_TTA_ACTIVE views = 8 weight = 0.75 mean_abs_feat_delta = 0.170146\n"}
,{"stream_name":"stdout","time":2836.227575446,"data":"SECONDARY_EDGE_TTA_ACTIVE views = 8 weight = 0.75 mean_abs_feat_delta = 0.152181\n"}
,{"stream_name":"stdout","time":2837.053639586,"data":"EDGE_TTA_ACTIVE views = 8 mean_abs_feat_delta = 0.170146\n"}
,{"stream_name":"stdout","time":2837.359681326,"data":"EDGE_TTA_ACTIVE views = 8 mean_abs_feat_delta = 0.150825\n"}
,{"stream_name":"stdout","time":2838.157272592,"data":"SECONDARY_EDGE_TTA_ACTIVE views = 8 weight = 0.75 mean_abs_feat_delta = 0.170146\n"}
,{"stream_name":"stdout","time":2838.358785387,"data":"SECONDARY_EDGE_TTA_ACTIVE views = 8 weight = 0.75 mean_abs_feat_delta = 0.150825\n"}
,{"stream_name":"stdout","time":2839.378668427,"data":"EDGE_TTA_ACTIVE views = 8 mean_abs_feat_delta = 0.170146\n"}
,{"stream_name":"stdout","time":2839.474687474,"data":"EDGE_TTA_ACTIVE views = 8 mean_abs_feat_delta = 0.152192\n"}
,{"stream_name":"stdout","time":2840.475693315,"data":"SECONDARY_EDGE_TTA_ACTIVE views = 8 weight = 0.75 mean_abs_feat_delta = 0.152192\n"}
,{"stream_name":"stdout","time":2840.491676287,"data":"SECONDARY_EDGE_TTA_ACTIVE views = 8 weight = 0.75 mean_abs_feat_delta = 0.170146\n"}
,{"stream_name":"stdout","time":2841.653898908,"data":"EDGE_TTA_ACTIVE views = 8 mean_abs_feat_delta = 0.151446\n"}
,{"stream_name":"stdout","time":2841.698185391,"data":"EDGE_TTA_ACTIVE views = 8 mean_abs_feat_delta = 0.19105\n"}
,{"stream_name":"stdout","time":2842.659046983,"data":"SECONDARY_EDGE_TTA_ACTIVE views = 8 weight = 0.75 mean_abs_feat_delta = 0.151446\n"}
,{"stream_name":"stdout","time":2842.82102193,"data":"SECONDARY_EDGE_TTA_ACTIVE views = 8 weight = 0.75 mean_abs_feat_delta = 0.19105\n"}
,{"stream_name":"stdout","time":2843.795580361,"data":"EDGE_TTA_ACTIVE views = 8 mean_abs_feat_delta = 0.152741\n"}
,{"stream_name":"stdout","time":2844.057900567,"data":"EDGE_TTA_ACTIVE views = 8 mean_abs_feat_delta = 0.185286\n"}
,{"stream_name":"stdout","time":2844.809165836,"data":"SECONDARY_EDGE_TTA_ACTIVE views = 8 weight = 0.75 mean_abs_feat_delta = 0.152741\n"}
,{"stream_name":"stdout","time":2845.190325205,"data":"SECONDARY_EDGE_TTA_ACTIVE views = 8 weight = 0.75 mean_abs_feat_delta = 0.185286\n"}
,{"stream_name":"stdout","time":2845.974941776,"data":"EDGE_TTA_ACTIVE views = 8 mean_abs_feat_delta = 0.154145\n"}
,{"stream_name":"stdout","time":2846.407507373,"data":"EDGE_TTA_ACTIVE views = 8 mean_abs_feat_delta = 0.167418\n"}
,{"stream_name":"stdout","time":2846.996267004,"data":"SECONDARY_EDGE_TTA_ACTIVE views = 8 weight = 0.75 mean_abs_feat_delta = 0.154145\n"}
,{"stream_name":"stdout","time":2847.543064721,"data":"SECONDARY_EDGE_TTA_ACTIVE views = 8 weight = 0.75 mean_abs_feat_delta = 0.167418\n"}
,{"stream_name":"stdout","time":2848.185724807,"data":"EDGE_TTA_ACTIVE views = 8 mean_abs_feat_delta = 0.155645\n"}
,{"stream_name":"stdout","time":2848.799268776,"data":"EDGE_TTA_ACTIVE views = 8 mean_abs_feat_delta = 0.165097\n"}
,{"stream_name":"stdout","time":2849.217485943,"data":"SECONDARY_EDGE_TTA_ACTIVE views = 8 weight = 0.75 mean_abs_feat_delta = 0.155645\n"}
,{"stream_name":"stdout","time":2849.935240195,"data":"SECONDARY_EDGE_TTA_ACTIVE views = 8 weight = 0.75 mean_abs_feat_delta = 0.165097\n"}
,{"stream_name":"stdout","time":2850.380919301,"data":"EDGE_TTA_ACTIVE views = 8 mean_abs_feat_delta = 0.155311\n"}
,{"stream_name":"stdout","time":2851.152447059,"data":"EDGE_TTA_ACTIVE views = 8 mean_abs_feat_delta = 0.167596\n"}
,{"stream_name":"stdout","time":2851.413361427,"data":"SECONDARY_EDGE_TTA_ACTIVE views = 8 weight = 0.75 mean_abs_feat_delta = 0.155311\n"}
,{"stream_name":"stdout","time":2852.291225569,"data":"SECONDARY_EDGE_TTA_ACTIVE views = 8 weight = 0.75 mean_abs_feat_delta = 0.167596\n"}
,{"stream_name":"stdout","time":2852.581537243,"data":"EDGE_TTA_ACTIVE views = 8 mean_abs_feat_delta = 0.153493\n"}
,{"stream_name":"stdout","time":2853.542672274,"data":"EDGE_TTA_ACTIVE views = 8 mean_abs_feat_delta = 0.164919\n"}
,{"stream_name":"stdout","time":2853.625436814,"data":"SECONDARY_EDGE_TTA_ACTIVE views = 8 weight = 0.75 mean_abs_feat_delta = 0.153493\n"}
,{"stream_name":"stdout","time":2854.699973863,"data":"SECONDARY_EDGE_TTA_ACTIVE views = 8 weight = 0.75 mean_abs_feat_delta = 0.164919\n"}
,{"stream_name":"stdout","time":2854.836381741,"data":"EDGE_TTA_ACTIVE views = 8 mean_abs_feat_delta = 0.155551\n"}
,{"stream_name":"stdout","time":2855.880723176,"data":"SECONDARY_EDGE_TTA_ACTIVE views = 8 weight = 0.75 mean_abs_feat_delta = 0.155551\n"}
,{"stream_name":"stdout","time":2855.92236457,"data":"EDGE_TTA_ACTIVE views = 8 mean_abs_feat_delta = 0.166268\n"}
,{"stream_name":"stdout","time":2857.068514993,"data":"EDGE_TTA_ACTIVE views = 8 mean_abs_feat_delta = 0.155191\n"}
,{"stream_name":"stdout","time":2857.081285599,"data":"SECONDARY_EDGE_TTA_ACTIVE views = 8 weight = 0.75 mean_abs_feat_delta = 0.166268\n"}
,{"stream_name":"stdout","time":2858.120270695,"data":"SECONDARY_EDGE_TTA_ACTIVE views = 8 weight = 0.75 mean_abs_feat_delta = 0.155191\n"}
,{"stream_name":"stdout","time":2858.305174228,"data":"EDGE_TTA_ACTIVE views = 8 mean_abs_feat_delta = 0.168251\n"}
,{"stream_name":"stdout","time":2859.297794073,"data":"EDGE_TTA_ACTIVE views = 8 mean_abs_feat_delta = 0.157433\n"}
,{"stream_name":"stdout","time":2859.464274907,"data":"SECONDARY_EDGE_TTA_ACTIVE views = 8 weight = 0.75 mean_abs_feat_delta = 0.168251\n"}
,{"stream_name":"stdout","time":2860.35370103,"data":"SECONDARY_EDGE_TTA_ACTIVE views = 8 weight = 0.75 mean_abs_feat_delta = 0.157433\n"}
,{"stream_name":"stdout","time":2860.691156572,"data":"EDGE_TTA_ACTIVE views = 8 mean_abs_feat_delta = 0.168809\n"}
,{"stream_name":"stdout","time":2861.693394699,"data":"EDGE_TTA_ACTIVE views = 8 mean_abs_feat_delta = 0.158061\n"}
,{"stream_name":"stdout","time":2861.848727477,"data":"SECONDARY_EDGE_TTA_ACTIVE views = 8 weight = 0.75 mean_abs_feat_delta = 0.168809\n"}
,{"stream_name":"stdout","time":2862.602533623,"data":"SECONDARY_EDGE_TTA_ACTIVE views = 8 weight = 0.75 mean_abs_feat_delta = 0.158061\n"}
,{"stream_name":"stdout","time":2863.073315267,"data":"EDGE_TTA_ACTIVE views = 8 mean_abs_feat_delta = 0.169073\n"}
,{"stream_name":"stdout","time":2863.818168426,"data":"EDGE_TTA_ACTIVE views = 8 mean_abs_feat_delta = 0.156925\n"}
,{"stream_name":"stdout","time":2864.224183814,"data":"SECONDARY_EDGE_TTA_ACTIVE views = 8 weight = 0.75 mean_abs_feat_delta = 0.169073\n"}
,{"stream_name":"stdout","time":2864.869526205,"data":"SECONDARY_EDGE_TTA_ACTIVE views = 8 weight = 0.75 mean_abs_feat_delta = 0.156925\n"}
,{"stream_name":"stdout","time":2865.439028298,"data":"EDGE_TTA_ACTIVE views = 8 mean_abs_feat_delta = 0.168052\n"}
,{"stream_name":"stdout","time":2866.072554069,"data":"EDGE_TTA_ACTIVE views = 8 mean_abs_feat_delta = 0.155886\n"}
,{"stream_name":"stdout","time":2866.572978967,"data":"SECONDARY_EDGE_TTA_ACTIVE views = 8 weight = 0.75 mean_abs_feat_delta = 0.168052\n"}
,{"stream_name":"stdout","time":2867.120637425,"data":"SECONDARY_EDGE_TTA_ACTIVE views = 8 weight = 0.75 mean_abs_feat_delta = 0.155886\n"}
,{"stream_name":"stdout","time":2867.787811285,"data":"EDGE_TTA_ACTIVE views = 8 mean_abs_feat_delta = 0.163686\n"}
,{"stream_name":"stdout","time":2868.31127322,"data":"EDGE_TTA_ACTIVE views = 8 mean_abs_feat_delta = 0.154325\n"}
,{"stream_name":"stdout","time":2868.922708591,"data":"SECONDARY_EDGE_TTA_ACTIVE views = 8 weight = 0.75 mean_abs_feat_delta = 0.163686\n"}
,{"stream_name":"stdout","time":2869.351127684,"data":"SECONDARY_EDGE_TTA_ACTIVE views = 8 weight = 0.75 mean_abs_feat_delta = 0.154325\n"}
,{"stream_name":"stdout","time":2870.134424542,"data":"EDGE_TTA_ACTIVE views = 8 mean_abs_feat_delta = 0.169943\n"}
,{"stream_name":"stdout","time":2870.520498069,"data":"EDGE_TTA_ACTIVE views = 8 mean_abs_feat_delta = 0.152551\n"}
,{"stream_name":"stdout","time":2871.266963082,"data":"SECONDARY_EDGE_TTA_ACTIVE views = 8 weight = 0.75 mean_abs_feat_delta = 0.169943\n"}
,{"stream_name":"stdout","time":2871.557434727,"data":"SECONDARY_EDGE_TTA_ACTIVE views = 8 weight = 0.75 mean_abs_feat_delta = 0.152551\n"}
,{"stream_name":"stdout","time":2872.501856511,"data":"EDGE_TTA_ACTIVE views = 8 mean_abs_feat_delta = 0.171295\n"}
,{"stream_name":"stdout","time":2872.745608779,"data":"EDGE_TTA_ACTIVE views = 8 mean_abs_feat_delta = 0.152821\n"}
,{"stream_name":"stdout","time":2873.620753425,"data":"SECONDARY_EDGE_TTA_ACTIVE views = 8 weight = 0.75 mean_abs_feat_delta = 0.171295\n"}
,{"stream_name":"stdout","time":2873.772677796,"data":"SECONDARY_EDGE_TTA_ACTIVE views = 8 weight = 0.75 mean_abs_feat_delta = 0.152821\n"}
,{"stream_name":"stdout","time":2874.847634577,"data":"EDGE_TTA_ACTIVE views = 8 mean_abs_feat_delta = 0.170224\n"}
,{"stream_name":"stdout","time":2874.934081288,"data":"EDGE_TTA_ACTIVE views = 8 mean_abs_feat_delta = 0.15679\n"}
,{"stream_name":"stdout","time":2875.959033562,"data":"SECONDARY_EDGE_TTA_ACTIVE views = 8 weight = 0.75 mean_abs_feat_delta = 0.15679\n"}
,{"stream_name":"stdout","time":2875.962519738,"data":"SECONDARY_EDGE_TTA_ACTIVE views = 8 weight = 0.75 mean_abs_feat_delta = 0.170224\n"}
,{"stream_name":"stdout","time":2877.111978242,"data":"EDGE_TTA_ACTIVE views = 8 mean_abs_feat_delta = 0.158304\n"}
,{"stream_name":"stdout","time":2877.146251546,"data":"EDGE_TTA_ACTIVE views = 8 mean_abs_feat_delta = 0.168854\n"}
,{"stream_name":"stdout","time":2878.136332583,"data":"SECONDARY_EDGE_TTA_ACTIVE views = 8 weight = 0.75 mean_abs_feat_delta = 0.158304\n"}
,{"stream_name":"stdout","time":2878.254049015,"data":"SECONDARY_EDGE_TTA_ACTIVE views = 8 weight = 0.75 mean_abs_feat_delta = 0.168854\n"}
,{"stream_name":"stdout","time":2879.305940688,"data":"EDGE_TTA_ACTIVE views = 8 mean_abs_feat_delta = 0.158742\n"}
,{"stream_name":"stdout","time":2879.432768292,"data":"EDGE_TTA_ACTIVE views = 8 mean_abs_feat_delta = 0.172581\n"}
,{"stream_name":"stdout","time":2880.330812361,"data":"SECONDARY_EDGE_TTA_ACTIVE views = 8 weight = 0.75 mean_abs_feat_delta = 0.158742\n"}
,{"stream_name":"stdout","time":2880.530620538,"data":"SECONDARY_EDGE_TTA_ACTIVE views = 8 weight = 0.75 mean_abs_feat_delta = 0.172581\n"}
,{"stream_name":"stdout","time":2881.479956825,"data":"EDGE_TTA_ACTIVE views = 8 mean_abs_feat_delta = 0.156206\n"}
,{"stream_name":"stdout","time":2881.722797076,"data":"EDGE_TTA_ACTIVE views = 8 mean_abs_feat_delta = 0.174573\n"}
,{"stream_name":"stdout","time":2882.497596948,"data":"SECONDARY_EDGE_TTA_ACTIVE views = 8 weight = 0.75 mean_abs_feat_delta = 0.156206\n"}
,{"stream_name":"stdout","time":2882.81719724,"data":"SECONDARY_EDGE_TTA_ACTIVE views = 8 weight = 0.75 mean_abs_feat_delta = 0.174573\n"}
,{"stream_name":"stdout","time":2883.639444053,"data":"EDGE_TTA_ACTIVE views = 8 mean_abs_feat_delta = 0.155107\n"}
,{"stream_name":"stdout","time":2884.013227967,"data":"EDGE_TTA_ACTIVE views = 8 mean_abs_feat_delta = 0.17323\n"}
,{"stream_name":"stdout","time":2884.65526494,"data":"SECONDARY_EDGE_TTA_ACTIVE views = 8 weight = 0.75 mean_abs_feat_delta = 0.155107\n"}
,{"stream_name":"stdout","time":2885.103501306,"data":"SECONDARY_EDGE_TTA_ACTIVE views = 8 weight = 0.75 mean_abs_feat_delta = 0.17323\n"}
,{"stream_name":"stdout","time":2885.80167915,"data":"EDGE_TTA_ACTIVE views = 8 mean_abs_feat_delta = 0.155649\n"}
,{"stream_name":"stdout","time":2886.298031716,"data":"EDGE_TTA_ACTIVE views = 8 mean_abs_feat_delta = 0.17228\n"}
,{"stream_name":"stdout","time":2886.815077225,"data":"SECONDARY_EDGE_TTA_ACTIVE views = 8 weight = 0.75 mean_abs_feat_delta = 0.155649\n"}
,{"stream_name":"stdout","time":2887.385852555,"data":"SECONDARY_EDGE_TTA_ACTIVE views = 8 weight = 0.75 mean_abs_feat_delta = 0.17228\n"}
,{"stream_name":"stdout","time":2887.94174212,"data":"EDGE_TTA_ACTIVE views = 8 mean_abs_feat_delta = 0.155975\n"}
,{"stream_name":"stdout","time":2888.539296087,"data":"EDGE_TTA_ACTIVE views = 8 mean_abs_feat_delta = 0.170303\n"}
,{"stream_name":"stdout","time":2888.955276862,"data":"SECONDARY_EDGE_TTA_ACTIVE views = 8 weight = 0.75 mean_abs_feat_delta = 0.155975\n"}
,{"stream_name":"stdout","time":2889.624674048,"data":"SECONDARY_EDGE_TTA_ACTIVE views = 8 weight = 0.75 mean_abs_feat_delta = 0.170303\n"}
,{"stream_name":"stdout","time":2890.086261341,"data":"EDGE_TTA_ACTIVE views = 8 mean_abs_feat_delta = 0.15294\n"}
,{"stream_name":"stdout","time":2890.833114851,"data":"EDGE_TTA_ACTIVE views = 8 mean_abs_feat_delta = 0.17031\n"}
,{"stream_name":"stdout","time":2891.092603319,"data":"SECONDARY_EDGE_TTA_ACTIVE views = 8 weight = 0.75 mean_abs_feat_delta = 0.15294\n"}
,{"stream_name":"stdout","time":2892.03916518,"data":"SECONDARY_EDGE_TTA_ACTIVE views = 8 weight = 0.75 mean_abs_feat_delta = 0.17031\n"}
,{"stream_name":"stdout","time":2892.248093647,"data":"EDGE_TTA_ACTIVE views = 8 mean_abs_feat_delta = 0.153668\n"}
,{"stream_name":"stdout","time":2893.096097989,"data":"EDGE_TTA_ACTIVE views = 8 mean_abs_feat_delta = 0.171505\n"}
,{"stream_name":"stdout","time":2893.258818342,"data":"SECONDARY_EDGE_TTA_ACTIVE views = 8 weight = 0.75 mean_abs_feat_delta = 0.153668\n"}
,{"stream_name":"stdout","time":2894.175400474,"data":"SECONDARY_EDGE_TTA_ACTIVE views = 8 weight = 0.75 mean_abs_feat_delta = 0.171505\n"}
,{"stream_name":"stdout","time":2894.391691594,"data":"EDGE_TTA_ACTIVE views = 8 mean_abs_feat_delta = 0.151438\n"}
,{"stream_name":"stdout","time":2895.367005313,"data":"EDGE_TTA_ACTIVE views = 8 mean_abs_feat_delta = 0.171491\n"}
,{"stream_name":"stdout","time":2895.400551593,"data":"SECONDARY_EDGE_TTA_ACTIVE views = 8 weight = 0.75 mean_abs_feat_delta = 0.151438\n"}
,{"stream_name":"stdout","time":2896.440476265,"data":"SECONDARY_EDGE_TTA_ACTIVE views = 8 weight = 0.75 mean_abs_feat_delta = 0.171491\n"}
,{"stream_name":"stdout","time":2896.536753091,"data":"EDGE_TTA_ACTIVE views = 8 mean_abs_feat_delta = 0.151343\n"}
,{"stream_name":"stdout","time":2897.545905073,"data":"SECONDARY_EDGE_TTA_ACTIVE views = 8 weight = 0.75 mean_abs_feat_delta = 0.151343\n"}
,{"stream_name":"stdout","time":2897.583179624,"data":"EDGE_TTA_ACTIVE views = 8 mean_abs_feat_delta = 0.17172\n"}
,{"stream_name":"stdout","time":2898.660574832,"data":"SECONDARY_EDGE_TTA_ACTIVE views = 8 weight = 0.75 mean_abs_feat_delta = 0.17172\n"}
,{"stream_name":"stdout","time":2898.672307856,"data":"EDGE_TTA_ACTIVE views = 8 mean_abs_feat_delta = 0.150208\n"}
,{"stream_name":"stdout","time":2899.684895615,"data":"SECONDARY_EDGE_TTA_ACTIVE views = 8 weight = 0.75 mean_abs_feat_delta = 0.150208\n"}
,{"stream_name":"stdout","time":2899.809349431,"data":"EDGE_TTA_ACTIVE views = 8 mean_abs_feat_delta = 0.172095\n"}
,{"stream_name":"stdout","time":2900.822767761,"data":"EDGE_TTA_ACTIVE views = 8 mean_abs_feat_delta = 0.153338\n"}
,{"stream_name":"stdout","time":2900.884242742,"data":"SECONDARY_EDGE_TTA_ACTIVE views = 8 weight = 0.75 mean_abs_feat_delta = 0.172095\n"}
,{"stream_name":"stdout","time":2901.834800783,"data":"SECONDARY_EDGE_TTA_ACTIVE views = 8 weight = 0.75 mean_abs_feat_delta = 0.153338\n"}
,{"stream_name":"stdout","time":2902.053741801,"data":"EDGE_TTA_ACTIVE views = 8 mean_abs_feat_delta = 0.171825\n"}
,{"stream_name":"stdout","time":2902.959340624,"data":"EDGE_TTA_ACTIVE views = 8 mean_abs_feat_delta = 0.156087\n"}
,{"stream_name":"stdout","time":2903.129184597,"data":"SECONDARY_EDGE_TTA_ACTIVE views = 8 weight = 0.75 mean_abs_feat_delta = 0.171825\n"}
,{"stream_name":"stdout","time":2903.968981814,"data":"SECONDARY_EDGE_TTA_ACTIVE views = 8 weight = 0.75 mean_abs_feat_delta = 0.156087\n"}
,{"stream_name":"stdout","time":2904.276023022,"data":"EDGE_TTA_ACTIVE views = 8 mean_abs_feat_delta = 0.169545\n"}
,{"stream_name":"stdout","time":2905.101188598,"data":"EDGE_TTA_ACTIVE views = 8 mean_abs_feat_delta = 0.155811\n"}
,{"stream_name":"stdout","time":2905.357293453,"data":"SECONDARY_EDGE_TTA_ACTIVE views = 8 weight = 0.75 mean_abs_feat_delta = 0.169545\n"}
,{"stream_name":"stdout","time":2906.111093556,"data":"SECONDARY_EDGE_TTA_ACTIVE views = 8 weight = 0.75 mean_abs_feat_delta = 0.155811\n"}
,{"stream_name":"stdout","time":2906.538997438,"data":"EDGE_TTA_ACTIVE views = 8 mean_abs_feat_delta = 0.174944\n"}
,{"stream_name":"stdout","time":2907.253972969,"data":"EDGE_TTA_ACTIVE views = 8 mean_abs_feat_delta = 0.160447\n"}
,{"stream_name":"stdout","time":2907.61638053,"data":"SECONDARY_EDGE_TTA_ACTIVE views = 8 weight = 0.75 mean_abs_feat_delta = 0.174944\n"}
,{"stream_name":"stdout","time":2908.267178316,"data":"SECONDARY_EDGE_TTA_ACTIVE views = 8 weight = 0.75 mean_abs_feat_delta = 0.160447\n"}
,{"stream_name":"stdout","time":2908.770651627,"data":"EDGE_TTA_ACTIVE views = 8 mean_abs_feat_delta = 0.175761\n"}
,{"stream_name":"stdout","time":2909.401740442,"data":"EDGE_TTA_ACTIVE views = 8 mean_abs_feat_delta = 0.160188\n"}
,{"stream_name":"stdout","time":2909.848084333,"data":"SECONDARY_EDGE_TTA_ACTIVE views = 8 weight = 0.75 mean_abs_feat_delta = 0.175761\n"}
,{"stream_name":"stdout","time":2910.41395803,"data":"SECONDARY_EDGE_TTA_ACTIVE views = 8 weight = 0.75 mean_abs_feat_delta = 0.160188\n"}
,{"stream_name":"stdout","time":2911.0641788,"data":"EDGE_TTA_ACTIVE views = 8 mean_abs_feat_delta = 0.17379\n"}
,{"stream_name":"stdout","time":2911.536689659,"data":"EDGE_TTA_ACTIVE views = 8 mean_abs_feat_delta = 0.16161\n"}
,{"stream_name":"stdout","time":2912.137561105,"data":"SECONDARY_EDGE_TTA_ACTIVE views = 8 weight = 0.75 mean_abs_feat_delta = 0.17379\n"}
,{"stream_name":"stdout","time":2912.548655446,"data":"SECONDARY_EDGE_TTA_ACTIVE views = 8 weight = 0.75 mean_abs_feat_delta = 0.16161\n"}
,{"stream_name":"stdout","time":2913.327178809,"data":"EDGE_TTA_ACTIVE views = 8 mean_abs_feat_delta = 0.172178\n"}
,{"stream_name":"stdout","time":2913.704034933,"data":"EDGE_TTA_ACTIVE views = 8 mean_abs_feat_delta = 0.15914\n"}
,{"stream_name":"stdout","time":2914.404593647,"data":"SECONDARY_EDGE_TTA_ACTIVE views = 8 weight = 0.75 mean_abs_feat_delta = 0.172178\n"}
,{"stream_name":"stdout","time":2914.71501161,"data":"SECONDARY_EDGE_TTA_ACTIVE views = 8 weight = 0.75 mean_abs_feat_delta = 0.15914\n"}
,{"stream_name":"stdout","time":2915.587987294,"data":"EDGE_TTA_ACTIVE views = 8 mean_abs_feat_delta = 0.172412\n"}
,{"stream_name":"stdout","time":2915.844798674,"data":"EDGE_TTA_ACTIVE views = 8 mean_abs_feat_delta = 0.159577\n"}
,{"stream_name":"stdout","time":2916.66144997,"data":"SECONDARY_EDGE_TTA_ACTIVE views = 8 weight = 0.75 mean_abs_feat_delta = 0.172412\n"}
,{"stream_name":"stdout","time":2916.856413175,"data":"SECONDARY_EDGE_TTA_ACTIVE views = 8 weight = 0.75 mean_abs_feat_delta = 0.159577\n"}
,{"stream_name":"stdout","time":2917.839003794,"data":"EDGE_TTA_ACTIVE views = 8 mean_abs_feat_delta = 0.173469\n"}
,{"stream_name":"stdout","time":2917.988644285,"data":"EDGE_TTA_ACTIVE views = 8 mean_abs_feat_delta = 0.155037\n"}
,{"stream_name":"stdout","time":2918.92000483,"data":"SECONDARY_EDGE_TTA_ACTIVE views = 8 weight = 0.75 mean_abs_feat_delta = 0.173469\n"}
,{"stream_name":"stdout","time":2919.000619262,"data":"SECONDARY_EDGE_TTA_ACTIVE views = 8 weight = 0.75 mean_abs_feat_delta = 0.155037\n"}
,{"stream_name":"stdout","time":2920.069238247,"data":"EDGE_TTA_ACTIVE views = 8 mean_abs_feat_delta = 0.172971\n"}
,{"stream_name":"stdout","time":2920.145333531,"data":"EDGE_TTA_ACTIVE views = 8 mean_abs_feat_delta = 0.152239\n"}
,{"stream_name":"stdout","time":2921.144429546,"data":"SECONDARY_EDGE_TTA_ACTIVE views = 8 weight = 0.75 mean_abs_feat_delta = 0.172971\n"}
,{"stream_name":"stdout","time":2921.159127257,"data":"SECONDARY_EDGE_TTA_ACTIVE views = 8 weight = 0.75 mean_abs_feat_delta = 0.152239\n"}
,{"stream_name":"stdout","time":2922.453024393,"data":"EDGE_TTA_ACTIVE views = 8 mean_abs_feat_delta = 0.172056\n"}
,{"stream_name":"stdout","time":2922.454270139,"data":"EDGE_TTA_ACTIVE views = 8 mean_abs_feat_delta = 0.158785\n"}
,{"stream_name":"stdout","time":2923.328692722,"data":"SECONDARY_EDGE_TTA_ACTIVE views = 8 weight = 0.75 mean_abs_feat_delta = 0.158785\n"}
,{"stream_name":"stdout","time":2923.385008082,"data":"SECONDARY_EDGE_TTA_ACTIVE views = 8 weight = 0.75 mean_abs_feat_delta = 0.172056\n"}
,{"stream_name":"stdout","time":2924.460096314,"data":"EDGE_TTA_ACTIVE views = 8 mean_abs_feat_delta = 0.157771\n"}
,{"stream_name":"stdout","time":2924.547149184,"data":"EDGE_TTA_ACTIVE views = 8 mean_abs_feat_delta = 0.174171\n"}
,{"stream_name":"stdout","time":2925.477521845,"data":"SECONDARY_EDGE_TTA_ACTIVE views = 8 weight = 0.75 mean_abs_feat_delta = 0.157771\n"}
,{"stream_name":"stdout","time":2925.631329561,"data":"SECONDARY_EDGE_TTA_ACTIVE views = 8 weight = 0.75 mean_abs_feat_delta = 0.174171\n"}
,{"stream_name":"stdout","time":2926.608807128,"data":"EDGE_TTA_ACTIVE views = 8 mean_abs_feat_delta = 0.157037\n"}
,{"stream_name":"stdout","time":2926.811285392,"data":"EDGE_TTA_ACTIVE views = 8 mean_abs_feat_delta = 0.175296\n"}
,{"stream_name":"stdout","time":2927.626610697,"data":"SECONDARY_EDGE_TTA_ACTIVE views = 8 weight = 0.75 mean_abs_feat_delta = 0.157037\n"}
,{"stream_name":"stdout","time":2927.895594327,"data":"SECONDARY_EDGE_TTA_ACTIVE views = 8 weight = 0.75 mean_abs_feat_delta = 0.175296\n"}
,{"stream_name":"stdout","time":2928.761893628,"data":"EDGE_TTA_ACTIVE views = 8 mean_abs_feat_delta = 0.159915\n"}
,{"stream_name":"stdout","time":2929.047563376,"data":"EDGE_TTA_ACTIVE views = 8 mean_abs_feat_delta = 0.176269\n"}
,{"stream_name":"stdout","time":2929.783277486,"data":"SECONDARY_EDGE_TTA_ACTIVE views = 8 weight = 0.75 mean_abs_feat_delta = 0.159915\n"}
,{"stream_name":"stdout","time":2930.133775791,"data":"SECONDARY_EDGE_TTA_ACTIVE views = 8 weight = 0.75 mean_abs_feat_delta = 0.176269\n"}
,{"stream_name":"stdout","time":2930.919581025,"data":"EDGE_TTA_ACTIVE views = 8 mean_abs_feat_delta = 0.157854\n"}
,{"stream_name":"stdout","time":2931.357942419,"data":"EDGE_TTA_ACTIVE views = 8 mean_abs_feat_delta = 0.174794\n"}
,{"stream_name":"stdout","time":2931.942275709,"data":"SECONDARY_EDGE_TTA_ACTIVE views = 8 weight = 0.75 mean_abs_feat_delta = 0.157854\n"}
,{"stream_name":"stdout","time":2932.44418471,"data":"SECONDARY_EDGE_TTA_ACTIVE views = 8 weight = 0.75 mean_abs_feat_delta = 0.174794\n"}
,{"stream_name":"stdout","time":2933.155029683,"data":"EDGE_TTA_ACTIVE views = 8 mean_abs_feat_delta = 0.155489\n"}
,{"stream_name":"stdout","time":2933.60577667,"data":"EDGE_TTA_ACTIVE views = 8 mean_abs_feat_delta = 0.174001\n"}
,{"stream_name":"stdout","time":2934.18085743,"data":"SECONDARY_EDGE_TTA_ACTIVE views = 8 weight = 0.75 mean_abs_feat_delta = 0.155489\n"}
,{"stream_name":"stdout","time":2934.696289358,"data":"SECONDARY_EDGE_TTA_ACTIVE views = 8 weight = 0.75 mean_abs_feat_delta = 0.174001\n"}
,{"stream_name":"stdout","time":2935.328130218,"data":"EDGE_TTA_ACTIVE views = 8 mean_abs_feat_delta = 0.15852\n"}
,{"stream_name":"stdout","time":2935.86564083,"data":"EDGE_TTA_ACTIVE views = 8 mean_abs_feat_delta = 0.1731\n"}
,{"stream_name":"stdout","time":2936.355176842,"data":"SECONDARY_EDGE_TTA_ACTIVE views = 8 weight = 0.75 mean_abs_feat_delta = 0.15852\n"}
,{"stream_name":"stdout","time":2936.956977574,"data":"SECONDARY_EDGE_TTA_ACTIVE views = 8 weight = 0.75 mean_abs_feat_delta = 0.1731\n"}
,{"stream_name":"stdout","time":2937.513650375,"data":"EDGE_TTA_ACTIVE views = 8 mean_abs_feat_delta = 0.160895\n"}
,{"stream_name":"stdout","time":2938.14799973,"data":"EDGE_TTA_ACTIVE views = 8 mean_abs_feat_delta = 0.172516\n"}
,{"stream_name":"stdout","time":2938.540801016,"data":"SECONDARY_EDGE_TTA_ACTIVE views = 8 weight = 0.75 mean_abs_feat_delta = 0.160895\n"}
,{"stream_name":"stdout","time":2939.240069313,"data":"SECONDARY_EDGE_TTA_ACTIVE views = 8 weight = 0.75 mean_abs_feat_delta = 0.172516\n"}
,{"stream_name":"stdout","time":2939.693786634,"data":"EDGE_TTA_ACTIVE views = 8 mean_abs_feat_delta = 0.16048\n"}
,{"stream_name":"stdout","time":2940.462099387,"data":"EDGE_TTA_ACTIVE views = 8 mean_abs_feat_delta = 0.173351\n"}
,{"stream_name":"stdout","time":2940.726989308,"data":"SECONDARY_EDGE_TTA_ACTIVE views = 8 weight = 0.75 mean_abs_feat_delta = 0.16048\n"}
,{"stream_name":"stdout","time":2941.554403465,"data":"SECONDARY_EDGE_TTA_ACTIVE views = 8 weight = 0.75 mean_abs_feat_delta = 0.173351\n"}
,{"stream_name":"stdout","time":2941.933777276,"data":"EDGE_TTA_ACTIVE views = 8 mean_abs_feat_delta = 0.154967\n"}
,{"stream_name":"stdout","time":2942.732760358,"data":"EDGE_TTA_ACTIVE views = 8 mean_abs_feat_delta = 0.175255\n"}
,{"stream_name":"stdout","time":2942.96410386,"data":"SECONDARY_EDGE_TTA_ACTIVE views = 8 weight = 0.75 mean_abs_feat_delta = 0.154967\n"}
,{"stream_name":"stdout","time":2943.827754269,"data":"SECONDARY_EDGE_TTA_ACTIVE views = 8 weight = 0.75 mean_abs_feat_delta = 0.175255\n"}
,{"stream_name":"stdout","time":2944.165629599,"data":"EDGE_TTA_ACTIVE views = 8 mean_abs_feat_delta = 0.159087\n"}
,{"stream_name":"stdout","time":2945.009703048,"data":"EDGE_TTA_ACTIVE views = 8 mean_abs_feat_delta = 0.175901\n"}
,{"stream_name":"stdout","time":2945.199176213,"data":"SECONDARY_EDGE_TTA_ACTIVE views = 8 weight = 0.75 mean_abs_feat_delta = 0.159087\n"}
,{"stream_name":"stdout","time":2946.104243114,"data":"SECONDARY_EDGE_TTA_ACTIVE views = 8 weight = 0.75 mean_abs_feat_delta = 0.175901\n"}
,{"stream_name":"stdout","time":2946.411085613,"data":"EDGE_TTA_ACTIVE views = 8 mean_abs_feat_delta = 0.160701\n"}
,{"stream_name":"stdout","time":2947.289414724,"data":"EDGE_TTA_ACTIVE views = 8 mean_abs_feat_delta = 0.176333\n"}
,{"stream_name":"stdout","time":2947.443819223,"data":"SECONDARY_EDGE_TTA_ACTIVE views = 8 weight = 0.75 mean_abs_feat_delta = 0.160701\n"}
,{"stream_name":"stdout","time":2948.387031975,"data":"SECONDARY_EDGE_TTA_ACTIVE views = 8 weight = 0.75 mean_abs_feat_delta = 0.176333\n"}
,{"stream_name":"stdout","time":2948.609225638,"data":"EDGE_TTA_ACTIVE views = 8 mean_abs_feat_delta = 0.157723\n"}
,{"stream_name":"stdout","time":2949.579044343,"data":"EDGE_TTA_ACTIVE views = 8 mean_abs_feat_delta = 0.17554\n"}
,{"stream_name":"stdout","time":2949.646500494,"data":"SECONDARY_EDGE_TTA_ACTIVE views = 8 weight = 0.75 mean_abs_feat_delta = 0.157723\n"}
,{"stream_name":"stdout","time":2950.675008963,"data":"SECONDARY_EDGE_TTA_ACTIVE views = 8 weight = 0.75 mean_abs_feat_delta = 0.17554\n"}
,{"stream_name":"stdout","time":2950.841397146,"data":"EDGE_TTA_ACTIVE views = 8 mean_abs_feat_delta = 0.159749\n"}
,{"stream_name":"stdout","time":2951.874383124,"data":"SECONDARY_EDGE_TTA_ACTIVE views = 8 weight = 0.75 mean_abs_feat_delta = 0.159749\n"}
,{"stream_name":"stdout","time":2951.894710184,"data":"EDGE_TTA_ACTIVE views = 8 mean_abs_feat_delta = 0.175296\n"}
,{"stream_name":"stdout","time":2953.139429521,"data":"SECONDARY_EDGE_TTA_ACTIVE views = 8 weight = 0.75 mean_abs_feat_delta = 0.175296\n"}
,{"stream_name":"stdout","time":2953.14037483,"data":"EDGE_TTA_ACTIVE views = 8 mean_abs_feat_delta = 0.160757\n"}
,{"stream_name":"stdout","time":2954.107094257,"data":"SECONDARY_EDGE_TTA_ACTIVE views = 8 weight = 0.75 mean_abs_feat_delta = 0.160757\n"}
,{"stream_name":"stdout","time":2954.224321303,"data":"EDGE_TTA_ACTIVE views = 8 mean_abs_feat_delta = 0.177817\n"}
,{"stream_name":"stdout","time":2955.29917916,"data":"EDGE_TTA_ACTIVE views = 8 mean_abs_feat_delta = 0.16007\n"}
,{"stream_name":"stdout","time":2955.323720443,"data":"SECONDARY_EDGE_TTA_ACTIVE views = 8 weight = 0.75 mean_abs_feat_delta = 0.177817\n"}
,{"stream_name":"stdout","time":2956.332767654,"data":"SECONDARY_EDGE_TTA_ACTIVE views = 8 weight = 0.75 mean_abs_feat_delta = 0.16007\n"}
,{"stream_name":"stdout","time":2956.51712242,"data":"EDGE_TTA_ACTIVE views = 8 mean_abs_feat_delta = 0.179355\n"}
,{"stream_name":"stdout","time":2957.488733373,"data":"EDGE_TTA_ACTIVE views = 8 mean_abs_feat_delta = 0.159688\n"}
,{"stream_name":"stdout","time":2957.614730359,"data":"SECONDARY_EDGE_TTA_ACTIVE views = 8 weight = 0.75 mean_abs_feat_delta = 0.179355\n"}
,{"stream_name":"stdout","time":2958.527038456,"data":"SECONDARY_EDGE_TTA_ACTIVE views = 8 weight = 0.75 mean_abs_feat_delta = 0.159688\n"}
,{"stream_name":"stdout","time":2958.842681399,"data":"EDGE_TTA_ACTIVE views = 8 mean_abs_feat_delta = 0.178304\n"}
,{"stream_name":"stdout","time":2959.707367131,"data":"EDGE_TTA_ACTIVE views = 8 mean_abs_feat_delta = 0.159207\n"}
,{"stream_name":"stdout","time":2959.942819852,"data":"SECONDARY_EDGE_TTA_ACTIVE views = 8 weight = 0.75 mean_abs_feat_delta = 0.178304\n"}
,{"stream_name":"stdout","time":2960.746315015,"data":"SECONDARY_EDGE_TTA_ACTIVE views = 8 weight = 0.75 mean_abs_feat_delta = 0.159207\n"}
,{"stream_name":"stdout","time":2961.281832546,"data":"EDGE_TTA_ACTIVE views = 8 mean_abs_feat_delta = 0.175957\n"}
,{"stream_name":"stdout","time":2961.968739475,"data":"EDGE_TTA_ACTIVE views = 8 mean_abs_feat_delta = 0.159444\n"}
,{"stream_name":"stdout","time":2962.382334461,"data":"SECONDARY_EDGE_TTA_ACTIVE views = 8 weight = 0.75 mean_abs_feat_delta = 0.175957\n"}
,{"stream_name":"stdout","time":2963.006132125,"data":"SECONDARY_EDGE_TTA_ACTIVE views = 8 weight = 0.75 mean_abs_feat_delta = 0.159444\n"}
,{"stream_name":"stdout","time":2963.568526682,"data":"EDGE_TTA_ACTIVE views = 8 mean_abs_feat_delta = 0.175961\n"}
,{"stream_name":"stdout","time":2964.187692507,"data":"EDGE_TTA_ACTIVE views = 8 mean_abs_feat_delta = 0.158188\n"}
,{"stream_name":"stdout","time":2964.668394772,"data":"SECONDARY_EDGE_TTA_ACTIVE views = 8 weight = 0.75 mean_abs_feat_delta = 0.175961\n"}
,{"stream_name":"stdout","time":2965.22863111,"data":"SECONDARY_EDGE_TTA_ACTIVE views = 8 weight = 0.75 mean_abs_feat_delta = 0.158188\n"}
,{"stream_name":"stdout","time":2965.879965951,"data":"EDGE_TTA_ACTIVE views = 8 mean_abs_feat_delta = 0.176022\n"}
,{"stream_name":"stdout","time":2966.41963214,"data":"EDGE_TTA_ACTIVE views = 8 mean_abs_feat_delta = 0.157836\n"}
,{"stream_name":"stdout","time":2966.979044437,"data":"SECONDARY_EDGE_TTA_ACTIVE views = 8 weight = 0.75 mean_abs_feat_delta = 0.176022\n"}
,{"stream_name":"stdout","time":2967.459732553,"data":"SECONDARY_EDGE_TTA_ACTIVE views = 8 weight = 0.75 mean_abs_feat_delta = 0.157836\n"}
,{"stream_name":"stdout","time":2968.184720777,"data":"EDGE_TTA_ACTIVE views = 8 mean_abs_feat_delta = 0.174962\n"}
,{"stream_name":"stdout","time":2968.624804582,"data":"EDGE_TTA_ACTIVE views = 8 mean_abs_feat_delta = 0.160893\n"}
,{"stream_name":"stdout","time":2969.283407787,"data":"SECONDARY_EDGE_TTA_ACTIVE views = 8 weight = 0.75 mean_abs_feat_delta = 0.174962\n"}
,{"stream_name":"stdout","time":2969.665427928,"data":"SECONDARY_EDGE_TTA_ACTIVE views = 8 weight = 0.75 mean_abs_feat_delta = 0.160893\n"}
,{"stream_name":"stdout","time":2970.476056235,"data":"EDGE_TTA_ACTIVE views = 8 mean_abs_feat_delta = 0.1731\n"}
,{"stream_name":"stdout","time":2970.837348111,"data":"EDGE_TTA_ACTIVE views = 8 mean_abs_feat_delta = 0.159905\n"}
,{"stream_name":"stdout","time":2971.575186177,"data":"SECONDARY_EDGE_TTA_ACTIVE views = 8 weight = 0.75 mean_abs_feat_delta = 0.1731\n"}
,{"stream_name":"stdout","time":2971.876625054,"data":"SECONDARY_EDGE_TTA_ACTIVE views = 8 weight = 0.75 mean_abs_feat_delta = 0.159905\n"}
,{"stream_name":"stdout","time":2972.754043899,"data":"EDGE_TTA_ACTIVE views = 8 mean_abs_feat_delta = 0.17315\n"}
,{"stream_name":"stdout","time":2973.046053374,"data":"EDGE_TTA_ACTIVE views = 8 mean_abs_feat_delta = 0.157661\n"}
,{"stream_name":"stdout","time":2973.85191806,"data":"SECONDARY_EDGE_TTA_ACTIVE views = 8 weight = 0.75 mean_abs_feat_delta = 0.17315\n"}
,{"stream_name":"stdout","time":2974.084632262,"data":"SECONDARY_EDGE_TTA_ACTIVE views = 8 weight = 0.75 mean_abs_feat_delta = 0.157661\n"}
,{"stream_name":"stdout","time":2975.031523542,"data":"EDGE_TTA_ACTIVE views = 8 mean_abs_feat_delta = 0.175077\n"}
,{"stream_name":"stdout","time":2975.2554674,"data":"EDGE_TTA_ACTIVE views = 8 mean_abs_feat_delta = 0.15816\n"}
,{"stream_name":"stdout","time":2976.130573703,"data":"SECONDARY_EDGE_TTA_ACTIVE views = 8 weight = 0.75 mean_abs_feat_delta = 0.175077\n"}
,{"stream_name":"stdout","time":2976.293872544,"data":"SECONDARY_EDGE_TTA_ACTIVE views = 8 weight = 0.75 mean_abs_feat_delta = 0.15816\n"}
,{"stream_name":"stdout","time":2977.30397013,"data":"EDGE_TTA_ACTIVE views = 8 mean_abs_feat_delta = 0.174563\n"}
,{"stream_name":"stdout","time":2977.45270028,"data":"EDGE_TTA_ACTIVE views = 8 mean_abs_feat_delta = 0.159952\n"}
,{"stream_name":"stdout","time":2978.397781631,"data":"SECONDARY_EDGE_TTA_ACTIVE views = 8 weight = 0.75 mean_abs_feat_delta = 0.174563\n"}
,{"stream_name":"stdout","time":2978.490528048,"data":"SECONDARY_EDGE_TTA_ACTIVE views = 8 weight = 0.75 mean_abs_feat_delta = 0.159952\n"}
,{"stream_name":"stdout","time":2979.674794675,"data":"EDGE_TTA_ACTIVE views = 8 mean_abs_feat_delta = 0.157154\n"}
,{"stream_name":"stdout","time":2980.712386661,"data":"SECONDARY_EDGE_TTA_ACTIVE views = 8 weight = 0.75 mean_abs_feat_delta = 0.157154\n"}
,{"stream_name":"stdout","time":2981.998465004,"data":"EDGE_TTA_ACTIVE views = 8 mean_abs_feat_delta = 0.161349\n"}
,{"stream_name":"stdout","time":2983.031925277,"data":"SECONDARY_EDGE_TTA_ACTIVE views = 8 weight = 0.75 mean_abs_feat_delta = 0.161349\n"}
,{"stream_name":"stdout","time":2984.36906072,"data":"EDGE_TTA_ACTIVE views = 8 mean_abs_feat_delta = 0.161769\n"}
,{"stream_name":"stdout","time":2985.240337347,"data":"SECONDARY_EDGE_TTA_ACTIVE views = 8 weight = 0.75 mean_abs_feat_delta = 0.161769\n"}
,{"stream_name":"stdout","time":2985.919381854,"data":"EDGE_TTA_ACTIVE views = 8 mean_abs_feat_delta = 0.252245\n"}
,{"stream_name":"stdout","time":2986.418846098,"data":"EDGE_TTA_ACTIVE views = 8 mean_abs_feat_delta = 0.159959\n"}
,{"stream_name":"stdout","time":2986.974779635,"data":"SECONDARY_EDGE_TTA_ACTIVE views = 8 weight = 0.75 mean_abs_feat_delta = 0.252245\n"}
,{"stream_name":"stdout","time":2987.447388913,"data":"SECONDARY_EDGE_TTA_ACTIVE views = 8 weight = 0.75 mean_abs_feat_delta = 0.159959\n"}
,{"stream_name":"stdout","time":2988.121085219,"data":"EDGE_TTA_ACTIVE views = 8 mean_abs_feat_delta = 0.252378\n"}
,{"stream_name":"stdout","time":2988.596546564,"data":"EDGE_TTA_ACTIVE views = 8 mean_abs_feat_delta = 0.161001\n"}
,{"stream_name":"stdout","time":2989.18040863,"data":"SECONDARY_EDGE_TTA_ACTIVE views = 8 weight = 0.75 mean_abs_feat_delta = 0.252378\n"}
,{"stream_name":"stdout","time":2989.627782957,"data":"SECONDARY_EDGE_TTA_ACTIVE views = 8 weight = 0.75 mean_abs_feat_delta = 0.161001\n"}
,{"stream_name":"stdout","time":2990.333063185,"data":"EDGE_TTA_ACTIVE views = 8 mean_abs_feat_delta = 0.254383\n"}
,{"stream_name":"stdout","time":2990.781782486,"data":"EDGE_TTA_ACTIVE views = 8 mean_abs_feat_delta = 0.160783\n"}
,{"stream_name":"stdout","time":2991.392547046,"data":"SECONDARY_EDGE_TTA_ACTIVE views = 8 weight = 0.75 mean_abs_feat_delta = 0.254383\n"}
,{"stream_name":"stdout","time":2991.81098577,"data":"SECONDARY_EDGE_TTA_ACTIVE views = 8 weight = 0.75 mean_abs_feat_delta = 0.160783\n"}
,{"stream_name":"stdout","time":2992.594933944,"data":"EDGE_TTA_ACTIVE views = 8 mean_abs_feat_delta = 0.254086\n"}
,{"stream_name":"stdout","time":2992.95335842,"data":"EDGE_TTA_ACTIVE views = 8 mean_abs_feat_delta = 0.160077\n"}
,{"stream_name":"stdout","time":2993.652011262,"data":"SECONDARY_EDGE_TTA_ACTIVE views = 8 weight = 0.75 mean_abs_feat_delta = 0.254086\n"}
,{"stream_name":"stdout","time":2993.978464472,"data":"SECONDARY_EDGE_TTA_ACTIVE views = 8 weight = 0.75 mean_abs_feat_delta = 0.160077\n"}
,{"stream_name":"stdout","time":2994.832733726,"data":"EDGE_TTA_ACTIVE views = 8 mean_abs_feat_delta = 0.25149\n"}
,{"stream_name":"stdout","time":2995.13663438,"data":"EDGE_TTA_ACTIVE views = 8 mean_abs_feat_delta = 0.161673\n"}
,{"stream_name":"stdout","time":2995.888403543,"data":"SECONDARY_EDGE_TTA_ACTIVE views = 8 weight = 0.75 mean_abs_feat_delta = 0.25149\n"}
,{"stream_name":"stdout","time":2996.156770547,"data":"SECONDARY_EDGE_TTA_ACTIVE views = 8 weight = 0.75 mean_abs_feat_delta = 0.161673\n"}
,{"stream_name":"stdout","time":2997.038821588,"data":"EDGE_TTA_ACTIVE views = 8 mean_abs_feat_delta = 0.249897\n"}
,{"stream_name":"stdout","time":2997.327323545,"data":"EDGE_TTA_ACTIVE views = 8 mean_abs_feat_delta = 0.158636\n"}
,{"stream_name":"stdout","time":2998.096326153,"data":"SECONDARY_EDGE_TTA_ACTIVE views = 8 weight = 0.75 mean_abs_feat_delta = 0.249897\n"}
,{"stream_name":"stdout","time":2998.344262479,"data":"SECONDARY_EDGE_TTA_ACTIVE views = 8 weight = 0.75 mean_abs_feat_delta = 0.158636\n"}
,{"stream_name":"stdout","time":2999.275649685,"data":"EDGE_TTA_ACTIVE views = 8 mean_abs_feat_delta = 0.252166\n"}
,{"stream_name":"stdout","time":2999.509598416,"data":"EDGE_TTA_ACTIVE views = 8 mean_abs_feat_delta = 0.160908\n"}
,{"stream_name":"stdout","time":3000.330110077,"data":"SECONDARY_EDGE_TTA_ACTIVE views = 8 weight = 0.75 mean_abs_feat_delta = 0.252166\n"}
,{"stream_name":"stdout","time":3000.522509213,"data":"SECONDARY_EDGE_TTA_ACTIVE views = 8 weight = 0.75 mean_abs_feat_delta = 0.160908\n"}
,{"stream_name":"stdout","time":3001.485469154,"data":"EDGE_TTA_ACTIVE views = 8 mean_abs_feat_delta = 0.24746\n"}
,{"stream_name":"stdout","time":3001.661507273,"data":"EDGE_TTA_ACTIVE views = 8 mean_abs_feat_delta = 0.155895\n"}
,{"stream_name":"stdout","time":3002.539035488,"data":"SECONDARY_EDGE_TTA_ACTIVE views = 8 weight = 0.75 mean_abs_feat_delta = 0.24746\n"}
,{"stream_name":"stdout","time":3002.676261199,"data":"SECONDARY_EDGE_TTA_ACTIVE views = 8 weight = 0.75 mean_abs_feat_delta = 0.155895\n"}
,{"stream_name":"stdout","time":3003.67843827,"data":"EDGE_TTA_ACTIVE views = 8 mean_abs_feat_delta = 0.242245\n"}
,{"stream_name":"stdout","time":3003.845587717,"data":"EDGE_TTA_ACTIVE views = 8 mean_abs_feat_delta = 0.154469\n"}
,{"stream_name":"stdout","time":3004.72948249,"data":"SECONDARY_EDGE_TTA_ACTIVE views = 8 weight = 0.75 mean_abs_feat_delta = 0.242245\n"}
,{"stream_name":"stdout","time":3004.858766998,"data":"SECONDARY_EDGE_TTA_ACTIVE views = 8 weight = 0.75 mean_abs_feat_delta = 0.154469\n"}
,{"stream_name":"stdout","time":3005.875148794,"data":"EDGE_TTA_ACTIVE views = 8 mean_abs_feat_delta = 0.240878\n"}
,{"stream_name":"stdout","time":3006.028178267,"data":"EDGE_TTA_ACTIVE views = 8 mean_abs_feat_delta = 0.158621\n"}
,{"stream_name":"stdout","time":3006.928178552,"data":"SECONDARY_EDGE_TTA_ACTIVE views = 8 weight = 0.75 mean_abs_feat_delta = 0.240878\n"}
,{"stream_name":"stdout","time":3007.039920657,"data":"SECONDARY_EDGE_TTA_ACTIVE views = 8 weight = 0.75 mean_abs_feat_delta = 0.158621\n"}
,{"stream_name":"stdout","time":3008.08748169,"data":"EDGE_TTA_ACTIVE views = 8 mean_abs_feat_delta = 0.24268\n"}
,{"stream_name":"stdout","time":3008.16399285,"data":"EDGE_TTA_ACTIVE views = 8 mean_abs_feat_delta = 0.158876\n"}
,{"stream_name":"stdout","time":3009.139327313,"data":"SECONDARY_EDGE_TTA_ACTIVE views = 8 weight = 0.75 mean_abs_feat_delta = 0.24268\n"}
,{"stream_name":"stdout","time":3009.174270421,"data":"SECONDARY_EDGE_TTA_ACTIVE views = 8 weight = 0.75 mean_abs_feat_delta = 0.158876\n"}
,{"stream_name":"stdout","time":3010.288120967,"data":"EDGE_TTA_ACTIVE views = 8 mean_abs_feat_delta = 0.245337\n"}
,{"stream_name":"stdout","time":3010.303585737,"data":"EDGE_TTA_ACTIVE views = 8 mean_abs_feat_delta = 0.160207\n"}
,{"stream_name":"stdout","time":3011.315379431,"data":"SECONDARY_EDGE_TTA_ACTIVE views = 8 weight = 0.75 mean_abs_feat_delta = 0.160207\n"}
,{"stream_name":"stdout","time":3011.33905283,"data":"SECONDARY_EDGE_TTA_ACTIVE views = 8 weight = 0.75 mean_abs_feat_delta = 0.245337\n"}
,{"stream_name":"stdout","time":3012.463225801,"data":"EDGE_TTA_ACTIVE views = 8 mean_abs_feat_delta = 0.155137\n"}
,{"stream_name":"stdout","time":3012.488822,"data":"EDGE_TTA_ACTIVE views = 8 mean_abs_feat_delta = 0.243625\n"}
,{"stream_name":"stdout","time":3013.474059899,"data":"SECONDARY_EDGE_TTA_ACTIVE views = 8 weight = 0.75 mean_abs_feat_delta = 0.155137\n"}
,{"stream_name":"stdout","time":3013.542276785,"data":"SECONDARY_EDGE_TTA_ACTIVE views = 8 weight = 0.75 mean_abs_feat_delta = 0.243625\n"}
,{"stream_name":"stdout","time":3014.772970055,"data":"EDGE_TTA_ACTIVE views = 8 mean_abs_feat_delta = 0.157376\n"}
,{"stream_name":"stdout","time":3014.774388751,"data":"EDGE_TTA_ACTIVE views = 8 mean_abs_feat_delta = 0.241916\n"}
,{"stream_name":"stdout","time":3015.617814927,"data":"SECONDARY_EDGE_TTA_ACTIVE views = 8 weight = 0.75 mean_abs_feat_delta = 0.157376\n"}
,{"stream_name":"stdout","time":3015.755276954,"data":"SECONDARY_EDGE_TTA_ACTIVE views = 8 weight = 0.75 mean_abs_feat_delta = 0.241916\n"}
,{"stream_name":"stdout","time":3016.797250597,"data":"EDGE_TTA_ACTIVE views = 8 mean_abs_feat_delta = 0.158754\n"}
,{"stream_name":"stdout","time":3016.969974712,"data":"EDGE_TTA_ACTIVE views = 8 mean_abs_feat_delta = 0.243846\n"}
,{"stream_name":"stdout","time":3017.809775602,"data":"SECONDARY_EDGE_TTA_ACTIVE views = 8 weight = 0.75 mean_abs_feat_delta = 0.158754\n"}
,{"stream_name":"stdout","time":3018.023384467,"data":"SECONDARY_EDGE_TTA_ACTIVE views = 8 weight = 0.75 mean_abs_feat_delta = 0.243846\n"}
,{"stream_name":"stdout","time":3018.994576777,"data":"EDGE_TTA_ACTIVE views = 8 mean_abs_feat_delta = 0.157585\n"}
,{"stream_name":"stdout","time":3019.17689249,"data":"EDGE_TTA_ACTIVE views = 8 mean_abs_feat_delta = 0.242105\n"}
,{"stream_name":"stdout","time":3020.007335461,"data":"SECONDARY_EDGE_TTA_ACTIVE views = 8 weight = 0.75 mean_abs_feat_delta = 0.157585\n"}
,{"stream_name":"stdout","time":3020.231076696,"data":"SECONDARY_EDGE_TTA_ACTIVE views = 8 weight = 0.75 mean_abs_feat_delta = 0.242105\n"}
,{"stream_name":"stdout","time":3021.223433833,"data":"EDGE_TTA_ACTIVE views = 8 mean_abs_feat_delta = 0.159302\n"}
,{"stream_name":"stdout","time":3021.40602255,"data":"EDGE_TTA_ACTIVE views = 8 mean_abs_feat_delta = 0.243864\n"}
,{"stream_name":"stdout","time":3022.235731851,"data":"SECONDARY_EDGE_TTA_ACTIVE views = 8 weight = 0.75 mean_abs_feat_delta = 0.159302\n"}
,{"stream_name":"stdout","time":3022.462101768,"data":"SECONDARY_EDGE_TTA_ACTIVE views = 8 weight = 0.75 mean_abs_feat_delta = 0.243864\n"}
,{"stream_name":"stdout","time":3023.387017767,"data":"EDGE_TTA_ACTIVE views = 8 mean_abs_feat_delta = 0.157618\n"}
,{"stream_name":"stdout","time":3023.652758096,"data":"EDGE_TTA_ACTIVE views = 8 mean_abs_feat_delta = 0.245357\n"}
,{"stream_name":"stdout","time":3024.403010591,"data":"SECONDARY_EDGE_TTA_ACTIVE views = 8 weight = 0.75 mean_abs_feat_delta = 0.157618\n"}
,{"stream_name":"stdout","time":3024.709396221,"data":"SECONDARY_EDGE_TTA_ACTIVE views = 8 weight = 0.75 mean_abs_feat_delta = 0.245357\n"}
,{"stream_name":"stdout","time":3025.562265475,"data":"EDGE_TTA_ACTIVE views = 8 mean_abs_feat_delta = 0.156348\n"}
,{"stream_name":"stdout","time":3025.886087595,"data":"EDGE_TTA_ACTIVE views = 8 mean_abs_feat_delta = 0.23922\n"}
,{"stream_name":"stdout","time":3026.579775405,"data":"SECONDARY_EDGE_TTA_ACTIVE views = 8 weight = 0.75 mean_abs_feat_delta = 0.156348\n"}
,{"stream_name":"stdout","time":3026.942277451,"data":"SECONDARY_EDGE_TTA_ACTIVE views = 8 weight = 0.75 mean_abs_feat_delta = 0.23922\n"}
,{"stream_name":"stdout","time":3027.739839127,"data":"EDGE_TTA_ACTIVE views = 8 mean_abs_feat_delta = 0.154963\n"}
,{"stream_name":"stdout","time":3028.122176914,"data":"EDGE_TTA_ACTIVE views = 8 mean_abs_feat_delta = 0.236996\n"}
,{"stream_name":"stdout","time":3028.758368218,"data":"SECONDARY_EDGE_TTA_ACTIVE views = 8 weight = 0.75 mean_abs_feat_delta = 0.154963\n"}
,{"stream_name":"stdout","time":3029.183657728,"data":"SECONDARY_EDGE_TTA_ACTIVE views = 8 weight = 0.75 mean_abs_feat_delta = 0.236996\n"}
,{"stream_name":"stdout","time":3029.951994684,"data":"EDGE_TTA_ACTIVE views = 8 mean_abs_feat_delta = 0.158802\n"}
,{"stream_name":"stdout","time":3030.396890763,"data":"EDGE_TTA_ACTIVE views = 8 mean_abs_feat_delta = 0.23518\n"}
,{"stream_name":"stdout","time":3030.973851103,"data":"SECONDARY_EDGE_TTA_ACTIVE views = 8 weight = 0.75 mean_abs_feat_delta = 0.158802\n"}
,{"stream_name":"stdout","time":3031.464993111,"data":"SECONDARY_EDGE_TTA_ACTIVE views = 8 weight = 0.75 mean_abs_feat_delta = 0.23518\n"}
,{"stream_name":"stdout","time":3032.200179757,"data":"EDGE_TTA_ACTIVE views = 8 mean_abs_feat_delta = 0.158194\n"}
,{"stream_name":"stdout","time":3032.65045937,"data":"EDGE_TTA_ACTIVE views = 8 mean_abs_feat_delta = 0.235343\n"}
,{"stream_name":"stdout","time":3033.227568857,"data":"SECONDARY_EDGE_TTA_ACTIVE views = 8 weight = 0.75 mean_abs_feat_delta = 0.158194\n"}
,{"stream_name":"stdout","time":3033.719872332,"data":"SECONDARY_EDGE_TTA_ACTIVE views = 8 weight = 0.75 mean_abs_feat_delta = 0.235343\n"}
,{"stream_name":"stdout","time":3034.394039468,"data":"EDGE_TTA_ACTIVE views = 8 mean_abs_feat_delta = 0.153547\n"}
,{"stream_name":"stdout","time":3034.923243327,"data":"EDGE_TTA_ACTIVE views = 8 mean_abs_feat_delta = 0.232559\n"}
,{"stream_name":"stdout","time":3035.421680692,"data":"SECONDARY_EDGE_TTA_ACTIVE views = 8 weight = 0.75 mean_abs_feat_delta = 0.153547\n"}
,{"stream_name":"stdout","time":3035.998554528,"data":"SECONDARY_EDGE_TTA_ACTIVE views = 8 weight = 0.75 mean_abs_feat_delta = 0.232559\n"}
,{"stream_name":"stdout","time":3036.621252306,"data":"EDGE_TTA_ACTIVE views = 8 mean_abs_feat_delta = 0.147961\n"}
,{"stream_name":"stdout","time":3037.220563143,"data":"EDGE_TTA_ACTIVE views = 8 mean_abs_feat_delta = 0.234846\n"}
,{"stream_name":"stdout","time":3037.649431525,"data":"SECONDARY_EDGE_TTA_ACTIVE views = 8 weight = 0.75 mean_abs_feat_delta = 0.147961\n"}
,{"stream_name":"stdout","time":3038.29375213,"data":"SECONDARY_EDGE_TTA_ACTIVE views = 8 weight = 0.75 mean_abs_feat_delta = 0.234846\n"}
,{"stream_name":"stdout","time":3038.811268924,"data":"EDGE_TTA_ACTIVE views = 8 mean_abs_feat_delta = 0.147158\n"}
,{"stream_name":"stdout","time":3039.477566105,"data":"EDGE_TTA_ACTIVE views = 8 mean_abs_feat_delta = 0.232515\n"}
,{"stream_name":"stdout","time":3039.843072583,"data":"SECONDARY_EDGE_TTA_ACTIVE views = 8 weight = 0.75 mean_abs_feat_delta = 0.147158\n"}
,{"stream_name":"stdout","time":3040.555684401,"data":"SECONDARY_EDGE_TTA_ACTIVE views = 8 weight = 0.75 mean_abs_feat_delta = 0.232515\n"}
,{"stream_name":"stdout","time":3041.021863426,"data":"EDGE_TTA_ACTIVE views = 8 mean_abs_feat_delta = 0.156288\n"}
,{"stream_name":"stdout","time":3041.736696665,"data":"EDGE_TTA_ACTIVE views = 8 mean_abs_feat_delta = 0.232161\n"}
,{"stream_name":"stdout","time":3042.05235648,"data":"SECONDARY_EDGE_TTA_ACTIVE views = 8 weight = 0.75 mean_abs_feat_delta = 0.156288\n"}
,{"stream_name":"stdout","time":3042.817108602,"data":"SECONDARY_EDGE_TTA_ACTIVE views = 8 weight = 0.75 mean_abs_feat_delta = 0.232161\n"}
,{"stream_name":"stdout","time":3043.253515366,"data":"EDGE_TTA_ACTIVE views = 8 mean_abs_feat_delta = 0.158418\n"}
,{"stream_name":"stdout","time":3044.017643263,"data":"EDGE_TTA_ACTIVE views = 8 mean_abs_feat_delta = 0.229705\n"}
,{"stream_name":"stdout","time":3044.289511483,"data":"SECONDARY_EDGE_TTA_ACTIVE views = 8 weight = 0.75 mean_abs_feat_delta = 0.158418\n"}
,{"stream_name":"stdout","time":3045.242327125,"data":"SECONDARY_EDGE_TTA_ACTIVE views = 8 weight = 0.75 mean_abs_feat_delta = 0.229705\n"}
,{"stream_name":"stdout","time":3045.47437587,"data":"EDGE_TTA_ACTIVE views = 8 mean_abs_feat_delta = 0.157837\n"}
,{"stream_name":"stdout","time":3046.300336467,"data":"EDGE_TTA_ACTIVE views = 8 mean_abs_feat_delta = 0.227665\n"}
,{"stream_name":"stdout","time":3046.513750681,"data":"SECONDARY_EDGE_TTA_ACTIVE views = 8 weight = 0.75 mean_abs_feat_delta = 0.157837\n"}
,{"stream_name":"stdout","time":3047.382397521,"data":"SECONDARY_EDGE_TTA_ACTIVE views = 8 weight = 0.75 mean_abs_feat_delta = 0.227665\n"}
,{"stream_name":"stdout","time":3047.676002234,"data":"EDGE_TTA_ACTIVE views = 8 mean_abs_feat_delta = 0.153797\n"}
,{"stream_name":"stdout","time":3048.556990555,"data":"EDGE_TTA_ACTIVE views = 8 mean_abs_feat_delta = 0.225214\n"}
,{"stream_name":"stdout","time":3048.720464858,"data":"SECONDARY_EDGE_TTA_ACTIVE views = 8 weight = 0.75 mean_abs_feat_delta = 0.153797\n"}
,{"stream_name":"stdout","time":3049.647581465,"data":"SECONDARY_EDGE_TTA_ACTIVE views = 8 weight = 0.75 mean_abs_feat_delta = 0.225214\n"}
,{"stream_name":"stdout","time":3049.928395951,"data":"EDGE_TTA_ACTIVE views = 8 mean_abs_feat_delta = 0.149977\n"}
,{"stream_name":"stdout","time":3050.829691521,"data":"EDGE_TTA_ACTIVE views = 8 mean_abs_feat_delta = 0.22209\n"}
,{"stream_name":"stdout","time":3050.975157197,"data":"SECONDARY_EDGE_TTA_ACTIVE views = 8 weight = 0.75 mean_abs_feat_delta = 0.149977\n"}
,{"stream_name":"stdout","time":3051.922254848,"data":"SECONDARY_EDGE_TTA_ACTIVE views = 8 weight = 0.75 mean_abs_feat_delta = 0.22209\n"}
,{"stream_name":"stdout","time":3053.124175923,"data":"EDGE_TTA_ACTIVE views = 8 mean_abs_feat_delta = 0.223963\n"}
,{"stream_name":"stdout","time":3054.216355192,"data":"SECONDARY_EDGE_TTA_ACTIVE views = 8 weight = 0.75 mean_abs_feat_delta = 0.223963\n"}
,{"stream_name":"stdout","time":3055.510638404,"data":"EDGE_TTA_ACTIVE views = 8 mean_abs_feat_delta = 0.224519\n"}
,{"stream_name":"stdout","time":3056.602987127,"data":"SECONDARY_EDGE_TTA_ACTIVE views = 8 weight = 0.75 mean_abs_feat_delta = 0.224519\n"}
,{"stream_name":"stdout","time":3057.840192141,"data":"EDGE_TTA_ACTIVE views = 8 mean_abs_feat_delta = 0.223022\n"}
,{"stream_name":"stdout","time":3058.935445274,"data":"SECONDARY_EDGE_TTA_ACTIVE views = 8 weight = 0.75 mean_abs_feat_delta = 0.223022\n"}
,{"stream_name":"stdout","time":3060.212964448,"data":"EDGE_TTA_ACTIVE views = 8 mean_abs_feat_delta = 0.224961\n"}
,{"stream_name":"stdout","time":3061.309551522,"data":"SECONDARY_EDGE_TTA_ACTIVE views = 8 weight = 0.75 mean_abs_feat_delta = 0.224961\n"}
,{"stream_name":"stdout","time":3062.497181302,"data":"EDGE_TTA_ACTIVE views = 8 mean_abs_feat_delta = 0.222208\n"}
,{"stream_name":"stdout","time":3063.594286088,"data":"SECONDARY_EDGE_TTA_ACTIVE views = 8 weight = 0.75 mean_abs_feat_delta = 0.222208\n"}
,{"stream_name":"stdout","time":3064.806835894,"data":"EDGE_TTA_ACTIVE views = 8 mean_abs_feat_delta = 0.224726\n"}
,{"stream_name":"stdout","time":3065.909172311,"data":"SECONDARY_EDGE_TTA_ACTIVE views = 8 weight = 0.75 mean_abs_feat_delta = 0.224726\n"}
,{"stream_name":"stdout","time":3067.12607338,"data":"EDGE_TTA_ACTIVE views = 8 mean_abs_feat_delta = 0.22599\n"}
,{"stream_name":"stdout","time":3068.232782109,"data":"SECONDARY_EDGE_TTA_ACTIVE views = 8 weight = 0.75 mean_abs_feat_delta = 0.22599\n"}
,{"stream_name":"stdout","time":3069.435791591,"data":"EDGE_TTA_ACTIVE views = 8 mean_abs_feat_delta = 0.221709\n"}
,{"stream_name":"stdout","time":3070.542166988,"data":"SECONDARY_EDGE_TTA_ACTIVE views = 8 weight = 0.75 mean_abs_feat_delta = 0.221709\n"}
,{"stream_name":"stdout","time":3071.78482216,"data":"EDGE_TTA_ACTIVE views = 8 mean_abs_feat_delta = 0.221444\n"}
,{"stream_name":"stdout","time":3072.890800899,"data":"SECONDARY_EDGE_TTA_ACTIVE views = 8 weight = 0.75 mean_abs_feat_delta = 0.221444\n"}
,{"stream_name":"stdout","time":3074.109174386,"data":"EDGE_TTA_ACTIVE views = 8 mean_abs_feat_delta = 0.22542\n"}
,{"stream_name":"stdout","time":3075.213407865,"data":"SECONDARY_EDGE_TTA_ACTIVE views = 8 weight = 0.75 mean_abs_feat_delta = 0.22542\n"}
,{"stream_name":"stdout","time":3076.567422198,"data":"EDGE_TTA_ACTIVE views = 8 mean_abs_feat_delta = 0.226336\n"}
,{"stream_name":"stdout","time":3076.985170036,"data":"Saved 4 predictions to /kaggle/working/tracking_repo/predictions/unknown/unet_transformer_val_gpu1/split_0\n"}
,{"stream_name":"stdout","time":3077.503599706,"data":"SECONDARY_EDGE_TTA_ACTIVE views = 8 weight = 0.75 mean_abs_feat_delta = 0.226336\n"}
,{"stream_name":"stdout","time":3078.733351675,"data":"EDGE_TTA_ACTIVE views = 8 mean_abs_feat_delta = 0.228534\n"}
,{"stream_name":"stdout","time":3079.839511387,"data":"SECONDARY_EDGE_TTA_ACTIVE views = 8 weight = 0.75 mean_abs_feat_delta = 0.228534\n"}
,{"stream_name":"stdout","time":3081.022750942,"data":"EDGE_TTA_ACTIVE views = 8 mean_abs_feat_delta = 0.226425\n"}
,{"stream_name":"stdout","time":3082.124822126,"data":"SECONDARY_EDGE_TTA_ACTIVE views = 8 weight = 0.75 mean_abs_feat_delta = 0.226425\n"}
,{"stream_name":"stdout","time":3083.351095531,"data":"EDGE_TTA_ACTIVE views = 8 mean_abs_feat_delta = 0.225415\n"}
,{"stream_name":"stdout","time":3084.453233195,"data":"SECONDARY_EDGE_TTA_ACTIVE views = 8 weight = 0.75 mean_abs_feat_delta = 0.225415\n"}
,{"stream_name":"stdout","time":3085.643810256,"data":"EDGE_TTA_ACTIVE views = 8 mean_abs_feat_delta = 0.225598\n"}
,{"stream_name":"stdout","time":3086.745593647,"data":"SECONDARY_EDGE_TTA_ACTIVE views = 8 weight = 0.75 mean_abs_feat_delta = 0.225598\n"}
,{"stream_name":"stdout","time":3087.920070365,"data":"EDGE_TTA_ACTIVE views = 8 mean_abs_feat_delta = 0.227498\n"}
,{"stream_name":"stdout","time":3089.018636096,"data":"SECONDARY_EDGE_TTA_ACTIVE views = 8 weight = 0.75 mean_abs_feat_delta = 0.227498\n"}
,{"stream_name":"stdout","time":3090.198481387,"data":"EDGE_TTA_ACTIVE views = 8 mean_abs_feat_delta = 0.228128\n"}
,{"stream_name":"stdout","time":3091.299994332,"data":"SECONDARY_EDGE_TTA_ACTIVE views = 8 weight = 0.75 mean_abs_feat_delta = 0.228128\n"}
,{"stream_name":"stdout","time":3092.479916989,"data":"EDGE_TTA_ACTIVE views = 8 mean_abs_feat_delta = 0.225142\n"}
,{"stream_name":"stdout","time":3093.579515831,"data":"SECONDARY_EDGE_TTA_ACTIVE views = 8 weight = 0.75 mean_abs_feat_delta = 0.225142\n"}
,{"stream_name":"stdout","time":3094.788074359,"data":"EDGE_TTA_ACTIVE views = 8 mean_abs_feat_delta = 0.217851\n"}
,{"stream_name":"stdout","time":3095.889863415,"data":"SECONDARY_EDGE_TTA_ACTIVE views = 8 weight = 0.75 mean_abs_feat_delta = 0.217851\n"}
,{"stream_name":"stdout","time":3097.131973969,"data":"EDGE_TTA_ACTIVE views = 8 mean_abs_feat_delta = 0.218408\n"}
,{"stream_name":"stdout","time":3098.228514153,"data":"SECONDARY_EDGE_TTA_ACTIVE views = 8 weight = 0.75 mean_abs_feat_delta = 0.218408\n"}
,{"stream_name":"stdout","time":3099.403062281,"data":"EDGE_TTA_ACTIVE views = 8 mean_abs_feat_delta = 0.220773\n"}
,{"stream_name":"stdout","time":3100.503657167,"data":"SECONDARY_EDGE_TTA_ACTIVE views = 8 weight = 0.75 mean_abs_feat_delta = 0.220773\n"}
,{"stream_name":"stdout","time":3101.702063726,"data":"EDGE_TTA_ACTIVE views = 8 mean_abs_feat_delta = 0.221123\n"}
,{"stream_name":"stdout","time":3102.799065212,"data":"SECONDARY_EDGE_TTA_ACTIVE views = 8 weight = 0.75 mean_abs_feat_delta = 0.221123\n"}
,{"stream_name":"stdout","time":3104.004016801,"data":"EDGE_TTA_ACTIVE views = 8 mean_abs_feat_delta = 0.223265\n"}
,{"stream_name":"stdout","time":3105.102053458,"data":"SECONDARY_EDGE_TTA_ACTIVE views = 8 weight = 0.75 mean_abs_feat_delta = 0.223265\n"}
,{"stream_name":"stdout","time":3106.278832022,"data":"EDGE_TTA_ACTIVE views = 8 mean_abs_feat_delta = 0.219892\n"}
,{"stream_name":"stdout","time":3107.496038698,"data":"SECONDARY_EDGE_TTA_ACTIVE views = 8 weight = 0.75 mean_abs_feat_delta = 0.219892\n"}
,{"stream_name":"stdout","time":3108.572820292,"data":"EDGE_TTA_ACTIVE views = 8 mean_abs_feat_delta = 0.215888\n"}
,{"stream_name":"stdout","time":3109.675757095,"data":"SECONDARY_EDGE_TTA_ACTIVE views = 8 weight = 0.75 mean_abs_feat_delta = 0.215888\n"}
,{"stream_name":"stdout","time":3110.891506879,"data":"EDGE_TTA_ACTIVE views = 8 mean_abs_feat_delta = 0.217199\n"}
,{"stream_name":"stdout","time":3111.998829233,"data":"SECONDARY_EDGE_TTA_ACTIVE views = 8 weight = 0.75 mean_abs_feat_delta = 0.217199\n"}
,{"stream_name":"stdout","time":3113.178683672,"data":"EDGE_TTA_ACTIVE views = 8 mean_abs_feat_delta = 0.214923\n"}
,{"stream_name":"stdout","time":3114.287063644,"data":"SECONDARY_EDGE_TTA_ACTIVE views = 8 weight = 0.75 mean_abs_feat_delta = 0.214923\n"}
,{"stream_name":"stdout","time":3115.483646469,"data":"EDGE_TTA_ACTIVE views = 8 mean_abs_feat_delta = 0.212978\n"}
,{"stream_name":"stdout","time":3116.591344365,"data":"SECONDARY_EDGE_TTA_ACTIVE views = 8 weight = 0.75 mean_abs_feat_delta = 0.212978\n"}
,{"stream_name":"stdout","time":3117.777951567,"data":"EDGE_TTA_ACTIVE views = 8 mean_abs_feat_delta = 0.214256\n"}
,{"stream_name":"stdout","time":3118.892529773,"data":"SECONDARY_EDGE_TTA_ACTIVE views = 8 weight = 0.75 mean_abs_feat_delta = 0.214256\n"}
,{"stream_name":"stdout","time":3120.070015501,"data":"EDGE_TTA_ACTIVE views = 8 mean_abs_feat_delta = 0.214796\n"}
,{"stream_name":"stdout","time":3121.182329517,"data":"SECONDARY_EDGE_TTA_ACTIVE views = 8 weight = 0.75 mean_abs_feat_delta = 0.214796\n"}
,{"stream_name":"stdout","time":3122.362497022,"data":"EDGE_TTA_ACTIVE views = 8 mean_abs_feat_delta = 0.213894\n"}
,{"stream_name":"stdout","time":3123.475702757,"data":"SECONDARY_EDGE_TTA_ACTIVE views = 8 weight = 0.75 mean_abs_feat_delta = 0.213894\n"}
,{"stream_name":"stdout","time":3124.670405721,"data":"EDGE_TTA_ACTIVE views = 8 mean_abs_feat_delta = 0.212118\n"}
,{"stream_name":"stdout","time":3125.782472872,"data":"SECONDARY_EDGE_TTA_ACTIVE views = 8 weight = 0.75 mean_abs_feat_delta = 0.212118\n"}
,{"stream_name":"stdout","time":3126.969299208,"data":"EDGE_TTA_ACTIVE views = 8 mean_abs_feat_delta = 0.210422\n"}
,{"stream_name":"stdout","time":3128.084634576,"data":"SECONDARY_EDGE_TTA_ACTIVE views = 8 weight = 0.75 mean_abs_feat_delta = 0.210422\n"}
,{"stream_name":"stdout","time":3129.301541846,"data":"EDGE_TTA_ACTIVE views = 8 mean_abs_feat_delta = 0.211782\n"}
,{"stream_name":"stdout","time":3130.419456685,"data":"SECONDARY_EDGE_TTA_ACTIVE views = 8 weight = 0.75 mean_abs_feat_delta = 0.211782\n"}
,{"stream_name":"stdout","time":3131.642650603,"data":"EDGE_TTA_ACTIVE views = 8 mean_abs_feat_delta = 0.211073\n"}
,{"stream_name":"stdout","time":3132.759186001,"data":"SECONDARY_EDGE_TTA_ACTIVE views = 8 weight = 0.75 mean_abs_feat_delta = 0.211073\n"}
,{"stream_name":"stdout","time":3133.981694528,"data":"EDGE_TTA_ACTIVE views = 8 mean_abs_feat_delta = 0.2086\n"}
,{"stream_name":"stdout","time":3135.100078004,"data":"SECONDARY_EDGE_TTA_ACTIVE views = 8 weight = 0.75 mean_abs_feat_delta = 0.2086\n"}
,{"stream_name":"stdout","time":3136.284224128,"data":"EDGE_TTA_ACTIVE views = 8 mean_abs_feat_delta = 0.204778\n"}
,{"stream_name":"stdout","time":3137.397052728,"data":"SECONDARY_EDGE_TTA_ACTIVE views = 8 weight = 0.75 mean_abs_feat_delta = 0.204778\n"}
,{"stream_name":"stdout","time":3138.684638594,"data":"EDGE_TTA_ACTIVE views = 8 mean_abs_feat_delta = 0.204511\n"}
,{"stream_name":"stdout","time":3139.688642781,"data":"SECONDARY_EDGE_TTA_ACTIVE views = 8 weight = 0.75 mean_abs_feat_delta = 0.204511\n"}
,{"stream_name":"stdout","time":3140.872828455,"data":"EDGE_TTA_ACTIVE views = 8 mean_abs_feat_delta = 0.204905\n"}
,{"stream_name":"stdout","time":3141.982115011,"data":"SECONDARY_EDGE_TTA_ACTIVE views = 8 weight = 0.75 mean_abs_feat_delta = 0.204905\n"}
,{"stream_name":"stdout","time":3143.172539755,"data":"EDGE_TTA_ACTIVE views = 8 mean_abs_feat_delta = 0.205749\n"}
,{"stream_name":"stdout","time":3144.279104611,"data":"SECONDARY_EDGE_TTA_ACTIVE views = 8 weight = 0.75 mean_abs_feat_delta = 0.205749\n"}
,{"stream_name":"stdout","time":3145.461094541,"data":"EDGE_TTA_ACTIVE views = 8 mean_abs_feat_delta = 0.206154\n"}
,{"stream_name":"stdout","time":3146.561721766,"data":"SECONDARY_EDGE_TTA_ACTIVE views = 8 weight = 0.75 mean_abs_feat_delta = 0.206154\n"}
,{"stream_name":"stdout","time":3147.804333638,"data":"EDGE_TTA_ACTIVE views = 8 mean_abs_feat_delta = 0.203956\n"}
,{"stream_name":"stdout","time":3148.90118324,"data":"SECONDARY_EDGE_TTA_ACTIVE views = 8 weight = 0.75 mean_abs_feat_delta = 0.203956\n"}
,{"stream_name":"stdout","time":3150.075756219,"data":"EDGE_TTA_ACTIVE views = 8 mean_abs_feat_delta = 0.202861\n"}
,{"stream_name":"stdout","time":3151.16656358,"data":"SECONDARY_EDGE_TTA_ACTIVE views = 8 weight = 0.75 mean_abs_feat_delta = 0.202861\n"}
,{"stream_name":"stdout","time":3152.361444001,"data":"EDGE_TTA_ACTIVE views = 8 mean_abs_feat_delta = 0.204206\n"}
,{"stream_name":"stdout","time":3153.45489882,"data":"SECONDARY_EDGE_TTA_ACTIVE views = 8 weight = 0.75 mean_abs_feat_delta = 0.204206\n"}
,{"stream_name":"stdout","time":3154.631085891,"data":"EDGE_TTA_ACTIVE views = 8 mean_abs_feat_delta = 0.204025\n"}
,{"stream_name":"stdout","time":3155.72185451,"data":"SECONDARY_EDGE_TTA_ACTIVE views = 8 weight = 0.75 mean_abs_feat_delta = 0.204025\n"}
,{"stream_name":"stdout","time":3156.889261729,"data":"EDGE_TTA_ACTIVE views = 8 mean_abs_feat_delta = 0.202736\n"}
,{"stream_name":"stdout","time":3157.97568717,"data":"SECONDARY_EDGE_TTA_ACTIVE views = 8 weight = 0.75 mean_abs_feat_delta = 0.202736\n"}
,{"stream_name":"stdout","time":3159.17240023,"data":"EDGE_TTA_ACTIVE views = 8 mean_abs_feat_delta = 0.203205\n"}
,{"stream_name":"stdout","time":3160.261768878,"data":"SECONDARY_EDGE_TTA_ACTIVE views = 8 weight = 0.75 mean_abs_feat_delta = 0.203205\n"}
,{"stream_name":"stdout","time":3161.461160276,"data":"EDGE_TTA_ACTIVE views = 8 mean_abs_feat_delta = 0.20415\n"}
,{"stream_name":"stdout","time":3162.550797311,"data":"SECONDARY_EDGE_TTA_ACTIVE views = 8 weight = 0.75 mean_abs_feat_delta = 0.20415\n"}
,{"stream_name":"stdout","time":3163.733234342,"data":"EDGE_TTA_ACTIVE views = 8 mean_abs_feat_delta = 0.203201\n"}
,{"stream_name":"stdout","time":3164.823912787,"data":"SECONDARY_EDGE_TTA_ACTIVE views = 8 weight = 0.75 mean_abs_feat_delta = 0.203201\n"}
,{"stream_name":"stdout","time":3165.986287457,"data":"EDGE_TTA_ACTIVE views = 8 mean_abs_feat_delta = 0.200058\n"}
,{"stream_name":"stdout","time":3167.079751046,"data":"SECONDARY_EDGE_TTA_ACTIVE views = 8 weight = 0.75 mean_abs_feat_delta = 0.200058\n"}
,{"stream_name":"stdout","time":3168.244161301,"data":"EDGE_TTA_ACTIVE views = 8 mean_abs_feat_delta = 0.200311\n"}
,{"stream_name":"stdout","time":3169.444324599,"data":"SECONDARY_EDGE_TTA_ACTIVE views = 8 weight = 0.75 mean_abs_feat_delta = 0.200311\n"}
,{"stream_name":"stdout","time":3170.505331937,"data":"EDGE_TTA_ACTIVE views = 8 mean_abs_feat_delta = 0.198058\n"}
,{"stream_name":"stdout","time":3171.598836423,"data":"SECONDARY_EDGE_TTA_ACTIVE views = 8 weight = 0.75 mean_abs_feat_delta = 0.198058\n"}
,{"stream_name":"stdout","time":3172.768644616,"data":"EDGE_TTA_ACTIVE views = 8 mean_abs_feat_delta = 0.197678\n"}
,{"stream_name":"stdout","time":3173.864445179,"data":"SECONDARY_EDGE_TTA_ACTIVE views = 8 weight = 0.75 mean_abs_feat_delta = 0.197678\n"}
,{"stream_name":"stdout","time":3175.028850226,"data":"EDGE_TTA_ACTIVE views = 8 mean_abs_feat_delta = 0.199775\n"}
,{"stream_name":"stdout","time":3176.127980544,"data":"SECONDARY_EDGE_TTA_ACTIVE views = 8 weight = 0.75 mean_abs_feat_delta = 0.199775\n"}
,{"stream_name":"stdout","time":3177.32619472,"data":"EDGE_TTA_ACTIVE views = 8 mean_abs_feat_delta = 0.202986\n"}
,{"stream_name":"stdout","time":3178.434850196,"data":"SECONDARY_EDGE_TTA_ACTIVE views = 8 weight = 0.75 mean_abs_feat_delta = 0.202986\n"}
,{"stream_name":"stdout","time":3179.608487248,"data":"EDGE_TTA_ACTIVE views = 8 mean_abs_feat_delta = 0.2048\n"}
,{"stream_name":"stdout","time":3180.71478748,"data":"SECONDARY_EDGE_TTA_ACTIVE views = 8 weight = 0.75 mean_abs_feat_delta = 0.2048\n"}
,{"stream_name":"stdout","time":3181.900996165,"data":"EDGE_TTA_ACTIVE views = 8 mean_abs_feat_delta = 0.205137\n"}
,{"stream_name":"stdout","time":3183.008827612,"data":"SECONDARY_EDGE_TTA_ACTIVE views = 8 weight = 0.75 mean_abs_feat_delta = 0.205137\n"}
,{"stream_name":"stdout","time":3184.222160265,"data":"EDGE_TTA_ACTIVE views = 8 mean_abs_feat_delta = 0.201742\n"}
,{"stream_name":"stdout","time":3185.333919598,"data":"SECONDARY_EDGE_TTA_ACTIVE views = 8 weight = 0.75 mean_abs_feat_delta = 0.201742\n"}
,{"stream_name":"stdout","time":3186.514686354,"data":"EDGE_TTA_ACTIVE views = 8 mean_abs_feat_delta = 0.198896\n"}
,{"stream_name":"stdout","time":3187.628280692,"data":"SECONDARY_EDGE_TTA_ACTIVE views = 8 weight = 0.75 mean_abs_feat_delta = 0.198896\n"}
,{"stream_name":"stdout","time":3188.825952136,"data":"EDGE_TTA_ACTIVE views = 8 mean_abs_feat_delta = 0.198315\n"}
,{"stream_name":"stdout","time":3189.941871866,"data":"SECONDARY_EDGE_TTA_ACTIVE views = 8 weight = 0.75 mean_abs_feat_delta = 0.198315\n"}
,{"stream_name":"stdout","time":3191.156201541,"data":"EDGE_TTA_ACTIVE views = 8 mean_abs_feat_delta = 0.196748\n"}
,{"stream_name":"stdout","time":3192.269918342,"data":"SECONDARY_EDGE_TTA_ACTIVE views = 8 weight = 0.75 mean_abs_feat_delta = 0.196748\n"}
,{"stream_name":"stdout","time":3193.451859185,"data":"EDGE_TTA_ACTIVE views = 8 mean_abs_feat_delta = 0.197441\n"}
,{"stream_name":"stdout","time":3194.573574369,"data":"SECONDARY_EDGE_TTA_ACTIVE views = 8 weight = 0.75 mean_abs_feat_delta = 0.197441\n"}
,{"stream_name":"stdout","time":3195.769179231,"data":"EDGE_TTA_ACTIVE views = 8 mean_abs_feat_delta = 0.197293\n"}
,{"stream_name":"stdout","time":3196.885348235,"data":"SECONDARY_EDGE_TTA_ACTIVE views = 8 weight = 0.75 mean_abs_feat_delta = 0.197293\n"}
,{"stream_name":"stdout","time":3198.113118743,"data":"EDGE_TTA_ACTIVE views = 8 mean_abs_feat_delta = 0.196746\n"}
,{"stream_name":"stdout","time":3199.223966629,"data":"SECONDARY_EDGE_TTA_ACTIVE views = 8 weight = 0.75 mean_abs_feat_delta = 0.196746\n"}
,{"stream_name":"stdout","time":3200.514147912,"data":"EDGE_TTA_ACTIVE views = 8 mean_abs_feat_delta = 0.198037\n"}
,{"stream_name":"stdout","time":3201.523880667,"data":"SECONDARY_EDGE_TTA_ACTIVE views = 8 weight = 0.75 mean_abs_feat_delta = 0.198037\n"}
,{"stream_name":"stdout","time":3202.703317161,"data":"EDGE_TTA_ACTIVE views = 8 mean_abs_feat_delta = 0.200089\n"}
,{"stream_name":"stdout","time":3203.811093415,"data":"SECONDARY_EDGE_TTA_ACTIVE views = 8 weight = 0.75 mean_abs_feat_delta = 0.200089\n"}
,{"stream_name":"stdout","time":3205.016328681,"data":"EDGE_TTA_ACTIVE views = 8 mean_abs_feat_delta = 0.197363\n"}
,{"stream_name":"stdout","time":3206.125354594,"data":"SECONDARY_EDGE_TTA_ACTIVE views = 8 weight = 0.75 mean_abs_feat_delta = 0.197363\n"}
,{"stream_name":"stdout","time":3207.304011151,"data":"EDGE_TTA_ACTIVE views = 8 mean_abs_feat_delta = 0.194095\n"}
,{"stream_name":"stdout","time":3208.408969246,"data":"SECONDARY_EDGE_TTA_ACTIVE views = 8 weight = 0.75 mean_abs_feat_delta = 0.194095\n"}
,{"stream_name":"stdout","time":3209.594569358,"data":"EDGE_TTA_ACTIVE views = 8 mean_abs_feat_delta = 0.191974\n"}
,{"stream_name":"stdout","time":3210.695456555,"data":"SECONDARY_EDGE_TTA_ACTIVE views = 8 weight = 0.75 mean_abs_feat_delta = 0.191974\n"}
,{"stream_name":"stdout","time":3219.179877608,"data":"Saved 4 predictions to /kaggle/working/tracking_repo/predictions/unknown/unet_transformer_val_gpu0/split_0\n"}
,{"stream_name":"stdout","time":3221.769282806,"data":"VALIDATOR prediction minutes: 18.32\n"}
,{"stream_name":"stdout","time":3338.114366622,"data":"[44b6_12dfb391] after edge-filter+motion-relink: 57445 nodes, 55459 edges\n"}
,{"stream_name":"stdout","time":3351.664826879,"data":"[44b6_12dfb391] after gap-closing (single-frame + gap2): 57816 nodes, 56140 edges\n"}
,{"stream_name":"stdout","time":3383.827297171,"data":"[44b6_12dfb391] after safe-division repair: 57816 nodes, 56185 edges (geometric_candidates = 259, deepcenter_rejected = 214, post_veto_candidates = 45, added = 45, cap_skipped = 0, mutual_nn_rejected = 55, divergence_rejected = 1782)\n"}
,{"stream_name":"stdout","time":3383.827345606,"data":"[44b6_12dfb391] after division-geometry-filter+prune-isolated: 57814 nodes, 56185 edges\n"}
,{"stream_name":"stdout","time":3383.827354427,"data":"[44b6_12dfb391] after short-track filtering: 57125 nodes, 55649 edges (components_removed = 153)\n"}
,{"stream_name":"stdout","time":3396.492342373,"data":"[44b6_12dfb391] FINAL: 57125 nodes, 55649 edges\n"}
,{"stream_name":"stdout","time":3415.114511998,"data":"[44b6_267148e4] after edge-filter+motion-relink: 22576 nodes, 21090 edges\n"}
,{"stream_name":"stdout","time":3429.442877638,"data":"[44b6_267148e4] after gap-closing (single-frame + gap2): 22825 nodes, 21545 edges\n"}
,{"stream_name":"stdout","time":3456.131780101,"data":"[44b6_267148e4] after safe-division repair: 22825 nodes, 21570 edges (geometric_candidates = 222, deepcenter_rejected = 189, post_veto_candidates = 33, added = 25, cap_skipped = 0, mutual_nn_rejected = 140, divergence_rejected = 984)\n"}
,{"stream_name":"stdout","time":3456.131813525,"data":"[44b6_267148e4] after division-geometry-filter+prune-isolated: 22816 nodes, 21570 edges\n"}
,{"stream_name":"stdout","time":3456.131845097,"data":"[44b6_267148e4] after short-track filtering: 21930 nodes, 20885 edges (components_removed = 201)\n"}
,{"stream_name":"stdout","time":3461.066914927,"data":"[44b6_267148e4] FINAL: 21930 nodes, 20885 edges\n"}
,{"stream_name":"stdout","time":3567.39037576,"data":"[44b6_2a2eff9f] after edge-filter+motion-relink: 56611 nodes, 53824 edges\n"}
,{"stream_name":"stdout","time":3586.297987181,"data":"[44b6_2a2eff9f] after gap-closing (single-frame + gap2): 57087 nodes, 54700 edges\n"}
,{"stream_name":"stdout","time":3622.807355264,"data":"[44b6_2a2eff9f] after safe-division repair: 57087 nodes, 54744 edges (geometric_candidates = 456, deepcenter_rejected = 412, post_veto_candidates = 44, added = 44, cap_skipped = 0, mutual_nn_rejected = 146, divergence_rejected = 2667)\n"}
,{"stream_name":"stdout","time":3622.807399766,"data":"[44b6_2a2eff9f] after division-geometry-filter+prune-isolated: 57083 nodes, 54744 edges\n"}
,{"stream_name":"stdout","time":3622.807408224,"data":"[44b6_2a2eff9f] after short-track filtering: 55850 nodes, 53788 edges (components_removed = 277)\n"}
,{"stream_name":"stdout","time":3635.407505019,"data":"[44b6_2a2eff9f] FINAL: 55850 nodes, 53788 edges\n"}
,{"stream_name":"stdout","time":3638.693530976,"data":"[44b6_341df25f] after edge-filter+motion-relink: 9126 nodes, 8738 edges\n"}
,{"stream_name":"stdout","time":3641.95402784,"data":"[44b6_341df25f] after gap-closing (single-frame + gap2): 9197 nodes, 8864 edges\n"}
,{"stream_name":"stdout","time":3653.189049161,"data":"[44b6_341df25f] after safe-division repair: 9197 nodes, 8880 edges (geometric_candidates = 42, deepcenter_rejected = 25, post_veto_candidates = 17, added = 16, cap_skipped = 0, mutual_nn_rejected = 1, divergence_rejected = 149)\n"}
,{"stream_name":"stdout","time":3653.189087156,"data":"[44b6_341df25f] after division-geometry-filter+prune-isolated: 9195 nodes, 8880 edges\n"}
,{"stream_name":"stdout","time":3653.189095294,"data":"[44b6_341df25f] after short-track filtering: 9010 nodes, 8739 edges (components_removed = 44)\n"}
,{"stream_name":"stdout","time":3655.079765789,"data":"[44b6_341df25f] FINAL: 9010 nodes, 8739 edges\n"}
,{"stream_name":"stdout","time":3657.453506004,"data":"[6bba_062c8d37] after edge-filter+motion-relink: 7875 nodes, 7371 edges\n"}
,{"stream_name":"stdout","time":3660.081142204,"data":"[6bba_062c8d37] after gap-closing (single-frame + gap2): 7953 nodes, 7508 edges\n"}
,{"stream_name":"stdout","time":3667.416642166,"data":"[6bba_062c8d37] after safe-division repair: 7953 nodes, 7512 edges (geometric_candidates = 25, deepcenter_rejected = 21, post_veto_candidates = 4, added = 4, cap_skipped = 0, mutual_nn_rejected = 9, divergence_rejected = 131)\n"}
,{"stream_name":"stdout","time":3667.416692851,"data":"[6bba_062c8d37] after division-geometry-filter+prune-isolated: 7943 nodes, 7512 edges\n"}
,{"stream_name":"stdout","time":3667.416701561,"data":"[6bba_062c8d37] after short-track filtering: 7583 nodes, 7239 edges (components_removed = 87)\n"}
,{"stream_name":"stdout","time":3669.059477568,"data":"[6bba_062c8d37] FINAL: 7583 nodes, 7239 edges\n"}
,{"stream_name":"stdout","time":3733.566057453,"data":"[6bba_07e24132] after edge-filter+motion-relink: 43955 nodes, 41767 edges\n"}
,{"stream_name":"stdout","time":3751.482189889,"data":"[6bba_07e24132] after gap-closing (single-frame + gap2): 44415 nodes, 42621 edges\n"}
,{"stream_name":"stdout","time":3781.564562193,"data":"[6bba_07e24132] after safe-division repair: 44415 nodes, 42637 edges (geometric_candidates = 258, deepcenter_rejected = 242, post_veto_candidates = 16, added = 16, cap_skipped = 0, mutual_nn_rejected = 114, divergence_rejected = 1885)\n"}
,{"stream_name":"stdout","time":3781.564607194,"data":"[6bba_07e24132] after division-geometry-filter+prune-isolated: 44411 nodes, 42637 edges\n"}
,{"stream_name":"stdout","time":3781.564629391,"data":"[6bba_07e24132] after short-track filtering: 43337 nodes, 41804 edges (components_removed = 241)\n"}
,{"stream_name":"stdout","time":3790.639181444,"data":"[6bba_07e24132] FINAL: 43337 nodes, 41804 edges\n"}
,{"stream_name":"stdout","time":3793.650135475,"data":"[6bba_085bf656] after edge-filter+motion-relink: 8861 nodes, 8488 edges\n"}
,{"stream_name":"stdout","time":3796.383337845,"data":"[6bba_085bf656] after gap-closing (single-frame + gap2): 8888 nodes, 8534 edges\n"}
,{"stream_name":"stdout","time":3806.448545007,"data":"[6bba_085bf656] after safe-division repair: 8888 nodes, 8543 edges (geometric_candidates = 36, deepcenter_rejected = 24, post_veto_candidates = 12, added = 9, cap_skipped = 0, mutual_nn_rejected = 2, divergence_rejected = 105)\n"}
,{"stream_name":"stdout","time":3806.448590336,"data":"[6bba_085bf656] after division-geometry-filter+prune-isolated: 8885 nodes, 8543 edges\n"}
,{"stream_name":"stdout","time":3806.448597939,"data":"[6bba_085bf656] after short-track filtering: 8706 nodes, 8405 edges (components_removed = 41)\n"}
,{"stream_name":"stdout","time":3808.251380296,"data":"[6bba_085bf656] FINAL: 8706 nodes, 8405 edges\n"}
,{"stream_name":"stdout","time":3836.969690414,"data":"[6bba_09961292] after edge-filter+motion-relink: 29438 nodes, 28219 edges\n"}
,{"stream_name":"stdout","time":3843.964926577,"data":"[6bba_09961292] after gap-closing (single-frame + gap2): 29703 nodes, 28707 edges\n"}
,{"stream_name":"stdout","time":3865.533160598,"data":"[6bba_09961292] after safe-division repair: 29703 nodes, 28725 edges (geometric_candidates = 98, deepcenter_rejected = 80, post_veto_candidates = 18, added = 18, cap_skipped = 0, mutual_nn_rejected = 60, divergence_rejected = 1101)\n"}
,{"stream_name":"stdout","time":3865.533227531,"data":"[6bba_09961292] after division-geometry-filter+prune-isolated: 29703 nodes, 28725 edges\n"}
,{"stream_name":"stdout","time":3865.533234761,"data":"[6bba_09961292] after short-track filtering: 29209 nodes, 28343 edges (components_removed = 112)\n"}
,{"stream_name":"stdout","time":3872.162457342,"data":"[6bba_09961292] FINAL: 29209 nodes, 28343 edges\n"}
,{"stream_name":"stdout","time":3872.16249306,"data":"VALIDATOR base proxy: 0.916575\n"}
,{"stream_name":"stdout","time":3872.16251259,"data":"VALIDATOR base adjusted edge: 0.894352\n"}
,{"stream_name":"stdout","time":3983.458376836,"data":"[44b6_12dfb391] after edge-filter+motion-relink: 57445 nodes, 55459 edges\n"}
,{"stream_name":"stdout","time":3992.135859781,"data":"[44b6_12dfb391] after gap-closing (single-frame + gap2): 57807 nodes, 56122 edges\n"}
,{"stream_name":"stdout","time":4024.728095352,"data":"[44b6_12dfb391] after safe-division repair: 57807 nodes, 56167 edges (geometric_candidates = 261, deepcenter_rejected = 216, post_veto_candidates = 45, added = 45, cap_skipped = 0, mutual_nn_rejected = 56, divergence_rejected = 1793)\n"}
,{"stream_name":"stdout","time":4024.728142846,"data":"[44b6_12dfb391] after division-geometry-filter+prune-isolated: 57805 nodes, 56167 edges\n"}
,{"stream_name":"stdout","time":4024.728151785,"data":"[44b6_12dfb391] after short-track filtering: 57111 nodes, 55627 edges (components_removed = 154)\n"}
,{"stream_name":"stdout","time":4037.586810306,"data":"[44b6_12dfb391] FINAL: 57111 nodes, 55627 edges\n"}
,{"stream_name":"stdout","time":4056.403441048,"data":"[44b6_267148e4] after edge-filter+motion-relink: 22576 nodes, 21090 edges\n"}
,{"stream_name":"stdout","time":4064.764019567,"data":"[44b6_267148e4] after gap-closing (single-frame + gap2): 22819 nodes, 21533 edges\n"}
,{"stream_name":"stdout","time":4091.315865879,"data":"[44b6_267148e4] after safe-division repair: 22819 nodes, 21558 edges (geometric_candidates = 225, deepcenter_rejected = 192, post_veto_candidates = 33, added = 25, cap_skipped = 0, mutual_nn_rejected = 141, divergence_rejected = 985)\n"}
,{"stream_name":"stdout","time":4091.315923162,"data":"[44b6_267148e4] after division-geometry-filter+prune-isolated: 22810 nodes, 21558 edges\n"}
,{"stream_name":"stdout","time":4091.31593113,"data":"[44b6_267148e4] after short-track filtering: 21914 nodes, 20865 edges (components_removed = 203)\n"}
,{"stream_name":"stdout","time":4096.097325279,"data":"[44b6_267148e4] FINAL: 21914 nodes, 20865 edges\n"}
,{"stream_name":"stdout","time":4205.185057722,"data":"[44b6_2a2eff9f] after edge-filter+motion-relink: 56611 nodes, 53824 edges\n"}
,{"stream_name":"stdout","time":4217.22841957,"data":"[44b6_2a2eff9f] after gap-closing (single-frame + gap2): 57084 nodes, 54694 edges\n"}
,{"stream_name":"stdout","time":4254.000181431,"data":"[44b6_2a2eff9f] after safe-division repair: 57084 nodes, 54738 edges (geometric_candidates = 460, deepcenter_rejected = 416, post_veto_candidates = 44, added = 44, cap_skipped = 0, mutual_nn_rejected = 148, divergence_rejected = 2669)\n"}
,{"stream_name":"stdout","time":4254.000239794,"data":"[44b6_2a2eff9f] after division-geometry-filter+prune-isolated: 57080 nodes, 54738 edges\n"}
,{"stream_name":"stdout","time":4254.130041486,"data":"[44b6_2a2eff9f] after short-track filtering: 55847 nodes, 53782 edges (components_removed = 277)\n"}
,{"stream_name":"stdout","time":4266.849200745,"data":"[44b6_2a2eff9f] FINAL: 55847 nodes, 53782 edges\n"}
,{"stream_name":"stdout","time":4270.14285212,"data":"[44b6_341df25f] after edge-filter+motion-relink: 9126 nodes, 8738 edges\n"}
,{"stream_name":"stdout","time":4272.198322425,"data":"[44b6_341df25f] after gap-closing (single-frame + gap2): 9195 nodes, 8860 edges\n"}
,{"stream_name":"stdout","time":4283.405985884,"data":"[44b6_341df25f] after safe-division repair: 9195 nodes, 8876 edges (geometric_candidates = 42, deepcenter_rejected = 25, post_veto_candidates = 17, added = 16, cap_skipped = 0, mutual_nn_rejected = 1, divergence_rejected = 150)\n"}
,{"stream_name":"stdout","time":4283.406041753,"data":"[44b6_341df25f] after division-geometry-filter+prune-isolated: 9193 nodes, 8876 edges\n"}
,{"stream_name":"stdout","time":4283.406050997,"data":"[44b6_341df25f] after short-track filtering: 9008 nodes, 8735 edges (components_removed = 44)\n"}
,{"stream_name":"stdout","time":4285.590840423,"data":"[44b6_341df25f] FINAL: 9008 nodes, 8735 edges\n"}
,{"stream_name":"stdout","time":4287.760748536,"data":"[6bba_062c8d37] after edge-filter+motion-relink: 7875 nodes, 7371 edges\n"}
,{"stream_name":"stdout","time":4289.912066433,"data":"[6bba_062c8d37] after gap-closing (single-frame + gap2): 7953 nodes, 7508 edges\n"}
,{"stream_name":"stdout","time":4297.552009015,"data":"[6bba_062c8d37] after safe-division repair: 7953 nodes, 7512 edges (geometric_candidates = 25, deepcenter_rejected = 21, post_veto_candidates = 4, added = 4, cap_skipped = 0, mutual_nn_rejected = 9, divergence_rejected = 131)\n"}
,{"stream_name":"stdout","time":4297.55206478,"data":"[6bba_062c8d37] after division-geometry-filter+prune-isolated: 7943 nodes, 7512 edges\n"}
,{"stream_name":"stdout","time":4297.552074685,"data":"[6bba_062c8d37] after short-track filtering: 7583 nodes, 7239 edges (components_removed = 87)\n"}
,{"stream_name":"stdout","time":4299.256164802,"data":"[6bba_062c8d37] FINAL: 7583 nodes, 7239 edges\n"}
,{"stream_name":"stdout","time":4364.684506138,"data":"[6bba_07e24132] after edge-filter+motion-relink: 43955 nodes, 41767 edges\n"}
,{"stream_name":"stdout","time":4375.058247849,"data":"[6bba_07e24132] after gap-closing (single-frame + gap2): 44405 nodes, 42601 edges\n"}
,{"stream_name":"stdout","time":4405.259384415,"data":"[6bba_07e24132] after safe-division repair: 44405 nodes, 42617 edges (geometric_candidates = 259, deepcenter_rejected = 243, post_veto_candidates = 16, added = 16, cap_skipped = 0, mutual_nn_rejected = 116, divergence_rejected = 1901)\n"}
,{"stream_name":"stdout","time":4405.259444587,"data":"[6bba_07e24132] after division-geometry-filter+prune-isolated: 44401 nodes, 42617 edges\n"}
,{"stream_name":"stdout","time":4405.259453265,"data":"[6bba_07e24132] after short-track filtering: 43315 nodes, 41775 edges (components_removed = 244)\n"}
,{"stream_name":"stdout","time":4414.841477195,"data":"[6bba_07e24132] FINAL: 43315 nodes, 41775 edges\n"}
,{"stream_name":"stdout","time":4418.033157431,"data":"[6bba_085bf656] after edge-filter+motion-relink: 8861 nodes, 8488 edges\n"}
,{"stream_name":"stdout","time":4419.519477942,"data":"[6bba_085bf656] after gap-closing (single-frame + gap2): 8886 nodes, 8530 edges\n"}
,{"stream_name":"stdout","time":4429.937409309,"data":"[6bba_085bf656] after safe-division repair: 8886 nodes, 8539 edges (geometric_candidates = 36, deepcenter_rejected = 24, post_veto_candidates = 12, added = 9, cap_skipped = 0, mutual_nn_rejected = 2, divergence_rejected = 107)\n"}
,{"stream_name":"stdout","time":4429.937471152,"data":"[6bba_085bf656] after division-geometry-filter+prune-isolated: 8883 nodes, 8539 edges\n"}
,{"stream_name":"stdout","time":4429.937477116,"data":"[6bba_085bf656] after short-track filtering: 8704 nodes, 8401 edges (components_removed = 41)\n"}
,{"stream_name":"stdout","time":4431.898751927,"data":"[6bba_085bf656] FINAL: 8704 nodes, 8401 edges\n"}
,{"stream_name":"stdout","time":4461.414511836,"data":"[6bba_09961292] after edge-filter+motion-relink: 29438 nodes, 28219 edges\n"}
,{"stream_name":"stdout","time":4466.813889382,"data":"[6bba_09961292] after gap-closing (single-frame + gap2): 29697 nodes, 28695 edges\n"}
,{"stream_name":"stdout","time":4487.713763772,"data":"[6bba_09961292] after safe-division repair: 29697 nodes, 28713 edges (geometric_candidates = 98, deepcenter_rejected = 80, post_veto_candidates = 18, added = 18, cap_skipped = 0, mutual_nn_rejected = 62, divergence_rejected = 1114)\n"}
,{"stream_name":"stdout","time":4487.713830831,"data":"[6bba_09961292] after division-geometry-filter+prune-isolated: 29697 nodes, 28713 edges\n"}
,{"stream_name":"stdout","time":4487.713838304,"data":"[6bba_09961292] after short-track filtering: 29207 nodes, 28334 edges (components_removed = 111)\n"}
,{"stream_name":"stdout","time":4494.419432956,"data":"[6bba_09961292] FINAL: 29207 nodes, 28334 edges\n"}
,{"stream_name":"stdout","time":4494.419469744,"data":"VALIDATOR candidate: gap45 proxy = 0.916592 adjusted edge = 0.89437\n"}
,{"stream_name":"stdout","time":4606.579570008,"data":"[44b6_12dfb391] after edge-filter+motion-relink: 57445 nodes, 55457 edges\n"}
,{"stream_name":"stdout","time":4620.130591982,"data":"[44b6_12dfb391] after gap-closing (single-frame + gap2): 57817 nodes, 56140 edges\n"}
,{"stream_name":"stdout","time":4652.862758026,"data":"[44b6_12dfb391] after safe-division repair: 57817 nodes, 56185 edges (geometric_candidates = 259, deepcenter_rejected = 214, post_veto_candidates = 45, added = 45, cap_skipped = 0, mutual_nn_rejected = 55, divergence_rejected = 1779)\n"}
,{"stream_name":"stdout","time":4652.862800554,"data":"[44b6_12dfb391] after division-geometry-filter+prune-isolated: 57815 nodes, 56185 edges\n"}
,{"stream_name":"stdout","time":4653.163581867,"data":"[44b6_12dfb391] after short-track filtering: 57126 nodes, 55649 edges (components_removed = 153)\n"}
,{"stream_name":"stdout","time":4665.831315805,"data":"[44b6_12dfb391] FINAL: 57126 nodes, 55649 edges\n"}
,{"stream_name":"stdout","time":4684.944977091,"data":"[44b6_267148e4] after edge-filter+motion-relink: 22576 nodes, 21102 edges\n"}
,{"stream_name":"stdout","time":4699.09033866,"data":"[44b6_267148e4] after gap-closing (single-frame + gap2): 22822 nodes, 21552 edges\n"}
,{"stream_name":"stdout","time":4725.46372538,"data":"[44b6_267148e4] after safe-division repair: 22822 nodes, 21576 edges (geometric_candidates = 223, deepcenter_rejected = 190, post_veto_candidates = 33, added = 24, cap_skipped = 0, mutual_nn_rejected = 132, divergence_rejected = 971)\n"}
,{"stream_name":"stdout","time":4725.463769628,"data":"[44b6_267148e4] after division-geometry-filter+prune-isolated: 22814 nodes, 21576 edges\n"}
,{"stream_name":"stdout","time":4725.463777748,"data":"[44b6_267148e4] after short-track filtering: 21928 nodes, 20889 edges (components_removed = 199)\n"}
,{"stream_name":"stdout","time":4730.220467348,"data":"[44b6_267148e4] FINAL: 21928 nodes, 20889 edges\n"}
,{"stream_name":"stdout","time":4836.747707958,"data":"[44b6_2a2eff9f] after edge-filter+motion-relink: 56611 nodes, 53817 edges\n"}
,{"stream_name":"stdout","time":4858.25785472,"data":"[44b6_2a2eff9f] after gap-closing (single-frame + gap2): 57091 nodes, 54701 edges\n"}
,{"stream_name":"stdout","time":4895.145682817,"data":"[44b6_2a2eff9f] after safe-division repair: 57091 nodes, 54744 edges (geometric_candidates = 456, deepcenter_rejected = 413, post_veto_candidates = 43, added = 43, cap_skipped = 0, mutual_nn_rejected = 146, divergence_rejected = 2670)\n"}
,{"stream_name":"stdout","time":4895.145728962,"data":"[44b6_2a2eff9f] after division-geometry-filter+prune-isolated: 57087 nodes, 54744 edges\n"}
,{"stream_name":"stdout","time":4895.145737193,"data":"[44b6_2a2eff9f] after short-track filtering: 55845 nodes, 53781 edges (components_removed = 279)\n"}
,{"stream_name":"stdout","time":4907.54696418,"data":"[44b6_2a2eff9f] FINAL: 55845 nodes, 53781 edges\n"}
,{"stream_name":"stdout","time":4910.770143479,"data":"[44b6_341df25f] after edge-filter+motion-relink: 9126 nodes, 8737 edges\n"}
,{"stream_name":"stdout","time":4915.019091138,"data":"[44b6_341df25f] after gap-closing (single-frame + gap2): 9197 nodes, 8863 edges\n"}
,{"stream_name":"stdout","time":4926.233182074,"data":"[44b6_341df25f] after safe-division repair: 9197 nodes, 8878 edges (geometric_candidates = 41, deepcenter_rejected = 25, post_veto_candidates = 16, added = 15, cap_skipped = 0, mutual_nn_rejected = 1, divergence_rejected = 152)\n"}
,{"stream_name":"stdout","time":4926.23324445,"data":"[44b6_341df25f] after division-geometry-filter+prune-isolated: 9195 nodes, 8878 edges\n"}
,{"stream_name":"stdout","time":4926.233254299,"data":"[44b6_341df25f] after short-track filtering: 9010 nodes, 8737 edges (components_removed = 44)\n"}
,{"stream_name":"stdout","time":4928.087933384,"data":"[44b6_341df25f] FINAL: 9010 nodes, 8737 edges\n"}
,{"stream_name":"stdout","time":4930.488730145,"data":"[6bba_062c8d37] after edge-filter+motion-relink: 7875 nodes, 7376 edges\n"}
,{"stream_name":"stdout","time":4933.976551664,"data":"[6bba_062c8d37] after gap-closing (single-frame + gap2): 7951 nodes, 7510 edges\n"}
,{"stream_name":"stdout","time":4941.264622965,"data":"[6bba_062c8d37] after safe-division repair: 7951 nodes, 7514 edges (geometric_candidates = 24, deepcenter_rejected = 20, post_veto_candidates = 4, added = 4, cap_skipped = 0, mutual_nn_rejected = 8, divergence_rejected = 127)\n"}
,{"stream_name":"stdout","time":4941.264692908,"data":"[6bba_062c8d37] after division-geometry-filter+prune-isolated: 7941 nodes, 7514 edges\n"}
,{"stream_name":"stdout","time":4941.264702429,"data":"[6bba_062c8d37] after short-track filtering: 7586 nodes, 7245 edges (components_removed = 86)\n"}
,{"stream_name":"stdout","time":4942.940046945,"data":"[6bba_062c8d37] FINAL: 7586 nodes, 7245 edges\n"}
,{"stream_name":"stdout","time":5007.797481671,"data":"[6bba_07e24132] after edge-filter+motion-relink: 43955 nodes, 41767 edges\n"}
,{"stream_name":"stdout","time":5028.256134589,"data":"[6bba_07e24132] after gap-closing (single-frame + gap2): 44415 nodes, 42621 edges\n"}
,{"stream_name":"stdout","time":5058.459099726,"data":"[6bba_07e24132] after safe-division repair: 44415 nodes, 42637 edges (geometric_candidates = 261, deepcenter_rejected = 245, post_veto_candidates = 16, added = 16, cap_skipped = 0, mutual_nn_rejected = 116, divergence_rejected = 1885)\n"}
,{"stream_name":"stdout","time":5058.459142353,"data":"[6bba_07e24132] after division-geometry-filter+prune-isolated: 44411 nodes, 42637 edges\n"}
,{"stream_name":"stdout","time":5058.459149347,"data":"[6bba_07e24132] after short-track filtering: 43336 nodes, 41803 edges (components_removed = 241)\n"}
,{"stream_name":"stdout","time":5067.985604344,"data":"[6bba_07e24132] FINAL: 43336 nodes, 41803 edges\n"}
,{"stream_name":"stdout","time":5071.186725547,"data":"[6bba_085bf656] after edge-filter+motion-relink: 8861 nodes, 8488 edges\n"}
,{"stream_name":"stdout","time":5073.791666985,"data":"[6bba_085bf656] after gap-closing (single-frame + gap2): 8888 nodes, 8534 edges\n"}
,{"stream_name":"stdout","time":5084.03028582,"data":"[6bba_085bf656] after safe-division repair: 8888 nodes, 8543 edges (geometric_candidates = 36, deepcenter_rejected = 24, post_veto_candidates = 12, added = 9, cap_skipped = 0, mutual_nn_rejected = 2, divergence_rejected = 105)\n"}
,{"stream_name":"stdout","time":5084.030336908,"data":"[6bba_085bf656] after division-geometry-filter+prune-isolated: 8885 nodes, 8543 edges\n"}
,{"stream_name":"stdout","time":5084.03034213,"data":"[6bba_085bf656] after short-track filtering: 8706 nodes, 8405 edges (components_removed = 41)\n"}
,{"stream_name":"stdout","time":5085.932865446,"data":"[6bba_085bf656] FINAL: 8706 nodes, 8405 edges\n"}
,{"stream_name":"stdout","time":5115.000769165,"data":"[6bba_09961292] after edge-filter+motion-relink: 29438 nodes, 28220 edges\n"}
,{"stream_name":"stdout","time":5122.042299481,"data":"[6bba_09961292] after gap-closing (single-frame + gap2): 29706 nodes, 28714 edges\n"}
,{"stream_name":"stdout","time":5143.473807323,"data":"[6bba_09961292] after safe-division repair: 29706 nodes, 28733 edges (geometric_candidates = 102, deepcenter_rejected = 83, post_veto_candidates = 19, added = 19, cap_skipped = 0, mutual_nn_rejected = 54, divergence_rejected = 1087)\n"}
,{"stream_name":"stdout","time":5143.47386356,"data":"[6bba_09961292] after division-geometry-filter+prune-isolated: 29706 nodes, 28733 edges\n"}
,{"stream_name":"stdout","time":5143.473870631,"data":"[6bba_09961292] after short-track filtering: 29212 nodes, 28351 edges (components_removed = 112)\n"}
,{"stream_name":"stdout","time":5150.100027934,"data":"[6bba_09961292] FINAL: 29212 nodes, 28351 edges\n"}
,{"stream_name":"stdout","time":5150.100063401,"data":"VALIDATOR candidate: tight55 proxy = 0.916449 adjusted edge = 0.894227\n"}
,{"stream_name":"stdout","time":5261.806004449,"data":"[44b6_12dfb391] after edge-filter+motion-relink: 57445 nodes, 55436 edges\n"}
,{"stream_name":"stdout","time":5275.956580537,"data":"[44b6_12dfb391] after gap-closing (single-frame + gap2): 57827 nodes, 56139 edges\n"}
,{"stream_name":"stdout","time":5308.297361616,"data":"[44b6_12dfb391] after safe-division repair: 57827 nodes, 56186 edges (geometric_candidates = 260, deepcenter_rejected = 213, post_veto_candidates = 47, added = 47, cap_skipped = 0, mutual_nn_rejected = 54, divergence_rejected = 1800)\n"}
,{"stream_name":"stdout","time":5308.297408395,"data":"[44b6_12dfb391] after division-geometry-filter+prune-isolated: 57826 nodes, 56186 edges\n"}
,{"stream_name":"stdout","time":5308.429023273,"data":"[44b6_12dfb391] after short-track filtering: 57118 nodes, 55635 edges (components_removed = 157)\n"}
,{"stream_name":"stdout","time":5321.186453599,"data":"[44b6_12dfb391] FINAL: 57118 nodes, 55635 edges\n"}
,{"stream_name":"stdout","time":5339.79712088,"data":"[44b6_267148e4] after edge-filter+motion-relink: 22576 nodes, 21035 edges\n"}
,{"stream_name":"stdout","time":5355.071876872,"data":"[44b6_267148e4] after gap-closing (single-frame + gap2): 22836 nodes, 21511 edges\n"}
,{"stream_name":"stdout","time":5380.978646117,"data":"[44b6_267148e4] after safe-division repair: 22836 nodes, 21536 edges (geometric_candidates = 222, deepcenter_rejected = 190, post_veto_candidates = 32, added = 25, cap_skipped = 0, mutual_nn_rejected = 145, divergence_rejected = 1012)\n"}
,{"stream_name":"stdout","time":5380.978690968,"data":"[44b6_267148e4] after division-geometry-filter+prune-isolated: 22823 nodes, 21536 edges\n"}
,{"stream_name":"stdout","time":5380.978699772,"data":"[44b6_267148e4] after short-track filtering: 21884 nodes, 20813 edges (components_removed = 216)\n"}
,{"stream_name":"stdout","time":5385.829638531,"data":"[44b6_267148e4] FINAL: 21884 nodes, 20813 edges\n"}
,{"stream_name":"stdout","time":5493.248633446,"data":"[44b6_2a2eff9f] after edge-filter+motion-relink: 56611 nodes, 53770 edges\n"}
,{"stream_name":"stdout","time":5513.214824983,"data":"[44b6_2a2eff9f] after gap-closing (single-frame + gap2): 57108 nodes, 54687 edges\n"}
,{"stream_name":"stdout","time":5549.628561818,"data":"[44b6_2a2eff9f] after safe-division repair: 57108 nodes, 54733 edges (geometric_candidates = 463, deepcenter_rejected = 417, post_veto_candidates = 46, added = 46, cap_skipped = 0, mutual_nn_rejected = 151, divergence_rejected = 2710)\n"}
,{"stream_name":"stdout","time":5549.628612589,"data":"[44b6_2a2eff9f] after division-geometry-filter+prune-isolated: 57102 nodes, 54733 edges\n"}
,{"stream_name":"stdout","time":5549.628622358,"data":"[44b6_2a2eff9f] after short-track filtering: 55825 nodes, 53744 edges (components_removed = 288)\n"}
,{"stream_name":"stdout","time":5562.140776556,"data":"[44b6_2a2eff9f] FINAL: 55825 nodes, 53744 edges\n"}
,{"stream_name":"stdout","time":5565.426737975,"data":"[44b6_341df25f] after edge-filter+motion-relink: 9126 nodes, 8733 edges\n"}
,{"stream_name":"stdout","time":5568.867965166,"data":"[44b6_341df25f] after gap-closing (single-frame + gap2): 9197 nodes, 8859 edges\n"}
,{"stream_name":"stdout","time":5580.20909258,"data":"[44b6_341df25f] after safe-division repair: 9197 nodes, 8875 edges (geometric_candidates = 42, deepcenter_rejected = 25, post_veto_candidates = 17, added = 16, cap_skipped = 0, mutual_nn_rejected = 1, divergence_rejected = 149)\n"}
,{"stream_name":"stdout","time":5580.209136185,"data":"[44b6_341df25f] after division-geometry-filter+prune-isolated: 9194 nodes, 8875 edges\n"}
,{"stream_name":"stdout","time":5580.209143621,"data":"[44b6_341df25f] after short-track filtering: 8990 nodes, 8721 edges (components_removed = 50)\n"}
,{"stream_name":"stdout","time":5582.110510993,"data":"[44b6_341df25f] FINAL: 8990 nodes, 8721 edges\n"}
,{"stream_name":"stdout","time":5584.574701128,"data":"[6bba_062c8d37] after edge-filter+motion-relink: 7875 nodes, 7347 edges\n"}
,{"stream_name":"stdout","time":5588.098918332,"data":"[6bba_062c8d37] after gap-closing (single-frame + gap2): 7960 nodes, 7497 edges\n"}
,{"stream_name":"stdout","time":5595.079756731,"data":"[6bba_062c8d37] after safe-division repair: 7960 nodes, 7501 edges (geometric_candidates = 24, deepcenter_rejected = 20, post_veto_candidates = 4, added = 4, cap_skipped = 0, mutual_nn_rejected = 9, divergence_rejected = 133)\n"}
,{"stream_name":"stdout","time":5595.079816042,"data":"[6bba_062c8d37] after division-geometry-filter+prune-isolated: 7948 nodes, 7501 edges\n"}
,{"stream_name":"stdout","time":5595.079822033,"data":"[6bba_062c8d37] after short-track filtering: 7567 nodes, 7214 edges (components_removed = 94)\n"}
,{"stream_name":"stdout","time":5596.780950289,"data":"[6bba_062c8d37] FINAL: 7567 nodes, 7214 edges\n"}
,{"stream_name":"stdout","time":5661.680391328,"data":"[6bba_07e24132] after edge-filter+motion-relink: 43955 nodes, 41712 edges\n"}
,{"stream_name":"stdout","time":5681.040975327,"data":"[6bba_07e24132] after gap-closing (single-frame + gap2): 44428 nodes, 42592 edges\n"}
,{"stream_name":"stdout","time":5711.019110556,"data":"[6bba_07e24132] after safe-division repair: 44428 nodes, 42608 edges (geometric_candidates = 260, deepcenter_rejected = 244, post_veto_candidates = 16, added = 16, cap_skipped = 0, mutual_nn_rejected = 115, divergence_rejected = 1940)\n"}
,{"stream_name":"stdout","time":5711.019148047,"data":"[6bba_07e24132] after division-geometry-filter+prune-isolated: 44424 nodes, 42608 edges\n"}
,{"stream_name":"stdout","time":5711.019155597,"data":"[6bba_07e24132] after short-track filtering: 43306 nodes, 41743 edges (components_removed = 253)\n"}
,{"stream_name":"stdout","time":5720.653755109,"data":"[6bba_07e24132] FINAL: 43306 nodes, 41743 edges\n"}
,{"stream_name":"stdout","time":5723.85499467,"data":"[6bba_085bf656] after edge-filter+motion-relink: 8861 nodes, 8478 edges\n"}
,{"stream_name":"stdout","time":5726.687098242,"data":"[6bba_085bf656] after gap-closing (single-frame + gap2): 8889 nodes, 8526 edges\n"}
,{"stream_name":"stdout","time":5736.469830381,"data":"[6bba_085bf656] after safe-division repair: 8889 nodes, 8534 edges (geometric_candidates = 35, deepcenter_rejected = 24, post_veto_candidates = 11, added = 8, cap_skipped = 0, mutual_nn_rejected = 2, divergence_rejected = 108)\n"}
,{"stream_name":"stdout","time":5736.469881547,"data":"[6bba_085bf656] after division-geometry-filter+prune-isolated: 8882 nodes, 8534 edges\n"}
,{"stream_name":"stdout","time":5736.469888859,"data":"[6bba_085bf656] after short-track filtering: 8691 nodes, 8389 edges (components_removed = 46)\n"}
,{"stream_name":"stdout","time":5738.399353809,"data":"[6bba_085bf656] FINAL: 8691 nodes, 8389 edges\n"}
,{"stream_name":"stdout","time":5768.066263132,"data":"[6bba_09961292] after edge-filter+motion-relink: 29438 nodes, 28197 edges\n"}
,{"stream_name":"stdout","time":5775.539576384,"data":"[6bba_09961292] after gap-closing (single-frame + gap2): 29715 nodes, 28708 edges\n"}
,{"stream_name":"stdout","time":5797.402933441,"data":"[6bba_09961292] after safe-division repair: 29715 nodes, 28729 edges (geometric_candidates = 105, deepcenter_rejected = 84, post_veto_candidates = 21, added = 21, cap_skipped = 0, mutual_nn_rejected = 66, divergence_rejected = 1113)\n"}
,{"stream_name":"stdout","time":5797.40298668,"data":"[6bba_09961292] after division-geometry-filter+prune-isolated: 29715 nodes, 28729 edges\n"}
,{"stream_name":"stdout","time":5797.402993524,"data":"[6bba_09961292] after short-track filtering: 29219 nodes, 28346 edges (components_removed = 113)\n"}
,{"stream_name":"stdout","time":5804.260310207,"data":"[6bba_09961292] FINAL: 29219 nodes, 28346 edges\n"}
,{"stream_name":"stdout","time":5804.260391004,"data":"VALIDATOR candidate: relaxed9 proxy = 0.915585 adjusted edge = 0.893363\n"}
,{"stream_name":"stdout","time":5916.610563626,"data":"[44b6_12dfb391] after edge-filter+motion-relink: 57445 nodes, 55459 edges\n"}
,{"stream_name":"stdout","time":5929.865765311,"data":"[44b6_12dfb391] after gap-closing (single-frame + gap2): 57816 nodes, 56140 edges\n"}
,{"stream_name":"stdout","time":5962.21340333,"data":"[44b6_12dfb391] after safe-division repair: 57816 nodes, 56185 edges (geometric_candidates = 261, deepcenter_rejected = 216, post_veto_candidates = 45, added = 45, cap_skipped = 0, mutual_nn_rejected = 55, divergence_rejected = 1779)\n"}
,{"stream_name":"stdout","time":5962.213448367,"data":"[44b6_12dfb391] after division-geometry-filter+prune-isolated: 57814 nodes, 56185 edges\n"}
,{"stream_name":"stdout","time":5962.474045441,"data":"[44b6_12dfb391] after short-track filtering: 57129 nodes, 55652 edges (components_removed = 152)\n"}
,{"stream_name":"stdout","time":5975.346761538,"data":"[44b6_12dfb391] FINAL: 57129 nodes, 55652 edges\n"}
,{"stream_name":"stdout","time":5994.754807249,"data":"[44b6_267148e4] after edge-filter+motion-relink: 22576 nodes, 21091 edges\n"}
,{"stream_name":"stdout","time":6009.136087642,"data":"[44b6_267148e4] after gap-closing (single-frame + gap2): 22824 nodes, 21544 edges\n"}
,{"stream_name":"stdout","time":6035.584916798,"data":"[44b6_267148e4] after safe-division repair: 22824 nodes, 21569 edges (geometric_candidates = 225, deepcenter_rejected = 192, post_veto_candidates = 33, added = 25, cap_skipped = 0, mutual_nn_rejected = 138, divergence_rejected = 984)\n"}
,{"stream_name":"stdout","time":6035.584952523,"data":"[44b6_267148e4] after division-geometry-filter+prune-isolated: 22816 nodes, 21569 edges\n"}
,{"stream_name":"stdout","time":6035.584959198,"data":"[44b6_267148e4] after short-track filtering: 21920 nodes, 20876 edges (components_removed = 203)\n"}
,{"stream_name":"stdout","time":6040.605731106,"data":"[44b6_267148e4] FINAL: 21920 nodes, 20876 edges\n"}
,{"stream_name":"stdout","time":6148.805621158,"data":"[44b6_2a2eff9f] after edge-filter+motion-relink: 56611 nodes, 53824 edges\n"}
,{"stream_name":"stdout","time":6167.984032137,"data":"[44b6_2a2eff9f] after gap-closing (single-frame + gap2): 57086 nodes, 54698 edges\n"}
,{"stream_name":"stdout","time":6204.562818089,"data":"[44b6_2a2eff9f] after safe-division repair: 57086 nodes, 54744 edges (geometric_candidates = 458, deepcenter_rejected = 412, post_veto_candidates = 46, added = 46, cap_skipped = 0, mutual_nn_rejected = 145, divergence_rejected = 2666)\n"}
,{"stream_name":"stdout","time":6204.562905835,"data":"[44b6_2a2eff9f] after division-geometry-filter+prune-isolated: 57084 nodes, 54744 edges\n"}
,{"stream_name":"stdout","time":6204.694439215,"data":"[44b6_2a2eff9f] after short-track filtering: 55853 nodes, 53790 edges (components_removed = 277)\n"}
,{"stream_name":"stdout","time":6217.380832673,"data":"[44b6_2a2eff9f] FINAL: 55853 nodes, 53790 edges\n"}
,{"stream_name":"stdout","time":6220.703288211,"data":"[44b6_341df25f] after edge-filter+motion-relink: 9126 nodes, 8738 edges\n"}
,{"stream_name":"stdout","time":6225.23782091,"data":"[44b6_341df25f] after gap-closing (single-frame + gap2): 9197 nodes, 8864 edges\n"}
,{"stream_name":"stdout","time":6236.901818962,"data":"[44b6_341df25f] after safe-division repair: 9197 nodes, 8880 edges (geometric_candidates = 42, deepcenter_rejected = 25, post_veto_candidates = 17, added = 16, cap_skipped = 0, mutual_nn_rejected = 1, divergence_rejected = 149)\n"}
,{"stream_name":"stdout","time":6236.901861896,"data":"[44b6_341df25f] after division-geometry-filter+prune-isolated: 9195 nodes, 8880 edges\n"}
,{"stream_name":"stdout","time":6236.90186874,"data":"[44b6_341df25f] after short-track filtering: 9010 nodes, 8739 edges (components_removed = 44)\n"}
,{"stream_name":"stdout","time":6238.851173266,"data":"[44b6_341df25f] FINAL: 9010 nodes, 8739 edges\n"}
,{"stream_name":"stdout","time":6241.346555901,"data":"[6bba_062c8d37] after edge-filter+motion-relink: 7875 nodes, 7371 edges\n"}
,{"stream_name":"stdout","time":6245.00199442,"data":"[6bba_062c8d37] after gap-closing (single-frame + gap2): 7953 nodes, 7508 edges\n"}
,{"stream_name":"stdout","time":6252.409119299,"data":"[6bba_062c8d37] after safe-division repair: 7953 nodes, 7512 edges (geometric_candidates = 25, deepcenter_rejected = 21, post_veto_candidates = 4, added = 4, cap_skipped = 0, mutual_nn_rejected = 9, divergence_rejected = 131)\n"}
,{"stream_name":"stdout","time":6252.409166934,"data":"[6bba_062c8d37] after division-geometry-filter+prune-isolated: 7943 nodes, 7512 edges\n"}
,{"stream_name":"stdout","time":6252.40919634,"data":"[6bba_062c8d37] after short-track filtering: 7583 nodes, 7239 edges (components_removed = 87)\n"}
,{"stream_name":"stdout","time":6254.075034655,"data":"[6bba_062c8d37] FINAL: 7583 nodes, 7239 edges\n"}
,{"stream_name":"stdout","time":6319.801570343,"data":"[6bba_07e24132] after edge-filter+motion-relink: 43955 nodes, 41767 edges\n"}
,{"stream_name":"stdout","time":6341.788343566,"data":"[6bba_07e24132] after gap-closing (single-frame + gap2): 44416 nodes, 42623 edges\n"}
,{"stream_name":"stdout","time":6371.908339205,"data":"[6bba_07e24132] after safe-division repair: 44416 nodes, 42639 edges (geometric_candidates = 258, deepcenter_rejected = 242, post_veto_candidates = 16, added = 16, cap_skipped = 0, mutual_nn_rejected = 115, divergence_rejected = 1882)\n"}
,{"stream_name":"stdout","time":6371.908377668,"data":"[6bba_07e24132] after division-geometry-filter+prune-isolated: 44412 nodes, 42639 edges\n"}
,{"stream_name":"stdout","time":6371.908384816,"data":"[6bba_07e24132] after short-track filtering: 43344 nodes, 41810 edges (components_removed = 239)\n"}
,{"stream_name":"stdout","time":6381.779548685,"data":"[6bba_07e24132] FINAL: 43344 nodes, 41810 edges\n"}
,{"stream_name":"stdout","time":6385.036310347,"data":"[6bba_085bf656] after edge-filter+motion-relink: 8861 nodes, 8488 edges\n"}
,{"stream_name":"stdout","time":6387.62231351,"data":"[6bba_085bf656] after gap-closing (single-frame + gap2): 8888 nodes, 8534 edges\n"}
,{"stream_name":"stdout","time":6397.890075162,"data":"[6bba_085bf656] after safe-division repair: 8888 nodes, 8543 edges (geometric_candidates = 36, deepcenter_rejected = 24, post_veto_candidates = 12, added = 9, cap_skipped = 0, mutual_nn_rejected = 2, divergence_rejected = 105)\n"}
,{"stream_name":"stdout","time":6397.890124264,"data":"[6bba_085bf656] after division-geometry-filter+prune-isolated: 8885 nodes, 8543 edges\n"}
,{"stream_name":"stdout","time":6397.890132145,"data":"[6bba_085bf656] after short-track filtering: 8706 nodes, 8405 edges (components_removed = 41)\n"}
,{"stream_name":"stdout","time":6399.836555086,"data":"[6bba_085bf656] FINAL: 8706 nodes, 8405 edges\n"}
,{"stream_name":"stdout","time":6429.503572279,"data":"[6bba_09961292] after edge-filter+motion-relink: 29438 nodes, 28221 edges\n"}
,{"stream_name":"stdout","time":6436.562890527,"data":"[6bba_09961292] after gap-closing (single-frame + gap2): 29703 nodes, 28709 edges\n"}
,{"stream_name":"stdout","time":6458.003384625,"data":"[6bba_09961292] after safe-division repair: 29703 nodes, 28726 edges (geometric_candidates = 97, deepcenter_rejected = 80, post_veto_candidates = 17, added = 17, cap_skipped = 0, mutual_nn_rejected = 60, divergence_rejected = 1102)\n"}
,{"stream_name":"stdout","time":6458.00343879,"data":"[6bba_09961292] after division-geometry-filter+prune-isolated: 29703 nodes, 28726 edges\n"}
,{"stream_name":"stdout","time":6458.003462135,"data":"[6bba_09961292] after short-track filtering: 29209 nodes, 28344 edges (components_removed = 112)\n"}
,{"stream_name":"stdout","time":6464.897545169,"data":"[6bba_09961292] FINAL: 29209 nodes, 28344 edges\n"}
,{"stream_name":"stdout","time":6464.897591445,"data":"VALIDATOR candidate: bonus125 proxy = 0.917038 adjusted edge = 0.894816\n"}
,{"stream_name":"stdout","time":6576.420355321,"data":"[44b6_12dfb391] after edge-filter+motion-relink: 57445 nodes, 55459 edges\n"}
,{"stream_name":"stdout","time":6590.461735452,"data":"[44b6_12dfb391] after gap-closing (single-frame + gap2): 57816 nodes, 56140 edges\n"}
,{"stream_name":"stdout","time":6622.874467386,"data":"[44b6_12dfb391] after safe-division repair: 57816 nodes, 56185 edges (geometric_candidates = 259, deepcenter_rejected = 214, post_veto_candidates = 45, added = 45, cap_skipped = 0, mutual_nn_rejected = 55, divergence_rejected = 1782)\n"}
,{"stream_name":"stdout","time":6622.874530941,"data":"[44b6_12dfb391] after division-geometry-filter+prune-isolated: 57814 nodes, 56185 edges\n"}
,{"stream_name":"stdout","time":6623.082608014,"data":"[44b6_12dfb391] after short-track filtering: 57125 nodes, 55649 edges (components_removed = 153)\n"}
,{"stream_name":"stdout","time":6636.0247893,"data":"[44b6_12dfb391] FINAL: 57125 nodes, 55649 edges\n"}
,{"stream_name":"stdout","time":6655.146172288,"data":"[44b6_267148e4] after edge-filter+motion-relink: 22576 nodes, 21090 edges\n"}
,{"stream_name":"stdout","time":6669.706436945,"data":"[44b6_267148e4] after gap-closing (single-frame + gap2): 22825 nodes, 21545 edges\n"}
,{"stream_name":"stdout","time":6696.276720246,"data":"[44b6_267148e4] after safe-division repair: 22825 nodes, 21570 edges (geometric_candidates = 222, deepcenter_rejected = 189, post_veto_candidates = 33, added = 25, cap_skipped = 0, mutual_nn_rejected = 140, divergence_rejected = 984)\n"}
,{"stream_name":"stdout","time":6696.276767935,"data":"[44b6_267148e4] after division-geometry-filter+prune-isolated: 22816 nodes, 21570 edges\n"}
,{"stream_name":"stdout","time":6696.27677683,"data":"[44b6_267148e4] after short-track filtering: 21930 nodes, 20885 edges (components_removed = 201)\n"}
,{"stream_name":"stdout","time":6701.210183924,"data":"[44b6_267148e4] FINAL: 21930 nodes, 20885 edges\n"}
,{"stream_name":"stdout","time":6810.944385591,"data":"[44b6_2a2eff9f] after edge-filter+motion-relink: 56611 nodes, 53824 edges\n"}
,{"stream_name":"stdout","time":6830.084165552,"data":"[44b6_2a2eff9f] after gap-closing (single-frame + gap2): 57087 nodes, 54700 edges\n"}
,{"stream_name":"stdout","time":6866.791901119,"data":"[44b6_2a2eff9f] after safe-division repair: 57087 nodes, 54744 edges (geometric_candidates = 456, deepcenter_rejected = 412, post_veto_candidates = 44, added = 44, cap_skipped = 0, mutual_nn_rejected = 146, divergence_rejected = 2667)\n"}
,{"stream_name":"stdout","time":6866.791943893,"data":"[44b6_2a2eff9f] after division-geometry-filter+prune-isolated: 57083 nodes, 54744 edges\n"}
,{"stream_name":"stdout","time":6866.791950808,"data":"[44b6_2a2eff9f] after short-track filtering: 55850 nodes, 53788 edges (components_removed = 277)\n"}
,{"stream_name":"stdout","time":6879.388637494,"data":"[44b6_2a2eff9f] FINAL: 55850 nodes, 53788 edges\n"}
,{"stream_name":"stdout","time":6882.769693504,"data":"[44b6_341df25f] after edge-filter+motion-relink: 9126 nodes, 8738 edges\n"}
,{"stream_name":"stdout","time":6886.140870772,"data":"[44b6_341df25f] after gap-closing (single-frame + gap2): 9197 nodes, 8864 edges\n"}
,{"stream_name":"stdout","time":6897.349364344,"data":"[44b6_341df25f] after safe-division repair: 9197 nodes, 8880 edges (geometric_candidates = 42, deepcenter_rejected = 25, post_veto_candidates = 17, added = 16, cap_skipped = 0, mutual_nn_rejected = 1, divergence_rejected = 149)\n"}
,{"stream_name":"stdout","time":6897.349446067,"data":"[44b6_341df25f] after division-geometry-filter+prune-isolated: 9195 nodes, 8880 edges\n"}
,{"stream_name":"stdout","time":6897.349454432,"data":"[44b6_341df25f] after short-track filtering: 9010 nodes, 8739 edges (components_removed = 44)\n"}
,{"stream_name":"stdout","time":6899.179601939,"data":"[44b6_341df25f] FINAL: 9010 nodes, 8739 edges\n"}
,{"stream_name":"stdout","time":6901.591764635,"data":"[6bba_062c8d37] after edge-filter+motion-relink: 7875 nodes, 7371 edges\n"}
,{"stream_name":"stdout","time":6904.316592558,"data":"[6bba_062c8d37] after gap-closing (single-frame + gap2): 7953 nodes, 7508 edges\n"}
,{"stream_name":"stdout","time":6911.617063823,"data":"[6bba_062c8d37] after safe-division repair: 7953 nodes, 7512 edges (geometric_candidates = 25, deepcenter_rejected = 21, post_veto_candidates = 4, added = 4, cap_skipped = 0, mutual_nn_rejected = 9, divergence_rejected = 131)\n"}
,{"stream_name":"stdout","time":6911.617129817,"data":"[6bba_062c8d37] after division-geometry-filter+prune-isolated: 7943 nodes, 7512 edges\n"}
,{"stream_name":"stdout","time":6911.617135072,"data":"[6bba_062c8d37] after short-track filtering: 7583 nodes, 7239 edges (components_removed = 87)\n"}
,{"stream_name":"stdout","time":6913.248498406,"data":"[6bba_062c8d37] FINAL: 7583 nodes, 7239 edges\n"}
,{"stream_name":"stdout","time":6979.252265535,"data":"[6bba_07e24132] after edge-filter+motion-relink: 43955 nodes, 41767 edges\n"}
,{"stream_name":"stdout","time":6998.227548149,"data":"[6bba_07e24132] after gap-closing (single-frame + gap2): 44415 nodes, 42621 edges\n"}
,{"stream_name":"stdout","time":7028.631270194,"data":"[6bba_07e24132] after safe-division repair: 44415 nodes, 42637 edges (geometric_candidates = 258, deepcenter_rejected = 242, post_veto_candidates = 16, added = 16, cap_skipped = 0, mutual_nn_rejected = 114, divergence_rejected = 1885)\n"}
,{"stream_name":"stdout","time":7028.631319391,"data":"[6bba_07e24132] after division-geometry-filter+prune-isolated: 44411 nodes, 42637 edges\n"}
,{"stream_name":"stdout","time":7028.63132814,"data":"[6bba_07e24132] after short-track filtering: 43337 nodes, 41804 edges (components_removed = 241)\n"}
,{"stream_name":"stdout","time":7038.175724667,"data":"[6bba_07e24132] FINAL: 43337 nodes, 41804 edges\n"}
,{"stream_name":"stdout","time":7041.779351274,"data":"[6bba_085bf656] after edge-filter+motion-relink: 8861 nodes, 8488 edges\n"}
,{"stream_name":"stdout","time":7044.499124085,"data":"[6bba_085bf656] after gap-closing (single-frame + gap2): 8888 nodes, 8534 edges\n"}
,{"stream_name":"stdout","time":7054.659579513,"data":"[6bba_085bf656] after safe-division repair: 8888 nodes, 8543 edges (geometric_candidates = 36, deepcenter_rejected = 24, post_veto_candidates = 12, added = 9, cap_skipped = 0, mutual_nn_rejected = 2, divergence_rejected = 105)\n"}
,{"stream_name":"stdout","time":7054.659652992,"data":"[6bba_085bf656] after division-geometry-filter+prune-isolated: 8885 nodes, 8543 edges\n"}
,{"stream_name":"stdout","time":7054.659661521,"data":"[6bba_085bf656] after short-track filtering: 8706 nodes, 8405 edges (components_removed = 41)\n"}
,{"stream_name":"stdout","time":7056.570661565,"data":"[6bba_085bf656] FINAL: 8706 nodes, 8405 edges\n"}
,{"stream_name":"stdout","time":7086.027639302,"data":"[6bba_09961292] after edge-filter+motion-relink: 29438 nodes, 28219 edges\n"}
,{"stream_name":"stdout","time":7093.243517082,"data":"[6bba_09961292] after gap-closing (single-frame + gap2): 29703 nodes, 28707 edges\n"}
,{"stream_name":"stdout","time":7114.641761337,"data":"[6bba_09961292] after safe-division repair: 29703 nodes, 28725 edges (geometric_candidates = 98, deepcenter_rejected = 80, post_veto_candidates = 18, added = 18, cap_skipped = 0, mutual_nn_rejected = 60, divergence_rejected = 1101)\n"}
,{"stream_name":"stdout","time":7114.641822278,"data":"[6bba_09961292] after division-geometry-filter+prune-isolated: 29703 nodes, 28725 edges\n"}
,{"stream_name":"stdout","time":7114.641829696,"data":"[6bba_09961292] after short-track filtering: 29209 nodes, 28343 edges (components_removed = 112)\n"}
,{"stream_name":"stdout","time":7121.351672272,"data":"[6bba_09961292] FINAL: 29209 nodes, 28343 edges\n"}
,{"stream_name":"stdout","time":7121.351711753,"data":"VALIDATOR candidate: gap2step40 proxy = 0.916575 adjusted edge = 0.894352\n"}
,{"stream_name":"stdout","time":7232.58268997,"data":"[44b6_12dfb391] after edge-filter+motion-relink: 57445 nodes, 55459 edges\n"}
,{"stream_name":"stdout","time":7246.60005877,"data":"[44b6_12dfb391] after gap-closing (single-frame + gap2): 57816 nodes, 56140 edges\n"}
,{"stream_name":"stdout","time":7279.147956744,"data":"[44b6_12dfb391] after safe-division repair: 57816 nodes, 56185 edges (geometric_candidates = 259, deepcenter_rejected = 214, post_veto_candidates = 45, added = 45, cap_skipped = 0, mutual_nn_rejected = 55, divergence_rejected = 1782)\n"}
,{"stream_name":"stdout","time":7279.147995264,"data":"[44b6_12dfb391] after division-geometry-filter+prune-isolated: 57814 nodes, 56185 edges\n"}
,{"stream_name":"stdout","time":7279.14800293,"data":"[44b6_12dfb391] after short-track filtering: 57125 nodes, 55649 edges (components_removed = 153)\n"}
,{"stream_name":"stdout","time":7291.883809022,"data":"[44b6_12dfb391] FINAL: 57125 nodes, 55649 edges\n"}
,{"stream_name":"stdout","time":7310.531240412,"data":"[44b6_267148e4] after edge-filter+motion-relink: 22576 nodes, 21090 edges\n"}
,{"stream_name":"stdout","time":7325.538841783,"data":"[44b6_267148e4] after gap-closing (single-frame + gap2): 22825 nodes, 21545 edges\n"}
,{"stream_name":"stdout","time":7352.103360831,"data":"[44b6_267148e4] after safe-division repair: 22825 nodes, 21570 edges (geometric_candidates = 222, deepcenter_rejected = 189, post_veto_candidates = 33, added = 25, cap_skipped = 0, mutual_nn_rejected = 140, divergence_rejected = 984)\n"}
,{"stream_name":"stdout","time":7352.103414034,"data":"[44b6_267148e4] after division-geometry-filter+prune-isolated: 22816 nodes, 21570 edges\n"}
,{"stream_name":"stdout","time":7352.103423021,"data":"[44b6_267148e4] after short-track filtering: 21930 nodes, 20885 edges (components_removed = 201)\n"}
,{"stream_name":"stdout","time":7356.908554657,"data":"[44b6_267148e4] FINAL: 21930 nodes, 20885 edges\n"}
,{"stream_name":"stdout","time":7465.385268683,"data":"[44b6_2a2eff9f] after edge-filter+motion-relink: 56611 nodes, 53824 edges\n"}
,{"stream_name":"stdout","time":7484.338269691,"data":"[44b6_2a2eff9f] after gap-closing (single-frame + gap2): 57087 nodes, 54700 edges\n"}
,{"stream_name":"stdout","time":7520.84388675,"data":"[44b6_2a2eff9f] after safe-division repair: 57087 nodes, 54744 edges (geometric_candidates = 456, deepcenter_rejected = 412, post_veto_candidates = 44, added = 44, cap_skipped = 0, mutual_nn_rejected = 146, divergence_rejected = 2667)\n"}
,{"stream_name":"stdout","time":7520.843969487,"data":"[44b6_2a2eff9f] after division-geometry-filter+prune-isolated: 57083 nodes, 54744 edges\n"}
,{"stream_name":"stdout","time":7520.843980318,"data":"[44b6_2a2eff9f] after short-track filtering: 55850 nodes, 53788 edges (components_removed = 277)\n"}
,{"stream_name":"stdout","time":7533.272787631,"data":"[44b6_2a2eff9f] FINAL: 55850 nodes, 53788 edges\n"}
,{"stream_name":"stdout","time":7536.663832749,"data":"[44b6_341df25f] after edge-filter+motion-relink: 9126 nodes, 8738 edges\n"}
,{"stream_name":"stdout","time":7540.037433358,"data":"[44b6_341df25f] after gap-closing (single-frame + gap2): 9197 nodes, 8864 edges\n"}
,{"stream_name":"stdout","time":7551.413152478,"data":"[44b6_341df25f] after safe-division repair: 9197 nodes, 8880 edges (geometric_candidates = 42, deepcenter_rejected = 25, post_veto_candidates = 17, added = 16, cap_skipped = 0, mutual_nn_rejected = 1, divergence_rejected = 149)\n"}
,{"stream_name":"stdout","time":7551.413191854,"data":"[44b6_341df25f] after division-geometry-filter+prune-isolated: 9195 nodes, 8880 edges\n"}
,{"stream_name":"stdout","time":7551.413198904,"data":"[44b6_341df25f] after short-track filtering: 9010 nodes, 8739 edges (components_removed = 44)\n"}
,{"stream_name":"stdout","time":7553.237896918,"data":"[44b6_341df25f] FINAL: 9010 nodes, 8739 edges\n"}
,{"stream_name":"stdout","time":7555.627687586,"data":"[6bba_062c8d37] after edge-filter+motion-relink: 7875 nodes, 7371 edges\n"}
,{"stream_name":"stdout","time":7558.431940862,"data":"[6bba_062c8d37] after gap-closing (single-frame + gap2): 7953 nodes, 7508 edges\n"}
,{"stream_name":"stdout","time":7565.798499455,"data":"[6bba_062c8d37] after safe-division repair: 7953 nodes, 7512 edges (geometric_candidates = 25, deepcenter_rejected = 21, post_veto_candidates = 4, added = 4, cap_skipped = 0, mutual_nn_rejected = 9, divergence_rejected = 131)\n"}
,{"stream_name":"stdout","time":7565.798561396,"data":"[6bba_062c8d37] after division-geometry-filter+prune-isolated: 7943 nodes, 7512 edges\n"}
,{"stream_name":"stdout","time":7565.798571645,"data":"[6bba_062c8d37] after short-track filtering: 7583 nodes, 7239 edges (components_removed = 87)\n"}
,{"stream_name":"stdout","time":7567.543629101,"data":"[6bba_062c8d37] FINAL: 7583 nodes, 7239 edges\n"}
,{"stream_name":"stdout","time":7633.035705339,"data":"[6bba_07e24132] after edge-filter+motion-relink: 43955 nodes, 41767 edges\n"}
,{"stream_name":"stdout","time":7651.898598176,"data":"[6bba_07e24132] after gap-closing (single-frame + gap2): 44415 nodes, 42621 edges\n"}
,{"stream_name":"stdout","time":7682.154386688,"data":"[6bba_07e24132] after safe-division repair: 44415 nodes, 42637 edges (geometric_candidates = 258, deepcenter_rejected = 242, post_veto_candidates = 16, added = 16, cap_skipped = 0, mutual_nn_rejected = 114, divergence_rejected = 1885)\n"}
,{"stream_name":"stdout","time":7682.154439138,"data":"[6bba_07e24132] after division-geometry-filter+prune-isolated: 44411 nodes, 42637 edges\n"}
,{"stream_name":"stdout","time":7682.154448702,"data":"[6bba_07e24132] after short-track filtering: 43337 nodes, 41804 edges (components_removed = 241)\n"}
,{"stream_name":"stdout","time":7692.104790791,"data":"[6bba_07e24132] FINAL: 43337 nodes, 41804 edges\n"}
,{"stream_name":"stdout","time":7695.385606032,"data":"[6bba_085bf656] after edge-filter+motion-relink: 8861 nodes, 8488 edges\n"}
,{"stream_name":"stdout","time":7697.994895028,"data":"[6bba_085bf656] after gap-closing (single-frame + gap2): 8888 nodes, 8534 edges\n"}
,{"stream_name":"stdout","time":7708.25002356,"data":"[6bba_085bf656] after safe-division repair: 8888 nodes, 8543 edges (geometric_candidates = 36, deepcenter_rejected = 24, post_veto_candidates = 12, added = 9, cap_skipped = 0, mutual_nn_rejected = 2, divergence_rejected = 105)\n"}
,{"stream_name":"stdout","time":7708.250071976,"data":"[6bba_085bf656] after division-geometry-filter+prune-isolated: 8885 nodes, 8543 edges\n"}
,{"stream_name":"stdout","time":7708.250100487,"data":"[6bba_085bf656] after short-track filtering: 8706 nodes, 8405 edges (components_removed = 41)\n"}
,{"stream_name":"stdout","time":7710.173097537,"data":"[6bba_085bf656] FINAL: 8706 nodes, 8405 edges\n"}
,{"stream_name":"stdout","time":7740.238866283,"data":"[6bba_09961292] after edge-filter+motion-relink: 29438 nodes, 28219 edges\n"}
,{"stream_name":"stdout","time":7747.298264157,"data":"[6bba_09961292] after gap-closing (single-frame + gap2): 29703 nodes, 28707 edges\n"}
,{"stream_name":"stdout","time":7768.860015576,"data":"[6bba_09961292] after safe-division repair: 29703 nodes, 28725 edges (geometric_candidates = 98, deepcenter_rejected = 80, post_veto_candidates = 18, added = 18, cap_skipped = 0, mutual_nn_rejected = 60, divergence_rejected = 1101)\n"}
,{"stream_name":"stdout","time":7768.860068821,"data":"[6bba_09961292] after division-geometry-filter+prune-isolated: 29703 nodes, 28725 edges\n"}
,{"stream_name":"stdout","time":7768.860088857,"data":"[6bba_09961292] after short-track filtering: 29209 nodes, 28343 edges (components_removed = 112)\n"}
,{"stream_name":"stdout","time":7775.735183535,"data":"[6bba_09961292] FINAL: 29209 nodes, 28343 edges\n"}
,{"stream_name":"stdout","time":7775.735243714,"data":"VALIDATOR candidate: reuse28 proxy = 0.916575 adjusted edge = 0.894352\n"}
,{"stream_name":"stdout","time":7887.537712322,"data":"[44b6_12dfb391] after edge-filter+motion-relink: 57445 nodes, 55459 edges\n"}
,{"stream_name":"stdout","time":7901.274964973,"data":"[44b6_12dfb391] after gap-closing (single-frame + gap2): 57806 nodes, 56120 edges\n"}
,{"stream_name":"stdout","time":7933.933328239,"data":"[44b6_12dfb391] after safe-division repair: 57806 nodes, 56165 edges (geometric_candidates = 258, deepcenter_rejected = 213, post_veto_candidates = 45, added = 45, cap_skipped = 0, mutual_nn_rejected = 55, divergence_rejected = 1802)\n"}
,{"stream_name":"stdout","time":7933.933372379,"data":"[44b6_12dfb391] after division-geometry-filter+prune-isolated: 57804 nodes, 56165 edges\n"}
,{"stream_name":"stdout","time":7934.15845337,"data":"[44b6_12dfb391] after short-track filtering: 57111 nodes, 55626 edges (components_removed = 154)\n"}
,{"stream_name":"stdout","time":7946.855522283,"data":"[44b6_12dfb391] FINAL: 57111 nodes, 55626 edges\n"}
,{"stream_name":"stdout","time":7965.534915932,"data":"[44b6_267148e4] after edge-filter+motion-relink: 22576 nodes, 21090 edges\n"}
,{"stream_name":"stdout","time":7979.792661466,"data":"[44b6_267148e4] after gap-closing (single-frame + gap2): 22818 nodes, 21531 edges\n"}
,{"stream_name":"stdout","time":8006.187399273,"data":"[44b6_267148e4] after safe-division repair: 22818 nodes, 21556 edges (geometric_candidates = 224, deepcenter_rejected = 191, post_veto_candidates = 33, added = 25, cap_skipped = 0, mutual_nn_rejected = 141, divergence_rejected = 988)\n"}
,{"stream_name":"stdout","time":8006.187454945,"data":"[44b6_267148e4] after division-geometry-filter+prune-isolated: 22809 nodes, 21556 edges\n"}
,{"stream_name":"stdout","time":8006.187462837,"data":"[44b6_267148e4] after short-track filtering: 21910 nodes, 20861 edges (components_removed = 204)\n"}
,{"stream_name":"stdout","time":8011.117025113,"data":"[44b6_267148e4] FINAL: 21910 nodes, 20861 edges\n"}
,{"stream_name":"stdout","time":8119.768877886,"data":"[44b6_2a2eff9f] after edge-filter+motion-relink: 56611 nodes, 53824 edges\n"}
,{"stream_name":"stdout","time":8139.042833046,"data":"[44b6_2a2eff9f] after gap-closing (single-frame + gap2): 57081 nodes, 54688 edges\n"}
,{"stream_name":"stdout","time":8175.836330456,"data":"[44b6_2a2eff9f] after safe-division repair: 57081 nodes, 54732 edges (geometric_candidates = 461, deepcenter_rejected = 417, post_veto_candidates = 44, added = 44, cap_skipped = 0, mutual_nn_rejected = 148, divergence_rejected = 2675)\n"}
,{"stream_name":"stdout","time":8175.836372852,"data":"[44b6_2a2eff9f] after division-geometry-filter+prune-isolated: 57077 nodes, 54732 edges\n"}
,{"stream_name":"stdout","time":8176.122382725,"data":"[44b6_2a2eff9f] after short-track filtering: 55844 nodes, 53776 edges (components_removed = 277)\n"}
,{"stream_name":"stdout","time":8188.519198187,"data":"[44b6_2a2eff9f] FINAL: 55844 nodes, 53776 edges\n"}
,{"stream_name":"stdout","time":8191.739866758,"data":"[44b6_341df25f] after edge-filter+motion-relink: 9126 nodes, 8738 edges\n"}
,{"stream_name":"stdout","time":8195.200689217,"data":"[44b6_341df25f] after gap-closing (single-frame + gap2): 9196 nodes, 8862 edges\n"}
,{"stream_name":"stdout","time":8206.379396356,"data":"[44b6_341df25f] after safe-division repair: 9196 nodes, 8878 edges (geometric_candidates = 42, deepcenter_rejected = 25, post_veto_candidates = 17, added = 16, cap_skipped = 0, mutual_nn_rejected = 1, divergence_rejected = 150)\n"}
,{"stream_name":"stdout","time":8206.379473128,"data":"[44b6_341df25f] after division-geometry-filter+prune-isolated: 9194 nodes, 8878 edges\n"}
,{"stream_name":"stdout","time":8206.37948288,"data":"[44b6_341df25f] after short-track filtering: 9009 nodes, 8737 edges (components_removed = 44)\n"}
,{"stream_name":"stdout","time":8208.281299809,"data":"[44b6_341df25f] FINAL: 9009 nodes, 8737 edges\n"}
,{"stream_name":"stdout","time":8210.698680503,"data":"[6bba_062c8d37] after edge-filter+motion-relink: 7875 nodes, 7371 edges\n"}
,{"stream_name":"stdout","time":8213.450813361,"data":"[6bba_062c8d37] after gap-closing (single-frame + gap2): 7953 nodes, 7508 edges\n"}
,{"stream_name":"stdout","time":8220.661839482,"data":"[6bba_062c8d37] after safe-division repair: 7953 nodes, 7512 edges (geometric_candidates = 25, deepcenter_rejected = 21, post_veto_candidates = 4, added = 4, cap_skipped = 0, mutual_nn_rejected = 9, divergence_rejected = 131)\n"}
,{"stream_name":"stdout","time":8220.661894969,"data":"[6bba_062c8d37] after division-geometry-filter+prune-isolated: 7943 nodes, 7512 edges\n"}
,{"stream_name":"stdout","time":8220.661904377,"data":"[6bba_062c8d37] after short-track filtering: 7583 nodes, 7239 edges (components_removed = 87)\n"}
,{"stream_name":"stdout","time":8222.420368877,"data":"[6bba_062c8d37] FINAL: 7583 nodes, 7239 edges\n"}
,{"stream_name":"stdout","time":8288.591757234,"data":"[6bba_07e24132] after edge-filter+motion-relink: 43955 nodes, 41767 edges\n"}
,{"stream_name":"stdout","time":8306.97321023,"data":"[6bba_07e24132] after gap-closing (single-frame + gap2): 44401 nodes, 42593 edges\n"}
,{"stream_name":"stdout","time":8337.322612629,"data":"[6bba_07e24132] after safe-division repair: 44401 nodes, 42609 edges (geometric_candidates = 259, deepcenter_rejected = 243, post_veto_candidates = 16, added = 16, cap_skipped = 0, mutual_nn_rejected = 119, divergence_rejected = 1905)\n"}
,{"stream_name":"stdout","time":8337.322653407,"data":"[6bba_07e24132] after division-geometry-filter+prune-isolated: 44397 nodes, 42609 edges\n"}
,{"stream_name":"stdout","time":8337.322660756,"data":"[6bba_07e24132] after short-track filtering: 43311 nodes, 41767 edges (components_removed = 244)\n"}
,{"stream_name":"stdout","time":8346.550131595,"data":"[6bba_07e24132] FINAL: 43311 nodes, 41767 edges\n"}
,{"stream_name":"stdout","time":8349.949149278,"data":"[6bba_085bf656] after edge-filter+motion-relink: 8861 nodes, 8488 edges\n"}
,{"stream_name":"stdout","time":8352.522038966,"data":"[6bba_085bf656] after gap-closing (single-frame + gap2): 8887 nodes, 8532 edges\n"}
,{"stream_name":"stdout","time":8362.697836465,"data":"[6bba_085bf656] after safe-division repair: 8887 nodes, 8541 edges (geometric_candidates = 36, deepcenter_rejected = 24, post_veto_candidates = 12, added = 9, cap_skipped = 0, mutual_nn_rejected = 2, divergence_rejected = 106)\n"}
,{"stream_name":"stdout","time":8362.697888895,"data":"[6bba_085bf656] after division-geometry-filter+prune-isolated: 8884 nodes, 8541 edges\n"}
,{"stream_name":"stdout","time":8362.697895611,"data":"[6bba_085bf656] after short-track filtering: 8705 nodes, 8403 edges (components_removed = 41)\n"}
,{"stream_name":"stdout","time":8364.607167806,"data":"[6bba_085bf656] FINAL: 8705 nodes, 8403 edges\n"}
,{"stream_name":"stdout","time":8393.637943678,"data":"[6bba_09961292] after edge-filter+motion-relink: 29438 nodes, 28219 edges\n"}
,{"stream_name":"stdout","time":8400.722656673,"data":"[6bba_09961292] after gap-closing (single-frame + gap2): 29699 nodes, 28699 edges\n"}
,{"stream_name":"stdout","time":8421.998106001,"data":"[6bba_09961292] after safe-division repair: 29699 nodes, 28717 edges (geometric_candidates = 97, deepcenter_rejected = 79, post_veto_candidates = 18, added = 18, cap_skipped = 0, mutual_nn_rejected = 61, divergence_rejected = 1107)\n"}
,{"stream_name":"stdout","time":8421.998157841,"data":"[6bba_09961292] after division-geometry-filter+prune-isolated: 29699 nodes, 28717 edges\n"}
,{"stream_name":"stdout","time":8421.998162829,"data":"[6bba_09961292] after short-track filtering: 29205 nodes, 28335 edges (components_removed = 112)\n"}
,{"stream_name":"stdout","time":8428.557415728,"data":"[6bba_09961292] FINAL: 29205 nodes, 28335 edges\n"}
,{"stream_name":"stdout","time":8428.557506753,"data":"VALIDATOR candidate: dcgap035 proxy = 0.916742 adjusted edge = 0.89452\n"}
,{"stream_name":"stdout","time":8428.626361477,"data":"VALIDATOR selected config: base {}\n"}
,{"stream_name":"stdout","time":8429.1083523,"data":"VALIDATOR final submission rows: 292259\n"}
,{"stream_name":"stdout","time":8429.108393535,"data":"VALIDATOR final config: base\n"}
,{"stream_name":"stdout","time":8430.032538693,"data":"{\n"}
,{"stream_name":"stdout","time":8430.032596771,"data":"  \"configuration\": {\n"}
,{"stream_name":"stdout","time":8430.032603559,"data":"    \"bidirectional_primary_weight\": 0.15,\n"}
,{"stream_name":"stdout","time":8430.032607718,"data":"    \"deepcenter_gap_confirm_min_span_um\": 8.5,\n"}
,{"stream_name":"stdout","time":8430.032611594,"data":"    \"deepcenter_gap_threshold\": 0.25,\n"}
,{"stream_name":"stdout","time":8430.032615563,"data":"    \"deepcenter_safe_div_threshold\": 0.2,\n"}
,{"stream_name":"stdout","time":8430.032619568,"data":"    \"deepcenter_tta\": true,\n"}
,{"stream_name":"stdout","time":8430.032623668,"data":"    \"detector_threshold\": 0.965,\n"}
,{"stream_name":"stdout","time":8430.032628753,"data":"    \"edge_candidate_threshold\": 0.48,\n"}
,{"stream_name":"stdout","time":8430.032633411,"data":"    \"fallback_scope\": \"individual_frame\",\n"}
,{"stream_name":"stdout","time":8430.032638085,"data":"    \"gap_close_um\": 5.0,\n"}
,{"stream_name":"stdout","time":8430.032641891,"data":"    \"ilp_appearance_weight\": 0.0,\n"}
,{"stream_name":"stdout","time":8430.032645776,"data":"    \"ilp_disappearance_weight\": 2.0,\n"}
,{"stream_name":"stdout","time":8430.03265219,"data":"    \"minimum_candidate_retention\": 0.9,\n"}
,{"stream_name":"stdout","time":8430.032655984,"data":"    \"safe_div_max_um\": 9.0,\n"}
,{"stream_name":"stdout","time":8430.032659939,"data":"    \"safe_div_sister_max_um\": 14.0,\n"}
,{"stream_name":"stdout","time":8430.032663884,"data":"    \"safe_div_sister_symmetry_tau\": 0.6,\n"}
,{"stream_name":"stdout","time":8430.032667674,"data":"    \"secondary_detection_weight\": 0.8,\n"}
,{"stream_name":"stdout","time":8430.032671799,"data":"    \"secondary_edge_feature_tta\": true,\n"}
,{"stream_name":"stdout","time":8430.032675852,"data":"    \"secondary_edge_feature_tta_weight\": 0.75,\n"}
,{"stream_name":"stdout","time":8430.032680199,"data":"    \"secondary_edge_weight\": 0.15,\n"}
,{"stream_name":"stdout","time":8430.032684637,"data":"    \"secondary_link_mode\": \"low_margin_consensus\",\n"}
,{"stream_name":"stdout","time":8430.032689021,"data":"    \"secondary_low_margin_max\": 0.35\n"}
,{"stream_name":"stdout","time":8430.032692984,"data":"  },\n"}
,{"stream_name":"stdout","time":8430.032696838,"data":"  \"diagnostics\": {\n"}
,{"stream_name":"stdout","time":8430.032700852,"data":"    \"by_movie\": {\n"}
,{"stream_name":"stdout","time":8430.032704927,"data":"      \"44b6_0113de3b\": {\n"}
,{"stream_name":"stdout","time":8430.032708969,"data":"        \"fallback_frames\": 0,\n"}
,{"stream_name":"stdout","time":8430.032713016,"data":"        \"frames\": 100,\n"}
,{"stream_name":"stdout","time":8430.032718149,"data":"        \"median_retention\": 1.0,\n"}
,{"stream_name":"stdout","time":8430.032722431,"data":"        \"minimum_retention\": 1.0\n"}
,{"stream_name":"stdout","time":8430.032726134,"data":"      },\n"}
,{"stream_name":"stdout","time":8430.032729906,"data":"      \"44b6_0b24845f\": {\n"}
,{"stream_name":"stdout","time":8430.032733804,"data":"        \"fallback_frames\": 0,\n"}
,{"stream_name":"stdout","time":8430.032737742,"data":"        \"frames\": 100,\n"}
,{"stream_name":"stdout","time":8430.032759054,"data":"        \"median_retention\": 1.0,\n"}
,{"stream_name":"stdout","time":8430.032764536,"data":"        \"minimum_retention\": 1.0\n"}
,{"stream_name":"stdout","time":8430.032768652,"data":"      },\n"}
,{"stream_name":"stdout","time":8430.032772742,"data":"      \"6bba_05b6850b\": {\n"}
,{"stream_name":"stdout","time":8430.032776785,"data":"        \"fallback_frames\": 0,\n"}
,{"stream_name":"stdout","time":8430.032781052,"data":"        \"frames\": 100,\n"}
,{"stream_name":"stdout","time":8430.032785279,"data":"        \"median_retention\": 1.0,\n"}
,{"stream_name":"stdout","time":8430.032789788,"data":"        \"minimum_retention\": 1.0\n"}
,{"stream_name":"stdout","time":8430.032793859,"data":"      },\n"}
,{"stream_name":"stdout","time":8430.032797559,"data":"      \"6bba_05db0fb1\": {\n"}
,{"stream_name":"stdout","time":8430.032801342,"data":"        \"fallback_frames\": 0,\n"}
,{"stream_name":"stdout","time":8430.032805424,"data":"        \"frames\": 100,\n"}
,{"stream_name":"stdout","time":8430.03280939,"data":"        \"median_retention\": 1.0,\n"}
,{"stream_name":"stdout","time":8430.032813374,"data":"        \"minimum_retention\": 1.0\n"}
,{"stream_name":"stdout","time":8430.032817354,"data":"      }\n"}
,{"stream_name":"stdout","time":8430.032822678,"data":"    },\n"}
,{"stream_name":"stdout","time":8430.032826443,"data":"    \"fallback_frames\": 0,\n"}
,{"stream_name":"stdout","time":8430.032830332,"data":"    \"rows\": 400\n"}
,{"stream_name":"stdout","time":8430.03283421,"data":"  },\n"}
,{"stream_name":"stdout","time":8430.032839676,"data":"  \"experiment\": \"secondary_deepcenter_tta_0947_v1\",\n"}
,{"stream_name":"stdout","time":8430.032844674,"data":"  \"hardware\": {\n"}
,{"stream_name":"stdout","time":8430.032849234,"data":"    \"visible_gpu_count\": 2\n"}
,{"stream_name":"stdout","time":8430.032854405,"data":"  },\n"}
,{"stream_name":"stdout","time":8430.032858596,"data":"  \"leaderboard_feedback_used_for_configuration\": true,\n"}
,{"stream_name":"stdout","time":8430.032863621,"data":"  \"method_attribution\": \"0.933 fixed-90 dual-seed baseline -\u003e 0.934 harmonic mutual-support fusion -\u003e 0.939 wider divisions and calmer fusion -\u003e 0.941 repair-threshold adaptation -\u003e 0.946 primary edge-feature TTA + held-out post-process selection -\u003e 0.947 secondary feature TTA + DeepCenter TTA\",\n"}
,{"stream_name":"stdout","time":8430.032869457,"data":"  \"metric_hack_used\": false,\n"}
,{"stream_name":"stdout","time":8430.032876775,"data":"  \"organizer_labels_used_for_configuration\": false,\n"}
,{"stream_name":"stdout","time":8430.032880797,"data":"  \"parent_experiment\": \"edge_feature_tta_0946_v1\",\n"}
,{"stream_name":"stdout","time":8430.032886552,"data":"  \"public_output_used\": false,\n"}
,{"stream_name":"stdout","time":8430.032895204,"data":"  \"quality_promotion\": {\n"}
,{"stream_name":"stdout","time":8430.03289804,"data":"    \"required_condition\": \"none\",\n"}
,{"stream_name":"stdout","time":8430.032900821,"data":"    \"status\": \"verified_public_lb_0947\",\n"}
,{"stream_name":"stdout","time":8430.032903503,"data":"    \"validated_receipt_sha256\": null\n"}
,{"stream_name":"stdout","time":8430.032906192,"data":"  },\n"}
,{"stream_name":"stdout","time":8430.032908779,"data":"  \"source_kernel\": \"raykkretzschmar/biohub-bidirectional-primary-union13-diagnostic-v1\",\n"}
,{"stream_name":"stdout","time":8430.032911681,"data":"  \"source_notebook_sha256\": \"3e65ca691941949196bf417030ea84fccafe16baaec174b2a63540451bb937e8\",\n"}
,{"stream_name":"stdout","time":8430.032914534,"data":"  \"status\": \"verified_public_lb_0947\",\n"}
,{"stream_name":"stdout","time":8430.032922575,"data":"  \"submission\": {\n"}
,{"stream_name":"stdout","time":8430.032925399,"data":"    \"datasets\": [\n"}
,{"stream_name":"stdout","time":8430.032927981,"data":"      \"44b6_0113de3b\",\n"}
,{"stream_name":"stdout","time":8430.03293081,"data":"      \"44b6_0b24845f\",\n"}
,{"stream_name":"stdout","time":8430.03293332,"data":"      \"6bba_05b6850b\",\n"}
,{"stream_name":"stdout","time":8430.032935944,"data":"      \"6bba_05db0fb1\"\n"}
,{"stream_name":"stdout","time":8430.03293884,"data":"    ],\n"}
,{"stream_name":"stdout","time":8430.032941416,"data":"    \"rows\": 292259,\n"}
,{"stream_name":"stdout","time":8430.032944158,"data":"    \"sha256\": \"ddf23a1126cfe9dc42bbecb58f955015c8f47fa128d1602d7e3634f9ad7282f8\"\n"}
,{"stream_name":"stdout","time":8430.032946947,"data":"  },\n"}
,{"stream_name":"stdout","time":8430.032949559,"data":"  \"topology\": {\n"}
,{"stream_name":"stdout","time":8430.032952077,"data":"    \"44b6_0113de3b\": {\n"}
,{"stream_name":"stdout","time":8430.032954627,"data":"      \"division_parents\": 46,\n"}
,{"stream_name":"stdout","time":8430.032957291,"data":"      \"edges\": 25386,\n"}
,{"stream_name":"stdout","time":8430.032959972,"data":"      \"max_indegree\": 1,\n"}
,{"stream_name":"stdout","time":8430.032963322,"data":"      \"max_outdegree\": 2,\n"}
,{"stream_name":"stdout","time":8430.032965887,"data":"      \"nodes\": 26177\n"}
,{"stream_name":"stdout","time":8430.032968519,"data":"    },\n"}
,{"stream_name":"stdout","time":8430.032970987,"data":"    \"44b6_0b24845f\": {\n"}
,{"stream_name":"stdout","time":8430.032973521,"data":"      \"division_parents\": 47,\n"}
,{"stream_name":"stdout","time":8430.032976082,"data":"      \"edges\": 41932,\n"}
,{"stream_name":"stdout","time":8430.032978692,"data":"      \"max_indegree\": 1,\n"}
,{"stream_name":"stdout","time":8430.03298123,"data":"      \"max_outdegree\": 2,\n"}
,{"stream_name":"stdout","time":8430.032983837,"data":"      \"nodes\": 44215\n"}
,{"stream_name":"stdout","time":8430.032986382,"data":"    },\n"}
,{"stream_name":"stdout","time":8430.032988823,"data":"    \"6bba_05b6850b\": {\n"}
,{"stream_name":"stdout","time":8430.032991364,"data":"      \"division_parents\": 3,\n"}
,{"stream_name":"stdout","time":8430.032994004,"data":"      \"edges\": 7246,\n"}
,{"stream_name":"stdout","time":8430.032996529,"data":"      \"max_indegree\": 1,\n"}
,{"stream_name":"stdout","time":8430.032999067,"data":"      \"max_outdegree\": 2,\n"}
,{"stream_name":"stdout","time":8430.033001622,"data":"      \"nodes\": 7527\n"}
,{"stream_name":"stdout","time":8430.033004277,"data":"    },\n"}
,{"stream_name":"stdout","time":8430.033006722,"data":"    \"6bba_05db0fb1\": {\n"}
,{"stream_name":"stdout","time":8430.033009262,"data":"      \"division_parents\": 40,\n"}
,{"stream_name":"stdout","time":8430.033011882,"data":"      \"edges\": 68677,\n"}
,{"stream_name":"stdout","time":8430.033014419,"data":"      \"max_indegree\": 1,\n"}
,{"stream_name":"stdout","time":8430.03301694,"data":"      \"max_outdegree\": 2,\n"}
,{"stream_name":"stdout","time":8430.033019492,"data":"      \"nodes\": 71099\n"}
,{"stream_name":"stdout","time":8430.033022013,"data":"    }\n"}
,{"stream_name":"stdout","time":8430.033024503,"data":"  }\n"}
,{"stream_name":"stdout","time":8430.033026977,"data":"}\n"}
,{"stream_name":"stdout","time":8430.033029473,"data":"PRODUCTION SUBMISSION PIPELINE: COMPLETE\n"}
,{"stream_name":"stdout","time":8430.033032107,"data":"Submission path: /kaggle/working/submission.csv\n"}
,{"stream_name":"stdout","time":8430.033034829,"data":"Verified progression preserved: 0.933 -\u003e 0.934 -\u003e 0.939 -\u003e 0.941 -\u003e 0.946 -\u003e 0.947\n"}
,{"stream_name":"stderr","time":8435.919327956,"data":"/usr/local/lib/python3.12/dist-packages/mistune.py:435: SyntaxWarning: invalid escape sequence '\\|'\n"}
,{"stream_name":"stderr","time":8435.919378185,"data":"  cells[i][c] = re.sub('\\\\\\\\\\|', '|', cell)\n"}
,{"stream_name":"stderr","time":8436.078438505,"data":"/usr/local/lib/python3.12/dist-packages/nbconvert/filters/filter_links.py:36: SyntaxWarning: invalid escape sequence '\\_'\n"}
,{"stream_name":"stderr","time":8436.078471749,"data":"  text = re.sub(r'_', '\\_', text) # Escape underscores in display text\n"}
,{"stream_name":"stderr","time":8436.876146336,"data":"[NbConvertApp] Converting notebook __notebook__.ipynb to notebook\n"}
,{"stream_name":"stderr","time":8437.575168723,"data":"[NbConvertApp] Writing 539223 bytes to __notebook__.ipynb\n"}
,{"stream_name":"stderr","time":8440.478589242,"data":"[NbConvertApp] Converting notebook __notebook__.ipynb to html\n"}
,{"stream_name":"stderr","time":8442.29594446,"data":"[NbConvertApp] Writing 1473987 bytes to __results__.html\n"}
]